timestamp_ns,direction,type,requester_id,completer_id,tag,length,addr,payload
1791357900092.0,TX,CfgRd,00:00.0,00:01.0,0,0,0x0,
1791357900092.1,RX,Cpl,00:01.0,00:00.0,0,4,0x0,36 1b 0c 00
1791357900092.2,TX,CfgRd,00:00.0,00:01.0,1,0,0x4,
1791357900092.3,RX,Cpl,00:01.0,00:00.0,1,4,0x4,06 00 10 00
1791357900092.4,TX,CfgRd,00:00.0,00:01.0,2,0,0x8,
1791357900092.5,RX,Cpl,00:01.0,00:00.0,2,4,0x8,00 00 04 06
1791357900092.6,TX,CfgRd,00:00.0,00:01.0,3,0,0xc,
1791357900092.7,RX,Cpl,00:01.0,00:00.0,3,4,0xc,00 00 01 00
1791357900092.8,TX,CfgRd,00:00.0,00:01.0,4,0,0x10,
1791357900092.9,RX,Cpl,00:01.0,00:00.0,4,4,0x10,00 00 00 00
1791357900092.10,TX,CfgRd,00:00.0,00:01.0,5,0,0x14,
1791357900092.11,RX,Cpl,00:01.0,00:00.0,5,4,0x14,00 01 01 00
1791357900092.12,TX,CfgRd,00:00.0,00:01.0,6,0,0x18,
1791357900092.13,RX,Cpl,00:01.0,00:00.0,6,4,0x18,00 01 01 00
1791357900092.14,TX,CfgRd,00:00.0,00:01.0,7,0,0x1c,
1791357900092.15,RX,Cpl,00:01.0,00:00.0,7,4,0x1c,00 00 00 00
1791357900092.16,TX,CfgRd,00:00.0,00:01.1,0,0,0x0,
1791357900092.17,RX,Cpl,00:01.1,00:00.0,0,4,0x0,36 1b 0c 00
1791357900092.18,TX,CfgRd,00:00.0,00:01.1,1,0,0x4,
1791357900092.19,RX,Cpl,00:01.1,00:00.0,1,4,0x4,06 00 10 00
1791357900092.20,TX,CfgRd,00:00.0,00:01.1,2,0,0x8,
1791357900092.21,RX,Cpl,00:01.1,00:00.0,2,4,0x8,00 00 04 06
1791357900092.22,TX,CfgRd,00:00.0,00:01.1,3,0,0xc,
1791357900092.23,RX,Cpl,00:01.1,00:00.0,3,4,0xc,00 00 01 00
1791357900092.24,TX,CfgRd,00:00.0,00:01.1,4,0,0x10,
1791357900092.25,RX,Cpl,00:01.1,00:00.0,4,4,0x10,00 00 00 00
1791357900092.26,TX,CfgRd,00:00.0,00:01.1,5,0,0x14,
1791357900092.27,RX,Cpl,00:01.1,00:00.0,5,4,0x14,00 01 01 00
1791357900092.28,TX,CfgRd,00:00.0,00:01.1,6,0,0x18,
1791357900092.29,RX,Cpl,00:01.1,00:00.0,6,4,0x18,00 01 01 00
1791357900092.30,TX,CfgRd,00:00.0,00:01.1,7,0,0x1c,
1791357900092.31,RX,Cpl,00:01.1,00:00.0,7,4,0x1c,00 00 00 00
1791357900092.32,TX,CfgRd,00:00.0,00:01.2,0,0,0x0,
1791357900092.33,RX,Cpl,00:01.2,00:00.0,0,4,0x0,36 1b 0c 00
1791357900092.34,TX,CfgRd,00:00.0,00:01.2,1,0,0x4,
1791357900092.35,RX,Cpl,00:01.2,00:00.0,1,4,0x4,06 00 10 00
1791357900092.36,TX,CfgRd,00:00.0,00:01.2,2,0,0x8,
1791357900092.37,RX,Cpl,00:01.2,00:00.0,2,4,0x8,00 00 04 06
1791357900092.38,TX,CfgRd,00:00.0,00:01.2,3,0,0xc,
1791357900092.39,RX,Cpl,00:01.2,00:00.0,3,4,0xc,00 00 01 00
1791357900092.40,TX,CfgRd,00:00.0,00:01.2,4,0,0x10,
1791357900092.41,RX,Cpl,00:01.2,00:00.0,4,4,0x10,00 00 00 00
1791357900092.42,TX,CfgRd,00:00.0,00:01.2,5,0,0x14,
1791357900092.43,RX,Cpl,00:01.2,00:00.0,5,4,0x14,00 01 01 00
1791357900092.44,TX,CfgRd,00:00.0,00:01.2,6,0,0x18,
1791357900092.45,RX,Cpl,00:01.2,00:00.0,6,4,0x18,00 01 01 00
1791357900092.46,TX,CfgRd,00:00.0,00:01.2,7,0,0x1c,
1791357900092.47,RX,Cpl,00:01.2,00:00.0,7,4,0x1c,00 00 00 00
1791357900092.48,TX,CfgRd,00:00.0,00:01.3,0,0,0x0,
1791357900092.49,RX,Cpl,00:01.3,00:00.0,0,4,0x0,36 1b 0c 00
1791357900092.50,TX,CfgRd,00:00.0,00:01.3,1,0,0x4,
1791357900092.51,RX,Cpl,00:01.3,00:00.0,1,4,0x4,06 00 10 00
1791357900092.52,TX,CfgRd,00:00.0,00:01.3,2,0,0x8,
1791357900092.53,RX,Cpl,00:01.3,00:00.0,2,4,0x8,00 00 04 06
1791357900092.54,TX,CfgRd,00:00.0,00:01.3,3,0,0xc,
1791357900092.55,RX,Cpl,00:01.3,00:00.0,3,4,0xc,00 00 01 00
1791357900092.56,TX,CfgRd,00:00.0,00:01.3,4,0,0x10,
1791357900092.57,RX,Cpl,00:01.3,00:00.0,4,4,0x10,00 00 00 00
1791357900092.58,TX,CfgRd,00:00.0,00:01.3,5,0,0x14,
1791357900092.59,RX,Cpl,00:01.3,00:00.0,5,4,0x14,00 01 01 00
1791357900092.60,TX,CfgRd,00:00.0,00:01.3,6,0,0x18,
1791357900092.61,RX,Cpl,00:01.3,00:00.0,6,4,0x18,00 01 01 00
1791357900092.62,TX,CfgRd,00:00.0,00:01.3,7,0,0x1c,
1791357900092.63,RX,Cpl,00:01.3,00:00.0,7,4,0x1c,00 00 00 00
1791357900092.64,TX,CfgRd,00:00.0,01:00.0,0,0,0x0,
1791357900092.65,RX,Cpl,01:00.0,00:00.0,0,4,0x0,86 80 32 34
1791357900092.66,TX,CfgRd,00:00.0,01:00.0,1,0,0x4,
1791357900092.67,RX,Cpl,01:00.0,00:00.0,1,4,0x4,06 00 10 00
1791357900092.68,TX,CfgRd,00:00.0,01:00.0,2,0,0x8,
1791357900092.69,RX,Cpl,01:00.0,00:00.0,2,4,0x8,00 00 04 06
1791357900092.70,TX,CfgRd,00:00.0,01:00.0,3,0,0xc,
1791357900092.71,RX,Cpl,01:00.0,00:00.0,3,4,0xc,00 00 01 00
1791357900092.72,TX,CfgRd,00:00.0,01:00.0,4,0,0x10,
1791357900092.73,RX,Cpl,01:00.0,00:00.0,4,4,0x10,00 00 00 00
1791357900092.74,TX,CfgRd,00:00.0,01:00.0,5,0,0x14,
1791357900092.75,RX,Cpl,01:00.0,00:00.0,5,4,0x14,00 01 01 00
1791357900092.76,TX,CfgRd,00:00.0,01:00.0,6,0,0x18,
1791357900092.77,RX,Cpl,01:00.0,00:00.0,6,4,0x18,00 01 01 00
1791357900092.78,TX,CfgRd,00:00.0,01:00.0,7,0,0x1c,
1791357900092.79,RX,Cpl,01:00.0,00:00.0,7,4,0x1c,00 00 00 00
1791357900092.80,TX,CfgRd,00:00.0,02:00.0,0,0,0x0,
1791357900092.81,RX,Cpl,02:00.0,00:00.0,0,4,0x0,86 80 38 34
1791357900092.82,TX,CfgRd,00:00.0,02:00.0,1,0,0x4,
1791357900092.83,RX,Cpl,02:00.0,00:00.0,1,4,0x4,06 00 10 00
1791357900092.84,TX,CfgRd,00:00.0,02:00.0,2,0,0x8,
1791357900092.85,RX,Cpl,02:00.0,00:00.0,2,4,0x8,00 00 04 06
1791357900092.86,TX,CfgRd,00:00.0,02:00.0,3,0,0xc,
1791357900092.87,RX,Cpl,02:00.0,00:00.0,3,4,0xc,00 00 01 00
1791357900092.88,TX,CfgRd,00:00.0,02:00.0,4,0,0x10,
1791357900092.89,RX,Cpl,02:00.0,00:00.0,4,4,0x10,00 00 00 00
1791357900092.90,TX,CfgRd,00:00.0,02:00.0,5,0,0x14,
1791357900092.91,RX,Cpl,02:00.0,00:00.0,5,4,0x14,00 01 01 00
1791357900092.92,TX,CfgRd,00:00.0,02:00.0,6,0,0x18,
1791357900092.93,RX,Cpl,02:00.0,00:00.0,6,4,0x18,00 01 01 00
1791357900092.94,TX,CfgRd,00:00.0,02:00.0,7,0,0x1c,
1791357900092.95,RX,Cpl,02:00.0,00:00.0,7,4,0x1c,00 00 00 00
1791357900092.96,TX,CfgRd,00:00.0,02:01.0,0,0,0x0,
1791357900092.97,RX,Cpl,02:01.0,00:00.0,0,4,0x0,86 80 38 34
1791357900092.98,TX,CfgRd,00:00.0,02:01.0,1,0,0x4,
1791357900092.99,RX,Cpl,02:01.0,00:00.0,1,4,0x4,06 00 10 00
1791357900092.100,TX,CfgRd,00:00.0,02:01.0,2,0,0x8,
1791357900092.101,RX,Cpl,02:01.0,00:00.0,2,4,0x8,00 00 04 06
1791357900092.102,TX,CfgRd,00:00.0,02:01.0,3,0,0xc,
1791357900092.103,RX,Cpl,02:01.0,00:00.0,3,4,0xc,00 00 01 00
1791357900092.104,TX,CfgRd,00:00.0,02:01.0,4,0,0x10,
1791357900092.105,RX,Cpl,02:01.0,00:00.0,4,4,0x10,00 00 00 00
1791357900092.106,TX,CfgRd,00:00.0,02:01.0,5,0,0x14,
1791357900092.107,RX,Cpl,02:01.0,00:00.0,5,4,0x14,00 01 01 00
1791357900092.108,TX,CfgRd,00:00.0,02:01.0,6,0,0x18,
1791357900092.109,RX,Cpl,02:01.0,00:00.0,6,4,0x18,00 01 01 00
1791357900092.110,TX,CfgRd,00:00.0,02:01.0,7,0,0x1c,
1791357900092.111,RX,Cpl,02:01.0,00:00.0,7,4,0x1c,00 00 00 00
1791357900092.112,TX,CfgRd,00:00.0,07:00.0,0,0,0x0,
1791357900092.113,RX,Cpl,07:00.0,00:00.0,0,4,0x0,86 80 32 34
1791357900092.114,TX,CfgRd,00:00.0,07:00.0,1,0,0x4,
1791357900092.115,RX,Cpl,07:00.0,00:00.0,1,4,0x4,06 00 10 00
1791357900092.116,TX,CfgRd,00:00.0,07:00.0,2,0,0x8,
1791357900092.117,RX,Cpl,07:00.0,00:00.0,2,4,0x8,00 00 04 06
1791357900092.118,TX,CfgRd,00:00.0,07:00.0,3,0,0xc,
1791357900092.119,RX,Cpl,07:00.0,00:00.0,3,4,0xc,00 00 01 00
1791357900092.120,TX,CfgRd,00:00.0,07:00.0,4,0,0x10,
1791357900092.121,RX,Cpl,07:00.0,00:00.0,4,4,0x10,00 00 00 00
1791357900092.122,TX,CfgRd,00:00.0,07:00.0,5,0,0x14,
1791357900092.123,RX,Cpl,07:00.0,00:00.0,5,4,0x14,00 01 01 00
1791357900092.124,TX,CfgRd,00:00.0,07:00.0,6,0,0x18,
1791357900092.125,RX,Cpl,07:00.0,00:00.0,6,4,0x18,00 01 01 00
1791357900092.126,TX,CfgRd,00:00.0,07:00.0,7,0,0x1c,
1791357900092.127,RX,Cpl,07:00.0,00:00.0,7,4,0x1c,00 00 00 00
1791357900092.128,TX,CfgRd,00:00.0,08:00.0,0,0,0x0,
1791357900092.129,RX,Cpl,08:00.0,00:00.0,0,4,0x0,86 80 38 34
1791357900092.130,TX,CfgRd,00:00.0,08:00.0,1,0,0x4,
1791357900092.131,RX,Cpl,08:00.0,00:00.0,1,4,0x4,06 00 10 00
1791357900092.132,TX,CfgRd,00:00.0,08:00.0,2,0,0x8,
1791357900092.133,RX,Cpl,08:00.0,00:00.0,2,4,0x8,00 00 04 06
1791357900092.134,TX,CfgRd,00:00.0,08:00.0,3,0,0xc,
1791357900092.135,RX,Cpl,08:00.0,00:00.0,3,4,0xc,00 00 01 00
1791357900092.136,TX,CfgRd,00:00.0,08:00.0,4,0,0x10,
1791357900092.137,RX,Cpl,08:00.0,00:00.0,4,4,0x10,00 00 00 00
1791357900092.138,TX,CfgRd,00:00.0,08:00.0,5,0,0x14,
1791357900092.139,RX,Cpl,08:00.0,00:00.0,5,4,0x14,00 01 01 00
1791357900092.140,TX,CfgRd,00:00.0,08:00.0,6,0,0x18,
1791357900092.141,RX,Cpl,08:00.0,00:00.0,6,4,0x18,00 01 01 00
1791357900092.142,TX,CfgRd,00:00.0,08:00.0,7,0,0x1c,
1791357900092.143,RX,Cpl,08:00.0,00:00.0,7,4,0x1c,00 00 00 00
1791357900092.144,TX,CfgRd,00:00.0,08:01.0,0,0,0x0,
1791357900092.145,RX,Cpl,08:01.0,00:00.0,0,4,0x0,86 80 38 34
1791357900092.146,TX,CfgRd,00:00.0,08:01.0,1,0,0x4,
1791357900092.147,RX,Cpl,08:01.0,00:00.0,1,4,0x4,06 00 10 00
1791357900092.148,TX,CfgRd,00:00.0,08:01.0,2,0,0x8,
1791357900092.149,RX,Cpl,08:01.0,00:00.0,2,4,0x8,00 00 04 06
1791357900092.150,TX,CfgRd,00:00.0,08:01.0,3,0,0xc,
1791357900092.151,RX,Cpl,08:01.0,00:00.0,3,4,0xc,00 00 01 00
1791357900092.152,TX,CfgRd,00:00.0,08:01.0,4,0,0x10,
1791357900092.153,RX,Cpl,08:01.0,00:00.0,4,4,0x10,00 00 00 00
1791357900092.154,TX,CfgRd,00:00.0,08:01.0,5,0,0x14,
1791357900092.155,RX,Cpl,08:01.0,00:00.0,5,4,0x14,00 01 01 00
1791357900092.156,TX,CfgRd,00:00.0,08:01.0,6,0,0x18,
1791357900092.157,RX,Cpl,08:01.0,00:00.0,6,4,0x18,00 01 01 00
1791357900092.158,TX,CfgRd,00:00.0,08:01.0,7,0,0x1c,
1791357900092.159,RX,Cpl,08:01.0,00:00.0,7,4,0x1c,00 00 00 00
1791357900092.160,TX,CfgRd,00:00.0,13:00.0,0,0,0x0,
1791357900092.161,RX,Cpl,13:00.0,00:00.0,0,4,0x0,86 80 32 34
1791357900092.162,TX,CfgRd,00:00.0,13:00.0,1,0,0x4,
1791357900092.163,RX,Cpl,13:00.0,00:00.0,1,4,0x4,06 00 10 00
1791357900092.164,TX,CfgRd,00:00.0,13:00.0,2,0,0x8,
1791357900092.165,RX,Cpl,13:00.0,00:00.0,2,4,0x8,00 00 04 06
1791357900092.166,TX,CfgRd,00:00.0,13:00.0,3,0,0xc,
1791357900092.167,RX,Cpl,13:00.0,00:00.0,3,4,0xc,00 00 01 00
1791357900092.168,TX,CfgRd,00:00.0,13:00.0,4,0,0x10,
1791357900092.169,RX,Cpl,13:00.0,00:00.0,4,4,0x10,00 00 00 00
1791357900092.170,TX,CfgRd,00:00.0,13:00.0,5,0,0x14,
1791357900092.171,RX,Cpl,13:00.0,00:00.0,5,4,0x14,00 01 01 00
1791357900092.172,TX,CfgRd,00:00.0,13:00.0,6,0,0x18,
1791357900092.173,RX,Cpl,13:00.0,00:00.0,6,4,0x18,00 01 01 00
1791357900092.174,TX,CfgRd,00:00.0,13:00.0,7,0,0x1c,
1791357900092.175,RX,Cpl,13:00.0,00:00.0,7,4,0x1c,00 00 00 00
1791357900092.176,TX,CfgRd,00:00.0,14:00.0,0,0,0x0,
1791357900092.177,RX,Cpl,14:00.0,00:00.0,0,4,0x0,86 80 38 34
1791357900092.178,TX,CfgRd,00:00.0,14:00.0,1,0,0x4,
1791357900092.179,RX,Cpl,14:00.0,00:00.0,1,4,0x4,06 00 10 00
1791357900092.180,TX,CfgRd,00:00.0,14:00.0,2,0,0x8,
1791357900092.181,RX,Cpl,14:00.0,00:00.0,2,4,0x8,00 00 04 06
1791357900092.182,TX,CfgRd,00:00.0,14:00.0,3,0,0xc,
1791357900092.183,RX,Cpl,14:00.0,00:00.0,3,4,0xc,00 00 01 00
1791357900092.184,TX,CfgRd,00:00.0,14:00.0,4,0,0x10,
1791357900092.185,RX,Cpl,14:00.0,00:00.0,4,4,0x10,00 00 00 00
1791357900092.186,TX,CfgRd,00:00.0,14:00.0,5,0,0x14,
1791357900092.187,RX,Cpl,14:00.0,00:00.0,5,4,0x14,00 01 01 00
1791357900092.188,TX,CfgRd,00:00.0,14:00.0,6,0,0x18,
1791357900092.189,RX,Cpl,14:00.0,00:00.0,6,4,0x18,00 01 01 00
1791357900092.190,TX,CfgRd,00:00.0,14:00.0,7,0,0x1c,
1791357900092.191,RX,Cpl,14:00.0,00:00.0,7,4,0x1c,00 00 00 00
1791357900092.192,TX,CfgRd,00:00.0,14:01.0,0,0,0x0,
1791357900092.193,RX,Cpl,14:01.0,00:00.0,0,4,0x0,86 80 38 34
1791357900092.194,TX,CfgRd,00:00.0,14:01.0,1,0,0x4,
1791357900092.195,RX,Cpl,14:01.0,00:00.0,1,4,0x4,06 00 10 00
1791357900092.196,TX,CfgRd,00:00.0,14:01.0,2,0,0x8,
1791357900092.197,RX,Cpl,14:01.0,00:00.0,2,4,0x8,00 00 04 06
1791357900092.198,TX,CfgRd,00:00.0,14:01.0,3,0,0xc,
1791357900092.199,RX,Cpl,14:01.0,00:00.0,3,4,0xc,00 00 01 00
1791357900092.200,TX,CfgRd,00:00.0,14:01.0,4,0,0x10,
1791357900092.201,RX,Cpl,14:01.0,00:00.0,4,4,0x10,00 00 00 00
1791357900092.202,TX,CfgRd,00:00.0,14:01.0,5,0,0x14,
1791357900092.203,RX,Cpl,14:01.0,00:00.0,5,4,0x14,00 01 01 00
1791357900092.204,TX,CfgRd,00:00.0,14:01.0,6,0,0x18,
1791357900092.205,RX,Cpl,14:01.0,00:00.0,6,4,0x18,00 01 01 00
1791357900092.206,TX,CfgRd,00:00.0,14:01.0,7,0,0x1c,
1791357900092.207,RX,Cpl,14:01.0,00:00.0,7,4,0x1c,00 00 00 00
1791357900092.208,TX,CfgRd,00:00.0,19:00.0,0,0,0x0,
1791357900092.209,RX,Cpl,19:00.0,00:00.0,0,4,0x0,86 80 32 34
1791357900092.210,TX,CfgRd,00:00.0,19:00.0,1,0,0x4,
1791357900092.211,RX,Cpl,19:00.0,00:00.0,1,4,0x4,06 00 10 00
1791357900092.212,TX,CfgRd,00:00.0,19:00.0,2,0,0x8,
1791357900092.213,RX,Cpl,19:00.0,00:00.0,2,4,0x8,00 00 04 06
1791357900093.214,TX,CfgRd,00:00.0,19:00.0,3,0,0xc,
1791357900093.215,RX,Cpl,19:00.0,00:00.0,3,4,0xc,00 00 01 00
1791357900093.216,TX,CfgRd,00:00.0,19:00.0,4,0,0x10,
1791357900093.217,RX,Cpl,19:00.0,00:00.0,4,4,0x10,00 00 00 00
1791357900093.218,TX,CfgRd,00:00.0,19:00.0,5,0,0x14,
1791357900093.219,RX,Cpl,19:00.0,00:00.0,5,4,0x14,00 01 01 00
1791357900093.220,TX,CfgRd,00:00.0,19:00.0,6,0,0x18,
1791357900093.221,RX,Cpl,19:00.0,00:00.0,6,4,0x18,00 01 01 00
1791357900093.222,TX,CfgRd,00:00.0,19:00.0,7,0,0x1c,
1791357900093.223,RX,Cpl,19:00.0,00:00.0,7,4,0x1c,00 00 00 00
1791357900093.224,TX,CfgRd,00:00.0,20:00.0,0,0,0x0,
1791357900093.225,RX,Cpl,20:00.0,00:00.0,0,4,0x0,86 80 38 34
1791357900093.226,TX,CfgRd,00:00.0,20:00.0,1,0,0x4,
1791357900093.227,RX,Cpl,20:00.0,00:00.0,1,4,0x4,06 00 10 00
1791357900093.228,TX,CfgRd,00:00.0,20:00.0,2,0,0x8,
1791357900093.229,RX,Cpl,20:00.0,00:00.0,2,4,0x8,00 00 04 06
1791357900093.230,TX,CfgRd,00:00.0,20:00.0,3,0,0xc,
1791357900093.231,RX,Cpl,20:00.0,00:00.0,3,4,0xc,00 00 01 00
1791357900093.232,TX,CfgRd,00:00.0,20:00.0,4,0,0x10,
1791357900093.233,RX,Cpl,20:00.0,00:00.0,4,4,0x10,00 00 00 00
1791357900093.234,TX,CfgRd,00:00.0,20:00.0,5,0,0x14,
1791357900093.235,RX,Cpl,20:00.0,00:00.0,5,4,0x14,00 01 01 00
1791357900093.236,TX,CfgRd,00:00.0,20:00.0,6,0,0x18,
1791357900093.237,RX,Cpl,20:00.0,00:00.0,6,4,0x18,00 01 01 00
1791357900093.238,TX,CfgRd,00:00.0,20:00.0,7,0,0x1c,
1791357900093.239,RX,Cpl,20:00.0,00:00.0,7,4,0x1c,00 00 00 00
1791357900093.240,TX,CfgRd,00:00.0,20:01.0,0,0,0x0,
1791357900093.241,RX,Cpl,20:01.0,00:00.0,0,4,0x0,86 80 38 34
1791357900093.242,TX,CfgRd,00:00.0,20:01.0,1,0,0x4,
1791357900093.243,RX,Cpl,20:01.0,00:00.0,1,4,0x4,06 00 10 00
1791357900093.244,TX,CfgRd,00:00.0,20:01.0,2,0,0x8,
1791357900093.245,RX,Cpl,20:01.0,00:00.0,2,4,0x8,00 00 04 06
1791357900093.246,TX,CfgRd,00:00.0,20:01.0,3,0,0xc,
1791357900093.247,RX,Cpl,20:01.0,00:00.0,3,4,0xc,00 00 01 00
1791357900093.248,TX,CfgRd,00:00.0,20:01.0,4,0,0x10,
1791357900093.249,RX,Cpl,20:01.0,00:00.0,4,4,0x10,00 00 00 00
1791357900093.250,TX,CfgRd,00:00.0,20:01.0,5,0,0x14,
1791357900093.251,RX,Cpl,20:01.0,00:00.0,5,4,0x14,00 01 01 00
1791357900093.252,TX,CfgRd,00:00.0,20:01.0,6,0,0x18,
1791357900093.253,RX,Cpl,20:01.0,00:00.0,6,4,0x18,00 01 01 00
1791357900093.254,TX,CfgRd,00:00.0,20:01.0,7,0,0x1c,
1791357900093.255,RX,Cpl,20:01.0,00:00.0,7,4,0x1c,00 00 00 00
1791357900093.256,TX,CfgRd,00:00.0,03:00.0,0,0,0x0,
1791357900093.257,RX,Cpl,03:00.0,00:00.0,0,4,0x0,36 1b 10 00
1791357900093.258,TX,CfgRd,00:00.0,03:00.0,1,0,0x4,
1791357900093.259,RX,Cpl,03:00.0,00:00.0,1,4,0x4,06 00 10 00
1791357900093.260,TX,CfgRd,00:00.0,03:00.0,2,0,0x8,
1791357900093.261,RX,Cpl,03:00.0,00:00.0,2,4,0x8,00 02 08 01
1791357900093.262,TX,CfgRd,00:00.0,03:00.0,3,0,0xc,
1791357900093.263,RX,Cpl,03:00.0,00:00.0,3,4,0xc,00 00 00 00
1791357900093.264,TX,CfgRd,00:00.0,03:00.0,4,0,0x10,
1791357900093.265,RX,Cpl,03:00.0,00:00.0,4,4,0x10,04 00 ff ff
1791357900093.266,TX,CfgRd,00:00.0,03:00.0,5,0,0x14,
1791357900093.267,RX,Cpl,03:00.0,00:00.0,5,4,0x14,00 00 00 00
1791357900093.268,TX,CfgRd,00:00.0,03:00.0,6,0,0x18,
1791357900093.269,RX,Cpl,03:00.0,00:00.0,6,4,0x18,00 00 00 00
1791357900093.270,TX,CfgRd,00:00.0,03:00.0,7,0,0x1c,
1791357900093.271,RX,Cpl,03:00.0,00:00.0,7,4,0x1c,00 00 00 00
1791357900093.272,TX,CfgRd,00:00.0,05:00.0,0,0,0x0,
1791357900093.273,RX,Cpl,05:00.0,00:00.0,0,4,0x0,36 1b 10 00
1791357900093.274,TX,CfgRd,00:00.0,05:00.0,1,0,0x4,
1791357900093.275,RX,Cpl,05:00.0,00:00.0,1,4,0x4,06 00 10 00
1791357900093.276,TX,CfgRd,00:00.0,05:00.0,2,0,0x8,
1791357900093.277,RX,Cpl,05:00.0,00:00.0,2,4,0x8,00 02 08 01
1791357900093.278,TX,CfgRd,00:00.0,05:00.0,3,0,0xc,
1791357900093.279,RX,Cpl,05:00.0,00:00.0,3,4,0xc,00 00 00 00
1791357900093.280,TX,CfgRd,00:00.0,05:00.0,4,0,0x10,
1791357900093.281,RX,Cpl,05:00.0,00:00.0,4,4,0x10,04 00 ff ff
1791357900093.282,TX,CfgRd,00:00.0,05:00.0,5,0,0x14,
1791357900093.283,RX,Cpl,05:00.0,00:00.0,5,4,0x14,00 00 00 00
1791357900093.284,TX,CfgRd,00:00.0,05:00.0,6,0,0x18,
1791357900093.285,RX,Cpl,05:00.0,00:00.0,6,4,0x18,00 00 00 00
1791357900093.286,TX,CfgRd,00:00.0,05:00.0,7,0,0x1c,
1791357900093.287,RX,Cpl,05:00.0,00:00.0,7,4,0x1c,00 00 00 00
1791357900093.288,TX,CfgRd,00:00.0,09:00.0,0,0,0x0,
1791357900093.289,RX,Cpl,09:00.0,00:00.0,0,4,0x0,36 1b 10 00
1791357900093.290,TX,CfgRd,00:00.0,09:00.0,1,0,0x4,
1791357900093.291,RX,Cpl,09:00.0,00:00.0,1,4,0x4,06 00 10 00
1791357900093.292,TX,CfgRd,00:00.0,09:00.0,2,0,0x8,
1791357900093.293,RX,Cpl,09:00.0,00:00.0,2,4,0x8,00 02 08 01
1791357900093.294,TX,CfgRd,00:00.0,09:00.0,3,0,0xc,
1791357900093.295,RX,Cpl,09:00.0,00:00.0,3,4,0xc,00 00 00 00
1791357900093.296,TX,CfgRd,00:00.0,09:00.0,4,0,0x10,
1791357900093.297,RX,Cpl,09:00.0,00:00.0,4,4,0x10,04 00 ff ff
1791357900093.298,TX,CfgRd,00:00.0,09:00.0,5,0,0x14,
1791357900093.299,RX,Cpl,09:00.0,00:00.0,5,4,0x14,00 00 00 00
1791357900093.300,TX,CfgRd,00:00.0,09:00.0,6,0,0x18,
1791357900093.301,RX,Cpl,09:00.0,00:00.0,6,4,0x18,00 00 00 00
1791357900093.302,TX,CfgRd,00:00.0,09:00.0,7,0,0x1c,
1791357900093.303,RX,Cpl,09:00.0,00:00.0,7,4,0x1c,00 00 00 00
1791357900093.304,TX,CfgRd,00:00.0,0b:00.0,0,0,0x0,
1791357900093.305,RX,Cpl,0b:00.0,00:00.0,0,4,0x0,36 1b 10 00
1791357900093.306,TX,CfgRd,00:00.0,0b:00.0,1,0,0x4,
1791357900093.307,RX,Cpl,0b:00.0,00:00.0,1,4,0x4,06 00 10 00
1791357900093.308,TX,CfgRd,00:00.0,0b:00.0,2,0,0x8,
1791357900093.309,RX,Cpl,0b:00.0,00:00.0,2,4,0x8,00 02 08 01
1791357900093.310,TX,CfgRd,00:00.0,0b:00.0,3,0,0xc,
1791357900093.311,RX,Cpl,0b:00.0,00:00.0,3,4,0xc,00 00 00 00
1791357900093.312,TX,CfgRd,00:00.0,0b:00.0,4,0,0x10,
1791357900093.313,RX,Cpl,0b:00.0,00:00.0,4,4,0x10,04 00 ff ff
1791357900093.314,TX,CfgRd,00:00.0,0b:00.0,5,0,0x14,
1791357900093.315,RX,Cpl,0b:00.0,00:00.0,5,4,0x14,00 00 00 00
1791357900093.316,TX,CfgRd,00:00.0,0b:00.0,6,0,0x18,
1791357900093.317,RX,Cpl,0b:00.0,00:00.0,6,4,0x18,00 00 00 00
1791357900093.318,TX,CfgRd,00:00.0,0b:00.0,7,0,0x1c,
1791357900093.319,RX,Cpl,0b:00.0,00:00.0,7,4,0x1c,00 00 00 00
1791357900093.320,TX,CfgRd,00:00.0,15:00.0,0,0,0x0,
1791357900093.321,RX,Cpl,15:00.0,00:00.0,0,4,0x0,36 1b 10 00
1791357900093.322,TX,CfgRd,00:00.0,15:00.0,1,0,0x4,
1791357900093.323,RX,Cpl,15:00.0,00:00.0,1,4,0x4,06 00 10 00
1791357900093.324,TX,CfgRd,00:00.0,15:00.0,2,0,0x8,
1791357900093.325,RX,Cpl,15:00.0,00:00.0,2,4,0x8,00 02 08 01
1791357900093.326,TX,CfgRd,00:00.0,15:00.0,3,0,0xc,
1791357900093.327,RX,Cpl,15:00.0,00:00.0,3,4,0xc,00 00 00 00
1791357900093.328,TX,CfgRd,00:00.0,15:00.0,4,0,0x10,
1791357900093.329,RX,Cpl,15:00.0,00:00.0,4,4,0x10,04 00 ff ff
1791357900093.330,TX,CfgRd,00:00.0,15:00.0,5,0,0x14,
1791357900093.331,RX,Cpl,15:00.0,00:00.0,5,4,0x14,00 00 00 00
1791357900093.332,TX,CfgRd,00:00.0,15:00.0,6,0,0x18,
1791357900093.333,RX,Cpl,15:00.0,00:00.0,6,4,0x18,00 00 00 00
1791357900093.334,TX,CfgRd,00:00.0,15:00.0,7,0,0x1c,
1791357900093.335,RX,Cpl,15:00.0,00:00.0,7,4,0x1c,00 00 00 00
1791357900093.336,TX,CfgRd,00:00.0,17:00.0,0,0,0x0,
1791357900093.337,RX,Cpl,17:00.0,00:00.0,0,4,0x0,36 1b 10 00
1791357900093.338,TX,CfgRd,00:00.0,17:00.0,1,0,0x4,
1791357900093.339,RX,Cpl,17:00.0,00:00.0,1,4,0x4,06 00 10 00
1791357900093.340,TX,CfgRd,00:00.0,17:00.0,2,0,0x8,
1791357900093.341,RX,Cpl,17:00.0,00:00.0,2,4,0x8,00 02 08 01
1791357900093.342,TX,CfgRd,00:00.0,17:00.0,3,0,0xc,
1791357900093.343,RX,Cpl,17:00.0,00:00.0,3,4,0xc,00 00 00 00
1791357900093.344,TX,CfgRd,00:00.0,17:00.0,4,0,0x10,
1791357900093.345,RX,Cpl,17:00.0,00:00.0,4,4,0x10,04 00 ff ff
1791357900093.346,TX,CfgRd,00:00.0,17:00.0,5,0,0x14,
1791357900093.347,RX,Cpl,17:00.0,00:00.0,5,4,0x14,00 00 00 00
1791357900093.348,TX,CfgRd,00:00.0,17:00.0,6,0,0x18,
1791357900093.349,RX,Cpl,17:00.0,00:00.0,6,4,0x18,00 00 00 00
1791357900093.350,TX,CfgRd,00:00.0,17:00.0,7,0,0x1c,
1791357900093.351,RX,Cpl,17:00.0,00:00.0,7,4,0x1c,00 00 00 00
1791357900093.352,TX,CfgRd,00:00.0,21:00.0,0,0,0x0,
1791357900093.353,RX,Cpl,21:00.0,00:00.0,0,4,0x0,86 80 d3 10
1791357900093.354,TX,CfgRd,00:00.0,21:00.0,1,0,0x4,
1791357900093.355,RX,Cpl,21:00.0,00:00.0,1,4,0x4,06 00 10 00
1791357900093.356,TX,CfgRd,00:00.0,21:00.0,2,0,0x8,
1791357900093.357,RX,Cpl,21:00.0,00:00.0,2,4,0x8,00 00 00 02
1791357900093.358,TX,CfgRd,00:00.0,21:00.0,3,0,0xc,
1791357900093.359,RX,Cpl,21:00.0,00:00.0,3,4,0xc,00 00 00 00
1791357900093.360,TX,CfgRd,00:00.0,21:00.0,4,0,0x10,
1791357900093.361,RX,Cpl,21:00.0,00:00.0,4,4,0x10,04 00 ff ff
1791357900093.362,TX,CfgRd,00:00.0,21:00.0,5,0,0x14,
1791357900093.363,RX,Cpl,21:00.0,00:00.0,5,4,0x14,00 00 00 00
1791357900093.364,TX,CfgRd,00:00.0,21:00.0,6,0,0x18,
1791357900093.365,RX,Cpl,21:00.0,00:00.0,6,4,0x18,00 00 00 00
1791357900093.366,TX,CfgRd,00:00.0,21:00.0,7,0,0x1c,
1791357900093.367,RX,Cpl,21:00.0,00:00.0,7,4,0x1c,00 00 00 00
1791357900093.368,TX,CfgRd,00:00.0,23:00.0,0,0,0x0,
1791357900093.369,RX,Cpl,23:00.0,00:00.0,0,4,0x0,86 80 d3 10
1791357900093.370,TX,CfgRd,00:00.0,23:00.0,1,0,0x4,
1791357900093.371,RX,Cpl,23:00.0,00:00.0,1,4,0x4,06 00 10 00
1791357900093.372,TX,CfgRd,00:00.0,23:00.0,2,0,0x8,
1791357900093.373,RX,Cpl,23:00.0,00:00.0,2,4,0x8,00 00 00 02
1791357900093.374,TX,CfgRd,00:00.0,23:00.0,3,0,0xc,
1791357900093.375,RX,Cpl,23:00.0,00:00.0,3,4,0xc,00 00 00 00
1791357900093.376,TX,CfgRd,00:00.0,23:00.0,4,0,0x10,
1791357900093.377,RX,Cpl,23:00.0,00:00.0,4,4,0x10,04 00 ff ff
1791357900093.378,TX,CfgRd,00:00.0,23:00.0,5,0,0x14,
1791357900093.379,RX,Cpl,23:00.0,00:00.0,5,4,0x14,00 00 00 00
1791357900093.380,TX,CfgRd,00:00.0,23:00.0,6,0,0x18,
1791357900093.381,RX,Cpl,23:00.0,00:00.0,6,4,0x18,00 00 00 00
1791357900093.382,TX,CfgRd,00:00.0,23:00.0,7,0,0x1c,
1791357900093.383,RX,Cpl,23:00.0,00:00.0,7,4,0x1c,00 00 00 00
1791357900573,RX,CfgRd,gpex-root,00:00.0,0,4,0x0,36 1b 08 00
1791357900573,RX,CfgRd,gpex-root,00:00.0,0,4,0x8,00 00 00 06
1791357900573,RX,CfgRd,gpex-root,00:00.0,0,4,0xc,00 00 00 00
1791357900573,RX,CfgRd,gpex-root,00:00.0,0,4,0x10,00 00 00 00
1791357900573,TX,CfgWr,gpex-root,00:00.0,0,4,0x10,ff ff ff ff
1791357900573,TX,CfgWr,gpex-root,00:00.0,0,4,0x10,00 00 00 00
1791357900573,RX,CfgRd,gpex-root,00:00.0,0,4,0x14,00 00 00 00
1791357900573,TX,CfgWr,gpex-root,00:00.0,0,4,0x14,ff ff ff ff
1791357900573,TX,CfgWr,gpex-root,00:00.0,0,4,0x14,00 00 00 00
1791357900573,RX,CfgRd,gpex-root,00:00.0,0,4,0x18,00 00 00 00
1791357900573,TX,CfgWr,gpex-root,00:00.0,0,4,0x18,ff ff ff ff
1791357900573,TX,CfgWr,gpex-root,00:00.0,0,4,0x18,00 00 00 00
1791357900573,RX,CfgRd,gpex-root,00:00.0,0,4,0x1c,00 00 00 00
1791357900573,TX,CfgWr,gpex-root,00:00.0,0,4,0x1c,ff ff ff ff
1791357900573,TX,CfgWr,gpex-root,00:00.0,0,4,0x1c,00 00 00 00
1791357900573,RX,CfgRd,gpex-root,00:00.0,0,4,0x20,00 00 00 00
1791357900573,TX,CfgWr,gpex-root,00:00.0,0,4,0x20,ff ff ff ff
1791357900573,TX,CfgWr,gpex-root,00:00.0,0,4,0x20,00 00 00 00
1791357900573,RX,CfgRd,gpex-root,00:00.0,0,4,0x24,00 00 00 00
1791357900573,TX,CfgWr,gpex-root,00:00.0,0,4,0x24,ff ff ff ff
1791357900573,TX,CfgWr,gpex-root,00:00.0,0,4,0x24,00 00 00 00
1791357900573,RX,CfgRd,pcie-root-port,00:01.0,0,4,0x0,36 1b 0c 00
1791357900573,RX,CfgRd,pcie-root-port,00:01.0,0,4,0x8,00 00 04 06
1791357900573,RX,CfgRd,pcie-root-port,00:01.0,0,4,0xc,00 00 81 00
1791357900573,RX,CfgRd,pcie-root-port,00:01.0,0,4,0x18,00 00 00 00
1791357900573,RX,CfgRd,pcie-root-port,00:01.0,0,4,0x10,00 00 00 00
1791357900573,TX,CfgWr,pcie-root-port,00:01.0,0,4,0x10,ff ff ff ff
1791357900573,RX,CfgRd,pcie-root-port,00:01.0,0,4,0x10,00 f0 ff ff
1791357900573,TX,CfgWr,pcie-root-port,00:01.0,0,4,0x10,00 00 00 00
1791357900573,TX,CfgWr,pcie-root-port,00:01.0,0,4,0x10,00 00 00 10
1791357900573,RX,CfgRd,pcie-root-port,00:01.0,0,4,0x14,00 00 00 00
1791357900573,TX,CfgWr,pcie-root-port,00:01.0,0,4,0x14,ff ff ff ff
1791357900573,TX,CfgWr,pcie-root-port,00:01.0,0,4,0x14,00 00 00 00
1791357900573,TX,CfgWr,pcie-root-port,00:01.0,0,4,0x18,00 01 ff 00
1791357900573,RX,CfgRd,pcie-root-port,00:01.0,0,4,0x1c,f0 00 00 00
1791357900573,RX,CfgRd,pcie-root-port,00:01.0,0,4,0x30,00 00 00 00
1791357900573,TX,CfgWr,pcie-root-port,00:01.0,0,4,0x1c,f0 00 00 00
1791357900573,TX,CfgWr,pcie-root-port,00:01.0,0,4,0x30,00 00 00 00
1791357900573,RX,CfgRd,pcie-root-port,00:01.0,0,4,0x4,00 00 10 00
1791357900573,TX,CfgWr,pcie-root-port,00:01.0,0,4,0x4,01 00 10 00
1791357900573,RX,CfgRd,pcie-root-port,00:01.0,0,4,0x20,f0 ff 00 00
1791357900573,TX,CfgWr,pcie-root-port,00:01.0,0,4,0x20,10 10 00 00
1791357900573,RX,CfgRd,pcie-root-port,00:01.0,0,4,0x4,01 00 10 00
1791357900573,TX,CfgWr,pcie-root-port,00:01.0,0,4,0x4,03 00 10 00
1791357900573,RX,CfgRd,pcie-root-port,00:01.0,0,4,0x24,f1 ff 01 00
1791357900573,TX,CfgWr,pcie-root-port,00:01.0,0,4,0x24,00 00 01 00
1791357900573,TX,CfgWr,pcie-root-port,00:01.0,0,4,0x28,80 00 00 00
1791357900573,RX,CfgRd,pcie-root-port,00:01.0,0,4,0x4,03 00 10 00
1791357900573,TX,CfgWr,pcie-root-port,00:01.0,0,4,0x4,07 00 10 00
1791357900573,RX,CfgRd,x3130-upstream,01:00.0,0,4,0x0,4c 10 32 82
1791357900573,RX,CfgRd,x3130-upstream,01:00.0,0,4,0x8,02 00 04 06
1791357900573,RX,CfgRd,x3130-upstream,01:00.0,0,4,0xc,00 00 01 00
1791357900574,RX,CfgRd,x3130-upstream,01:00.0,0,4,0x18,00 00 00 00
1791357900574,RX,CfgRd,x3130-upstream,01:00.0,0,4,0x10,00 00 00 00
1791357900574,TX,CfgWr,x3130-upstream,01:00.0,0,4,0x10,ff ff ff ff
1791357900574,TX,CfgWr,x3130-upstream,01:00.0,0,4,0x10,00 00 00 00
1791357900574,RX,CfgRd,x3130-upstream,01:00.0,0,4,0x14,00 00 00 00
1791357900574,TX,CfgWr,x3130-upstream,01:00.0,0,4,0x14,ff ff ff ff
1791357900574,TX,CfgWr,x3130-upstream,01:00.0,0,4,0x14,00 00 00 00
1791357900574,TX,CfgWr,x3130-upstream,01:00.0,0,4,0x18,01 02 ff 00
1791357900574,RX,CfgRd,x3130-upstream,01:00.0,0,4,0x1c,00 00 00 00
1791357900574,RX,CfgRd,x3130-upstream,01:00.0,0,4,0x30,00 00 00 00
1791357900574,TX,CfgWr,x3130-upstream,01:00.0,0,4,0x1c,00 00 00 00
1791357900574,TX,CfgWr,x3130-upstream,01:00.0,0,4,0x30,00 00 00 00
1791357900574,RX,CfgRd,x3130-upstream,01:00.0,0,4,0x4,00 00 10 00
1791357900574,TX,CfgWr,x3130-upstream,01:00.0,0,4,0x4,01 00 10 00
1791357900574,RX,CfgRd,x3130-upstream,01:00.0,0,4,0x20,00 00 00 00
1791357900574,TX,CfgWr,x3130-upstream,01:00.0,0,4,0x20,10 10 00 00
1791357900574,RX,CfgRd,x3130-upstream,01:00.0,0,4,0x4,01 00 10 00
1791357900574,TX,CfgWr,x3130-upstream,01:00.0,0,4,0x4,03 00 10 00
1791357900574,RX,CfgRd,x3130-upstream,01:00.0,0,4,0x24,01 00 01 00
1791357900574,TX,CfgWr,x3130-upstream,01:00.0,0,4,0x24,00 00 01 00
1791357900574,TX,CfgWr,x3130-upstream,01:00.0,0,4,0x28,80 00 00 00
1791357900574,RX,CfgRd,x3130-upstream,01:00.0,0,4,0x4,03 00 10 00
1791357900574,TX,CfgWr,x3130-upstream,01:00.0,0,4,0x4,07 00 10 00
1791357900574,RX,CfgRd,xio3130-downstream,02:00.0,0,4,0x0,4c 10 33 82
1791357900574,RX,CfgRd,xio3130-downstream,02:00.0,0,4,0x8,01 00 04 06
1791357900574,RX,CfgRd,xio3130-downstream,02:00.0,0,4,0xc,00 00 81 00
1791357900574,RX,CfgRd,xio3130-downstream,02:00.0,0,4,0x18,00 00 00 00
1791357900574,RX,CfgRd,xio3130-downstream,02:00.0,0,4,0x10,00 00 00 00
1791357900574,TX,CfgWr,xio3130-downstream,02:00.0,0,4,0x10,ff ff ff ff
1791357900574,TX,CfgWr,xio3130-downstream,02:00.0,0,4,0x10,00 00 00 00
1791357900574,RX,CfgRd,xio3130-downstream,02:00.0,0,4,0x14,00 00 00 00
1791357900574,TX,CfgWr,xio3130-downstream,02:00.0,0,4,0x14,ff ff ff ff
1791357900574,TX,CfgWr,xio3130-downstream,02:00.0,0,4,0x14,00 00 00 00
1791357900574,TX,CfgWr,xio3130-downstream,02:00.0,0,4,0x18,02 03 ff 00
1791357900574,RX,CfgRd,xio3130-downstream,02:00.0,0,4,0x1c,00 00 00 00
1791357900574,RX,CfgRd,xio3130-downstream,02:00.0,0,4,0x30,00 00 00 00
1791357900574,TX,CfgWr,xio3130-downstream,02:00.0,0,4,0x1c,00 00 00 00
1791357900574,TX,CfgWr,xio3130-downstream,02:00.0,0,4,0x30,00 00 00 00
1791357900574,RX,CfgRd,xio3130-downstream,02:00.0,0,4,0x4,00 00 10 00
1791357900574,TX,CfgWr,xio3130-downstream,02:00.0,0,4,0x4,01 00 10 00
1791357900574,RX,CfgRd,xio3130-downstream,02:00.0,0,4,0x20,00 00 00 00
1791357900574,TX,CfgWr,xio3130-downstream,02:00.0,0,4,0x20,10 10 00 00
1791357900574,RX,CfgRd,xio3130-downstream,02:00.0,0,4,0x4,01 00 10 00
1791357900574,TX,CfgWr,xio3130-downstream,02:00.0,0,4,0x4,03 00 10 00
1791357900574,RX,CfgRd,xio3130-downstream,02:00.0,0,4,0x24,01 00 01 00
1791357900574,TX,CfgWr,xio3130-downstream,02:00.0,0,4,0x24,00 00 01 00
1791357900574,TX,CfgWr,xio3130-downstream,02:00.0,0,4,0x28,80 00 00 00
1791357900574,RX,CfgRd,xio3130-downstream,02:00.0,0,4,0x4,03 00 10 00
1791357900574,TX,CfgWr,xio3130-downstream,02:00.0,0,4,0x4,07 00 10 00
1791357900574,RX,CfgRd,nvme,03:00.0,0,4,0x0,36 1b 10 00
1791357900574,RX,CfgRd,nvme,03:00.0,0,4,0x8,02 02 08 01
1791357900574,RX,CfgRd,nvme,03:00.0,0,4,0xc,00 00 00 00
1791357900574,RX,CfgRd,nvme,03:00.0,0,4,0x10,04 00 00 00
1791357900574,RX,CfgRd,nvme,03:00.0,0,4,0x14,00 00 00 00
1791357900574,TX,CfgWr,nvme,03:00.0,0,4,0x10,ff ff ff ff
1791357900574,RX,CfgRd,nvme,03:00.0,0,4,0x10,04 c0 ff ff
1791357900574,TX,CfgWr,nvme,03:00.0,0,4,0x10,04 00 00 00
1791357900574,TX,CfgWr,nvme,03:00.0,0,4,0x14,ff ff ff ff
1791357900574,RX,CfgRd,nvme,03:00.0,0,4,0x14,ff ff ff ff
1791357900574,TX,CfgWr,nvme,03:00.0,0,4,0x14,00 00 00 00
1791357900574,TX,CfgWr,nvme,03:00.0,0,4,0x10,00 00 00 00
1791357900574,TX,CfgWr,nvme,03:00.0,0,4,0x14,80 00 00 00
1791357900574,RX,CfgRd,nvme,03:00.0,0,4,0x18,00 00 00 00
1791357900574,TX,CfgWr,nvme,03:00.0,0,4,0x18,ff ff ff ff
1791357900574,TX,CfgWr,nvme,03:00.0,0,4,0x18,00 00 00 00
1791357900574,RX,CfgRd,nvme,03:00.0,0,4,0x1c,00 00 00 00
1791357900574,TX,CfgWr,nvme,03:00.0,0,4,0x1c,ff ff ff ff
1791357900574,TX,CfgWr,nvme,03:00.0,0,4,0x1c,00 00 00 00
1791357900574,RX,CfgRd,nvme,03:00.0,0,4,0x20,00 00 00 00
1791357900574,TX,CfgWr,nvme,03:00.0,0,4,0x20,ff ff ff ff
1791357900574,TX,CfgWr,nvme,03:00.0,0,4,0x20,00 00 00 00
1791357900574,RX,CfgRd,nvme,03:00.0,0,4,0x24,00 00 00 00
1791357900574,TX,CfgWr,nvme,03:00.0,0,4,0x24,ff ff ff ff
1791357900574,TX,CfgWr,nvme,03:00.0,0,4,0x24,00 00 00 00
1791357900574,RX,CfgRd,xio3130-downstream,02:00.0,0,4,0x18,02 03 ff 00
1791357900574,TX,CfgWr,xio3130-downstream,02:00.0,0,4,0x18,02 03 03 00
1791357900574,RX,CfgRd,xio3130-downstream,02:00.0,0,4,0x20,10 10 00 00
1791357900574,TX,CfgWr,xio3130-downstream,02:00.0,0,4,0x20,10 10 0f 10
1791357900574,TX,CfgWr,xio3130-downstream,02:00.0,0,4,0x24,01 00 0f 00
1791357900574,TX,CfgWr,xio3130-downstream,02:00.0,0,4,0x2c,80 00 00 00
1791357900574,RX,CfgRd,xio3130-downstream,02:00.1,0,4,0x0,4c 10 33 82
1791357900574,RX,CfgRd,xio3130-downstream,02:00.1,0,4,0x8,01 00 04 06
1791357900574,RX,CfgRd,xio3130-downstream,02:00.1,0,4,0xc,00 00 01 00
1791357900574,RX,CfgRd,xio3130-downstream,02:00.1,0,4,0x18,00 00 00 00
1791357900574,RX,CfgRd,xio3130-downstream,02:00.1,0,4,0x10,00 00 00 00
1791357900574,TX,CfgWr,xio3130-downstream,02:00.1,0,4,0x10,ff ff ff ff
1791357900574,TX,CfgWr,xio3130-downstream,02:00.1,0,4,0x10,00 00 00 00
1791357900574,RX,CfgRd,xio3130-downstream,02:00.1,0,4,0x14,00 00 00 00
1791357900574,TX,CfgWr,xio3130-downstream,02:00.1,0,4,0x14,ff ff ff ff
1791357900574,TX,CfgWr,xio3130-downstream,02:00.1,0,4,0x14,00 00 00 00
1791357900574,TX,CfgWr,xio3130-downstream,02:00.1,0,4,0x18,02 04 ff 00
1791357900574,RX,CfgRd,xio3130-downstream,02:00.1,0,4,0x1c,00 00 00 00
1791357900574,RX,CfgRd,xio3130-downstream,02:00.1,0,4,0x30,00 00 00 00
1791357900574,TX,CfgWr,xio3130-downstream,02:00.1,0,4,0x1c,00 00 00 00
1791357900574,TX,CfgWr,xio3130-downstream,02:00.1,0,4,0x30,00 00 00 00
1791357900574,RX,CfgRd,xio3130-downstream,02:00.1,0,4,0x4,00 00 10 00
1791357900574,TX,CfgWr,xio3130-downstream,02:00.1,0,4,0x4,01 00 10 00
1791357900574,RX,CfgRd,xio3130-downstream,02:00.1,0,4,0x20,00 00 00 00
1791357900574,TX,CfgWr,xio3130-downstream,02:00.1,0,4,0x20,10 10 00 00
1791357900574,RX,CfgRd,xio3130-downstream,02:00.1,0,4,0x4,01 00 10 00
1791357900574,TX,CfgWr,xio3130-downstream,02:00.1,0,4,0x4,03 00 10 00
1791357900574,RX,CfgRd,xio3130-downstream,02:00.1,0,4,0x24,01 00 01 00
1791357900574,TX,CfgWr,xio3130-downstream,02:00.1,0,4,0x24,10 00 01 00
1791357900574,TX,CfgWr,xio3130-downstream,02:00.1,0,4,0x28,80 00 00 00
1791357900574,RX,CfgRd,xio3130-downstream,02:00.1,0,4,0x4,03 00 10 00
1791357900574,TX,CfgWr,xio3130-downstream,02:00.1,0,4,0x4,07 00 10 00
1791357900574,RX,CfgRd,nvme,04:00.0,0,4,0x0,36 1b 10 00
1791357900574,RX,CfgRd,nvme,04:00.0,0,4,0x8,02 02 08 01
1791357900574,RX,CfgRd,nvme,04:00.0,0,4,0xc,00 00 00 00
1791357900576,RX,CfgRd,nvme,04:00.0,0,4,0x10,04 00 00 00
1791357900576,RX,CfgRd,nvme,04:00.0,0,4,0x14,00 00 00 00
1791357900576,TX,CfgWr,nvme,04:00.0,0,4,0x10,ff ff ff ff
1791357900576,RX,CfgRd,nvme,04:00.0,0,4,0x10,04 c0 ff ff
1791357900576,TX,CfgWr,nvme,04:00.0,0,4,0x10,04 00 00 00
1791357900576,TX,CfgWr,nvme,04:00.0,0,4,0x14,ff ff ff ff
1791357900576,RX,CfgRd,nvme,04:00.0,0,4,0x14,ff ff ff ff
1791357900576,TX,CfgWr,nvme,04:00.0,0,4,0x14,00 00 00 00
1791357900576,TX,CfgWr,nvme,04:00.0,0,4,0x10,00 00 10 00
1791357900576,TX,CfgWr,nvme,04:00.0,0,4,0x14,80 00 00 00
1791357900576,RX,CfgRd,nvme,04:00.0,0,4,0x18,00 00 00 00
1791357900576,TX,CfgWr,nvme,04:00.0,0,4,0x18,ff ff ff ff
1791357900576,TX,CfgWr,nvme,04:00.0,0,4,0x18,00 00 00 00
1791357900576,RX,CfgRd,nvme,04:00.0,0,4,0x1c,00 00 00 00
1791357900576,TX,CfgWr,nvme,04:00.0,0,4,0x1c,ff ff ff ff
1791357900576,TX,CfgWr,nvme,04:00.0,0,4,0x1c,00 00 00 00
1791357900576,RX,CfgRd,nvme,04:00.0,0,4,0x20,00 00 00 00
1791357900576,TX,CfgWr,nvme,04:00.0,0,4,0x20,ff ff ff ff
1791357900576,TX,CfgWr,nvme,04:00.0,0,4,0x20,00 00 00 00
1791357900576,RX,CfgRd,nvme,04:00.0,0,4,0x24,00 00 00 00
1791357900576,TX,CfgWr,nvme,04:00.0,0,4,0x24,ff ff ff ff
1791357900576,TX,CfgWr,nvme,04:00.0,0,4,0x24,00 00 00 00
1791357900576,RX,CfgRd,xio3130-downstream,02:00.1,0,4,0x18,02 04 ff 00
1791357900576,TX,CfgWr,xio3130-downstream,02:00.1,0,4,0x18,02 04 04 00
1791357900576,RX,CfgRd,xio3130-downstream,02:00.1,0,4,0x20,10 10 00 00
1791357900576,TX,CfgWr,xio3130-downstream,02:00.1,0,4,0x20,10 10 0f 10
1791357900576,RX,CfgRd,xio3130-downstream,02:00.1,0,4,0x24,11 00 01 00
1791357900576,TX,CfgWr,xio3130-downstream,02:00.1,0,4,0x24,11 00 1f 00
1791357900576,TX,CfgWr,xio3130-downstream,02:00.1,0,4,0x2c,80 00 00 00
1791357900576,RX,CfgRd,x3130-upstream,01:00.0,0,4,0x18,01 02 ff 00
1791357900576,TX,CfgWr,x3130-upstream,01:00.0,0,4,0x18,01 02 04 00
1791357900576,RX,CfgRd,x3130-upstream,01:00.0,0,4,0x20,10 10 00 00
1791357900576,TX,CfgWr,x3130-upstream,01:00.0,0,4,0x20,10 10 0f 10
1791357900576,TX,CfgWr,x3130-upstream,01:00.0,0,4,0x24,01 00 1f 00
1791357900576,TX,CfgWr,x3130-upstream,01:00.0,0,4,0x2c,80 00 00 00
1791357900576,RX,CfgRd,pcie-root-port,00:01.0,0,4,0x18,00 01 ff 00
1791357900576,TX,CfgWr,pcie-root-port,00:01.0,0,4,0x18,00 01 04 00
1791357900576,RX,CfgRd,pcie-root-port,00:01.0,0,4,0x20,10 10 00 00
1791357900577,TX,CfgWr,pcie-root-port,00:01.0,0,4,0x20,10 10 0f 10
1791357900577,RX,CfgRd,pcie-root-port,00:01.0,0,4,0x24,01 00 01 00
1791357900577,TX,CfgWr,pcie-root-port,00:01.0,0,4,0x24,01 00 1f 00
1791357900577,TX,CfgWr,pcie-root-port,00:01.0,0,4,0x2c,80 00 00 00
1791357900577,RX,CfgRd,pcie-root-port,00:01.1,0,4,0x0,36 1b 0c 00
1791357900577,RX,CfgRd,pcie-root-port,00:01.1,0,4,0x8,00 00 04 06
1791357900577,RX,CfgRd,pcie-root-port,00:01.1,0,4,0xc,00 00 01 00
1791357900577,RX,CfgRd,pcie-root-port,00:01.1,0,4,0x18,00 00 00 00
1791357900577,RX,CfgRd,pcie-root-port,00:01.1,0,4,0x10,00 00 00 00
1791357900577,TX,CfgWr,pcie-root-port,00:01.1,0,4,0x10,ff ff ff ff
1791357900577,RX,CfgRd,pcie-root-port,00:01.1,0,4,0x10,00 f0 ff ff
1791357900577,TX,CfgWr,pcie-root-port,00:01.1,0,4,0x10,00 00 00 00
1791357900577,TX,CfgWr,pcie-root-port,00:01.1,0,4,0x10,00 00 10 10
1791357900577,RX,CfgRd,pcie-root-port,00:01.1,0,4,0x14,00 00 00 00
1791357900577,TX,CfgWr,pcie-root-port,00:01.1,0,4,0x14,ff ff ff ff
1791357900577,TX,CfgWr,pcie-root-port,00:01.1,0,4,0x14,00 00 00 00
1791357900577,TX,CfgWr,pcie-root-port,00:01.1,0,4,0x18,00 05 ff 00
1791357900577,RX,CfgRd,pcie-root-port,00:01.1,0,4,0x1c,f0 00 00 00
1791357900577,RX,CfgRd,pcie-root-port,00:01.1,0,4,0x30,00 00 00 00
1791357900577,TX,CfgWr,pcie-root-port,00:01.1,0,4,0x1c,f0 00 00 00
1791357900577,TX,CfgWr,pcie-root-port,00:01.1,0,4,0x30,00 00 00 00
1791357900577,RX,CfgRd,pcie-root-port,00:01.1,0,4,0x4,00 00 10 00
1791357900577,TX,CfgWr,pcie-root-port,00:01.1,0,4,0x4,01 00 10 00
1791357900577,RX,CfgRd,pcie-root-port,00:01.1,0,4,0x20,f0 ff 00 00
1791357900577,TX,CfgWr,pcie-root-port,00:01.1,0,4,0x20,20 10 00 00
1791357900577,RX,CfgRd,pcie-root-port,00:01.1,0,4,0x4,01 00 10 00
1791357900577,TX,CfgWr,pcie-root-port,00:01.1,0,4,0x4,03 00 10 00
1791357900577,RX,CfgRd,pcie-root-port,00:01.1,0,4,0x24,f1 ff 01 00
1791357900577,TX,CfgWr,pcie-root-port,00:01.1,0,4,0x24,20 00 01 00
1791357900577,TX,CfgWr,pcie-root-port,00:01.1,0,4,0x28,80 00 00 00
1791357900577,RX,CfgRd,pcie-root-port,00:01.1,0,4,0x4,03 00 10 00
1791357900577,TX,CfgWr,pcie-root-port,00:01.1,0,4,0x4,07 00 10 00
1791357900577,RX,CfgRd,x3130-upstream,05:00.0,0,4,0x0,4c 10 32 82
1791357900577,RX,CfgRd,x3130-upstream,05:00.0,0,4,0x8,02 00 04 06
1791357900577,RX,CfgRd,x3130-upstream,05:00.0,0,4,0xc,00 00 01 00
1791357900577,RX,CfgRd,x3130-upstream,05:00.0,0,4,0x18,00 00 00 00
1791357900577,RX,CfgRd,x3130-upstream,05:00.0,0,4,0x10,00 00 00 00
1791357900577,TX,CfgWr,x3130-upstream,05:00.0,0,4,0x10,ff ff ff ff
1791357900577,TX,CfgWr,x3130-upstream,05:00.0,0,4,0x10,00 00 00 00
1791357900577,RX,CfgRd,x3130-upstream,05:00.0,0,4,0x14,00 00 00 00
1791357900577,TX,CfgWr,x3130-upstream,05:00.0,0,4,0x14,ff ff ff ff
1791357900577,TX,CfgWr,x3130-upstream,05:00.0,0,4,0x14,00 00 00 00
1791357900577,TX,CfgWr,x3130-upstream,05:00.0,0,4,0x18,05 06 ff 00
1791357900577,RX,CfgRd,x3130-upstream,05:00.0,0,4,0x1c,00 00 00 00
1791357900577,RX,CfgRd,x3130-upstream,05:00.0,0,4,0x30,00 00 00 00
1791357900577,TX,CfgWr,x3130-upstream,05:00.0,0,4,0x1c,00 00 00 00
1791357900577,TX,CfgWr,x3130-upstream,05:00.0,0,4,0x30,00 00 00 00
1791357900577,RX,CfgRd,x3130-upstream,05:00.0,0,4,0x4,00 00 10 00
1791357900577,TX,CfgWr,x3130-upstream,05:00.0,0,4,0x4,01 00 10 00
1791357900577,RX,CfgRd,x3130-upstream,05:00.0,0,4,0x20,00 00 00 00
1791357900577,TX,CfgWr,x3130-upstream,05:00.0,0,4,0x20,20 10 00 00
1791357900577,RX,CfgRd,x3130-upstream,05:00.0,0,4,0x4,01 00 10 00
1791357900577,TX,CfgWr,x3130-upstream,05:00.0,0,4,0x4,03 00 10 00
1791357900577,RX,CfgRd,x3130-upstream,05:00.0,0,4,0x24,01 00 01 00
1791357900577,TX,CfgWr,x3130-upstream,05:00.0,0,4,0x24,20 00 01 00
1791357900577,TX,CfgWr,x3130-upstream,05:00.0,0,4,0x28,80 00 00 00
1791357900577,RX,CfgRd,x3130-upstream,05:00.0,0,4,0x4,03 00 10 00
1791357900577,TX,CfgWr,x3130-upstream,05:00.0,0,4,0x4,07 00 10 00
1791357900577,RX,CfgRd,xio3130-downstream,06:00.0,0,4,0x0,4c 10 33 82
1791357900577,RX,CfgRd,xio3130-downstream,06:00.0,0,4,0x8,01 00 04 06
1791357900577,RX,CfgRd,xio3130-downstream,06:00.0,0,4,0xc,00 00 81 00
1791357900577,RX,CfgRd,xio3130-downstream,06:00.0,0,4,0x18,00 00 00 00
1791357900577,RX,CfgRd,xio3130-downstream,06:00.0,0,4,0x10,00 00 00 00
1791357900577,TX,CfgWr,xio3130-downstream,06:00.0,0,4,0x10,ff ff ff ff
1791357900577,TX,CfgWr,xio3130-downstream,06:00.0,0,4,0x10,00 00 00 00
1791357900577,RX,CfgRd,xio3130-downstream,06:00.0,0,4,0x14,00 00 00 00
1791357900577,TX,CfgWr,xio3130-downstream,06:00.0,0,4,0x14,ff ff ff ff
1791357900577,TX,CfgWr,xio3130-downstream,06:00.0,0,4,0x14,00 00 00 00
1791357900577,TX,CfgWr,xio3130-downstream,06:00.0,0,4,0x18,06 07 ff 00
1791357900577,RX,CfgRd,xio3130-downstream,06:00.0,0,4,0x1c,00 00 00 00
1791357900577,RX,CfgRd,xio3130-downstream,06:00.0,0,4,0x30,00 00 00 00
1791357900577,TX,CfgWr,xio3130-downstream,06:00.0,0,4,0x1c,00 00 00 00
1791357900577,TX,CfgWr,xio3130-downstream,06:00.0,0,4,0x30,00 00 00 00
1791357900577,RX,CfgRd,xio3130-downstream,06:00.0,0,4,0x4,00 00 10 00
1791357900577,TX,CfgWr,xio3130-downstream,06:00.0,0,4,0x4,01 00 10 00
1791357900577,RX,CfgRd,xio3130-downstream,06:00.0,0,4,0x20,00 00 00 00
1791357900577,TX,CfgWr,xio3130-downstream,06:00.0,0,4,0x20,20 10 00 00
1791357900577,RX,CfgRd,xio3130-downstream,06:00.0,0,4,0x4,01 00 10 00
1791357900577,TX,CfgWr,xio3130-downstream,06:00.0,0,4,0x4,03 00 10 00
1791357900577,RX,CfgRd,xio3130-downstream,06:00.0,0,4,0x24,01 00 01 00
1791357900577,TX,CfgWr,xio3130-downstream,06:00.0,0,4,0x24,20 00 01 00
1791357900577,TX,CfgWr,xio3130-downstream,06:00.0,0,4,0x28,80 00 00 00
1791357900577,RX,CfgRd,xio3130-downstream,06:00.0,0,4,0x4,03 00 10 00
1791357900577,TX,CfgWr,xio3130-downstream,06:00.0,0,4,0x4,07 00 10 00
1791357900577,RX,CfgRd,nvme,07:00.0,0,4,0x0,36 1b 10 00
1791357900577,RX,CfgRd,nvme,07:00.0,0,4,0x8,02 02 08 01
1791357900577,RX,CfgRd,nvme,07:00.0,0,4,0xc,00 00 00 00
1791357900577,RX,CfgRd,nvme,07:00.0,0,4,0x10,04 00 00 00
1791357900577,RX,CfgRd,nvme,07:00.0,0,4,0x14,00 00 00 00
1791357900577,TX,CfgWr,nvme,07:00.0,0,4,0x10,ff ff ff ff
1791357900577,RX,CfgRd,nvme,07:00.0,0,4,0x10,04 c0 ff ff
1791357900577,TX,CfgWr,nvme,07:00.0,0,4,0x10,04 00 00 00
1791357900577,TX,CfgWr,nvme,07:00.0,0,4,0x14,ff ff ff ff
1791357900577,RX,CfgRd,nvme,07:00.0,0,4,0x14,ff ff ff ff
1791357900577,TX,CfgWr,nvme,07:00.0,0,4,0x14,00 00 00 00
1791357900577,TX,CfgWr,nvme,07:00.0,0,4,0x10,00 00 20 00
1791357900577,TX,CfgWr,nvme,07:00.0,0,4,0x14,80 00 00 00
1791357900577,RX,CfgRd,nvme,07:00.0,0,4,0x18,00 00 00 00
1791357900577,TX,CfgWr,nvme,07:00.0,0,4,0x18,ff ff ff ff
1791357900577,TX,CfgWr,nvme,07:00.0,0,4,0x18,00 00 00 00
1791357900577,RX,CfgRd,nvme,07:00.0,0,4,0x1c,00 00 00 00
1791357900577,TX,CfgWr,nvme,07:00.0,0,4,0x1c,ff ff ff ff
1791357900577,TX,CfgWr,nvme,07:00.0,0,4,0x1c,00 00 00 00
1791357900577,RX,CfgRd,nvme,07:00.0,0,4,0x20,00 00 00 00
1791357900577,TX,CfgWr,nvme,07:00.0,0,4,0x20,ff ff ff ff
1791357900577,TX,CfgWr,nvme,07:00.0,0,4,0x20,00 00 00 00
1791357900577,RX,CfgRd,nvme,07:00.0,0,4,0x24,00 00 00 00
1791357900577,TX,CfgWr,nvme,07:00.0,0,4,0x24,ff ff ff ff
1791357900577,TX,CfgWr,nvme,07:00.0,0,4,0x24,00 00 00 00
1791357900577,RX,CfgRd,xio3130-downstream,06:00.0,0,4,0x18,06 07 ff 00
1791357900577,TX,CfgWr,xio3130-downstream,06:00.0,0,4,0x18,06 07 07 00
1791357900577,RX,CfgRd,xio3130-downstream,06:00.0,0,4,0x20,20 10 00 00
1791357900577,TX,CfgWr,xio3130-downstream,06:00.0,0,4,0x20,20 10 1f 10
1791357900577,RX,CfgRd,xio3130-downstream,06:00.0,0,4,0x24,21 00 01 00
1791357900577,TX,CfgWr,xio3130-downstream,06:00.0,0,4,0x24,21 00 2f 00
1791357900577,TX,CfgWr,xio3130-downstream,06:00.0,0,4,0x2c,80 00 00 00
1791357900577,RX,CfgRd,xio3130-downstream,06:00.1,0,4,0x0,4c 10 33 82
1791357900577,RX,CfgRd,xio3130-downstream,06:00.1,0,4,0x8,01 00 04 06
1791357900577,RX,CfgRd,xio3130-downstream,06:00.1,0,4,0xc,00 00 01 00
1791357900577,RX,CfgRd,xio3130-downstream,06:00.1,0,4,0x18,00 00 00 00
1791357900577,RX,CfgRd,xio3130-downstream,06:00.1,0,4,0x10,00 00 00 00
1791357900577,TX,CfgWr,xio3130-downstream,06:00.1,0,4,0x10,ff ff ff ff
1791357900577,TX,CfgWr,xio3130-downstream,06:00.1,0,4,0x10,00 00 00 00
1791357900577,RX,CfgRd,xio3130-downstream,06:00.1,0,4,0x14,00 00 00 00
1791357900577,TX,CfgWr,xio3130-downstream,06:00.1,0,4,0x14,ff ff ff ff
1791357900577,TX,CfgWr,xio3130-downstream,06:00.1,0,4,0x14,00 00 00 00
1791357900577,TX,CfgWr,xio3130-downstream,06:00.1,0,4,0x18,06 08 ff 00
1791357900577,RX,CfgRd,xio3130-downstream,06:00.1,0,4,0x1c,00 00 00 00
1791357900577,RX,CfgRd,xio3130-downstream,06:00.1,0,4,0x30,00 00 00 00
1791357900577,TX,CfgWr,xio3130-downstream,06:00.1,0,4,0x1c,00 00 00 00
1791357900577,TX,CfgWr,xio3130-downstream,06:00.1,0,4,0x30,00 00 00 00
1791357900577,RX,CfgRd,xio3130-downstream,06:00.1,0,4,0x4,00 00 10 00
1791357900577,TX,CfgWr,xio3130-downstream,06:00.1,0,4,0x4,01 00 10 00
1791357900578,RX,CfgRd,xio3130-downstream,06:00.1,0,4,0x20,00 00 00 00
1791357900578,TX,CfgWr,xio3130-downstream,06:00.1,0,4,0x20,20 10 00 00
1791357900578,RX,CfgRd,xio3130-downstream,06:00.1,0,4,0x4,01 00 10 00
1791357900578,TX,CfgWr,xio3130-downstream,06:00.1,0,4,0x4,03 00 10 00
1791357900578,RX,CfgRd,xio3130-downstream,06:00.1,0,4,0x24,01 00 01 00
1791357900578,TX,CfgWr,xio3130-downstream,06:00.1,0,4,0x24,30 00 01 00
1791357900578,TX,CfgWr,xio3130-downstream,06:00.1,0,4,0x28,80 00 00 00
1791357900578,RX,CfgRd,xio3130-downstream,06:00.1,0,4,0x4,03 00 10 00
1791357900578,TX,CfgWr,xio3130-downstream,06:00.1,0,4,0x4,07 00 10 00
1791357900578,RX,CfgRd,nvme,08:00.0,0,4,0x0,36 1b 10 00
1791357900578,RX,CfgRd,nvme,08:00.0,0,4,0x8,02 02 08 01
1791357900578,RX,CfgRd,nvme,08:00.0,0,4,0xc,00 00 00 00
1791357900578,RX,CfgRd,nvme,08:00.0,0,4,0x10,04 00 00 00
1791357900578,RX,CfgRd,nvme,08:00.0,0,4,0x14,00 00 00 00
1791357900578,TX,CfgWr,nvme,08:00.0,0,4,0x10,ff ff ff ff
1791357900578,RX,CfgRd,nvme,08:00.0,0,4,0x10,04 c0 ff ff
1791357900578,TX,CfgWr,nvme,08:00.0,0,4,0x10,04 00 00 00
1791357900578,TX,CfgWr,nvme,08:00.0,0,4,0x14,ff ff ff ff
1791357900578,RX,CfgRd,nvme,08:00.0,0,4,0x14,ff ff ff ff
1791357900578,TX,CfgWr,nvme,08:00.0,0,4,0x14,00 00 00 00
1791357900578,TX,CfgWr,nvme,08:00.0,0,4,0x10,00 00 30 00
1791357900578,TX,CfgWr,nvme,08:00.0,0,4,0x14,80 00 00 00
1791357900578,RX,CfgRd,nvme,08:00.0,0,4,0x18,00 00 00 00
1791357900578,TX,CfgWr,nvme,08:00.0,0,4,0x18,ff ff ff ff
1791357900578,TX,CfgWr,nvme,08:00.0,0,4,0x18,00 00 00 00
1791357900578,RX,CfgRd,nvme,08:00.0,0,4,0x1c,00 00 00 00
1791357900578,TX,CfgWr,nvme,08:00.0,0,4,0x1c,ff ff ff ff
1791357900578,TX,CfgWr,nvme,08:00.0,0,4,0x1c,00 00 00 00
1791357900578,RX,CfgRd,nvme,08:00.0,0,4,0x20,00 00 00 00
1791357900578,TX,CfgWr,nvme,08:00.0,0,4,0x20,ff ff ff ff
1791357900578,TX,CfgWr,nvme,08:00.0,0,4,0x20,00 00 00 00
1791357900578,RX,CfgRd,nvme,08:00.0,0,4,0x24,00 00 00 00
1791357900578,TX,CfgWr,nvme,08:00.0,0,4,0x24,ff ff ff ff
1791357900578,TX,CfgWr,nvme,08:00.0,0,4,0x24,00 00 00 00
1791357900578,RX,CfgRd,xio3130-downstream,06:00.1,0,4,0x18,06 08 ff 00
1791357900578,TX,CfgWr,xio3130-downstream,06:00.1,0,4,0x18,06 08 08 00
1791357900578,RX,CfgRd,xio3130-downstream,06:00.1,0,4,0x20,20 10 00 00
1791357900578,TX,CfgWr,xio3130-downstream,06:00.1,0,4,0x20,20 10 1f 10
1791357900578,RX,CfgRd,xio3130-downstream,06:00.1,0,4,0x24,31 00 01 00
1791357900578,TX,CfgWr,xio3130-downstream,06:00.1,0,4,0x24,31 00 3f 00
1791357900578,TX,CfgWr,xio3130-downstream,06:00.1,0,4,0x2c,80 00 00 00
1791357900578,RX,CfgRd,x3130-upstream,05:00.0,0,4,0x18,05 06 ff 00
1791357900578,TX,CfgWr,x3130-upstream,05:00.0,0,4,0x18,05 06 08 00
1791357900578,RX,CfgRd,x3130-upstream,05:00.0,0,4,0x20,20 10 00 00
1791357900578,TX,CfgWr,x3130-upstream,05:00.0,0,4,0x20,20 10 1f 10
1791357900578,RX,CfgRd,x3130-upstream,05:00.0,0,4,0x24,21 00 01 00
1791357900578,TX,CfgWr,x3130-upstream,05:00.0,0,4,0x24,21 00 3f 00
1791357900578,TX,CfgWr,x3130-upstream,05:00.0,0,4,0x2c,80 00 00 00
1791357900578,RX,CfgRd,pcie-root-port,00:01.1,0,4,0x18,00 05 ff 00
1791357900578,TX,CfgWr,pcie-root-port,00:01.1,0,4,0x18,00 05 08 00
1791357900578,RX,CfgRd,pcie-root-port,00:01.1,0,4,0x20,20 10 00 00
1791357900578,TX,CfgWr,pcie-root-port,00:01.1,0,4,0x20,20 10 1f 10
1791357900578,RX,CfgRd,pcie-root-port,00:01.1,0,4,0x24,21 00 01 00
1791357900578,TX,CfgWr,pcie-root-port,00:01.1,0,4,0x24,21 00 3f 00
1791357900578,TX,CfgWr,pcie-root-port,00:01.1,0,4,0x2c,80 00 00 00
1791357900578,RX,CfgRd,pcie-root-port,00:01.2,0,4,0x0,36 1b 0c 00
1791357900578,RX,CfgRd,pcie-root-port,00:01.2,0,4,0x8,00 00 04 06
1791357900578,RX,CfgRd,pcie-root-port,00:01.2,0,4,0xc,00 00 01 00
1791357900578,RX,CfgRd,pcie-root-port,00:01.2,0,4,0x18,00 00 00 00
1791357900578,RX,CfgRd,pcie-root-port,00:01.2,0,4,0x10,00 00 00 00
1791357900578,TX,CfgWr,pcie-root-port,00:01.2,0,4,0x10,ff ff ff ff
1791357900578,RX,CfgRd,pcie-root-port,00:01.2,0,4,0x10,00 f0 ff ff
1791357900578,TX,CfgWr,pcie-root-port,00:01.2,0,4,0x10,00 00 00 00
1791357900578,TX,CfgWr,pcie-root-port,00:01.2,0,4,0x10,00 00 20 10
1791357900578,RX,CfgRd,pcie-root-port,00:01.2,0,4,0x14,00 00 00 00
1791357900578,TX,CfgWr,pcie-root-port,00:01.2,0,4,0x14,ff ff ff ff
1791357900578,TX,CfgWr,pcie-root-port,00:01.2,0,4,0x14,00 00 00 00
1791357900578,TX,CfgWr,pcie-root-port,00:01.2,0,4,0x18,00 09 ff 00
1791357900578,RX,CfgRd,pcie-root-port,00:01.2,0,4,0x1c,f0 00 00 00
1791357900578,RX,CfgRd,pcie-root-port,00:01.2,0,4,0x30,00 00 00 00
1791357900578,TX,CfgWr,pcie-root-port,00:01.2,0,4,0x1c,f0 00 00 00
1791357900578,TX,CfgWr,pcie-root-port,00:01.2,0,4,0x30,00 00 00 00
1791357900578,RX,CfgRd,pcie-root-port,00:01.2,0,4,0x4,00 00 10 00
1791357900578,TX,CfgWr,pcie-root-port,00:01.2,0,4,0x4,01 00 10 00
1791357900578,RX,CfgRd,pcie-root-port,00:01.2,0,4,0x20,f0 ff 00 00
1791357900578,TX,CfgWr,pcie-root-port,00:01.2,0,4,0x20,30 10 00 00
1791357900578,RX,CfgRd,pcie-root-port,00:01.2,0,4,0x4,01 00 10 00
1791357900578,TX,CfgWr,pcie-root-port,00:01.2,0,4,0x4,03 00 10 00
1791357900578,RX,CfgRd,pcie-root-port,00:01.2,0,4,0x24,f1 ff 01 00
1791357900578,TX,CfgWr,pcie-root-port,00:01.2,0,4,0x24,40 00 01 00
1791357900578,TX,CfgWr,pcie-root-port,00:01.2,0,4,0x28,80 00 00 00
1791357900578,RX,CfgRd,pcie-root-port,00:01.2,0,4,0x4,03 00 10 00
1791357900578,TX,CfgWr,pcie-root-port,00:01.2,0,4,0x4,07 00 10 00
1791357900578,RX,CfgRd,x3130-upstream,09:00.0,0,4,0x0,4c 10 32 82
1791357900578,RX,CfgRd,x3130-upstream,09:00.0,0,4,0x8,02 00 04 06
1791357900578,RX,CfgRd,x3130-upstream,09:00.0,0,4,0xc,00 00 01 00
1791357900578,RX,CfgRd,x3130-upstream,09:00.0,0,4,0x18,00 00 00 00
1791357900578,RX,CfgRd,x3130-upstream,09:00.0,0,4,0x10,00 00 00 00
1791357900578,TX,CfgWr,x3130-upstream,09:00.0,0,4,0x10,ff ff ff ff
1791357900578,TX,CfgWr,x3130-upstream,09:00.0,0,4,0x10,00 00 00 00
1791357900578,RX,CfgRd,x3130-upstream,09:00.0,0,4,0x14,00 00 00 00
1791357900578,TX,CfgWr,x3130-upstream,09:00.0,0,4,0x14,ff ff ff ff
1791357900578,TX,CfgWr,x3130-upstream,09:00.0,0,4,0x14,00 00 00 00
1791357900578,TX,CfgWr,x3130-upstream,09:00.0,0,4,0x18,09 0a ff 00
1791357900578,RX,CfgRd,x3130-upstream,09:00.0,0,4,0x1c,00 00 00 00
1791357900578,RX,CfgRd,x3130-upstream,09:00.0,0,4,0x30,00 00 00 00
1791357900578,TX,CfgWr,x3130-upstream,09:00.0,0,4,0x1c,00 00 00 00
1791357900578,TX,CfgWr,x3130-upstream,09:00.0,0,4,0x30,00 00 00 00
1791357900578,RX,CfgRd,x3130-upstream,09:00.0,0,4,0x4,00 00 10 00
1791357900578,TX,CfgWr,x3130-upstream,09:00.0,0,4,0x4,01 00 10 00
1791357900578,RX,CfgRd,x3130-upstream,09:00.0,0,4,0x20,00 00 00 00
1791357900578,TX,CfgWr,x3130-upstream,09:00.0,0,4,0x20,30 10 00 00
1791357900578,RX,CfgRd,x3130-upstream,09:00.0,0,4,0x4,01 00 10 00
1791357900578,TX,CfgWr,x3130-upstream,09:00.0,0,4,0x4,03 00 10 00
1791357900578,RX,CfgRd,x3130-upstream,09:00.0,0,4,0x24,01 00 01 00
1791357900578,TX,CfgWr,x3130-upstream,09:00.0,0,4,0x24,40 00 01 00
1791357900578,TX,CfgWr,x3130-upstream,09:00.0,0,4,0x28,80 00 00 00
1791357900578,RX,CfgRd,x3130-upstream,09:00.0,0,4,0x4,03 00 10 00
1791357900578,TX,CfgWr,x3130-upstream,09:00.0,0,4,0x4,07 00 10 00
1791357900578,RX,CfgRd,xio3130-downstream,0a:00.0,0,4,0x0,4c 10 33 82
1791357900578,RX,CfgRd,xio3130-downstream,0a:00.0,0,4,0x8,01 00 04 06
1791357900578,RX,CfgRd,xio3130-downstream,0a:00.0,0,4,0xc,00 00 81 00
1791357900578,RX,CfgRd,xio3130-downstream,0a:00.0,0,4,0x18,00 00 00 00
1791357900578,RX,CfgRd,xio3130-downstream,0a:00.0,0,4,0x10,00 00 00 00
1791357900578,TX,CfgWr,xio3130-downstream,0a:00.0,0,4,0x10,ff ff ff ff
1791357900578,TX,CfgWr,xio3130-downstream,0a:00.0,0,4,0x10,00 00 00 00
1791357900578,RX,CfgRd,xio3130-downstream,0a:00.0,0,4,0x14,00 00 00 00
1791357900578,TX,CfgWr,xio3130-downstream,0a:00.0,0,4,0x14,ff ff ff ff
1791357900578,TX,CfgWr,xio3130-downstream,0a:00.0,0,4,0x14,00 00 00 00
1791357900578,TX,CfgWr,xio3130-downstream,0a:00.0,0,4,0x18,0a 0b ff 00
1791357900578,RX,CfgRd,xio3130-downstream,0a:00.0,0,4,0x1c,00 00 00 00
1791357900578,RX,CfgRd,xio3130-downstream,0a:00.0,0,4,0x30,00 00 00 00
1791357900578,TX,CfgWr,xio3130-downstream,0a:00.0,0,4,0x1c,00 00 00 00
1791357900578,TX,CfgWr,xio3130-downstream,0a:00.0,0,4,0x30,00 00 00 00
1791357900578,RX,CfgRd,xio3130-downstream,0a:00.0,0,4,0x4,00 00 10 00
1791357900578,TX,CfgWr,xio3130-downstream,0a:00.0,0,4,0x4,01 00 10 00
1791357900578,RX,CfgRd,xio3130-downstream,0a:00.0,0,4,0x20,00 00 00 00
1791357900578,TX,CfgWr,xio3130-downstream,0a:00.0,0,4,0x20,30 10 00 00
1791357900578,RX,CfgRd,xio3130-downstream,0a:00.0,0,4,0x4,01 00 10 00
1791357900578,TX,CfgWr,xio3130-downstream,0a:00.0,0,4,0x4,03 00 10 00
1791357900578,RX,CfgRd,xio3130-downstream,0a:00.0,0,4,0x24,01 00 01 00
1791357900578,TX,CfgWr,xio3130-downstream,0a:00.0,0,4,0x24,40 00 01 00
1791357900578,TX,CfgWr,xio3130-downstream,0a:00.0,0,4,0x28,80 00 00 00
1791357900578,RX,CfgRd,xio3130-downstream,0a:00.0,0,4,0x4,03 00 10 00
1791357900578,TX,CfgWr,xio3130-downstream,0a:00.0,0,4,0x4,07 00 10 00
1791357900578,RX,CfgRd,nvme,0b:00.0,0,4,0x0,36 1b 10 00
1791357900578,RX,CfgRd,nvme,0b:00.0,0,4,0x8,02 02 08 01
1791357900578,RX,CfgRd,nvme,0b:00.0,0,4,0xc,00 00 00 00
1791357900578,RX,CfgRd,nvme,0b:00.0,0,4,0x10,04 00 00 00
1791357900578,RX,CfgRd,nvme,0b:00.0,0,4,0x14,00 00 00 00
1791357900578,TX,CfgWr,nvme,0b:00.0,0,4,0x10,ff ff ff ff
1791357900578,RX,CfgRd,nvme,0b:00.0,0,4,0x10,04 c0 ff ff
1791357900578,TX,CfgWr,nvme,0b:00.0,0,4,0x10,04 00 00 00
1791357900578,TX,CfgWr,nvme,0b:00.0,0,4,0x14,ff ff ff ff
1791357900578,RX,CfgRd,nvme,0b:00.0,0,4,0x14,ff ff ff ff
1791357900578,TX,CfgWr,nvme,0b:00.0,0,4,0x14,00 00 00 00
1791357900578,TX,CfgWr,nvme,0b:00.0,0,4,0x10,00 00 40 00
1791357900578,TX,CfgWr,nvme,0b:00.0,0,4,0x14,80 00 00 00
1791357900578,RX,CfgRd,nvme,0b:00.0,0,4,0x18,00 00 00 00
1791357900578,TX,CfgWr,nvme,0b:00.0,0,4,0x18,ff ff ff ff
1791357900578,TX,CfgWr,nvme,0b:00.0,0,4,0x18,00 00 00 00
1791357900578,RX,CfgRd,nvme,0b:00.0,0,4,0x1c,00 00 00 00
1791357900578,TX,CfgWr,nvme,0b:00.0,0,4,0x1c,ff ff ff ff
1791357900578,TX,CfgWr,nvme,0b:00.0,0,4,0x1c,00 00 00 00
1791357900578,RX,CfgRd,nvme,0b:00.0,0,4,0x20,00 00 00 00
1791357900578,TX,CfgWr,nvme,0b:00.0,0,4,0x20,ff ff ff ff
1791357900578,TX,CfgWr,nvme,0b:00.0,0,4,0x20,00 00 00 00
1791357900578,RX,CfgRd,nvme,0b:00.0,0,4,0x24,00 00 00 00
1791357900578,TX,CfgWr,nvme,0b:00.0,0,4,0x24,ff ff ff ff
1791357900578,TX,CfgWr,nvme,0b:00.0,0,4,0x24,00 00 00 00
1791357900578,RX,CfgRd,xio3130-downstream,0a:00.0,0,4,0x18,0a 0b ff 00
1791357900578,TX,CfgWr,xio3130-downstream,0a:00.0,0,4,0x18,0a 0b 0b 00
1791357900578,RX,CfgRd,xio3130-downstream,0a:00.0,0,4,0x20,30 10 00 00
1791357900578,TX,CfgWr,xio3130-downstream,0a:00.0,0,4,0x20,30 10 2f 10
1791357900578,RX,CfgRd,xio3130-downstream,0a:00.0,0,4,0x24,41 00 01 00
1791357900578,TX,CfgWr,xio3130-downstream,0a:00.0,0,4,0x24,41 00 4f 00
1791357900578,TX,CfgWr,xio3130-downstream,0a:00.0,0,4,0x2c,80 00 00 00
1791357900578,RX,CfgRd,xio3130-downstream,0a:00.1,0,4,0x0,4c 10 33 82
1791357900578,RX,CfgRd,xio3130-downstream,0a:00.1,0,4,0x8,01 00 04 06
1791357900578,RX,CfgRd,xio3130-downstream,0a:00.1,0,4,0xc,00 00 01 00
1791357900578,RX,CfgRd,xio3130-downstream,0a:00.1,0,4,0x18,00 00 00 00
1791357900578,RX,CfgRd,xio3130-downstream,0a:00.1,0,4,0x10,00 00 00 00
1791357900578,TX,CfgWr,xio3130-downstream,0a:00.1,0,4,0x10,ff ff ff ff
1791357900578,TX,CfgWr,xio3130-downstream,0a:00.1,0,4,0x10,00 00 00 00
1791357900578,RX,CfgRd,xio3130-downstream,0a:00.1,0,4,0x14,00 00 00 00
1791357900578,TX,CfgWr,xio3130-downstream,0a:00.1,0,4,0x14,ff ff ff ff
1791357900578,TX,CfgWr,xio3130-downstream,0a:00.1,0,4,0x14,00 00 00 00
1791357900578,TX,CfgWr,xio3130-downstream,0a:00.1,0,4,0x18,0a 0c ff 00
1791357900578,RX,CfgRd,xio3130-downstream,0a:00.1,0,4,0x1c,00 00 00 00
1791357900578,RX,CfgRd,xio3130-downstream,0a:00.1,0,4,0x30,00 00 00 00
1791357900578,TX,CfgWr,xio3130-downstream,0a:00.1,0,4,0x1c,00 00 00 00
1791357900578,TX,CfgWr,xio3130-downstream,0a:00.1,0,4,0x30,00 00 00 00
1791357900578,RX,CfgRd,xio3130-downstream,0a:00.1,0,4,0x4,00 00 10 00
1791357900578,TX,CfgWr,xio3130-downstream,0a:00.1,0,4,0x4,01 00 10 00
1791357900578,RX,CfgRd,xio3130-downstream,0a:00.1,0,4,0x20,00 00 00 00
1791357900578,TX,CfgWr,xio3130-downstream,0a:00.1,0,4,0x20,30 10 00 00
1791357900578,RX,CfgRd,xio3130-downstream,0a:00.1,0,4,0x4,01 00 10 00
1791357900578,TX,CfgWr,xio3130-downstream,0a:00.1,0,4,0x4,03 00 10 00
1791357900578,RX,CfgRd,xio3130-downstream,0a:00.1,0,4,0x24,01 00 01 00
1791357900578,TX,CfgWr,xio3130-downstream,0a:00.1,0,4,0x24,50 00 01 00
1791357900578,TX,CfgWr,xio3130-downstream,0a:00.1,0,4,0x28,80 00 00 00
1791357900578,RX,CfgRd,xio3130-downstream,0a:00.1,0,4,0x4,03 00 10 00
1791357900578,TX,CfgWr,xio3130-downstream,0a:00.1,0,4,0x4,07 00 10 00
1791357900578,RX,CfgRd,nvme,0c:00.0,0,4,0x0,36 1b 10 00
1791357900578,RX,CfgRd,nvme,0c:00.0,0,4,0x8,02 02 08 01
1791357900578,RX,CfgRd,nvme,0c:00.0,0,4,0xc,00 00 00 00
1791357900578,RX,CfgRd,nvme,0c:00.0,0,4,0x10,04 00 00 00
1791357900578,RX,CfgRd,nvme,0c:00.0,0,4,0x14,00 00 00 00
1791357900578,TX,CfgWr,nvme,0c:00.0,0,4,0x10,ff ff ff ff
1791357900578,RX,CfgRd,nvme,0c:00.0,0,4,0x10,04 c0 ff ff
1791357900578,TX,CfgWr,nvme,0c:00.0,0,4,0x10,04 00 00 00
1791357900578,TX,CfgWr,nvme,0c:00.0,0,4,0x14,ff ff ff ff
1791357900578,RX,CfgRd,nvme,0c:00.0,0,4,0x14,ff ff ff ff
1791357900578,TX,CfgWr,nvme,0c:00.0,0,4,0x14,00 00 00 00
1791357900578,TX,CfgWr,nvme,0c:00.0,0,4,0x10,00 00 50 00
1791357900578,TX,CfgWr,nvme,0c:00.0,0,4,0x14,80 00 00 00
1791357900578,RX,CfgRd,nvme,0c:00.0,0,4,0x18,00 00 00 00
1791357900578,TX,CfgWr,nvme,0c:00.0,0,4,0x18,ff ff ff ff
1791357900578,TX,CfgWr,nvme,0c:00.0,0,4,0x18,00 00 00 00
1791357900578,RX,CfgRd,nvme,0c:00.0,0,4,0x1c,00 00 00 00
1791357900578,TX,CfgWr,nvme,0c:00.0,0,4,0x1c,ff ff ff ff
1791357900578,TX,CfgWr,nvme,0c:00.0,0,4,0x1c,00 00 00 00
1791357900578,RX,CfgRd,nvme,0c:00.0,0,4,0x20,00 00 00 00
1791357900578,TX,CfgWr,nvme,0c:00.0,0,4,0x20,ff ff ff ff
1791357900578,TX,CfgWr,nvme,0c:00.0,0,4,0x20,00 00 00 00
1791357900578,RX,CfgRd,nvme,0c:00.0,0,4,0x24,00 00 00 00
1791357900578,TX,CfgWr,nvme,0c:00.0,0,4,0x24,ff ff ff ff
1791357900578,TX,CfgWr,nvme,0c:00.0,0,4,0x24,00 00 00 00
1791357900578,RX,CfgRd,xio3130-downstream,0a:00.1,0,4,0x18,0a 0c ff 00
1791357900578,TX,CfgWr,xio3130-downstream,0a:00.1,0,4,0x18,0a 0c 0c 00
1791357900578,RX,CfgRd,xio3130-downstream,0a:00.1,0,4,0x20,30 10 00 00
1791357900578,TX,CfgWr,xio3130-downstream,0a:00.1,0,4,0x20,30 10 2f 10
1791357900578,RX,CfgRd,xio3130-downstream,0a:00.1,0,4,0x24,51 00 01 00
1791357900578,TX,CfgWr,xio3130-downstream,0a:00.1,0,4,0x24,51 00 5f 00
1791357900578,TX,CfgWr,xio3130-downstream,0a:00.1,0,4,0x2c,80 00 00 00
1791357900578,RX,CfgRd,x3130-upstream,09:00.0,0,4,0x18,09 0a ff 00
1791357900578,TX,CfgWr,x3130-upstream,09:00.0,0,4,0x18,09 0a 0c 00
1791357900578,RX,CfgRd,x3130-upstream,09:00.0,0,4,0x20,30 10 00 00
1791357900578,TX,CfgWr,x3130-upstream,09:00.0,0,4,0x20,30 10 2f 10
1791357900578,RX,CfgRd,x3130-upstream,09:00.0,0,4,0x24,41 00 01 00
1791357900578,TX,CfgWr,x3130-upstream,09:00.0,0,4,0x24,41 00 5f 00
1791357900578,TX,CfgWr,x3130-upstream,09:00.0,0,4,0x2c,80 00 00 00
1791357900578,RX,CfgRd,pcie-root-port,00:01.2,0,4,0x18,00 09 ff 00
1791357900578,TX,CfgWr,pcie-root-port,00:01.2,0,4,0x18,00 09 0c 00
1791357900578,RX,CfgRd,pcie-root-port,00:01.2,0,4,0x20,30 10 00 00
1791357900578,TX,CfgWr,pcie-root-port,00:01.2,0,4,0x20,30 10 2f 10
1791357900579,RX,CfgRd,pcie-root-port,00:01.2,0,4,0x24,41 00 01 00
1791357900579,TX,CfgWr,pcie-root-port,00:01.2,0,4,0x24,41 00 5f 00
1791357900579,TX,CfgWr,pcie-root-port,00:01.2,0,4,0x2c,80 00 00 00
1791357900579,RX,CfgRd,pcie-root-port,00:01.3,0,4,0x0,36 1b 0c 00
1791357900579,RX,CfgRd,pcie-root-port,00:01.3,0,4,0x8,00 00 04 06
1791357900579,RX,CfgRd,pcie-root-port,00:01.3,0,4,0xc,00 00 01 00
1791357900579,RX,CfgRd,pcie-root-port,00:01.3,0,4,0x18,00 00 00 00
1791357900579,RX,CfgRd,pcie-root-port,00:01.3,0,4,0x10,00 00 00 00
1791357900579,TX,CfgWr,pcie-root-port,00:01.3,0,4,0x10,ff ff ff ff
1791357900579,RX,CfgRd,pcie-root-port,00:01.3,0,4,0x10,00 f0 ff ff
1791357900579,TX,CfgWr,pcie-root-port,00:01.3,0,4,0x10,00 00 00 00
1791357900579,TX,CfgWr,pcie-root-port,00:01.3,0,4,0x10,00 00 30 10
1791357900579,RX,CfgRd,pcie-root-port,00:01.3,0,4,0x14,00 00 00 00
1791357900579,TX,CfgWr,pcie-root-port,00:01.3,0,4,0x14,ff ff ff ff
1791357900579,TX,CfgWr,pcie-root-port,00:01.3,0,4,0x14,00 00 00 00
1791357900579,TX,CfgWr,pcie-root-port,00:01.3,0,4,0x18,00 0d ff 00
1791357900579,RX,CfgRd,pcie-root-port,00:01.3,0,4,0x1c,f0 00 00 00
1791357900579,RX,CfgRd,pcie-root-port,00:01.3,0,4,0x30,00 00 00 00
1791357900579,TX,CfgWr,pcie-root-port,00:01.3,0,4,0x1c,f0 00 00 00
1791357900579,TX,CfgWr,pcie-root-port,00:01.3,0,4,0x30,00 00 00 00
1791357900579,RX,CfgRd,pcie-root-port,00:01.3,0,4,0x4,00 00 10 00
1791357900579,TX,CfgWr,pcie-root-port,00:01.3,0,4,0x4,01 00 10 00
1791357900579,RX,CfgRd,pcie-root-port,00:01.3,0,4,0x20,f0 ff 00 00
1791357900579,TX,CfgWr,pcie-root-port,00:01.3,0,4,0x20,40 10 00 00
1791357900579,RX,CfgRd,pcie-root-port,00:01.3,0,4,0x4,01 00 10 00
1791357900579,TX,CfgWr,pcie-root-port,00:01.3,0,4,0x4,03 00 10 00
1791357900579,RX,CfgRd,pcie-root-port,00:01.3,0,4,0x24,f1 ff 01 00
1791357900579,TX,CfgWr,pcie-root-port,00:01.3,0,4,0x24,60 00 01 00
1791357900579,TX,CfgWr,pcie-root-port,00:01.3,0,4,0x28,80 00 00 00
1791357900579,RX,CfgRd,pcie-root-port,00:01.3,0,4,0x4,03 00 10 00
1791357900579,TX,CfgWr,pcie-root-port,00:01.3,0,4,0x4,07 00 10 00
1791357900579,RX,CfgRd,x3130-upstream,0d:00.0,0,4,0x0,4c 10 32 82
1791357900579,RX,CfgRd,x3130-upstream,0d:00.0,0,4,0x8,02 00 04 06
1791357900579,RX,CfgRd,x3130-upstream,0d:00.0,0,4,0xc,00 00 01 00
1791357900579,RX,CfgRd,x3130-upstream,0d:00.0,0,4,0x18,00 00 00 00
1791357900579,RX,CfgRd,x3130-upstream,0d:00.0,0,4,0x10,00 00 00 00
1791357900579,TX,CfgWr,x3130-upstream,0d:00.0,0,4,0x10,ff ff ff ff
1791357900579,TX,CfgWr,x3130-upstream,0d:00.0,0,4,0x10,00 00 00 00
1791357900579,RX,CfgRd,x3130-upstream,0d:00.0,0,4,0x14,00 00 00 00
1791357900579,TX,CfgWr,x3130-upstream,0d:00.0,0,4,0x14,ff ff ff ff
1791357900579,TX,CfgWr,x3130-upstream,0d:00.0,0,4,0x14,00 00 00 00
1791357900579,TX,CfgWr,x3130-upstream,0d:00.0,0,4,0x18,0d 0e ff 00
1791357900579,RX,CfgRd,x3130-upstream,0d:00.0,0,4,0x1c,00 00 00 00
1791357900579,RX,CfgRd,x3130-upstream,0d:00.0,0,4,0x30,00 00 00 00
1791357900579,TX,CfgWr,x3130-upstream,0d:00.0,0,4,0x1c,00 00 00 00
1791357900579,TX,CfgWr,x3130-upstream,0d:00.0,0,4,0x30,00 00 00 00
1791357900579,RX,CfgRd,x3130-upstream,0d:00.0,0,4,0x4,00 00 10 00
1791357900579,TX,CfgWr,x3130-upstream,0d:00.0,0,4,0x4,01 00 10 00
1791357900580,RX,CfgRd,x3130-upstream,0d:00.0,0,4,0x20,00 00 00 00
1791357900580,TX,CfgWr,x3130-upstream,0d:00.0,0,4,0x20,40 10 00 00
1791357900580,RX,CfgRd,x3130-upstream,0d:00.0,0,4,0x4,01 00 10 00
1791357900580,TX,CfgWr,x3130-upstream,0d:00.0,0,4,0x4,03 00 10 00
1791357900580,RX,CfgRd,x3130-upstream,0d:00.0,0,4,0x24,01 00 01 00
1791357900580,TX,CfgWr,x3130-upstream,0d:00.0,0,4,0x24,60 00 01 00
1791357900580,TX,CfgWr,x3130-upstream,0d:00.0,0,4,0x28,80 00 00 00
1791357900580,RX,CfgRd,x3130-upstream,0d:00.0,0,4,0x4,03 00 10 00
1791357900580,TX,CfgWr,x3130-upstream,0d:00.0,0,4,0x4,07 00 10 00
1791357900580,RX,CfgRd,xio3130-downstream,0e:00.0,0,4,0x0,4c 10 33 82
1791357900580,RX,CfgRd,xio3130-downstream,0e:00.0,0,4,0x8,01 00 04 06
1791357900580,RX,CfgRd,xio3130-downstream,0e:00.0,0,4,0xc,00 00 81 00
1791357900580,RX,CfgRd,xio3130-downstream,0e:00.0,0,4,0x18,00 00 00 00
1791357900580,RX,CfgRd,xio3130-downstream,0e:00.0,0,4,0x10,00 00 00 00
1791357900580,TX,CfgWr,xio3130-downstream,0e:00.0,0,4,0x10,ff ff ff ff
1791357900580,TX,CfgWr,xio3130-downstream,0e:00.0,0,4,0x10,00 00 00 00
1791357900580,RX,CfgRd,xio3130-downstream,0e:00.0,0,4,0x14,00 00 00 00
1791357900580,TX,CfgWr,xio3130-downstream,0e:00.0,0,4,0x14,ff ff ff ff
1791357900580,TX,CfgWr,xio3130-downstream,0e:00.0,0,4,0x14,00 00 00 00
1791357900580,TX,CfgWr,xio3130-downstream,0e:00.0,0,4,0x18,0e 0f ff 00
1791357900580,RX,CfgRd,xio3130-downstream,0e:00.0,0,4,0x1c,00 00 00 00
1791357900580,RX,CfgRd,xio3130-downstream,0e:00.0,0,4,0x30,00 00 00 00
1791357900580,TX,CfgWr,xio3130-downstream,0e:00.0,0,4,0x1c,00 00 00 00
1791357900580,TX,CfgWr,xio3130-downstream,0e:00.0,0,4,0x30,00 00 00 00
1791357900580,RX,CfgRd,xio3130-downstream,0e:00.0,0,4,0x4,00 00 10 00
1791357900580,TX,CfgWr,xio3130-downstream,0e:00.0,0,4,0x4,01 00 10 00
1791357900580,RX,CfgRd,xio3130-downstream,0e:00.0,0,4,0x20,00 00 00 00
1791357900580,TX,CfgWr,xio3130-downstream,0e:00.0,0,4,0x20,40 10 00 00
1791357900580,RX,CfgRd,xio3130-downstream,0e:00.0,0,4,0x4,01 00 10 00
1791357900580,TX,CfgWr,xio3130-downstream,0e:00.0,0,4,0x4,03 00 10 00
1791357900580,RX,CfgRd,xio3130-downstream,0e:00.0,0,4,0x24,01 00 01 00
1791357900580,TX,CfgWr,xio3130-downstream,0e:00.0,0,4,0x24,60 00 01 00
1791357900580,TX,CfgWr,xio3130-downstream,0e:00.0,0,4,0x28,80 00 00 00
1791357900580,RX,CfgRd,xio3130-downstream,0e:00.0,0,4,0x4,03 00 10 00
1791357900580,TX,CfgWr,xio3130-downstream,0e:00.0,0,4,0x4,07 00 10 00
1791357900580,RX,CfgRd,e1000e,0f:00.0,0,4,0x0,86 80 d3 10
1791357900580,RX,CfgRd,e1000e,0f:00.0,0,4,0x8,00 00 00 02
1791357900580,RX,CfgRd,e1000e,0f:00.0,0,4,0xc,00 00 00 00
1791357900580,RX,CfgRd,e1000e,0f:00.0,0,4,0x10,00 00 00 00
1791357900580,TX,CfgWr,e1000e,0f:00.0,0,4,0x10,ff ff ff ff
1791357900580,RX,CfgRd,e1000e,0f:00.0,0,4,0x10,00 00 fe ff
1791357900580,TX,CfgWr,e1000e,0f:00.0,0,4,0x10,00 00 00 00
1791357900580,TX,CfgWr,e1000e,0f:00.0,0,4,0x10,00 00 40 10
1791357900580,RX,CfgRd,e1000e,0f:00.0,0,4,0x14,00 00 00 00
1791357900580,TX,CfgWr,e1000e,0f:00.0,0,4,0x14,ff ff ff ff
1791357900580,RX,CfgRd,e1000e,0f:00.0,0,4,0x14,00 00 fe ff
1791357900580,TX,CfgWr,e1000e,0f:00.0,0,4,0x14,00 00 00 00
1791357900580,TX,CfgWr,e1000e,0f:00.0,0,4,0x14,00 00 42 10
1791357900580,RX,CfgRd,e1000e,0f:00.0,0,4,0x18,01 00 00 00
1791357900580,TX,CfgWr,e1000e,0f:00.0,0,4,0x18,ff ff ff ff
1791357900580,RX,CfgRd,e1000e,0f:00.0,0,4,0x18,e1 ff ff ff
1791357900580,TX,CfgWr,e1000e,0f:00.0,0,4,0x18,01 00 00 00
1791357900581,TX,CfgWr,e1000e,0f:00.0,0,4,0x18,00 10 00 00
1791357900581,RX,CfgRd,e1000e,0f:00.0,0,4,0x1c,00 00 00 00
1791357900581,TX,CfgWr,e1000e,0f:00.0,0,4,0x1c,ff ff ff ff
1791357900581,RX,CfgRd,e1000e,0f:00.0,0,4,0x1c,00 c0 ff ff
1791357900581,TX,CfgWr,e1000e,0f:00.0,0,4,0x1c,00 00 00 00
1791357900581,TX,CfgWr,e1000e,0f:00.0,0,4,0x1c,00 00 44 10
1791357900581,RX,CfgRd,e1000e,0f:00.0,0,4,0x20,00 00 00 00
1791357900581,TX,CfgWr,e1000e,0f:00.0,0,4,0x20,ff ff ff ff
1791357900581,TX,CfgWr,e1000e,0f:00.0,0,4,0x20,00 00 00 00
1791357900581,RX,CfgRd,e1000e,0f:00.0,0,4,0x24,00 00 00 00
1791357900581,TX,CfgWr,e1000e,0f:00.0,0,4,0x24,ff ff ff ff
1791357900581,TX,CfgWr,e1000e,0f:00.0,0,4,0x24,00 00 00 00
1791357900581,RX,CfgRd,xio3130-downstream,0e:00.0,0,4,0x18,0e 0f ff 00
1791357900581,TX,CfgWr,xio3130-downstream,0e:00.0,0,4,0x18,0e 0f 0f 00
1791357900581,RX,CfgRd,xio3130-downstream,0e:00.0,0,4,0x20,40 10 00 00
1791357900581,TX,CfgWr,xio3130-downstream,0e:00.0,0,4,0x20,40 10 4f 10
1791357900581,RX,CfgRd,xio3130-downstream,0e:00.0,0,4,0x24,61 00 01 00
1791357900581,TX,CfgWr,xio3130-downstream,0e:00.0,0,4,0x24,61 00 5f 00
1791357900581,TX,CfgWr,xio3130-downstream,0e:00.0,0,4,0x2c,80 00 00 00
1791357900581,RX,CfgRd,xio3130-downstream,0e:00.1,0,4,0x0,4c 10 33 82
1791357900581,RX,CfgRd,xio3130-downstream,0e:00.1,0,4,0x8,01 00 04 06
1791357900581,RX,CfgRd,xio3130-downstream,0e:00.1,0,4,0xc,00 00 01 00
1791357900581,RX,CfgRd,xio3130-downstream,0e:00.1,0,4,0x18,00 00 00 00
1791357900581,RX,CfgRd,xio3130-downstream,0e:00.1,0,4,0x10,00 00 00 00
1791357900581,TX,CfgWr,xio3130-downstream,0e:00.1,0,4,0x10,ff ff ff ff
1791357900581,TX,CfgWr,xio3130-downstream,0e:00.1,0,4,0x10,00 00 00 00
1791357900581,RX,CfgRd,xio3130-downstream,0e:00.1,0,4,0x14,00 00 00 00
1791357900581,TX,CfgWr,xio3130-downstream,0e:00.1,0,4,0x14,ff ff ff ff
1791357900581,TX,CfgWr,xio3130-downstream,0e:00.1,0,4,0x14,00 00 00 00
1791357900581,TX,CfgWr,xio3130-downstream,0e:00.1,0,4,0x18,0e 10 ff 00
1791357900581,RX,CfgRd,xio3130-downstream,0e:00.1,0,4,0x1c,00 00 00 00
1791357900581,RX,CfgRd,xio3130-downstream,0e:00.1,0,4,0x30,00 00 00 00
1791357900581,TX,CfgWr,xio3130-downstream,0e:00.1,0,4,0x1c,00 00 00 00
1791357900581,TX,CfgWr,xio3130-downstream,0e:00.1,0,4,0x30,00 00 00 00
1791357900581,RX,CfgRd,xio3130-downstream,0e:00.1,0,4,0x4,00 00 10 00
1791357900581,TX,CfgWr,xio3130-downstream,0e:00.1,0,4,0x4,01 00 10 00
1791357900581,RX,CfgRd,xio3130-downstream,0e:00.1,0,4,0x20,00 00 00 00
1791357900581,TX,CfgWr,xio3130-downstream,0e:00.1,0,4,0x20,50 10 00 00
1791357900581,RX,CfgRd,xio3130-downstream,0e:00.1,0,4,0x4,01 00 10 00
1791357900581,TX,CfgWr,xio3130-downstream,0e:00.1,0,4,0x4,03 00 10 00
1791357900581,RX,CfgRd,xio3130-downstream,0e:00.1,0,4,0x24,01 00 01 00
1791357900581,TX,CfgWr,xio3130-downstream,0e:00.1,0,4,0x24,60 00 01 00
1791357900581,TX,CfgWr,xio3130-downstream,0e:00.1,0,4,0x28,80 00 00 00
1791357900581,RX,CfgRd,xio3130-downstream,0e:00.1,0,4,0x4,03 00 10 00
1791357900581,TX,CfgWr,xio3130-downstream,0e:00.1,0,4,0x4,07 00 10 00
1791357900581,RX,CfgRd,e1000e,10:00.0,0,4,0x0,86 80 d3 10
1791357900581,RX,CfgRd,e1000e,10:00.0,0,4,0x8,00 00 00 02
1791357900581,RX,CfgRd,e1000e,10:00.0,0,4,0xc,00 00 00 00
1791357900581,RX,CfgRd,e1000e,10:00.0,0,4,0x10,00 00 00 00
1791357900581,TX,CfgWr,e1000e,10:00.0,0,4,0x10,ff ff ff ff
1791357900581,RX,CfgRd,e1000e,10:00.0,0,4,0x10,00 00 fe ff
1791357900581,TX,CfgWr,e1000e,10:00.0,0,4,0x10,00 00 00 00
1791357900581,TX,CfgWr,e1000e,10:00.0,0,4,0x10,00 00 50 10
1791357900581,RX,CfgRd,e1000e,10:00.0,0,4,0x14,00 00 00 00
1791357900581,TX,CfgWr,e1000e,10:00.0,0,4,0x14,ff ff ff ff
1791357900581,RX,CfgRd,e1000e,10:00.0,0,4,0x14,00 00 fe ff
1791357900581,TX,CfgWr,e1000e,10:00.0,0,4,0x14,00 00 00 00
1791357900581,TX,CfgWr,e1000e,10:00.0,0,4,0x14,00 00 52 10
1791357900581,RX,CfgRd,e1000e,10:00.0,0,4,0x18,01 00 00 00
1791357900581,TX,CfgWr,e1000e,10:00.0,0,4,0x18,ff ff ff ff
1791357900581,RX,CfgRd,e1000e,10:00.0,0,4,0x18,e1 ff ff ff
1791357900581,TX,CfgWr,e1000e,10:00.0,0,4,0x18,01 00 00 00
1791357900581,TX,CfgWr,e1000e,10:00.0,0,4,0x18,00 20 00 00
1791357900581,RX,CfgRd,e1000e,10:00.0,0,4,0x1c,00 00 00 00
1791357900581,TX,CfgWr,e1000e,10:00.0,0,4,0x1c,ff ff ff ff
1791357900581,RX,CfgRd,e1000e,10:00.0,0,4,0x1c,00 c0 ff ff
1791357900581,TX,CfgWr,e1000e,10:00.0,0,4,0x1c,00 00 00 00
1791357900581,TX,CfgWr,e1000e,10:00.0,0,4,0x1c,00 00 54 10
1791357900581,RX,CfgRd,e1000e,10:00.0,0,4,0x20,00 00 00 00
1791357900581,TX,CfgWr,e1000e,10:00.0,0,4,0x20,ff ff ff ff
1791357900581,TX,CfgWr,e1000e,10:00.0,0,4,0x20,00 00 00 00
1791357900581,RX,CfgRd,e1000e,10:00.0,0,4,0x24,00 00 00 00
1791357900581,TX,CfgWr,e1000e,10:00.0,0,4,0x24,ff ff ff ff
1791357900581,TX,CfgWr,e1000e,10:00.0,0,4,0x24,00 00 00 00
1791357900581,RX,CfgRd,xio3130-downstream,0e:00.1,0,4,0x18,0e 10 ff 00
1791357900581,TX,CfgWr,xio3130-downstream,0e:00.1,0,4,0x18,0e 10 10 00
1791357900581,RX,CfgRd,xio3130-downstream,0e:00.1,0,4,0x20,50 10 00 00
1791357900581,TX,CfgWr,xio3130-downstream,0e:00.1,0,4,0x20,50 10 5f 10
1791357900581,RX,CfgRd,xio3130-downstream,0e:00.1,0,4,0x24,61 00 01 00
1791357900581,TX,CfgWr,xio3130-downstream,0e:00.1,0,4,0x24,61 00 5f 00
1791357900581,TX,CfgWr,xio3130-downstream,0e:00.1,0,4,0x2c,80 00 00 00
1791357900581,RX,CfgRd,x3130-upstream,0d:00.0,0,4,0x18,0d 0e ff 00
1791357900581,TX,CfgWr,x3130-upstream,0d:00.0,0,4,0x18,0d 0e 10 00
1791357900581,RX,CfgRd,x3130-upstream,0d:00.0,0,4,0x20,40 10 00 00
1791357900581,TX,CfgWr,x3130-upstream,0d:00.0,0,4,0x20,40 10 5f 10
1791357900581,RX,CfgRd,x3130-upstream,0d:00.0,0,4,0x24,61 00 01 00
1791357900581,TX,CfgWr,x3130-upstream,0d:00.0,0,4,0x24,61 00 5f 00
1791357900581,TX,CfgWr,x3130-upstream,0d:00.0,0,4,0x2c,80 00 00 00
1791357900581,RX,CfgRd,pcie-root-port,00:01.3,0,4,0x18,00 0d ff 00
1791357900581,TX,CfgWr,pcie-root-port,00:01.3,0,4,0x18,00 0d 10 00
1791357900581,RX,CfgRd,pcie-root-port,00:01.3,0,4,0x20,40 10 00 00
1791357900581,TX,CfgWr,pcie-root-port,00:01.3,0,4,0x20,40 10 5f 10
1791357900581,RX,CfgRd,pcie-root-port,00:01.3,0,4,0x24,61 00 01 00
1791357900581,TX,CfgWr,pcie-root-port,00:01.3,0,4,0x24,61 00 5f 00
1791357900581,TX,CfgWr,pcie-root-port,00:01.3,0,4,0x2c,80 00 00 00
1791357900581,RX,CfgRd,gpex-root,00:00.0,0,4,0x4,00 00 00 00
1791357900581,TX,CfgWr,gpex-root,00:00.0,0,4,0x4,00 00 00 00
1791357900581,TX,CfgWr,gpex-root,00:00.0,0,4,0x4,06 00 00 00
1791357900581,RX,CfgRd,gpex-root,00:00.0,0,4,0x4,06 00 00 00
1791357900581,RX,CfgRd,gpex-root,00:00.0,0,4,0x3c,00 00 00 00
1791357900581,RX,CfgRd,pcie-root-port,00:01.0,0,4,0x18,00 01 04 00
1791357900581,RX,CfgRd,pcie-root-port,00:01.0,0,4,0x10,00 00 00 10
1791357900581,RX,CfgRd,pcie-root-port,00:01.0,0,4,0x4,07 00 10 00
1791357900581,TX,CfgWr,pcie-root-port,00:01.0,0,4,0x4,04 00 10 00
1791357900581,TX,CfgWr,pcie-root-port,00:01.0,0,4,0x18,ff ff ff ff
1791357900581,RX,CfgRd,pcie-root-port,00:01.0,0,4,0x18,ff ff ff 00
1791357900581,TX,CfgWr,pcie-root-port,00:01.0,0,4,0x1c,ff ff ff ff
1791357900581,RX,CfgRd,pcie-root-port,00:01.0,0,4,0x1c,f0 f0 00 00
1791357900581,RX,CfgRd,pcie-root-port,00:01.0,0,4,0x20,10 10 00 10
1791357900581,TX,CfgWr,pcie-root-port,00:01.0,0,4,0x20,ff ff ff ff
1791357900581,RX,CfgRd,pcie-root-port,00:01.0,0,4,0x20,f0 ff f0 ff
1791357900581,TX,CfgWr,pcie-root-port,00:01.0,0,4,0x20,10 10 00 10
1791357900581,RX,CfgRd,pcie-root-port,00:01.0,0,4,0x24,01 00 11 00
1791357900581,TX,CfgWr,pcie-root-port,00:01.0,0,4,0x24,ff ff ff ff
1791357900581,RX,CfgRd,pcie-root-port,00:01.0,0,4,0x24,f1 ff f1 ff
1791357900581,TX,CfgWr,pcie-root-port,00:01.0,0,4,0x24,01 00 11 00
1791357900581,RX,CfgRd,pcie-root-port,00:01.0,0,4,0x34,54 00 00 00
1791357900581,RX,CfgRd,pcie-root-port,00:01.0,0,4,0x54,10 48 42 01
1791357900581,RX,CfgRd,pcie-root-port,00:01.0,0,4,0x48,11 40 00 00
1791357900581,RX,CfgRd,pcie-root-port,00:01.0,0,4,0x40,0d 00 00 00
1791357900581,RX,CfgRd,pcie-root-port,00:01.0,0,4,0x100,01 00 82 14
1791357900581,RX,CfgRd,pcie-root-port,00:01.0,0,4,0x3c,00 01 00 00
1791357900581,RX,CfgRd,x3130-upstream,01:00.0,0,4,0x18,01 02 04 00
1791357900581,RX,CfgRd,x3130-upstream,01:00.0,0,4,0x4,07 00 10 00
1791357900581,TX,CfgWr,x3130-upstream,01:00.0,0,4,0x4,04 00 10 00
1791357900581,TX,CfgWr,x3130-upstream,01:00.0,0,4,0x18,ff ff ff ff
1791357900581,RX,CfgRd,x3130-upstream,01:00.0,0,4,0x18,ff ff ff 00
1791357900581,TX,CfgWr,x3130-upstream,01:00.0,0,4,0x1c,ff ff ff ff
1791357900581,RX,CfgRd,x3130-upstream,01:00.0,0,4,0x1c,f0 f0 00 00
1791357900581,RX,CfgRd,x3130-upstream,01:00.0,0,4,0x20,10 10 00 10
1791357900581,TX,CfgWr,x3130-upstream,01:00.0,0,4,0x20,ff ff ff ff
1791357900581,RX,CfgRd,x3130-upstream,01:00.0,0,4,0x20,f0 ff f0 ff
1791357900581,TX,CfgWr,x3130-upstream,01:00.0,0,4,0x20,10 10 00 10
1791357900581,RX,CfgRd,x3130-upstream,01:00.0,0,4,0x24,01 00 11 00
1791357900581,TX,CfgWr,x3130-upstream,01:00.0,0,4,0x24,ff ff ff ff
1791357900581,RX,CfgRd,x3130-upstream,01:00.0,0,4,0x24,f1 ff f1 ff
1791357900581,TX,CfgWr,x3130-upstream,01:00.0,0,4,0x24,01 00 11 00
1791357900581,RX,CfgRd,x3130-upstream,01:00.0,0,4,0x34,90 00 00 00
1791357900581,RX,CfgRd,x3130-upstream,01:00.0,0,4,0x90,10 80 52 00
1791357900581,RX,CfgRd,x3130-upstream,01:00.0,0,4,0x80,0d 70 00 00
1791357900581,RX,CfgRd,x3130-upstream,01:00.0,0,4,0x70,05 00 80 00
1791357900581,RX,CfgRd,x3130-upstream,01:00.0,0,4,0x100,01 00 02 00
1791357900581,RX,CfgRd,x3130-upstream,01:00.0,0,4,0x3c,00 00 00 00
1791357900581,RX,CfgRd,xio3130-downstream,02:00.0,0,4,0x18,02 03 03 00
1791357900581,RX,CfgRd,xio3130-downstream,02:00.0,0,4,0x4,07 00 10 00
1791357900581,TX,CfgWr,xio3130-downstream,02:00.0,0,4,0x4,04 00 10 00
1791357900581,TX,CfgWr,xio3130-downstream,02:00.0,0,4,0x1c,ff ff ff ff
1791357900581,RX,CfgRd,xio3130-downstream,02:00.0,0,4,0x1c,f0 f0 00 00
1791357900581,RX,CfgRd,xio3130-downstream,02:00.0,0,4,0x20,10 10 00 10
1791357900581,TX,CfgWr,xio3130-downstream,02:00.0,0,4,0x20,ff ff ff ff
1791357900581,RX,CfgRd,xio3130-downstream,02:00.0,0,4,0x20,f0 ff f0 ff
1791357900581,TX,CfgWr,xio3130-downstream,02:00.0,0,4,0x20,10 10 00 10
1791357900581,TX,CfgWr,xio3130-downstream,02:00.0,0,4,0x24,ff ff ff ff
1791357900581,RX,CfgRd,xio3130-downstream,02:00.0,0,4,0x24,f1 ff f1 ff
1791357900581,TX,CfgWr,xio3130-downstream,02:00.0,0,4,0x24,01 00 01 00
1791357900581,RX,CfgRd,xio3130-downstream,02:00.0,0,4,0x34,90 00 00 00
1791357900581,RX,CfgRd,xio3130-downstream,02:00.0,0,4,0x90,10 80 62 01
1791357900581,RX,CfgRd,xio3130-downstream,02:00.0,0,4,0x80,0d 70 00 00
1791357900581,RX,CfgRd,xio3130-downstream,02:00.0,0,4,0x70,05 00 80 00
1791357900581,RX,CfgRd,xio3130-downstream,02:00.0,0,4,0x100,01 00 02 00
1791357900581,RX,CfgRd,xio3130-downstream,02:00.0,0,4,0x3c,00 00 00 00
1791357900581,RX,CfgRd,nvme,03:00.0,0,4,0x4,00 00 10 00
1791357900581,TX,CfgWr,nvme,03:00.0,0,4,0x4,00 00 10 00
1791357900581,RX,CfgRd,nvme,03:00.0,0,4,0x14,80 00 00 00
1791357900581,RX,CfgRd,nvme,03:00.0,0,4,0x34,40 00 00 00
1791357900581,RX,CfgRd,nvme,03:00.0,0,4,0x40,11 80 40 00
1791357900581,RX,CfgRd,nvme,03:00.0,0,4,0x80,10 60 02 00
1791357900581,RX,CfgRd,nvme,03:00.0,0,4,0x60,01 00 03 00
1791357900581,RX,CfgRd,nvme,03:00.0,0,4,0x100,00 00 00 00
1791357900581,TX,CfgWr,nvme,03:00.0,0,4,0x4,06 00 10 00
1791357900581,RX,CfgRd,nvme,03:00.0,0,4,0x4,06 00 10 00
1791357900581,RX,CfgRd,nvme,03:00.0,0,4,0x3c,00 01 00 00
1791357900581,RX,CfgRd,xio3130-downstream,02:00.1,0,4,0x18,02 04 04 00
1791357900581,RX,CfgRd,xio3130-downstream,02:00.1,0,4,0x4,07 00 10 00
1791357900581,TX,CfgWr,xio3130-downstream,02:00.1,0,4,0x4,04 00 10 00
1791357900581,TX,CfgWr,xio3130-downstream,02:00.1,0,4,0x1c,ff ff ff ff
1791357900581,RX,CfgRd,xio3130-downstream,02:00.1,0,4,0x1c,f0 f0 00 00
1791357900581,RX,CfgRd,xio3130-downstream,02:00.1,0,4,0x20,10 10 00 10
1791357900581,TX,CfgWr,xio3130-downstream,02:00.1,0,4,0x20,ff ff ff ff
1791357900581,RX,CfgRd,xio3130-downstream,02:00.1,0,4,0x20,f0 ff f0 ff
1791357900581,TX,CfgWr,xio3130-downstream,02:00.1,0,4,0x20,10 10 00 10
1791357900582,RX,CfgRd,xio3130-downstream,02:00.1,0,4,0x24,11 00 11 00
1791357900582,TX,CfgWr,xio3130-downstream,02:00.1,0,4,0x24,ff ff ff ff
1791357900582,RX,CfgRd,xio3130-downstream,02:00.1,0,4,0x24,f1 ff f1 ff
1791357900582,TX,CfgWr,xio3130-downstream,02:00.1,0,4,0x24,11 00 11 00
1791357900582,RX,CfgRd,xio3130-downstream,02:00.1,0,4,0x34,90 00 00 00
1791357900582,RX,CfgRd,xio3130-downstream,02:00.1,0,4,0x90,10 80 62 01
1791357900582,RX,CfgRd,xio3130-downstream,02:00.1,0,4,0x80,0d 70 00 00
1791357900582,RX,CfgRd,xio3130-downstream,02:00.1,0,4,0x70,05 00 80 00
1791357900582,RX,CfgRd,xio3130-downstream,02:00.1,0,4,0x100,01 00 02 00
1791357900582,RX,CfgRd,xio3130-downstream,02:00.1,0,4,0x3c,00 00 00 00
1791357900582,RX,CfgRd,nvme,04:00.0,0,4,0x10,04 00 10 00
1791357900582,RX,CfgRd,nvme,04:00.0,0,4,0x4,00 00 10 00
1791357900582,TX,CfgWr,nvme,04:00.0,0,4,0x4,00 00 10 00
1791357900582,TX,CfgWr,nvme,04:00.0,0,4,0x10,04 00 10 00
1791357900582,RX,CfgRd,nvme,04:00.0,0,4,0x14,80 00 00 00
1791357900582,RX,CfgRd,nvme,04:00.0,0,4,0x34,40 00 00 00
1791357900582,RX,CfgRd,nvme,04:00.0,0,4,0x40,11 80 40 00
1791357900582,RX,CfgRd,nvme,04:00.0,0,4,0x80,10 60 02 00
1791357900582,RX,CfgRd,nvme,04:00.0,0,4,0x60,01 00 03 00
1791357900582,RX,CfgRd,nvme,04:00.0,0,4,0x100,00 00 00 00
1791357900582,TX,CfgWr,nvme,04:00.0,0,4,0x4,06 00 10 00
1791357900582,RX,CfgRd,nvme,04:00.0,0,4,0x4,06 00 10 00
1791357900582,RX,CfgRd,nvme,04:00.0,0,4,0x3c,00 01 00 00
1791357900582,RX,CfgRd,pcie-root-port,00:01.1,0,4,0x18,00 05 08 00
1791357900582,RX,CfgRd,pcie-root-port,00:01.1,0,4,0x10,00 00 10 10
1791357900582,RX,CfgRd,pcie-root-port,00:01.1,0,4,0x4,07 00 10 00
1791357900582,TX,CfgWr,pcie-root-port,00:01.1,0,4,0x4,04 00 10 00
1791357900582,TX,CfgWr,pcie-root-port,00:01.1,0,4,0x18,ff ff ff ff
1791357900582,RX,CfgRd,pcie-root-port,00:01.1,0,4,0x18,ff ff ff 00
1791357900582,TX,CfgWr,pcie-root-port,00:01.1,0,4,0x1c,ff ff ff ff
1791357900582,RX,CfgRd,pcie-root-port,00:01.1,0,4,0x1c,f0 f0 00 00
1791357900582,RX,CfgRd,pcie-root-port,00:01.1,0,4,0x20,20 10 10 10
1791357900582,TX,CfgWr,pcie-root-port,00:01.1,0,4,0x20,ff ff ff ff
1791357900582,RX,CfgRd,pcie-root-port,00:01.1,0,4,0x20,f0 ff f0 ff
1791357900582,TX,CfgWr,pcie-root-port,00:01.1,0,4,0x20,20 10 10 10
1791357900582,RX,CfgRd,pcie-root-port,00:01.1,0,4,0x24,21 00 31 00
1791357900582,TX,CfgWr,pcie-root-port,00:01.1,0,4,0x24,ff ff ff ff
1791357900582,RX,CfgRd,pcie-root-port,00:01.1,0,4,0x24,f1 ff f1 ff
1791357900582,TX,CfgWr,pcie-root-port,00:01.1,0,4,0x24,21 00 31 00
1791357900582,RX,CfgRd,pcie-root-port,00:01.1,0,4,0x34,54 00 00 00
1791357900582,RX,CfgRd,pcie-root-port,00:01.1,0,4,0x54,10 48 42 01
1791357900582,RX,CfgRd,pcie-root-port,00:01.1,0,4,0x48,11 40 00 00
1791357900582,RX,CfgRd,pcie-root-port,00:01.1,0,4,0x40,0d 00 00 00
1791357900582,RX,CfgRd,pcie-root-port,00:01.1,0,4,0x100,01 00 82 14
1791357900582,RX,CfgRd,pcie-root-port,00:01.1,0,4,0x3c,00 01 00 00
1791357900582,RX,CfgRd,x3130-upstream,05:00.0,0,4,0x18,05 06 08 00
1791357900582,RX,CfgRd,x3130-upstream,05:00.0,0,4,0x4,07 00 10 00
1791357900582,TX,CfgWr,x3130-upstream,05:00.0,0,4,0x4,04 00 10 00
1791357900582,TX,CfgWr,x3130-upstream,05:00.0,0,4,0x18,ff ff ff ff
1791357900582,RX,CfgRd,x3130-upstream,05:00.0,0,4,0x18,ff ff ff 00
1791357900582,TX,CfgWr,x3130-upstream,05:00.0,0,4,0x1c,ff ff ff ff
1791357900582,RX,CfgRd,x3130-upstream,05:00.0,0,4,0x1c,f0 f0 00 00
1791357900582,RX,CfgRd,x3130-upstream,05:00.0,0,4,0x20,20 10 10 10
1791357900582,TX,CfgWr,x3130-upstream,05:00.0,0,4,0x20,ff ff ff ff
1791357900582,RX,CfgRd,x3130-upstream,05:00.0,0,4,0x20,f0 ff f0 ff
1791357900582,TX,CfgWr,x3130-upstream,05:00.0,0,4,0x20,20 10 10 10
1791357900582,RX,CfgRd,x3130-upstream,05:00.0,0,4,0x24,21 00 31 00
1791357900582,TX,CfgWr,x3130-upstream,05:00.0,0,4,0x24,ff ff ff ff
1791357900582,RX,CfgRd,x3130-upstream,05:00.0,0,4,0x24,f1 ff f1 ff
1791357900582,TX,CfgWr,x3130-upstream,05:00.0,0,4,0x24,21 00 31 00
1791357900582,RX,CfgRd,x3130-upstream,05:00.0,0,4,0x34,90 00 00 00
1791357900582,RX,CfgRd,x3130-upstream,05:00.0,0,4,0x90,10 80 52 00
1791357900582,RX,CfgRd,x3130-upstream,05:00.0,0,4,0x80,0d 70 00 00
1791357900582,RX,CfgRd,x3130-upstream,05:00.0,0,4,0x70,05 00 80 00
1791357900582,RX,CfgRd,x3130-upstream,05:00.0,0,4,0x100,01 00 02 00
1791357900582,RX,CfgRd,x3130-upstream,05:00.0,0,4,0x3c,00 00 00 00
1791357900582,RX,CfgRd,xio3130-downstream,06:00.0,0,4,0x18,06 07 07 00
1791357900582,RX,CfgRd,xio3130-downstream,06:00.0,0,4,0x4,07 00 10 00
1791357900582,TX,CfgWr,xio3130-downstream,06:00.0,0,4,0x4,04 00 10 00
1791357900582,TX,CfgWr,xio3130-downstream,06:00.0,0,4,0x1c,ff ff ff ff
1791357900582,RX,CfgRd,xio3130-downstream,06:00.0,0,4,0x1c,f0 f0 00 00
1791357900582,RX,CfgRd,xio3130-downstream,06:00.0,0,4,0x20,20 10 10 10
1791357900582,TX,CfgWr,xio3130-downstream,06:00.0,0,4,0x20,ff ff ff ff
1791357900582,RX,CfgRd,xio3130-downstream,06:00.0,0,4,0x20,f0 ff f0 ff
1791357900582,TX,CfgWr,xio3130-downstream,06:00.0,0,4,0x20,20 10 10 10
1791357900582,RX,CfgRd,xio3130-downstream,06:00.0,0,4,0x24,21 00 21 00
1791357900582,TX,CfgWr,xio3130-downstream,06:00.0,0,4,0x24,ff ff ff ff
1791357900582,RX,CfgRd,xio3130-downstream,06:00.0,0,4,0x24,f1 ff f1 ff
1791357900582,TX,CfgWr,xio3130-downstream,06:00.0,0,4,0x24,21 00 21 00
1791357900582,RX,CfgRd,xio3130-downstream,06:00.0,0,4,0x34,90 00 00 00
1791357900582,RX,CfgRd,xio3130-downstream,06:00.0,0,4,0x90,10 80 62 01
1791357900582,RX,CfgRd,xio3130-downstream,06:00.0,0,4,0x80,0d 70 00 00
1791357900582,RX,CfgRd,xio3130-downstream,06:00.0,0,4,0x70,05 00 80 00
1791357900582,RX,CfgRd,xio3130-downstream,06:00.0,0,4,0x100,01 00 02 00
1791357900582,RX,CfgRd,xio3130-downstream,06:00.0,0,4,0x3c,00 00 00 00
1791357900582,RX,CfgRd,nvme,07:00.0,0,4,0x10,04 00 20 00
1791357900582,RX,CfgRd,nvme,07:00.0,0,4,0x4,00 00 10 00
1791357900582,TX,CfgWr,nvme,07:00.0,0,4,0x4,00 00 10 00
1791357900582,TX,CfgWr,nvme,07:00.0,0,4,0x10,04 00 20 00
1791357900582,RX,CfgRd,nvme,07:00.0,0,4,0x14,80 00 00 00
1791357900582,RX,CfgRd,nvme,07:00.0,0,4,0x34,40 00 00 00
1791357900582,RX,CfgRd,nvme,07:00.0,0,4,0x40,11 80 40 00
1791357900582,RX,CfgRd,nvme,07:00.0,0,4,0x80,10 60 02 00
1791357900582,RX,CfgRd,nvme,07:00.0,0,4,0x60,01 00 03 00
1791357900582,RX,CfgRd,nvme,07:00.0,0,4,0x100,00 00 00 00
1791357900582,TX,CfgWr,nvme,07:00.0,0,4,0x4,06 00 10 00
1791357900582,RX,CfgRd,nvme,07:00.0,0,4,0x4,06 00 10 00
1791357900582,RX,CfgRd,nvme,07:00.0,0,4,0x3c,00 01 00 00
1791357900582,RX,CfgRd,xio3130-downstream,06:00.1,0,4,0x18,06 08 08 00
1791357900582,RX,CfgRd,xio3130-downstream,06:00.1,0,4,0x4,07 00 10 00
1791357900582,TX,CfgWr,xio3130-downstream,06:00.1,0,4,0x4,04 00 10 00
1791357900582,TX,CfgWr,xio3130-downstream,06:00.1,0,4,0x1c,ff ff ff ff
1791357900582,RX,CfgRd,xio3130-downstream,06:00.1,0,4,0x1c,f0 f0 00 00
1791357900582,RX,CfgRd,xio3130-downstream,06:00.1,0,4,0x20,20 10 10 10
1791357900582,TX,CfgWr,xio3130-downstream,06:00.1,0,4,0x20,ff ff ff ff
1791357900582,RX,CfgRd,xio3130-downstream,06:00.1,0,4,0x20,f0 ff f0 ff
1791357900582,TX,CfgWr,xio3130-downstream,06:00.1,0,4,0x20,20 10 10 10
1791357900582,RX,CfgRd,xio3130-downstream,06:00.1,0,4,0x24,31 00 31 00
1791357900582,TX,CfgWr,xio3130-downstream,06:00.1,0,4,0x24,ff ff ff ff
1791357900582,RX,CfgRd,xio3130-downstream,06:00.1,0,4,0x24,f1 ff f1 ff
1791357900582,TX,CfgWr,xio3130-downstream,06:00.1,0,4,0x24,31 00 31 00
1791357900582,RX,CfgRd,xio3130-downstream,06:00.1,0,4,0x34,90 00 00 00
1791357900582,RX,CfgRd,xio3130-downstream,06:00.1,0,4,0x90,10 80 62 01
1791357900582,RX,CfgRd,xio3130-downstream,06:00.1,0,4,0x80,0d 70 00 00
1791357900582,RX,CfgRd,xio3130-downstream,06:00.1,0,4,0x70,05 00 80 00
1791357900582,RX,CfgRd,xio3130-downstream,06:00.1,0,4,0x100,01 00 02 00
1791357900582,RX,CfgRd,xio3130-downstream,06:00.1,0,4,0x3c,00 00 00 00
1791357900582,RX,CfgRd,nvme,08:00.0,0,4,0x10,04 00 30 00
1791357900582,RX,CfgRd,nvme,08:00.0,0,4,0x4,00 00 10 00
1791357900582,TX,CfgWr,nvme,08:00.0,0,4,0x4,00 00 10 00
1791357900582,TX,CfgWr,nvme,08:00.0,0,4,0x10,04 00 30 00
1791357900582,RX,CfgRd,nvme,08:00.0,0,4,0x14,80 00 00 00
1791357900582,RX,CfgRd,nvme,08:00.0,0,4,0x34,40 00 00 00
1791357900582,RX,CfgRd,nvme,08:00.0,0,4,0x40,11 80 40 00
1791357900582,RX,CfgRd,nvme,08:00.0,0,4,0x80,10 60 02 00
1791357900582,RX,CfgRd,nvme,08:00.0,0,4,0x60,01 00 03 00
1791357900582,RX,CfgRd,nvme,08:00.0,0,4,0x100,00 00 00 00
1791357900582,TX,CfgWr,nvme,08:00.0,0,4,0x4,06 00 10 00
1791357900582,RX,CfgRd,nvme,08:00.0,0,4,0x4,06 00 10 00
1791357900582,RX,CfgRd,nvme,08:00.0,0,4,0x3c,00 01 00 00
1791357900582,RX,CfgRd,pcie-root-port,00:01.2,0,4,0x18,00 09 0c 00
1791357900582,RX,CfgRd,pcie-root-port,00:01.2,0,4,0x10,00 00 20 10
1791357900582,RX,CfgRd,pcie-root-port,00:01.2,0,4,0x4,07 00 10 00
1791357900582,TX,CfgWr,pcie-root-port,00:01.2,0,4,0x4,04 00 10 00
1791357900582,TX,CfgWr,pcie-root-port,00:01.2,0,4,0x18,ff ff ff ff
1791357900582,RX,CfgRd,pcie-root-port,00:01.2,0,4,0x18,ff ff ff 00
1791357900582,TX,CfgWr,pcie-root-port,00:01.2,0,4,0x1c,ff ff ff ff
1791357900582,RX,CfgRd,pcie-root-port,00:01.2,0,4,0x1c,f0 f0 00 00
1791357900582,RX,CfgRd,pcie-root-port,00:01.2,0,4,0x20,30 10 20 10
1791357900582,TX,CfgWr,pcie-root-port,00:01.2,0,4,0x20,ff ff ff ff
1791357900582,RX,CfgRd,pcie-root-port,00:01.2,0,4,0x20,f0 ff f0 ff
1791357900582,TX,CfgWr,pcie-root-port,00:01.2,0,4,0x20,30 10 20 10
1791357900582,RX,CfgRd,pcie-root-port,00:01.2,0,4,0x24,41 00 51 00
1791357900582,TX,CfgWr,pcie-root-port,00:01.2,0,4,0x24,ff ff ff ff
1791357900582,RX,CfgRd,pcie-root-port,00:01.2,0,4,0x24,f1 ff f1 ff
1791357900582,TX,CfgWr,pcie-root-port,00:01.2,0,4,0x24,41 00 51 00
1791357900582,RX,CfgRd,pcie-root-port,00:01.2,0,4,0x34,54 00 00 00
1791357900582,RX,CfgRd,pcie-root-port,00:01.2,0,4,0x54,10 48 42 01
1791357900582,RX,CfgRd,pcie-root-port,00:01.2,0,4,0x48,11 40 00 00
1791357900582,RX,CfgRd,pcie-root-port,00:01.2,0,4,0x40,0d 00 00 00
1791357900582,RX,CfgRd,pcie-root-port,00:01.2,0,4,0x100,01 00 82 14
1791357900582,RX,CfgRd,pcie-root-port,00:01.2,0,4,0x3c,00 01 00 00
1791357900582,RX,CfgRd,x3130-upstream,09:00.0,0,4,0x18,09 0a 0c 00
1791357900582,RX,CfgRd,x3130-upstream,09:00.0,0,4,0x4,07 00 10 00
1791357900582,TX,CfgWr,x3130-upstream,09:00.0,0,4,0x4,04 00 10 00
1791357900582,TX,CfgWr,x3130-upstream,09:00.0,0,4,0x18,ff ff ff ff
1791357900582,RX,CfgRd,x3130-upstream,09:00.0,0,4,0x18,ff ff ff 00
1791357900582,TX,CfgWr,x3130-upstream,09:00.0,0,4,0x1c,ff ff ff ff
1791357900582,RX,CfgRd,x3130-upstream,09:00.0,0,4,0x1c,f0 f0 00 00
1791357900582,RX,CfgRd,x3130-upstream,09:00.0,0,4,0x20,30 10 20 10
1791357900582,TX,CfgWr,x3130-upstream,09:00.0,0,4,0x20,ff ff ff ff
1791357900582,RX,CfgRd,x3130-upstream,09:00.0,0,4,0x20,f0 ff f0 ff
1791357900582,TX,CfgWr,x3130-upstream,09:00.0,0,4,0x20,30 10 20 10
1791357900582,RX,CfgRd,x3130-upstream,09:00.0,0,4,0x24,41 00 51 00
1791357900582,TX,CfgWr,x3130-upstream,09:00.0,0,4,0x24,ff ff ff ff
1791357900582,RX,CfgRd,x3130-upstream,09:00.0,0,4,0x24,f1 ff f1 ff
1791357900582,TX,CfgWr,x3130-upstream,09:00.0,0,4,0x24,41 00 51 00
1791357900582,RX,CfgRd,x3130-upstream,09:00.0,0,4,0x34,90 00 00 00
1791357900582,RX,CfgRd,x3130-upstream,09:00.0,0,4,0x90,10 80 52 00
1791357900582,RX,CfgRd,x3130-upstream,09:00.0,0,4,0x80,0d 70 00 00
1791357900582,RX,CfgRd,x3130-upstream,09:00.0,0,4,0x70,05 00 80 00
1791357900582,RX,CfgRd,x3130-upstream,09:00.0,0,4,0x100,01 00 02 00
1791357900582,RX,CfgRd,x3130-upstream,09:00.0,0,4,0x3c,00 00 00 00
1791357900582,RX,CfgRd,xio3130-downstream,0a:00.0,0,4,0x18,0a 0b 0b 00
1791357900582,RX,CfgRd,xio3130-downstream,0a:00.0,0,4,0x4,07 00 10 00
1791357900582,TX,CfgWr,xio3130-downstream,0a:00.0,0,4,0x4,04 00 10 00
1791357900583,TX,CfgWr,xio3130-downstream,0a:00.0,0,4,0x1c,ff ff ff ff
1791357900583,RX,CfgRd,xio3130-downstream,0a:00.0,0,4,0x1c,f0 f0 00 00
1791357900583,RX,CfgRd,xio3130-downstream,0a:00.0,0,4,0x20,30 10 20 10
1791357900583,TX,CfgWr,xio3130-downstream,0a:00.0,0,4,0x20,ff ff ff ff
1791357900583,RX,CfgRd,xio3130-downstream,0a:00.0,0,4,0x20,f0 ff f0 ff
1791357900583,TX,CfgWr,xio3130-downstream,0a:00.0,0,4,0x20,30 10 20 10
1791357900583,RX,CfgRd,xio3130-downstream,0a:00.0,0,4,0x24,41 00 41 00
1791357900583,TX,CfgWr,xio3130-downstream,0a:00.0,0,4,0x24,ff ff ff ff
1791357900583,RX,CfgRd,xio3130-downstream,0a:00.0,0,4,0x24,f1 ff f1 ff
1791357900583,TX,CfgWr,xio3130-downstream,0a:00.0,0,4,0x24,41 00 41 00
1791357900583,RX,CfgRd,xio3130-downstream,0a:00.0,0,4,0x34,90 00 00 00
1791357900583,RX,CfgRd,xio3130-downstream,0a:00.0,0,4,0x90,10 80 62 01
1791357900583,RX,CfgRd,xio3130-downstream,0a:00.0,0,4,0x80,0d 70 00 00
1791357900583,RX,CfgRd,xio3130-downstream,0a:00.0,0,4,0x70,05 00 80 00
1791357900583,RX,CfgRd,xio3130-downstream,0a:00.0,0,4,0x100,01 00 02 00
1791357900583,RX,CfgRd,xio3130-downstream,0a:00.0,0,4,0x3c,00 00 00 00
1791357900583,RX,CfgRd,nvme,0b:00.0,0,4,0x10,04 00 40 00
1791357900583,RX,CfgRd,nvme,0b:00.0,0,4,0x4,00 00 10 00
1791357900583,TX,CfgWr,nvme,0b:00.0,0,4,0x4,00 00 10 00
1791357900583,TX,CfgWr,nvme,0b:00.0,0,4,0x10,04 00 40 00
1791357900583,RX,CfgRd,nvme,0b:00.0,0,4,0x14,80 00 00 00
1791357900583,RX,CfgRd,nvme,0b:00.0,0,4,0x34,40 00 00 00
1791357900583,RX,CfgRd,nvme,0b:00.0,0,4,0x40,11 80 40 00
1791357900583,RX,CfgRd,nvme,0b:00.0,0,4,0x80,10 60 02 00
1791357900583,RX,CfgRd,nvme,0b:00.0,0,4,0x60,01 00 03 00
1791357900583,RX,CfgRd,nvme,0b:00.0,0,4,0x100,00 00 00 00
1791357900583,TX,CfgWr,nvme,0b:00.0,0,4,0x4,06 00 10 00
1791357900583,RX,CfgRd,nvme,0b:00.0,0,4,0x4,06 00 10 00
1791357900583,RX,CfgRd,nvme,0b:00.0,0,4,0x3c,00 01 00 00
1791357900583,RX,CfgRd,xio3130-downstream,0a:00.1,0,4,0x18,0a 0c 0c 00
1791357900583,RX,CfgRd,xio3130-downstream,0a:00.1,0,4,0x4,07 00 10 00
1791357900583,TX,CfgWr,xio3130-downstream,0a:00.1,0,4,0x4,04 00 10 00
1791357900583,TX,CfgWr,xio3130-downstream,0a:00.1,0,4,0x1c,ff ff ff ff
1791357900583,RX,CfgRd,xio3130-downstream,0a:00.1,0,4,0x1c,f0 f0 00 00
1791357900583,RX,CfgRd,xio3130-downstream,0a:00.1,0,4,0x20,30 10 20 10
1791357900583,TX,CfgWr,xio3130-downstream,0a:00.1,0,4,0x20,ff ff ff ff
1791357900583,RX,CfgRd,xio3130-downstream,0a:00.1,0,4,0x20,f0 ff f0 ff
1791357900583,TX,CfgWr,xio3130-downstream,0a:00.1,0,4,0x20,30 10 20 10
1791357900583,RX,CfgRd,xio3130-downstream,0a:00.1,0,4,0x24,51 00 51 00
1791357900583,TX,CfgWr,xio3130-downstream,0a:00.1,0,4,0x24,ff ff ff ff
1791357900583,RX,CfgRd,xio3130-downstream,0a:00.1,0,4,0x24,f1 ff f1 ff
1791357900583,TX,CfgWr,xio3130-downstream,0a:00.1,0,4,0x24,51 00 51 00
1791357900583,RX,CfgRd,xio3130-downstream,0a:00.1,0,4,0x34,90 00 00 00
1791357900583,RX,CfgRd,xio3130-downstream,0a:00.1,0,4,0x90,10 80 62 01
1791357900583,RX,CfgRd,xio3130-downstream,0a:00.1,0,4,0x80,0d 70 00 00
1791357900583,RX,CfgRd,xio3130-downstream,0a:00.1,0,4,0x70,05 00 80 00
1791357900583,RX,CfgRd,xio3130-downstream,0a:00.1,0,4,0x100,01 00 02 00
1791357900583,RX,CfgRd,xio3130-downstream,0a:00.1,0,4,0x3c,00 00 00 00
1791357900583,RX,CfgRd,nvme,0c:00.0,0,4,0x10,04 00 50 00
1791357900583,RX,CfgRd,nvme,0c:00.0,0,4,0x4,00 00 10 00
1791357900583,TX,CfgWr,nvme,0c:00.0,0,4,0x4,00 00 10 00
1791357900583,TX,CfgWr,nvme,0c:00.0,0,4,0x10,04 00 50 00
1791357900583,RX,CfgRd,nvme,0c:00.0,0,4,0x14,80 00 00 00
1791357900583,RX,CfgRd,nvme,0c:00.0,0,4,0x34,40 00 00 00
1791357900583,RX,CfgRd,nvme,0c:00.0,0,4,0x40,11 80 40 00
1791357900583,RX,CfgRd,nvme,0c:00.0,0,4,0x80,10 60 02 00
1791357900583,RX,CfgRd,nvme,0c:00.0,0,4,0x60,01 00 03 00
1791357900583,RX,CfgRd,nvme,0c:00.0,0,4,0x100,00 00 00 00
1791357900583,TX,CfgWr,nvme,0c:00.0,0,4,0x4,06 00 10 00
1791357900583,RX,CfgRd,nvme,0c:00.0,0,4,0x4,06 00 10 00
1791357900583,RX,CfgRd,nvme,0c:00.0,0,4,0x3c,00 01 00 00
1791357900583,RX,CfgRd,pcie-root-port,00:01.3,0,4,0x18,00 0d 10 00
1791357900583,RX,CfgRd,pcie-root-port,00:01.3,0,4,0x10,00 00 30 10
1791357900583,RX,CfgRd,pcie-root-port,00:01.3,0,4,0x4,07 00 10 00
1791357900583,TX,CfgWr,pcie-root-port,00:01.3,0,4,0x4,04 00 10 00
1791357900583,TX,CfgWr,pcie-root-port,00:01.3,0,4,0x18,ff ff ff ff
1791357900583,RX,CfgRd,pcie-root-port,00:01.3,0,4,0x18,ff ff ff 00
1791357900583,TX,CfgWr,pcie-root-port,00:01.3,0,4,0x1c,ff ff ff ff
1791357900583,RX,CfgRd,pcie-root-port,00:01.3,0,4,0x1c,f0 f0 00 00
1791357900583,RX,CfgRd,pcie-root-port,00:01.3,0,4,0x20,40 10 50 10
1791357900583,TX,CfgWr,pcie-root-port,00:01.3,0,4,0x20,ff ff ff ff
1791357900583,RX,CfgRd,pcie-root-port,00:01.3,0,4,0x20,f0 ff f0 ff
1791357900583,TX,CfgWr,pcie-root-port,00:01.3,0,4,0x20,40 10 50 10
1791357900583,RX,CfgRd,pcie-root-port,00:01.3,0,4,0x24,61 00 51 00
1791357900583,TX,CfgWr,pcie-root-port,00:01.3,0,4,0x24,ff ff ff ff
1791357900583,RX,CfgRd,pcie-root-port,00:01.3,0,4,0x24,f1 ff f1 ff
1791357900583,TX,CfgWr,pcie-root-port,00:01.3,0,4,0x24,61 00 51 00
1791357900583,RX,CfgRd,pcie-root-port,00:01.3,0,4,0x34,54 00 00 00
1791357900583,RX,CfgRd,pcie-root-port,00:01.3,0,4,0x54,10 48 42 01
1791357900583,RX,CfgRd,pcie-root-port,00:01.3,0,4,0x48,11 40 00 00
1791357900583,RX,CfgRd,pcie-root-port,00:01.3,0,4,0x40,0d 00 00 00
1791357900583,RX,CfgRd,pcie-root-port,00:01.3,0,4,0x100,01 00 82 14
1791357900583,RX,CfgRd,pcie-root-port,00:01.3,0,4,0x3c,00 01 00 00
1791357900583,RX,CfgRd,x3130-upstream,0d:00.0,0,4,0x18,0d 0e 10 00
1791357900583,RX,CfgRd,x3130-upstream,0d:00.0,0,4,0x4,07 00 10 00
1791357900583,TX,CfgWr,x3130-upstream,0d:00.0,0,4,0x4,04 00 10 00
1791357900583,TX,CfgWr,x3130-upstream,0d:00.0,0,4,0x18,ff ff ff ff
1791357900583,RX,CfgRd,x3130-upstream,0d:00.0,0,4,0x18,ff ff ff 00
1791357900583,TX,CfgWr,x3130-upstream,0d:00.0,0,4,0x1c,ff ff ff ff
1791357900583,RX,CfgRd,x3130-upstream,0d:00.0,0,4,0x1c,f0 f0 00 00
1791357900583,RX,CfgRd,x3130-upstream,0d:00.0,0,4,0x20,40 10 50 10
1791357900583,TX,CfgWr,x3130-upstream,0d:00.0,0,4,0x20,ff ff ff ff
1791357900583,RX,CfgRd,x3130-upstream,0d:00.0,0,4,0x20,f0 ff f0 ff
1791357900583,TX,CfgWr,x3130-upstream,0d:00.0,0,4,0x20,40 10 50 10
1791357900583,RX,CfgRd,x3130-upstream,0d:00.0,0,4,0x24,61 00 51 00
1791357900583,TX,CfgWr,x3130-upstream,0d:00.0,0,4,0x24,ff ff ff ff
1791357900583,RX,CfgRd,x3130-upstream,0d:00.0,0,4,0x24,f1 ff f1 ff
1791357900583,TX,CfgWr,x3130-upstream,0d:00.0,0,4,0x24,61 00 51 00
1791357900583,RX,CfgRd,x3130-upstream,0d:00.0,0,4,0x34,90 00 00 00
1791357900583,RX,CfgRd,x3130-upstream,0d:00.0,0,4,0x90,10 80 52 00
1791357900583,RX,CfgRd,x3130-upstream,0d:00.0,0,4,0x80,0d 70 00 00
1791357900583,RX,CfgRd,x3130-upstream,0d:00.0,0,4,0x70,05 00 80 00
1791357900583,RX,CfgRd,x3130-upstream,0d:00.0,0,4,0x100,01 00 02 00
1791357900583,RX,CfgRd,x3130-upstream,0d:00.0,0,4,0x3c,00 00 00 00
1791357900583,RX,CfgRd,xio3130-downstream,0e:00.0,0,4,0x18,0e 0f 0f 00
1791357900583,RX,CfgRd,xio3130-downstream,0e:00.0,0,4,0x4,07 00 10 00
1791357900583,TX,CfgWr,xio3130-downstream,0e:00.0,0,4,0x4,04 00 10 00
1791357900583,TX,CfgWr,xio3130-downstream,0e:00.0,0,4,0x1c,ff ff ff ff
1791357900583,RX,CfgRd,xio3130-downstream,0e:00.0,0,4,0x1c,f0 f0 00 00
1791357900583,RX,CfgRd,xio3130-downstream,0e:00.0,0,4,0x20,40 10 40 10
1791357900583,TX,CfgWr,xio3130-downstream,0e:00.0,0,4,0x20,ff ff ff ff
1791357900583,RX,CfgRd,xio3130-downstream,0e:00.0,0,4,0x20,f0 ff f0 ff
1791357900583,TX,CfgWr,xio3130-downstream,0e:00.0,0,4,0x20,40 10 40 10
1791357900583,RX,CfgRd,xio3130-downstream,0e:00.0,0,4,0x24,61 00 51 00
1791357900583,TX,CfgWr,xio3130-downstream,0e:00.0,0,4,0x24,ff ff ff ff
1791357900583,RX,CfgRd,xio3130-downstream,0e:00.0,0,4,0x24,f1 ff f1 ff
1791357900583,TX,CfgWr,xio3130-downstream,0e:00.0,0,4,0x24,61 00 51 00
1791357900583,RX,CfgRd,xio3130-downstream,0e:00.0,0,4,0x34,90 00 00 00
1791357900583,RX,CfgRd,xio3130-downstream,0e:00.0,0,4,0x90,10 80 62 01
1791357900583,RX,CfgRd,xio3130-downstream,0e:00.0,0,4,0x80,0d 70 00 00
1791357900583,RX,CfgRd,xio3130-downstream,0e:00.0,0,4,0x70,05 00 80 00
1791357900583,RX,CfgRd,xio3130-downstream,0e:00.0,0,4,0x100,01 00 02 00
1791357900583,RX,CfgRd,xio3130-downstream,0e:00.0,0,4,0x3c,00 00 00 00
1791357900583,RX,CfgRd,e1000e,0f:00.0,0,4,0x10,00 00 40 10
1791357900583,RX,CfgRd,e1000e,0f:00.0,0,4,0x4,00 00 10 00
1791357900583,TX,CfgWr,e1000e,0f:00.0,0,4,0x4,00 00 10 00
1791357900583,RX,CfgRd,e1000e,0f:00.0,0,4,0x14,00 00 42 10
1791357900583,RX,CfgRd,e1000e,0f:00.0,0,4,0x18,01 10 00 00
1791357900583,TX,CfgWr,e1000e,0f:00.0,0,4,0x18,01 10 00 00
1791357900583,RX,CfgRd,e1000e,0f:00.0,0,4,0x1c,00 00 44 10
1791357900583,RX,CfgRd,e1000e,0f:00.0,0,4,0x34,c8 00 00 00
1791357900583,RX,CfgRd,e1000e,0f:00.0,0,4,0xc8,01 d0 22 00
1791357900583,RX,CfgRd,e1000e,0f:00.0,0,4,0x100,01 00 02 14
1791357900583,TX,CfgWr,e1000e,0f:00.0,0,4,0x4,06 00 10 00
1791357900583,RX,CfgRd,e1000e,0f:00.0,0,4,0x4,06 00 10 00
1791357900583,RX,CfgRd,e1000e,0f:00.0,0,4,0x3c,00 01 00 00
1791357900583,RX,CfgRd,xio3130-downstream,0e:00.1,0,4,0x18,0e 10 10 00
1791357900583,RX,CfgRd,xio3130-downstream,0e:00.1,0,4,0x4,07 00 10 00
1791357900583,TX,CfgWr,xio3130-downstream,0e:00.1,0,4,0x4,04 00 10 00
1791357900583,TX,CfgWr,xio3130-downstream,0e:00.1,0,4,0x1c,ff ff ff ff
1791357900583,RX,CfgRd,xio3130-downstream,0e:00.1,0,4,0x1c,f0 f0 00 00
1791357900583,RX,CfgRd,xio3130-downstream,0e:00.1,0,4,0x20,50 10 50 10
1791357900583,TX,CfgWr,xio3130-downstream,0e:00.1,0,4,0x20,ff ff ff ff
1791357900583,RX,CfgRd,xio3130-downstream,0e:00.1,0,4,0x20,f0 ff f0 ff
1791357900583,TX,CfgWr,xio3130-downstream,0e:00.1,0,4,0x20,50 10 50 10
1791357900583,RX,CfgRd,xio3130-downstream,0e:00.1,0,4,0x24,61 00 51 00
1791357900583,TX,CfgWr,xio3130-downstream,0e:00.1,0,4,0x24,ff ff ff ff
1791357900583,RX,CfgRd,xio3130-downstream,0e:00.1,0,4,0x24,f1 ff f1 ff
1791357900583,TX,CfgWr,xio3130-downstream,0e:00.1,0,4,0x24,61 00 51 00
1791357900583,RX,CfgRd,xio3130-downstream,0e:00.1,0,4,0x34,90 00 00 00
1791357900583,RX,CfgRd,xio3130-downstream,0e:00.1,0,4,0x90,10 80 62 01
1791357900583,RX,CfgRd,xio3130-downstream,0e:00.1,0,4,0x80,0d 70 00 00
1791357900583,RX,CfgRd,xio3130-downstream,0e:00.1,0,4,0x70,05 00 80 00
1791357900583,RX,CfgRd,xio3130-downstream,0e:00.1,0,4,0x100,01 00 02 00
1791357900583,RX,CfgRd,xio3130-downstream,0e:00.1,0,4,0x3c,00 00 00 00
1791357900584,RX,CfgRd,e1000e,10:00.0,0,4,0x10,00 00 50 10
1791357900584,RX,CfgRd,e1000e,10:00.0,0,4,0x4,00 00 10 00
1791357900584,TX,CfgWr,e1000e,10:00.0,0,4,0x4,00 00 10 00
1791357900584,RX,CfgRd,e1000e,10:00.0,0,4,0x14,00 00 52 10
1791357900584,RX,CfgRd,e1000e,10:00.0,0,4,0x18,01 20 00 00
1791357900584,TX,CfgWr,e1000e,10:00.0,0,4,0x18,01 20 00 00
1791357900584,RX,CfgRd,e1000e,10:00.0,0,4,0x1c,00 00 54 10
1791357900584,RX,CfgRd,e1000e,10:00.0,0,4,0x34,c8 00 00 00
1791357900584,RX,CfgRd,e1000e,10:00.0,0,4,0xc8,01 d0 22 00
1791357900584,RX,CfgRd,e1000e,10:00.0,0,4,0x100,01 00 02 14
1791357900584,TX,CfgWr,e1000e,10:00.0,0,4,0x4,06 00 10 00
1791357900584,RX,CfgRd,e1000e,10:00.0,0,4,0x4,06 00 10 00
1791357900584,RX,CfgRd,e1000e,10:00.0,0,4,0x3c,00 01 00 00
1791357900584,TX,CfgWr,pcie-root-port,00:01.0,0,4,0x4,00 00 10 00
1791357900584,TX,CfgWr,x3130-upstream,01:00.0,0,4,0x4,00 00 10 00
1791357900584,TX,CfgWr,xio3130-downstream,02:00.0,0,4,0x4,00 00 10 00
1791357900584,TX,CfgWr,xio3130-downstream,02:00.1,0,4,0x4,00 00 10 00
1791357900584,TX,CfgWr,pcie-root-port,00:01.1,0,4,0x4,00 00 10 00
1791357900584,TX,CfgWr,x3130-upstream,05:00.0,0,4,0x4,00 00 10 00
1791357900584,TX,CfgWr,xio3130-downstream,06:00.0,0,4,0x4,00 00 10 00
1791357900584,TX,CfgWr,xio3130-downstream,06:00.1,0,4,0x4,00 00 10 00
1791357900584,TX,CfgWr,pcie-root-port,00:01.2,0,4,0x4,00 00 10 00
1791357900584,TX,CfgWr,x3130-upstream,09:00.0,0,4,0x4,00 00 10 00
1791357900584,TX,CfgWr,xio3130-downstream,0a:00.0,0,4,0x4,00 00 10 00
1791357900584,TX,CfgWr,xio3130-downstream,0a:00.1,0,4,0x4,00 00 10 00
1791357900584,TX,CfgWr,pcie-root-port,00:01.3,0,4,0x4,00 00 10 00
1791357900584,TX,CfgWr,x3130-upstream,0d:00.0,0,4,0x4,00 00 10 00
1791357901072,TX,CfgWr,xio3130-downstream,0e:00.0,0,4,0x4,00 00 10 00
1791357901072,TX,CfgWr,xio3130-downstream,0e:00.1,0,4,0x4,00 00 10 00
