timestamp_ns,direction,type,requester_id,completer_id,tag,length,addr,payload
1791530182171,TX,MemRd,cpu0,gicv3_dist,0,4,0x8000004,08 04 7a 03
1791530182171,TX,MemWr,cpu0,gicv3_dist,0,4,0x8000000,00 00 00 00
1791530182171,TX,MemRd,cpu0,gicv3_dist,0,4,0x8000000,30 00 00 00
1791530182171,TX,MemWr,cpu0,gicv3_dist,0,4,0x8000184,ff ff ff ff
1791530182171,TX,MemWr,cpu0,gicv3_dist,0,4,0x8000284,ff ff ff ff
1791530182171,TX,MemWr,cpu0,gicv3_dist,0,4,0x8000084,00 00 00 00
1791530182171,TX,MemWr,cpu0,gicv3_dist,0,4,0x8000d04,ff ff ff ff
1791530182171,TX,MemWr,cpu0,gicv3_dist,0,4,0x8000188,ff ff ff ff
1791530182171,TX,MemWr,cpu0,gicv3_dist,0,4,0x8000288,ff ff ff ff
1791530182171,TX,MemWr,cpu0,gicv3_dist,0,4,0x8000088,00 00 00 00
1791530182171,TX,MemWr,cpu0,gicv3_dist,0,4,0x8000d08,ff ff ff ff
1791530182171,TX,MemWr,cpu0,gicv3_dist,0,4,0x800018c,ff ff ff ff
1791530182171,TX,MemWr,cpu0,gicv3_dist,0,4,0x800028c,ff ff ff ff
1791530182171,TX,MemWr,cpu0,gicv3_dist,0,4,0x800008c,00 00 00 00
1791530182171,TX,MemWr,cpu0,gicv3_dist,0,4,0x8000d0c,ff ff ff ff
1791530182171,TX,MemWr,cpu0,gicv3_dist,0,4,0x8000190,ff ff ff ff
1791530182171,TX,MemWr,cpu0,gicv3_dist,0,4,0x8000290,ff ff ff ff
1791530182171,TX,MemWr,cpu0,gicv3_dist,0,4,0x8000090,00 00 00 00
1791530182171,TX,MemWr,cpu0,gicv3_dist,0,4,0x8000d10,ff ff ff ff
1791530182171,TX,MemWr,cpu0,gicv3_dist,0,4,0x8000194,ff ff ff ff
1791530182171,TX,MemWr,cpu0,gicv3_dist,0,4,0x8000294,ff ff ff ff
1791530182171,TX,MemWr,cpu0,gicv3_dist,0,4,0x8000094,00 00 00 00
1791530182171,TX,MemWr,cpu0,gicv3_dist,0,4,0x8000d14,ff ff ff ff
1791530182171,TX,MemWr,cpu0,gicv3_dist,0,4,0x8000198,ff ff ff ff
1791530182171,TX,MemWr,cpu0,gicv3_dist,0,4,0x8000298,ff ff ff ff
1791530182171,TX,MemWr,cpu0,gicv3_dist,0,4,0x8000098,00 00 00 00
1791530182171,TX,MemWr,cpu0,gicv3_dist,0,4,0x8000d18,ff ff ff ff
1791530182171,TX,MemWr,cpu0,gicv3_dist,0,4,0x800019c,ff ff ff ff
1791530182171,TX,MemWr,cpu0,gicv3_dist,0,4,0x800029c,ff ff ff ff
1791530182171,TX,MemWr,cpu0,gicv3_dist,0,4,0x800009c,00 00 00 00
1791530182171,TX,MemWr,cpu0,gicv3_dist,0,4,0x8000d1c,ff ff ff ff
1791530182171,TX,MemWr,cpu0,gicv3_dist,0,4,0x80001a0,ff ff ff ff
1791530182171,TX,MemWr,cpu0,gicv3_dist,0,4,0x80002a0,ff ff ff ff
1791530182171,TX,MemWr,cpu0,gicv3_dist,0,4,0x80000a0,00 00 00 00
1791530182171,TX,MemWr,cpu0,gicv3_dist,0,4,0x8000d20,ff ff ff ff
1791530182171,TX,MemRd,cpu0,gicv3_dist,0,4,0x8000000,30 00 00 00
1791530182171,TX,MemWr,cpu0,gicv3_dist,0,4,0x8000420,a0 a0 a0 a0
1791530182171,TX,MemWr,cpu0,gicv3_dist,0,4,0x8000424,a0 a0 a0 a0
1791530182171,TX,MemWr,cpu0,gicv3_dist,0,4,0x8000428,a0 a0 a0 a0
1791530182171,TX,MemWr,cpu0,gicv3_dist,0,4,0x800042c,a0 a0 a0 a0
1791530182171,TX,MemWr,cpu0,gicv3_dist,0,4,0x8000430,a0 a0 a0 a0
1791530182171,TX,MemWr,cpu0,gicv3_dist,0,4,0x8000434,a0 a0 a0 a0
1791530182171,TX,MemWr,cpu0,gicv3_dist,0,4,0x8000438,a0 a0 a0 a0
1791530182171,TX,MemWr,cpu0,gicv3_dist,0,4,0x800043c,a0 a0 a0 a0
1791530182171,TX,MemWr,cpu0,gicv3_dist,0,4,0x8000440,a0 a0 a0 a0
1791530182171,TX,MemWr,cpu0,gicv3_dist,0,4,0x8000444,a0 a0 a0 a0
1791530182171,TX,MemWr,cpu0,gicv3_dist,0,4,0x8000448,a0 a0 a0 a0
1791530182171,TX,MemWr,cpu0,gicv3_dist,0,4,0x800044c,a0 a0 a0 a0
1791530182171,TX,MemWr,cpu0,gicv3_dist,0,4,0x8000450,a0 a0 a0 a0
1791530182171,TX,MemWr,cpu0,gicv3_dist,0,4,0x8000454,a0 a0 a0 a0
1791530182171,TX,MemWr,cpu0,gicv3_dist,0,4,0x8000458,a0 a0 a0 a0
1791530182171,TX,MemWr,cpu0,gicv3_dist,0,4,0x800045c,a0 a0 a0 a0
1791530182171,TX,MemWr,cpu0,gicv3_dist,0,4,0x8000460,a0 a0 a0 a0
1791530182171,TX,MemWr,cpu0,gicv3_dist,0,4,0x8000464,a0 a0 a0 a0
1791530182171,TX,MemWr,cpu0,gicv3_dist,0,4,0x8000468,a0 a0 a0 a0
1791530182171,TX,MemWr,cpu0,gicv3_dist,0,4,0x800046c,a0 a0 a0 a0
1791530182171,TX,MemWr,cpu0,gicv3_dist,0,4,0x8000470,a0 a0 a0 a0
1791530182171,TX,MemWr,cpu0,gicv3_dist,0,4,0x8000474,a0 a0 a0 a0
1791530182171,TX,MemWr,cpu0,gicv3_dist,0,4,0x8000478,a0 a0 a0 a0
1791530182171,TX,MemWr,cpu0,gicv3_dist,0,4,0x800047c,a0 a0 a0 a0
1791530182171,TX,MemWr,cpu0,gicv3_dist,0,4,0x8000480,a0 a0 a0 a0
1791530182171,TX,MemWr,cpu0,gicv3_dist,0,4,0x8000484,a0 a0 a0 a0
1791530182171,TX,MemWr,cpu0,gicv3_dist,0,4,0x8000488,a0 a0 a0 a0
1791530182171,TX,MemWr,cpu0,gicv3_dist,0,4,0x800048c,a0 a0 a0 a0
1791530182171,TX,MemWr,cpu0,gicv3_dist,0,4,0x8000490,a0 a0 a0 a0
1791530182171,TX,MemWr,cpu0,gicv3_dist,0,4,0x8000494,a0 a0 a0 a0
1791530182171,TX,MemWr,cpu0,gicv3_dist,0,4,0x8000498,a0 a0 a0 a0
1791530182171,TX,MemWr,cpu0,gicv3_dist,0,4,0x800049c,a0 a0 a0 a0
1791530182171,TX,MemWr,cpu0,gicv3_dist,0,4,0x80004a0,a0 a0 a0 a0
1791530182171,TX,MemWr,cpu0,gicv3_dist,0,4,0x80004a4,a0 a0 a0 a0
1791530182171,TX,MemWr,cpu0,gicv3_dist,0,4,0x80004a8,a0 a0 a0 a0
1791530182171,TX,MemWr,cpu0,gicv3_dist,0,4,0x80004ac,a0 a0 a0 a0
1791530182171,TX,MemWr,cpu0,gicv3_dist,0,4,0x80004b0,a0 a0 a0 a0
1791530182171,TX,MemWr,cpu0,gicv3_dist,0,4,0x80004b4,a0 a0 a0 a0
1791530182171,TX,MemWr,cpu0,gicv3_dist,0,4,0x80004b8,a0 a0 a0 a0
1791530182171,TX,MemWr,cpu0,gicv3_dist,0,4,0x80004bc,a0 a0 a0 a0
1791530182171,TX,MemWr,cpu0,gicv3_dist,0,4,0x80004c0,a0 a0 a0 a0
1791530182171,TX,MemWr,cpu0,gicv3_dist,0,4,0x80004c4,a0 a0 a0 a0
1791530182171,TX,MemWr,cpu0,gicv3_dist,0,4,0x80004c8,a0 a0 a0 a0
1791530182171,TX,MemWr,cpu0,gicv3_dist,0,4,0x80004cc,a0 a0 a0 a0
1791530182171,TX,MemWr,cpu0,gicv3_dist,0,4,0x80004d0,a0 a0 a0 a0
1791530182171,TX,MemWr,cpu0,gicv3_dist,0,4,0x80004d4,a0 a0 a0 a0
1791530182171,TX,MemWr,cpu0,gicv3_dist,0,4,0x80004d8,a0 a0 a0 a0
1791530182171,TX,MemWr,cpu0,gicv3_dist,0,4,0x80004dc,a0 a0 a0 a0
1791530182171,TX,MemWr,cpu0,gicv3_dist,0,4,0x80004e0,a0 a0 a0 a0
1791530182171,TX,MemWr,cpu0,gicv3_dist,0,4,0x80004e4,a0 a0 a0 a0
1791530182171,TX,MemWr,cpu0,gicv3_dist,0,4,0x80004e8,a0 a0 a0 a0
1791530182171,TX,MemWr,cpu0,gicv3_dist,0,4,0x80004ec,a0 a0 a0 a0
1791530182171,TX,MemWr,cpu0,gicv3_dist,0,4,0x80004f0,a0 a0 a0 a0
1791530182171,TX,MemWr,cpu0,gicv3_dist,0,4,0x80004f4,a0 a0 a0 a0
1791530182171,TX,MemWr,cpu0,gicv3_dist,0,4,0x80004f8,a0 a0 a0 a0
1791530182171,TX,MemWr,cpu0,gicv3_dist,0,4,0x80004fc,a0 a0 a0 a0
1791530182171,TX,MemWr,cpu0,gicv3_dist,0,4,0x8000500,a0 a0 a0 a0
1791530182171,TX,MemWr,cpu0,gicv3_dist,0,4,0x8000504,a0 a0 a0 a0
1791530182171,TX,MemWr,cpu0,gicv3_dist,0,4,0x8000508,a0 a0 a0 a0
1791530182171,TX,MemWr,cpu0,gicv3_dist,0,4,0x800050c,a0 a0 a0 a0
1791530182171,TX,MemWr,cpu0,gicv3_dist,0,4,0x8000510,a0 a0 a0 a0
1791530182171,TX,MemWr,cpu0,gicv3_dist,0,4,0x8000514,a0 a0 a0 a0
1791530182171,TX,MemWr,cpu0,gicv3_dist,0,4,0x8000518,a0 a0 a0 a0
1791530182171,TX,MemWr,cpu0,gicv3_dist,0,4,0x800051c,a0 a0 a0 a0
1791530182171,TX,MemWr,cpu0,gicv3_dist,0,4,0x8000c08,00 00 00 00
1791530182171,TX,MemWr,cpu0,gicv3_dist,0,4,0x8000c0c,00 00 00 00
1791530182171,TX,MemWr,cpu0,gicv3_dist,0,4,0x8000c10,00 00 00 00
1791530182171,TX,MemWr,cpu0,gicv3_dist,0,4,0x8000c14,00 00 00 00
1791530182171,TX,MemWr,cpu0,gicv3_dist,0,4,0x8000c18,00 00 00 00
1791530182171,TX,MemWr,cpu0,gicv3_dist,0,4,0x8000c1c,00 00 00 00
1791530182171,TX,MemWr,cpu0,gicv3_dist,0,4,0x8000c20,00 00 00 00
1791530182171,TX,MemWr,cpu0,gicv3_dist,0,4,0x8000c24,00 00 00 00
1791530182171,TX,MemWr,cpu0,gicv3_dist,0,4,0x8000c28,00 00 00 00
1791530182171,TX,MemWr,cpu0,gicv3_dist,0,4,0x8000c2c,00 00 00 00
1791530182171,TX,MemWr,cpu0,gicv3_dist,0,4,0x8000c30,00 00 00 00
1791530182171,TX,MemWr,cpu0,gicv3_dist,0,4,0x8000c34,00 00 00 00
1791530182171,TX,MemWr,cpu0,gicv3_dist,0,4,0x8000c38,00 00 00 00
1791530182171,TX,MemWr,cpu0,gicv3_dist,0,4,0x8000c3c,00 00 00 00
1791530182171,TX,MemWr,cpu0,gicv3_dist,0,4,0x8000c40,00 00 00 00
1791530182171,TX,MemWr,cpu0,gicv3_dist,0,4,0x8000c44,00 00 00 00
1791530182171,TX,MemRd,cpu0,gicv3_dist,0,4,0x8000000,30 00 00 00
1791530182171,TX,MemWr,cpu0,gicv3_dist,0,4,0x8000000,34 00 00 00
1791530182171,TX,MemRd,cpu0,gicv3_redist_region[0],0,8,0x80a0008,11 00 00 01
1791530182171,TX,MemRd,cpu0,gicv3_redist_region[0],0,4,0x80a0014,06 00 00 00
1791530182171,TX,MemRd,cpu0,gicv3_redist_region[0],0,4,0x80a0004,3b 04 00 00
1791530182171,TX,MemRd,cpu0,gicv3_redist_region[0],0,4,0x80a0014,06 00 00 00
1791530182171,TX,MemWr,cpu0,gicv3_redist_region[0],0,4,0x80a0014,04 00 00 00
1791530182171,TX,MemRd,cpu0,gicv3_redist_region[0],0,4,0x80a0014,00 00 00 00
1791530182171,TX,MemWr,cpu0,gicv3_redist_region[0],0,4,0x80b0180,ff ff ff ff
1791530182171,TX,MemRd,cpu0,gicv3_redist_region[0],0,4,0x80a0000,02 00 00 00
1791530182171,TX,MemWr,cpu0,gicv3_redist_region[0],0,4,0x80b0280,ff ff ff ff
1791530182171,TX,MemWr,cpu0,gicv3_redist_region[0],0,4,0x80b0080,00 00 00 00
1791530182171,TX,MemWr,cpu0,gicv3_redist_region[0],0,4,0x80b0d00,ff ff ff ff
1791530182171,TX,MemWr,cpu0,gicv3_redist_region[0],0,4,0x80b0400,a0 a0 a0 a0
1791530182171,TX,MemWr,cpu0,gicv3_redist_region[0],0,4,0x80b0404,a0 a0 a0 a0
1791530182171,TX,MemWr,cpu0,gicv3_redist_region[0],0,4,0x80b0408,a0 a0 a0 a0
1791530182171,TX,MemWr,cpu0,gicv3_redist_region[0],0,4,0x80b040c,a0 a0 a0 a0
1791530182171,TX,MemWr,cpu0,gicv3_redist_region[0],0,4,0x80b0410,a0 a0 a0 a0
1791530182171,TX,MemWr,cpu0,gicv3_redist_region[0],0,4,0x80b0414,a0 a0 a0 a0
1791530182171,TX,MemWr,cpu0,gicv3_redist_region[0],0,4,0x80b0418,a0 a0 a0 a0
1791530182171,TX,MemWr,cpu0,gicv3_redist_region[0],0,4,0x80b041c,a0 a0 a0 a0
1791530182171,TX,MemWr,cpu0,gicv3_redist_region[0],0,4,0x80b0c04,00 00 00 00
1791530182171,RX,CfgRd,gpex-root,00:00.0,0,4,0x0,36 1b 08 00
1791530182171,TX,MemRd,cpu0,pcie-mmcfg-mmio,0,4,0x0,36 1b 08 00
1791530182171,RX,CfgRd,gpex-root,00:00.0,0,4,0x8,00 00 00 06
1791530182172,TX,MemRd,cpu0,pcie-mmcfg-mmio,0,4,0x8,00 00 00 06
1791530182172,RX,CfgRd,gpex-root,00:00.0,0,4,0xc,00 00 00 00
1791530182172,TX,MemRd,cpu0,pcie-mmcfg-mmio,0,4,0xc,00 00 00 00
1791530182172,RX,CfgRd,gpex-root,00:00.0,0,4,0x10,00 00 00 00
1791530182172,TX,MemRd,cpu0,pcie-mmcfg-mmio,0,4,0x10,00 00 00 00
1791530182172,TX,MemWr,cpu0,pcie-mmcfg-mmio,0,4,0x10,ff ff ff ff
1791530182172,TX,CfgWr,gpex-root,00:00.0,0,4,0x10,ff ff ff ff
1791530182172,RX,CfgRd,gpex-root,00:00.0,0,4,0x10,00 00 00 00
1791530182172,TX,MemRd,cpu0,pcie-mmcfg-mmio,0,4,0x10,00 00 00 00
1791530182172,TX,MemWr,cpu0,pcie-mmcfg-mmio,0,4,0x10,00 00 00 00
1791530182172,TX,CfgWr,gpex-root,00:00.0,0,4,0x10,00 00 00 00
1791530182172,RX,CfgRd,gpex-root,00:00.0,0,4,0x14,00 00 00 00
1791530182172,TX,MemRd,cpu0,pcie-mmcfg-mmio,0,4,0x14,00 00 00 00
1791530182172,TX,MemWr,cpu0,pcie-mmcfg-mmio,0,4,0x14,ff ff ff ff
1791530182172,TX,CfgWr,gpex-root,00:00.0,0,4,0x14,ff ff ff ff
1791530182172,RX,CfgRd,gpex-root,00:00.0,0,4,0x14,00 00 00 00
1791530182172,TX,MemRd,cpu0,pcie-mmcfg-mmio,0,4,0x14,00 00 00 00
1791530182172,TX,MemWr,cpu0,pcie-mmcfg-mmio,0,4,0x14,00 00 00 00
1791530182172,TX,CfgWr,gpex-root,00:00.0,0,4,0x14,00 00 00 00
1791530182172,RX,CfgRd,gpex-root,00:00.0,0,4,0x18,00 00 00 00
1791530182172,TX,MemRd,cpu0,pcie-mmcfg-mmio,0,4,0x18,00 00 00 00
1791530182172,TX,MemWr,cpu0,pcie-mmcfg-mmio,0,4,0x18,ff ff ff ff
1791530182172,TX,CfgWr,gpex-root,00:00.0,0,4,0x18,ff ff ff ff
1791530182172,RX,CfgRd,gpex-root,00:00.0,0,4,0x18,00 00 00 00
1791530182172,TX,MemRd,cpu0,pcie-mmcfg-mmio,0,4,0x18,00 00 00 00
1791530182172,TX,MemWr,cpu0,pcie-mmcfg-mmio,0,4,0x18,00 00 00 00
1791530182172,TX,CfgWr,gpex-root,00:00.0,0,4,0x18,00 00 00 00
1791530182172,RX,CfgRd,gpex-root,00:00.0,0,4,0x1c,00 00 00 00
1791530182172,TX,MemRd,cpu0,pcie-mmcfg-mmio,0,4,0x1c,00 00 00 00
1791530182172,TX,MemWr,cpu0,pcie-mmcfg-mmio,0,4,0x1c,ff ff ff ff
1791530182172,TX,CfgWr,gpex-root,00:00.0,0,4,0x1c,ff ff ff ff
1791530182172,RX,CfgRd,gpex-root,00:00.0,0,4,0x1c,00 00 00 00
1791530182172,TX,MemRd,cpu0,pcie-mmcfg-mmio,0,4,0x1c,00 00 00 00
1791530182172,TX,MemWr,cpu0,pcie-mmcfg-mmio,0,4,0x1c,00 00 00 00
1791530182172,TX,CfgWr,gpex-root,00:00.0,0,4,0x1c,00 00 00 00
1791530182172,RX,CfgRd,gpex-root,00:00.0,0,4,0x20,00 00 00 00
1791530182172,TX,MemRd,cpu0,pcie-mmcfg-mmio,0,4,0x20,00 00 00 00
1791530182172,TX,MemWr,cpu0,pcie-mmcfg-mmio,0,4,0x20,ff ff ff ff
1791530182172,TX,CfgWr,gpex-root,00:00.0,0,4,0x20,ff ff ff ff
1791530182172,RX,CfgRd,gpex-root,00:00.0,0,4,0x20,00 00 00 00
1791530182172,TX,MemRd,cpu0,pcie-mmcfg-mmio,0,4,0x20,00 00 00 00
1791530182172,TX,MemWr,cpu0,pcie-mmcfg-mmio,0,4,0x20,00 00 00 00
1791530182172,TX,CfgWr,gpex-root,00:00.0,0,4,0x20,00 00 00 00
1791530182172,RX,CfgRd,gpex-root,00:00.0,0,4,0x24,00 00 00 00
1791530182172,TX,MemRd,cpu0,pcie-mmcfg-mmio,0,4,0x24,00 00 00 00
1791530182172,TX,MemWr,cpu0,pcie-mmcfg-mmio,0,4,0x24,ff ff ff ff
1791530182172,TX,CfgWr,gpex-root,00:00.0,0,4,0x24,ff ff ff ff
1791530182172,RX,CfgRd,gpex-root,00:00.0,0,4,0x24,00 00 00 00
1791530182172,TX,MemRd,cpu0,pcie-mmcfg-mmio,0,4,0x24,00 00 00 00
1791530182172,TX,MemWr,cpu0,pcie-mmcfg-mmio,0,4,0x24,00 00 00 00
1791530182172,TX,CfgWr,gpex-root,00:00.0,0,4,0x24,00 00 00 00
1791530182172,RX,CfgRd,pcie-root-port,00:01.0,0,4,0x0,36 1b 0c 00
1791530182172,TX,MemRd,cpu0,pcie-mmcfg-mmio,0,4,0x8000,36 1b 0c 00
1791530182172,RX,CfgRd,pcie-root-port,00:01.0,0,4,0x8,00 00 04 06
1791530182172,TX,MemRd,cpu0,pcie-mmcfg-mmio,0,4,0x8008,00 00 04 06
1791530182172,RX,CfgRd,pcie-root-port,00:01.0,0,4,0xc,00 00 81 00
1791530182172,TX,MemRd,cpu0,pcie-mmcfg-mmio,0,4,0x800c,00 00 81 00
1791530182172,RX,CfgRd,pcie-root-port,00:01.0,0,4,0x8,00 00 04 06
1791530182172,TX,MemRd,cpu0,pcie-mmcfg-mmio,0,4,0x8008,00 00 04 06
1791530182172,RX,CfgRd,pcie-root-port,00:01.0,0,4,0x18,00 00 00 00
1791530182172,TX,MemRd,cpu0,pcie-mmcfg-mmio,0,4,0x8018,00 00 00 00
1791530182172,RX,CfgRd,pcie-root-port,00:01.0,0,4,0x10,00 00 00 00
1791530182172,TX,MemRd,cpu0,pcie-mmcfg-mmio,0,4,0x8010,00 00 00 00
1791530182172,TX,MemWr,cpu0,pcie-mmcfg-mmio,0,4,0x8010,ff ff ff ff
1791530182172,TX,CfgWr,pcie-root-port,00:01.0,0,4,0x10,ff ff ff ff
1791530182172,RX,CfgRd,pcie-root-port,00:01.0,0,4,0x10,00 f0 ff ff
1791530182172,TX,MemRd,cpu0,pcie-mmcfg-mmio,0,4,0x8010,00 f0 ff ff
1791530182172,TX,MemWr,cpu0,pcie-mmcfg-mmio,0,4,0x8010,00 00 00 00
1791530182172,TX,CfgWr,pcie-root-port,00:01.0,0,4,0x10,00 00 00 00
1791530182172,TX,MemWr,cpu0,pcie-mmcfg-mmio,0,4,0x8010,00 00 00 10
1791530182172,TX,CfgWr,pcie-root-port,00:01.0,0,4,0x10,00 00 00 10
1791530182172,RX,CfgRd,pcie-root-port,00:01.0,0,4,0x14,00 00 00 00
1791530182172,TX,MemRd,cpu0,pcie-mmcfg-mmio,0,4,0x8014,00 00 00 00
1791530182172,TX,MemWr,cpu0,pcie-mmcfg-mmio,0,4,0x8014,ff ff ff ff
1791530182172,TX,CfgWr,pcie-root-port,00:01.0,0,4,0x14,ff ff ff ff
1791530182172,RX,CfgRd,pcie-root-port,00:01.0,0,4,0x14,00 00 00 00
1791530182172,TX,MemRd,cpu0,pcie-mmcfg-mmio,0,4,0x8014,00 00 00 00
1791530182172,TX,MemWr,cpu0,pcie-mmcfg-mmio,0,4,0x8014,00 00 00 00
1791530182172,TX,CfgWr,pcie-root-port,00:01.0,0,4,0x14,00 00 00 00
1791530182172,TX,MemWr,cpu0,pcie-mmcfg-mmio,0,4,0x8018,00 01 ff 00
1791530182172,TX,CfgWr,pcie-root-port,00:01.0,0,4,0x18,00 01 ff 00
1791530182172,RX,CfgRd,pcie-root-port,00:01.0,0,4,0x1c,f0 00 00 00
1791530182172,TX,MemRd,cpu0,pcie-mmcfg-mmio,0,4,0x801c,f0 00 00 00
1791530182172,RX,CfgRd,pcie-root-port,00:01.0,0,4,0x30,00 00 00 00
1791530182172,TX,MemRd,cpu0,pcie-mmcfg-mmio,0,4,0x8030,00 00 00 00
1791530182172,TX,MemWr,cpu0,pcie-mmcfg-mmio,0,4,0x801c,f0 00 00 00
1791530182172,TX,CfgWr,pcie-root-port,00:01.0,0,4,0x1c,f0 00 00 00
1791530182172,TX,MemWr,cpu0,pcie-mmcfg-mmio,0,4,0x8030,00 00 00 00
1791530182172,TX,CfgWr,pcie-root-port,00:01.0,0,4,0x30,00 00 00 00
1791530182172,RX,CfgRd,pcie-root-port,00:01.0,0,4,0x4,00 00 10 00
1791530182172,TX,MemRd,cpu0,pcie-mmcfg-mmio,0,4,0x8004,00 00 10 00
1791530182172,TX,MemWr,cpu0,pcie-mmcfg-mmio,0,4,0x8004,01 00 10 00
1791530182172,TX,CfgWr,pcie-root-port,00:01.0,0,4,0x4,01 00 10 00
1791530182172,RX,CfgRd,pcie-root-port,00:01.0,0,4,0x20,f0 ff 00 00
1791530182172,TX,MemRd,cpu0,pcie-mmcfg-mmio,0,4,0x8020,f0 ff 00 00
1791530182172,TX,MemWr,cpu0,pcie-mmcfg-mmio,0,4,0x8020,10 10 00 00
1791530182172,TX,CfgWr,pcie-root-port,00:01.0,0,4,0x20,10 10 00 00
1791530182172,RX,CfgRd,pcie-root-port,00:01.0,0,4,0x4,01 00 10 00
1791530182172,TX,MemRd,cpu0,pcie-mmcfg-mmio,0,4,0x8004,01 00 10 00
1791530182172,TX,MemWr,cpu0,pcie-mmcfg-mmio,0,4,0x8004,03 00 10 00
1791530182172,TX,CfgWr,pcie-root-port,00:01.0,0,4,0x4,03 00 10 00
1791530182172,RX,CfgRd,pcie-root-port,00:01.0,0,4,0x24,f1 ff 01 00
1791530182172,TX,MemRd,cpu0,pcie-mmcfg-mmio,0,4,0x8024,f1 ff 01 00
1791530182172,TX,MemWr,cpu0,pcie-mmcfg-mmio,0,4,0x8024,00 00 01 00
1791530182172,TX,CfgWr,pcie-root-port,00:01.0,0,4,0x24,00 00 01 00
1791530182172,TX,MemWr,cpu0,pcie-mmcfg-mmio,0,4,0x8028,80 00 00 00
1791530182172,TX,CfgWr,pcie-root-port,00:01.0,0,4,0x28,80 00 00 00
1791530182172,RX,CfgRd,pcie-root-port,00:01.0,0,4,0x4,03 00 10 00
1791530182172,TX,MemRd,cpu0,pcie-mmcfg-mmio,0,4,0x8004,03 00 10 00
1791530182172,TX,MemWr,cpu0,pcie-mmcfg-mmio,0,4,0x8004,03 00 10 00
1791530182172,TX,CfgWr,pcie-root-port,00:01.0,0,4,0x4,03 00 10 00
1791530182172,RX,CfgRd,pcie-root-port,00:01.0,0,4,0x4,03 00 10 00
1791530182172,TX,MemRd,cpu0,pcie-mmcfg-mmio,0,4,0x8004,03 00 10 00
1791530182172,TX,MemWr,cpu0,pcie-mmcfg-mmio,0,4,0x8004,07 00 10 00
1791530182172,TX,CfgWr,pcie-root-port,00:01.0,0,4,0x4,07 00 10 00
1791530182172,RX,CfgRd,x3130-upstream,01:00.0,0,4,0x0,4c 10 32 82
1791530182172,TX,MemRd,cpu0,pcie-mmcfg-mmio,0,4,0x100000,4c 10 32 82
1791530182172,RX,CfgRd,x3130-upstream,01:00.0,0,4,0x8,02 00 04 06
1791530182172,TX,MemRd,cpu0,pcie-mmcfg-mmio,0,4,0x100008,02 00 04 06
1791530182172,RX,CfgRd,x3130-upstream,01:00.0,0,4,0xc,00 00 01 00
1791530182172,TX,MemRd,cpu0,pcie-mmcfg-mmio,0,4,0x10000c,00 00 01 00
1791530182172,RX,CfgRd,x3130-upstream,01:00.0,0,4,0x8,02 00 04 06
1791530182172,TX,MemRd,cpu0,pcie-mmcfg-mmio,0,4,0x100008,02 00 04 06
1791530182172,RX,CfgRd,x3130-upstream,01:00.0,0,4,0x18,00 00 00 00
1791530182172,TX,MemRd,cpu0,pcie-mmcfg-mmio,0,4,0x100018,00 00 00 00
1791530182172,RX,CfgRd,x3130-upstream,01:00.0,0,4,0x10,00 00 00 00
1791530182172,TX,MemRd,cpu0,pcie-mmcfg-mmio,0,4,0x100010,00 00 00 00
1791530182172,TX,MemWr,cpu0,pcie-mmcfg-mmio,0,4,0x100010,ff ff ff ff
1791530182172,TX,CfgWr,x3130-upstream,01:00.0,0,4,0x10,ff ff ff ff
1791530182172,RX,CfgRd,x3130-upstream,01:00.0,0,4,0x10,00 00 00 00
1791530182172,TX,MemRd,cpu0,pcie-mmcfg-mmio,0,4,0x100010,00 00 00 00
1791530182172,TX,MemWr,cpu0,pcie-mmcfg-mmio,0,4,0x100010,00 00 00 00
1791530182172,TX,CfgWr,x3130-upstream,01:00.0,0,4,0x10,00 00 00 00
1791530182172,RX,CfgRd,x3130-upstream,01:00.0,0,4,0x14,00 00 00 00
1791530182172,TX,MemRd,cpu0,pcie-mmcfg-mmio,0,4,0x100014,00 00 00 00
1791530182172,TX,MemWr,cpu0,pcie-mmcfg-mmio,0,4,0x100014,ff ff ff ff
1791530182172,TX,CfgWr,x3130-upstream,01:00.0,0,4,0x14,ff ff ff ff
1791530182172,RX,CfgRd,x3130-upstream,01:00.0,0,4,0x14,00 00 00 00
1791530182172,TX,MemRd,cpu0,pcie-mmcfg-mmio,0,4,0x100014,00 00 00 00
1791530182172,TX,MemWr,cpu0,pcie-mmcfg-mmio,0,4,0x100014,00 00 00 00
1791530182172,TX,CfgWr,x3130-upstream,01:00.0,0,4,0x14,00 00 00 00
1791530182172,TX,MemWr,cpu0,pcie-mmcfg-mmio,0,4,0x100018,01 02 ff 00
1791530182172,TX,CfgWr,x3130-upstream,01:00.0,0,4,0x18,01 02 ff 00
1791530182172,RX,CfgRd,x3130-upstream,01:00.0,0,4,0x1c,00 00 00 00
1791530182172,TX,MemRd,cpu0,pcie-mmcfg-mmio,0,4,0x10001c,00 00 00 00
1791530182172,RX,CfgRd,x3130-upstream,01:00.0,0,4,0x30,00 00 00 00
1791530182172,TX,MemRd,cpu0,pcie-mmcfg-mmio,0,4,0x100030,00 00 00 00
1791530182172,TX,MemWr,cpu0,pcie-mmcfg-mmio,0,4,0x10001c,00 00 00 00
1791530182172,TX,CfgWr,x3130-upstream,01:00.0,0,4,0x1c,00 00 00 00
1791530182172,TX,MemWr,cpu0,pcie-mmcfg-mmio,0,4,0x100030,00 00 00 00
1791530182172,TX,CfgWr,x3130-upstream,01:00.0,0,4,0x30,00 00 00 00
1791530182172,RX,CfgRd,x3130-upstream,01:00.0,0,4,0x4,00 00 10 00
1791530182172,TX,MemRd,cpu0,pcie-mmcfg-mmio,0,4,0x100004,00 00 10 00
1791530182172,TX,MemWr,cpu0,pcie-mmcfg-mmio,0,4,0x100004,01 00 10 00
1791530182172,TX,CfgWr,x3130-upstream,01:00.0,0,4,0x4,01 00 10 00
1791530182172,RX,CfgRd,x3130-upstream,01:00.0,0,4,0x20,00 00 00 00
1791530182172,TX,MemRd,cpu0,pcie-mmcfg-mmio,0,4,0x100020,00 00 00 00
1791530182172,TX,MemWr,cpu0,pcie-mmcfg-mmio,0,4,0x100020,10 10 00 00
1791530182172,TX,CfgWr,x3130-upstream,01:00.0,0,4,0x20,10 10 00 00
1791530182172,RX,CfgRd,x3130-upstream,01:00.0,0,4,0x4,01 00 10 00
1791530182172,TX,MemRd,cpu0,pcie-mmcfg-mmio,0,4,0x100004,01 00 10 00
1791530182172,TX,MemWr,cpu0,pcie-mmcfg-mmio,0,4,0x100004,03 00 10 00
1791530182172,TX,CfgWr,x3130-upstream,01:00.0,0,4,0x4,03 00 10 00
1791530182172,RX,CfgRd,x3130-upstream,01:00.0,0,4,0x24,01 00 01 00
1791530182172,TX,MemRd,cpu0,pcie-mmcfg-mmio,0,4,0x100024,01 00 01 00
1791530182172,TX,MemWr,cpu0,pcie-mmcfg-mmio,0,4,0x100024,00 00 01 00
1791530182172,TX,CfgWr,x3130-upstream,01:00.0,0,4,0x24,00 00 01 00
1791530182172,TX,MemWr,cpu0,pcie-mmcfg-mmio,0,4,0x100028,80 00 00 00
1791530182172,TX,CfgWr,x3130-upstream,01:00.0,0,4,0x28,80 00 00 00
1791530182172,RX,CfgRd,x3130-upstream,01:00.0,0,4,0x4,03 00 10 00
1791530182172,TX,MemRd,cpu0,pcie-mmcfg-mmio,0,4,0x100004,03 00 10 00
1791530182172,TX,MemWr,cpu0,pcie-mmcfg-mmio,0,4,0x100004,03 00 10 00
1791530182172,TX,CfgWr,x3130-upstream,01:00.0,0,4,0x4,03 00 10 00
1791530182172,RX,CfgRd,x3130-upstream,01:00.0,0,4,0x4,03 00 10 00
1791530182172,TX,MemRd,cpu0,pcie-mmcfg-mmio,0,4,0x100004,03 00 10 00
1791530182172,TX,MemWr,cpu0,pcie-mmcfg-mmio,0,4,0x100004,07 00 10 00
1791530182172,TX,CfgWr,x3130-upstream,01:00.0,0,4,0x4,07 00 10 00
1791530182172,RX,CfgRd,xio3130-downstream,02:00.0,0,4,0x0,4c 10 33 82
1791530182172,TX,MemRd,cpu0,pcie-mmcfg-mmio,0,4,0x200000,4c 10 33 82
1791530182172,RX,CfgRd,xio3130-downstream,02:00.0,0,4,0x8,01 00 04 06
1791530182172,TX,MemRd,cpu0,pcie-mmcfg-mmio,0,4,0x200008,01 00 04 06
1791530182172,RX,CfgRd,xio3130-downstream,02:00.0,0,4,0xc,00 00 81 00
1791530182172,TX,MemRd,cpu0,pcie-mmcfg-mmio,0,4,0x20000c,00 00 81 00
1791530182172,RX,CfgRd,xio3130-downstream,02:00.0,0,4,0x8,01 00 04 06
1791530182172,TX,MemRd,cpu0,pcie-mmcfg-mmio,0,4,0x200008,01 00 04 06
1791530182173,RX,CfgRd,xio3130-downstream,02:00.0,0,4,0x18,00 00 00 00
1791530182173,TX,MemRd,cpu0,pcie-mmcfg-mmio,0,4,0x200018,00 00 00 00
1791530182173,RX,CfgRd,xio3130-downstream,02:00.0,0,4,0x10,00 00 00 00
1791530182173,TX,MemRd,cpu0,pcie-mmcfg-mmio,0,4,0x200010,00 00 00 00
1791530182173,TX,MemWr,cpu0,pcie-mmcfg-mmio,0,4,0x200010,ff ff ff ff
1791530182173,TX,CfgWr,xio3130-downstream,02:00.0,0,4,0x10,ff ff ff ff
1791530182173,RX,CfgRd,xio3130-downstream,02:00.0,0,4,0x10,00 00 00 00
1791530182173,TX,MemRd,cpu0,pcie-mmcfg-mmio,0,4,0x200010,00 00 00 00
1791530182173,TX,MemWr,cpu0,pcie-mmcfg-mmio,0,4,0x200010,00 00 00 00
1791530182173,TX,CfgWr,xio3130-downstream,02:00.0,0,4,0x10,00 00 00 00
1791530182173,RX,CfgRd,xio3130-downstream,02:00.0,0,4,0x14,00 00 00 00
1791530182173,TX,MemRd,cpu0,pcie-mmcfg-mmio,0,4,0x200014,00 00 00 00
1791530182173,TX,MemWr,cpu0,pcie-mmcfg-mmio,0,4,0x200014,ff ff ff ff
1791530182173,TX,CfgWr,xio3130-downstream,02:00.0,0,4,0x14,ff ff ff ff
1791530182173,RX,CfgRd,xio3130-downstream,02:00.0,0,4,0x14,00 00 00 00
1791530182173,TX,MemRd,cpu0,pcie-mmcfg-mmio,0,4,0x200014,00 00 00 00
1791530182173,TX,MemWr,cpu0,pcie-mmcfg-mmio,0,4,0x200014,00 00 00 00
1791530182173,TX,CfgWr,xio3130-downstream,02:00.0,0,4,0x14,00 00 00 00
1791530182173,TX,MemWr,cpu0,pcie-mmcfg-mmio,0,4,0x200018,02 03 ff 00
1791530182173,TX,CfgWr,xio3130-downstream,02:00.0,0,4,0x18,02 03 ff 00
1791530182173,RX,CfgRd,xio3130-downstream,02:00.0,0,4,0x1c,00 00 00 00
1791530182173,TX,MemRd,cpu0,pcie-mmcfg-mmio,0,4,0x20001c,00 00 00 00
1791530182173,RX,CfgRd,xio3130-downstream,02:00.0,0,4,0x30,00 00 00 00
1791530182173,TX,MemRd,cpu0,pcie-mmcfg-mmio,0,4,0x200030,00 00 00 00
1791530182173,TX,MemWr,cpu0,pcie-mmcfg-mmio,0,4,0x20001c,00 00 00 00
1791530182173,TX,CfgWr,xio3130-downstream,02:00.0,0,4,0x1c,00 00 00 00
1791530182173,TX,MemWr,cpu0,pcie-mmcfg-mmio,0,4,0x200030,00 00 00 00
1791530182173,TX,CfgWr,xio3130-downstream,02:00.0,0,4,0x30,00 00 00 00
1791530182173,RX,CfgRd,xio3130-downstream,02:00.0,0,4,0x4,00 00 10 00
1791530182173,TX,MemRd,cpu0,pcie-mmcfg-mmio,0,4,0x200004,00 00 10 00
1791530182173,TX,MemWr,cpu0,pcie-mmcfg-mmio,0,4,0x200004,01 00 10 00
1791530182173,TX,CfgWr,xio3130-downstream,02:00.0,0,4,0x4,01 00 10 00
1791530182173,RX,CfgRd,xio3130-downstream,02:00.0,0,4,0x20,00 00 00 00
1791530182173,TX,MemRd,cpu0,pcie-mmcfg-mmio,0,4,0x200020,00 00 00 00
1791530182173,TX,MemWr,cpu0,pcie-mmcfg-mmio,0,4,0x200020,10 10 00 00
1791530182173,TX,CfgWr,xio3130-downstream,02:00.0,0,4,0x20,10 10 00 00
1791530182173,RX,CfgRd,xio3130-downstream,02:00.0,0,4,0x4,01 00 10 00
1791530182173,TX,MemRd,cpu0,pcie-mmcfg-mmio,0,4,0x200004,01 00 10 00
1791530182173,TX,MemWr,cpu0,pcie-mmcfg-mmio,0,4,0x200004,03 00 10 00
1791530182173,TX,CfgWr,xio3130-downstream,02:00.0,0,4,0x4,03 00 10 00
1791530182173,RX,CfgRd,xio3130-downstream,02:00.0,0,4,0x24,01 00 01 00
1791530182173,TX,MemRd,cpu0,pcie-mmcfg-mmio,0,4,0x200024,01 00 01 00
1791530182173,TX,MemWr,cpu0,pcie-mmcfg-mmio,0,4,0x200024,00 00 01 00
1791530182173,TX,CfgWr,xio3130-downstream,02:00.0,0,4,0x24,00 00 01 00
1791530182173,TX,MemWr,cpu0,pcie-mmcfg-mmio,0,4,0x200028,80 00 00 00
1791530182173,TX,CfgWr,xio3130-downstream,02:00.0,0,4,0x28,80 00 00 00
1791530182173,RX,CfgRd,xio3130-downstream,02:00.0,0,4,0x4,03 00 10 00
1791530182173,TX,MemRd,cpu0,pcie-mmcfg-mmio,0,4,0x200004,03 00 10 00
1791530182173,TX,MemWr,cpu0,pcie-mmcfg-mmio,0,4,0x200004,03 00 10 00
1791530182173,TX,CfgWr,xio3130-downstream,02:00.0,0,4,0x4,03 00 10 00
1791530182173,RX,CfgRd,xio3130-downstream,02:00.0,0,4,0x4,03 00 10 00
1791530182173,TX,MemRd,cpu0,pcie-mmcfg-mmio,0,4,0x200004,03 00 10 00
1791530182173,TX,MemWr,cpu0,pcie-mmcfg-mmio,0,4,0x200004,07 00 10 00
1791530182173,TX,CfgWr,xio3130-downstream,02:00.0,0,4,0x4,07 00 10 00
1791530182173,RX,CfgRd,nvme,03:00.0,0,4,0x0,36 1b 10 00
1791530182173,TX,MemRd,cpu0,pcie-mmcfg-mmio,0,4,0x300000,36 1b 10 00
1791530182173,RX,CfgRd,nvme,03:00.0,0,4,0x8,02 02 08 01
1791530182173,TX,MemRd,cpu0,pcie-mmcfg-mmio,0,4,0x300008,02 02 08 01
1791530182173,RX,CfgRd,nvme,03:00.0,0,4,0xc,00 00 00 00
1791530182173,TX,MemRd,cpu0,pcie-mmcfg-mmio,0,4,0x30000c,00 00 00 00
1791530182173,RX,CfgRd,nvme,03:00.0,0,4,0x10,04 00 00 00
1791530182173,TX,MemRd,cpu0,pcie-mmcfg-mmio,0,4,0x300010,04 00 00 00
1791530182173,RX,CfgRd,nvme,03:00.0,0,4,0x14,00 00 00 00
1791530182173,TX,MemRd,cpu0,pcie-mmcfg-mmio,0,4,0x300014,00 00 00 00
1791530182173,TX,MemWr,cpu0,pcie-mmcfg-mmio,0,4,0x300010,ff ff ff ff
1791530182173,TX,CfgWr,nvme,03:00.0,0,4,0x10,ff ff ff ff
1791530182173,RX,CfgRd,nvme,03:00.0,0,4,0x10,04 c0 ff ff
1791530182173,TX,MemRd,cpu0,pcie-mmcfg-mmio,0,4,0x300010,04 c0 ff ff
1791530182173,TX,MemWr,cpu0,pcie-mmcfg-mmio,0,4,0x300010,04 00 00 00
1791530182173,TX,CfgWr,nvme,03:00.0,0,4,0x10,04 00 00 00
1791530182173,TX,MemWr,cpu0,pcie-mmcfg-mmio,0,4,0x300014,ff ff ff ff
1791530182173,TX,CfgWr,nvme,03:00.0,0,4,0x14,ff ff ff ff
1791530182173,RX,CfgRd,nvme,03:00.0,0,4,0x14,ff ff ff ff
1791530182173,TX,MemRd,cpu0,pcie-mmcfg-mmio,0,4,0x300014,ff ff ff ff
1791530182173,TX,MemWr,cpu0,pcie-mmcfg-mmio,0,4,0x300014,00 00 00 00
1791530182173,TX,CfgWr,nvme,03:00.0,0,4,0x14,00 00 00 00
1791530182173,TX,MemWr,cpu0,pcie-mmcfg-mmio,0,4,0x300010,00 00 00 00
1791530182173,TX,CfgWr,nvme,03:00.0,0,4,0x10,00 00 00 00
1791530182173,TX,MemWr,cpu0,pcie-mmcfg-mmio,0,4,0x300014,80 00 00 00
1791530182173,TX,CfgWr,nvme,03:00.0,0,4,0x14,80 00 00 00
1791530182173,RX,CfgRd,nvme,03:00.0,0,4,0x18,00 00 00 00
1791530182173,TX,MemRd,cpu0,pcie-mmcfg-mmio,0,4,0x300018,00 00 00 00
1791530182173,TX,MemWr,cpu0,pcie-mmcfg-mmio,0,4,0x300018,ff ff ff ff
1791530182173,TX,CfgWr,nvme,03:00.0,0,4,0x18,ff ff ff ff
1791530182173,RX,CfgRd,nvme,03:00.0,0,4,0x18,00 00 00 00
1791530182173,TX,MemRd,cpu0,pcie-mmcfg-mmio,0,4,0x300018,00 00 00 00
1791530182173,TX,MemWr,cpu0,pcie-mmcfg-mmio,0,4,0x300018,00 00 00 00
1791530182173,TX,CfgWr,nvme,03:00.0,0,4,0x18,00 00 00 00
1791530182173,RX,CfgRd,nvme,03:00.0,0,4,0x1c,00 00 00 00
1791530182173,TX,MemRd,cpu0,pcie-mmcfg-mmio,0,4,0x30001c,00 00 00 00
1791530182173,TX,MemWr,cpu0,pcie-mmcfg-mmio,0,4,0x30001c,ff ff ff ff
1791530182173,TX,CfgWr,nvme,03:00.0,0,4,0x1c,ff ff ff ff
1791530182173,RX,CfgRd,nvme,03:00.0,0,4,0x1c,00 00 00 00
1791530182173,TX,MemRd,cpu0,pcie-mmcfg-mmio,0,4,0x30001c,00 00 00 00
1791530182173,TX,MemWr,cpu0,pcie-mmcfg-mmio,0,4,0x30001c,00 00 00 00
1791530182173,TX,CfgWr,nvme,03:00.0,0,4,0x1c,00 00 00 00
1791530182173,RX,CfgRd,nvme,03:00.0,0,4,0x20,00 00 00 00
1791530182173,TX,MemRd,cpu0,pcie-mmcfg-mmio,0,4,0x300020,00 00 00 00
1791530182173,TX,MemWr,cpu0,pcie-mmcfg-mmio,0,4,0x300020,ff ff ff ff
1791530182173,TX,CfgWr,nvme,03:00.0,0,4,0x20,ff ff ff ff
1791530182173,RX,CfgRd,nvme,03:00.0,0,4,0x20,00 00 00 00
1791530182173,TX,MemRd,cpu0,pcie-mmcfg-mmio,0,4,0x300020,00 00 00 00
1791530182173,TX,MemWr,cpu0,pcie-mmcfg-mmio,0,4,0x300020,00 00 00 00
1791530182173,TX,CfgWr,nvme,03:00.0,0,4,0x20,00 00 00 00
1791530182173,RX,CfgRd,nvme,03:00.0,0,4,0x24,00 00 00 00
1791530182173,TX,MemRd,cpu0,pcie-mmcfg-mmio,0,4,0x300024,00 00 00 00
1791530182173,TX,MemWr,cpu0,pcie-mmcfg-mmio,0,4,0x300024,ff ff ff ff
1791530182173,TX,CfgWr,nvme,03:00.0,0,4,0x24,ff ff ff ff
1791530182173,RX,CfgRd,nvme,03:00.0,0,4,0x24,00 00 00 00
1791530182173,TX,MemRd,cpu0,pcie-mmcfg-mmio,0,4,0x300024,00 00 00 00
1791530182173,TX,MemWr,cpu0,pcie-mmcfg-mmio,0,4,0x300024,00 00 00 00
1791530182173,TX,CfgWr,nvme,03:00.0,0,4,0x24,00 00 00 00
1791530182173,TX,MemRd,cpu0,pcie-mmcfg-mmio,0,4,0x308000,ff ff ff ff
1791530182173,TX,MemRd,cpu0,pcie-mmcfg-mmio,0,4,0x309000,ff ff ff ff
1791530182173,TX,MemRd,cpu0,pcie-mmcfg-mmio,0,4,0x30a000,ff ff ff ff
1791530182173,TX,MemRd,cpu0,pcie-mmcfg-mmio,0,4,0x30b000,ff ff ff ff
1791530182173,TX,MemRd,cpu0,pcie-mmcfg-mmio,0,4,0x30c000,ff ff ff ff
1791530182173,TX,MemRd,cpu0,pcie-mmcfg-mmio,0,4,0x30d000,ff ff ff ff
1791530182173,TX,MemRd,cpu0,pcie-mmcfg-mmio,0,4,0x30e000,ff ff ff ff
1791530182173,TX,MemRd,cpu0,pcie-mmcfg-mmio,0,4,0x30f000,ff ff ff ff
1791530182173,TX,MemRd,cpu0,pcie-mmcfg-mmio,0,4,0x310000,ff ff ff ff
1791530182173,TX,MemRd,cpu0,pcie-mmcfg-mmio,0,4,0x311000,ff ff ff ff
1791530182173,TX,MemRd,cpu0,pcie-mmcfg-mmio,0,4,0x312000,ff ff ff ff
1791530182173,TX,MemRd,cpu0,pcie-mmcfg-mmio,0,4,0x313000,ff ff ff ff
1791530182173,TX,MemRd,cpu0,pcie-mmcfg-mmio,0,4,0x314000,ff ff ff ff
1791530182173,TX,MemRd,cpu0,pcie-mmcfg-mmio,0,4,0x315000,ff ff ff ff
1791530182173,TX,MemRd,cpu0,pcie-mmcfg-mmio,0,4,0x316000,ff ff ff ff
1791530182173,TX,MemRd,cpu0,pcie-mmcfg-mmio,0,4,0x317000,ff ff ff ff
1791530182173,TX,MemRd,cpu0,pcie-mmcfg-mmio,0,4,0x318000,ff ff ff ff
1791530182173,TX,MemRd,cpu0,pcie-mmcfg-mmio,0,4,0x319000,ff ff ff ff
1791530182173,TX,MemRd,cpu0,pcie-mmcfg-mmio,0,4,0x31a000,ff ff ff ff
1791530182173,TX,MemRd,cpu0,pcie-mmcfg-mmio,0,4,0x31b000,ff ff ff ff
1791530182173,TX,MemRd,cpu0,pcie-mmcfg-mmio,0,4,0x31c000,ff ff ff ff
1791530182173,TX,MemRd,cpu0,pcie-mmcfg-mmio,0,4,0x31d000,ff ff ff ff
1791530182173,TX,MemRd,cpu0,pcie-mmcfg-mmio,0,4,0x31e000,ff ff ff ff
1791530182173,TX,MemRd,cpu0,pcie-mmcfg-mmio,0,4,0x31f000,ff ff ff ff
1791530182173,TX,MemRd,cpu0,pcie-mmcfg-mmio,0,4,0x320000,ff ff ff ff
1791530182173,TX,MemRd,cpu0,pcie-mmcfg-mmio,0,4,0x321000,ff ff ff ff
1791530182173,TX,MemRd,cpu0,pcie-mmcfg-mmio,0,4,0x322000,ff ff ff ff
1791530182173,TX,MemRd,cpu0,pcie-mmcfg-mmio,0,4,0x323000,ff ff ff ff
1791530182173,TX,MemRd,cpu0,pcie-mmcfg-mmio,0,4,0x324000,ff ff ff ff
1791530182173,TX,MemRd,cpu0,pcie-mmcfg-mmio,0,4,0x325000,ff ff ff ff
1791530182173,TX,MemRd,cpu0,pcie-mmcfg-mmio,0,4,0x326000,ff ff ff ff
1791530182173,TX,MemRd,cpu0,pcie-mmcfg-mmio,0,4,0x327000,ff ff ff ff
1791530182173,TX,MemRd,cpu0,pcie-mmcfg-mmio,0,4,0x328000,ff ff ff ff
1791530182173,TX,MemRd,cpu0,pcie-mmcfg-mmio,0,4,0x329000,ff ff ff ff
1791530182173,TX,MemRd,cpu0,pcie-mmcfg-mmio,0,4,0x32a000,ff ff ff ff
1791530182173,TX,MemRd,cpu0,pcie-mmcfg-mmio,0,4,0x32b000,ff ff ff ff
1791530182173,TX,MemRd,cpu0,pcie-mmcfg-mmio,0,4,0x32c000,ff ff ff ff
1791530182173,TX,MemRd,cpu0,pcie-mmcfg-mmio,0,4,0x32d000,ff ff ff ff
1791530182173,TX,MemRd,cpu0,pcie-mmcfg-mmio,0,4,0x32e000,ff ff ff ff
1791530182173,TX,MemRd,cpu0,pcie-mmcfg-mmio,0,4,0x32f000,ff ff ff ff
1791530182173,TX,MemRd,cpu0,pcie-mmcfg-mmio,0,4,0x330000,ff ff ff ff
1791530182173,TX,MemRd,cpu0,pcie-mmcfg-mmio,0,4,0x331000,ff ff ff ff
1791530182173,TX,MemRd,cpu0,pcie-mmcfg-mmio,0,4,0x332000,ff ff ff ff
1791530182173,TX,MemRd,cpu0,pcie-mmcfg-mmio,0,4,0x333000,ff ff ff ff
1791530182173,TX,MemRd,cpu0,pcie-mmcfg-mmio,0,4,0x334000,ff ff ff ff
1791530182173,TX,MemRd,cpu0,pcie-mmcfg-mmio,0,4,0x335000,ff ff ff ff
1791530182173,TX,MemRd,cpu0,pcie-mmcfg-mmio,0,4,0x336000,ff ff ff ff
1791530182173,TX,MemRd,cpu0,pcie-mmcfg-mmio,0,4,0x337000,ff ff ff ff
1791530182173,TX,MemRd,cpu0,pcie-mmcfg-mmio,0,4,0x338000,ff ff ff ff
1791530182173,TX,MemRd,cpu0,pcie-mmcfg-mmio,0,4,0x339000,ff ff ff ff
1791530182173,TX,MemRd,cpu0,pcie-mmcfg-mmio,0,4,0x33a000,ff ff ff ff
1791530182173,TX,MemRd,cpu0,pcie-mmcfg-mmio,0,4,0x33b000,ff ff ff ff
1791530182173,TX,MemRd,cpu0,pcie-mmcfg-mmio,0,4,0x33c000,ff ff ff ff
1791530182173,TX,MemRd,cpu0,pcie-mmcfg-mmio,0,4,0x33d000,ff ff ff ff
1791530182173,TX,MemRd,cpu0,pcie-mmcfg-mmio,0,4,0x33e000,ff ff ff ff
1791530182173,TX,MemRd,cpu0,pcie-mmcfg-mmio,0,4,0x33f000,ff ff ff ff
1791530182173,TX,MemRd,cpu0,pcie-mmcfg-mmio,0,4,0x340000,ff ff ff ff
1791530182173,TX,MemRd,cpu0,pcie-mmcfg-mmio,0,4,0x341000,ff ff ff ff
1791530182173,TX,MemRd,cpu0,pcie-mmcfg-mmio,0,4,0x342000,ff ff ff ff
1791530182173,TX,MemRd,cpu0,pcie-mmcfg-mmio,0,4,0x343000,ff ff ff ff
1791530182173,TX,MemRd,cpu0,pcie-mmcfg-mmio,0,4,0x344000,ff ff ff ff
1791530182173,TX,MemRd,cpu0,pcie-mmcfg-mmio,0,4,0x345000,ff ff ff ff
1791530182173,TX,MemRd,cpu0,pcie-mmcfg-mmio,0,4,0x346000,ff ff ff ff
1791530182173,TX,MemRd,cpu0,pcie-mmcfg-mmio,0,4,0x347000,ff ff ff ff
1791530182173,TX,MemRd,cpu0,pcie-mmcfg-mmio,0,4,0x348000,ff ff ff ff
1791530182173,TX,MemRd,cpu0,pcie-mmcfg-mmio,0,4,0x349000,ff ff ff ff
1791530182173,TX,MemRd,cpu0,pcie-mmcfg-mmio,0,4,0x34a000,ff ff ff ff
1791530182173,TX,MemRd,cpu0,pcie-mmcfg-mmio,0,4,0x34b000,ff ff ff ff
1791530182173,TX,MemRd,cpu0,pcie-mmcfg-mmio,0,4,0x34c000,ff ff ff ff
1791530182173,TX,MemRd,cpu0,pcie-mmcfg-mmio,0,4,0x34d000,ff ff ff ff
1791530182173,TX,MemRd,cpu0,pcie-mmcfg-mmio,0,4,0x34e000,ff ff ff ff
1791530182173,TX,MemRd,cpu0,pcie-mmcfg-mmio,0,4,0x34f000,ff ff ff ff
1791530182173,TX,MemRd,cpu0,pcie-mmcfg-mmio,0,4,0x350000,ff ff ff ff
1791530182173,TX,MemRd,cpu0,pcie-mmcfg-mmio,0,4,0x351000,ff ff ff ff
1791530182173,TX,MemRd,cpu0,pcie-mmcfg-mmio,0,4,0x352000,ff ff ff ff
1791530182173,TX,MemRd,cpu0,pcie-mmcfg-mmio,0,4,0x353000,ff ff ff ff
1791530182173,TX,MemRd,cpu0,pcie-mmcfg-mmio,0,4,0x354000,ff ff ff ff
1791530182173,TX,MemRd,cpu0,pcie-mmcfg-mmio,0,4,0x355000,ff ff ff ff
1791530182173,TX,MemRd,cpu0,pcie-mmcfg-mmio,0,4,0x356000,ff ff ff ff
1791530182173,TX,MemRd,cpu0,pcie-mmcfg-mmio,0,4,0x357000,ff ff ff ff
1791530182173,TX,MemRd,cpu0,pcie-mmcfg-mmio,0,4,0x358000,ff ff ff ff
1791530182173,TX,MemRd,cpu0,pcie-mmcfg-mmio,0,4,0x359000,ff ff ff ff
1791530182173,TX,MemRd,cpu0,pcie-mmcfg-mmio,0,4,0x35a000,ff ff ff ff
1791530182173,TX,MemRd,cpu0,pcie-mmcfg-mmio,0,4,0x35b000,ff ff ff ff
1791530182173,TX,MemRd,cpu0,pcie-mmcfg-mmio,0,4,0x35c000,ff ff ff ff
1791530182173,TX,MemRd,cpu0,pcie-mmcfg-mmio,0,4,0x35d000,ff ff ff ff
1791530182173,TX,MemRd,cpu0,pcie-mmcfg-mmio,0,4,0x35e000,ff ff ff ff
1791530182173,TX,MemRd,cpu0,pcie-mmcfg-mmio,0,4,0x35f000,ff ff ff ff
1791530182173,TX,MemRd,cpu0,pcie-mmcfg-mmio,0,4,0x360000,ff ff ff ff
1791530182173,TX,MemRd,cpu0,pcie-mmcfg-mmio,0,4,0x361000,ff ff ff ff
1791530182173,TX,MemRd,cpu0,pcie-mmcfg-mmio,0,4,0x362000,ff ff ff ff
1791530182173,TX,MemRd,cpu0,pcie-mmcfg-mmio,0,4,0x363000,ff ff ff ff
1791530182173,TX,MemRd,cpu0,pcie-mmcfg-mmio,0,4,0x364000,ff ff ff ff
1791530182173,TX,MemRd,cpu0,pcie-mmcfg-mmio,0,4,0x365000,ff ff ff ff
1791530182173,TX,MemRd,cpu0,pcie-mmcfg-mmio,0,4,0x366000,ff ff ff ff
1791530182173,TX,MemRd,cpu0,pcie-mmcfg-mmio,0,4,0x367000,ff ff ff ff
1791530182173,TX,MemRd,cpu0,pcie-mmcfg-mmio,0,4,0x368000,ff ff ff ff
1791530182173,TX,MemRd,cpu0,pcie-mmcfg-mmio,0,4,0x369000,ff ff ff ff
1791530182173,TX,MemRd,cpu0,pcie-mmcfg-mmio,0,4,0x36a000,ff ff ff ff
1791530182173,TX,MemRd,cpu0,pcie-mmcfg-mmio,0,4,0x36b000,ff ff ff ff
1791530182173,TX,MemRd,cpu0,pcie-mmcfg-mmio,0,4,0x36c000,ff ff ff ff
1791530182173,TX,MemRd,cpu0,pcie-mmcfg-mmio,0,4,0x36d000,ff ff ff ff
1791530182173,TX,MemRd,cpu0,pcie-mmcfg-mmio,0,4,0x36e000,ff ff ff ff
1791530182173,TX,MemRd,cpu0,pcie-mmcfg-mmio,0,4,0x36f000,ff ff ff ff
1791530182173,TX,MemRd,cpu0,pcie-mmcfg-mmio,0,4,0x370000,ff ff ff ff
1791530182173,TX,MemRd,cpu0,pcie-mmcfg-mmio,0,4,0x371000,ff ff ff ff
1791530182173,TX,MemRd,cpu0,pcie-mmcfg-mmio,0,4,0x372000,ff ff ff ff
1791530182173,TX,MemRd,cpu0,pcie-mmcfg-mmio,0,4,0x373000,ff ff ff ff
1791530182173,TX,MemRd,cpu0,pcie-mmcfg-mmio,0,4,0x374000,ff ff ff ff
1791530182173,TX,MemRd,cpu0,pcie-mmcfg-mmio,0,4,0x375000,ff ff ff ff
1791530182173,TX,MemRd,cpu0,pcie-mmcfg-mmio,0,4,0x376000,ff ff ff ff
1791530182173,TX,MemRd,cpu0,pcie-mmcfg-mmio,0,4,0x377000,ff ff ff ff
1791530182173,TX,MemRd,cpu0,pcie-mmcfg-mmio,0,4,0x378000,ff ff ff ff
1791530182173,TX,MemRd,cpu0,pcie-mmcfg-mmio,0,4,0x379000,ff ff ff ff
1791530182173,TX,MemRd,cpu0,pcie-mmcfg-mmio,0,4,0x37a000,ff ff ff ff
1791530182173,TX,MemRd,cpu0,pcie-mmcfg-mmio,0,4,0x37b000,ff ff ff ff
1791530182173,TX,MemRd,cpu0,pcie-mmcfg-mmio,0,4,0x37c000,ff ff ff ff
1791530182173,TX,MemRd,cpu0,pcie-mmcfg-mmio,0,4,0x37d000,ff ff ff ff
1791530182173,TX,MemRd,cpu0,pcie-mmcfg-mmio,0,4,0x37e000,ff ff ff ff
1791530182173,TX,MemRd,cpu0,pcie-mmcfg-mmio,0,4,0x37f000,ff ff ff ff
1791530182173,TX,MemRd,cpu0,pcie-mmcfg-mmio,0,4,0x380000,ff ff ff ff
1791530182173,TX,MemRd,cpu0,pcie-mmcfg-mmio,0,4,0x381000,ff ff ff ff
1791530182173,TX,MemRd,cpu0,pcie-mmcfg-mmio,0,4,0x382000,ff ff ff ff
1791530182173,TX,MemRd,cpu0,pcie-mmcfg-mmio,0,4,0x383000,ff ff ff ff
1791530182173,TX,MemRd,cpu0,pcie-mmcfg-mmio,0,4,0x384000,ff ff ff ff
1791530182173,TX,MemRd,cpu0,pcie-mmcfg-mmio,0,4,0x385000,ff ff ff ff
1791530182173,TX,MemRd,cpu0,pcie-mmcfg-mmio,0,4,0x386000,ff ff ff ff
1791530182173,TX,MemRd,cpu0,pcie-mmcfg-mmio,0,4,0x387000,ff ff ff ff
1791530182173,TX,MemRd,cpu0,pcie-mmcfg-mmio,0,4,0x388000,ff ff ff ff
1791530182173,TX,MemRd,cpu0,pcie-mmcfg-mmio,0,4,0x389000,ff ff ff ff
1791530182173,TX,MemRd,cpu0,pcie-mmcfg-mmio,0,4,0x38a000,ff ff ff ff
1791530182173,TX,MemRd,cpu0,pcie-mmcfg-mmio,0,4,0x38b000,ff ff ff ff
1791530182173,TX,MemRd,cpu0,pcie-mmcfg-mmio,0,4,0x38c000,ff ff ff ff
1791530182173,TX,MemRd,cpu0,pcie-mmcfg-mmio,0,4,0x38d000,ff ff ff ff
1791530182173,TX,MemRd,cpu0,pcie-mmcfg-mmio,0,4,0x38e000,ff ff ff ff
1791530182173,TX,MemRd,cpu0,pcie-mmcfg-mmio,0,4,0x38f000,ff ff ff ff
1791530182173,TX,MemRd,cpu0,pcie-mmcfg-mmio,0,4,0x390000,ff ff ff ff
1791530182173,TX,MemRd,cpu0,pcie-mmcfg-mmio,0,4,0x391000,ff ff ff ff
1791530182173,TX,MemRd,cpu0,pcie-mmcfg-mmio,0,4,0x392000,ff ff ff ff
1791530182173,TX,MemRd,cpu0,pcie-mmcfg-mmio,0,4,0x393000,ff ff ff ff
1791530182173,TX,MemRd,cpu0,pcie-mmcfg-mmio,0,4,0x394000,ff ff ff ff
1791530182173,TX,MemRd,cpu0,pcie-mmcfg-mmio,0,4,0x395000,ff ff ff ff
1791530182173,TX,MemRd,cpu0,pcie-mmcfg-mmio,0,4,0x396000,ff ff ff ff
1791530182173,TX,MemRd,cpu0,pcie-mmcfg-mmio,0,4,0x397000,ff ff ff ff
1791530182173,TX,MemRd,cpu0,pcie-mmcfg-mmio,0,4,0x398000,ff ff ff ff
1791530182173,TX,MemRd,cpu0,pcie-mmcfg-mmio,0,4,0x399000,ff ff ff ff
1791530182173,TX,MemRd,cpu0,pcie-mmcfg-mmio,0,4,0x39a000,ff ff ff ff
1791530182173,TX,MemRd,cpu0,pcie-mmcfg-mmio,0,4,0x39b000,ff ff ff ff
1791530182173,TX,MemRd,cpu0,pcie-mmcfg-mmio,0,4,0x39c000,ff ff ff ff
1791530182174,TX,MemRd,cpu0,pcie-mmcfg-mmio,0,4,0x39d000,ff ff ff ff
1791530182174,TX,MemRd,cpu0,pcie-mmcfg-mmio,0,4,0x39e000,ff ff ff ff
1791530182174,TX,MemRd,cpu0,pcie-mmcfg-mmio,0,4,0x39f000,ff ff ff ff
1791530182174,TX,MemRd,cpu0,pcie-mmcfg-mmio,0,4,0x3a0000,ff ff ff ff
1791530182174,TX,MemRd,cpu0,pcie-mmcfg-mmio,0,4,0x3a1000,ff ff ff ff
1791530182174,TX,MemRd,cpu0,pcie-mmcfg-mmio,0,4,0x3a2000,ff ff ff ff
1791530182174,TX,MemRd,cpu0,pcie-mmcfg-mmio,0,4,0x3a3000,ff ff ff ff
1791530182174,TX,MemRd,cpu0,pcie-mmcfg-mmio,0,4,0x3a4000,ff ff ff ff
1791530182174,TX,MemRd,cpu0,pcie-mmcfg-mmio,0,4,0x3a5000,ff ff ff ff
1791530182174,TX,MemRd,cpu0,pcie-mmcfg-mmio,0,4,0x3a6000,ff ff ff ff
1791530182174,TX,MemRd,cpu0,pcie-mmcfg-mmio,0,4,0x3a7000,ff ff ff ff
1791530182174,TX,MemRd,cpu0,pcie-mmcfg-mmio,0,4,0x3a8000,ff ff ff ff
1791530182174,TX,MemRd,cpu0,pcie-mmcfg-mmio,0,4,0x3a9000,ff ff ff ff
1791530182174,TX,MemRd,cpu0,pcie-mmcfg-mmio,0,4,0x3aa000,ff ff ff ff
1791530182174,TX,MemRd,cpu0,pcie-mmcfg-mmio,0,4,0x3ab000,ff ff ff ff
1791530182174,TX,MemRd,cpu0,pcie-mmcfg-mmio,0,4,0x3ac000,ff ff ff ff
1791530182174,TX,MemRd,cpu0,pcie-mmcfg-mmio,0,4,0x3ad000,ff ff ff ff
1791530182174,TX,MemRd,cpu0,pcie-mmcfg-mmio,0,4,0x3ae000,ff ff ff ff
1791530182174,TX,MemRd,cpu0,pcie-mmcfg-mmio,0,4,0x3af000,ff ff ff ff
1791530182174,TX,MemRd,cpu0,pcie-mmcfg-mmio,0,4,0x3b0000,ff ff ff ff
1791530182174,TX,MemRd,cpu0,pcie-mmcfg-mmio,0,4,0x3b1000,ff ff ff ff
1791530182174,TX,MemRd,cpu0,pcie-mmcfg-mmio,0,4,0x3b2000,ff ff ff ff
1791530182174,TX,MemRd,cpu0,pcie-mmcfg-mmio,0,4,0x3b3000,ff ff ff ff
1791530182174,TX,MemRd,cpu0,pcie-mmcfg-mmio,0,4,0x3b4000,ff ff ff ff
1791530182174,TX,MemRd,cpu0,pcie-mmcfg-mmio,0,4,0x3b5000,ff ff ff ff
1791530182174,TX,MemRd,cpu0,pcie-mmcfg-mmio,0,4,0x3b6000,ff ff ff ff
1791530182174,TX,MemRd,cpu0,pcie-mmcfg-mmio,0,4,0x3b7000,ff ff ff ff
1791530182174,TX,MemRd,cpu0,pcie-mmcfg-mmio,0,4,0x3b8000,ff ff ff ff
1791530182174,TX,MemRd,cpu0,pcie-mmcfg-mmio,0,4,0x3b9000,ff ff ff ff
1791530182174,TX,MemRd,cpu0,pcie-mmcfg-mmio,0,4,0x3ba000,ff ff ff ff
1791530182174,TX,MemRd,cpu0,pcie-mmcfg-mmio,0,4,0x3bb000,ff ff ff ff
1791530182174,TX,MemRd,cpu0,pcie-mmcfg-mmio,0,4,0x3bc000,ff ff ff ff
1791530182174,TX,MemRd,cpu0,pcie-mmcfg-mmio,0,4,0x3bd000,ff ff ff ff
1791530182174,TX,MemRd,cpu0,pcie-mmcfg-mmio,0,4,0x3be000,ff ff ff ff
1791530182174,TX,MemRd,cpu0,pcie-mmcfg-mmio,0,4,0x3bf000,ff ff ff ff
1791530182174,TX,MemRd,cpu0,pcie-mmcfg-mmio,0,4,0x3c0000,ff ff ff ff
1791530182174,TX,MemRd,cpu0,pcie-mmcfg-mmio,0,4,0x3c1000,ff ff ff ff
1791530182174,TX,MemRd,cpu0,pcie-mmcfg-mmio,0,4,0x3c2000,ff ff ff ff
1791530182174,TX,MemRd,cpu0,pcie-mmcfg-mmio,0,4,0x3c3000,ff ff ff ff
1791530182174,TX,MemRd,cpu0,pcie-mmcfg-mmio,0,4,0x3c4000,ff ff ff ff
1791530182174,TX,MemRd,cpu0,pcie-mmcfg-mmio,0,4,0x3c5000,ff ff ff ff
1791530182174,TX,MemRd,cpu0,pcie-mmcfg-mmio,0,4,0x3c6000,ff ff ff ff
1791530182174,TX,MemRd,cpu0,pcie-mmcfg-mmio,0,4,0x3c7000,ff ff ff ff
1791530182174,TX,MemRd,cpu0,pcie-mmcfg-mmio,0,4,0x3c8000,ff ff ff ff
1791530182174,TX,MemRd,cpu0,pcie-mmcfg-mmio,0,4,0x3c9000,ff ff ff ff
1791530182174,TX,MemRd,cpu0,pcie-mmcfg-mmio,0,4,0x3ca000,ff ff ff ff
1791530182174,TX,MemRd,cpu0,pcie-mmcfg-mmio,0,4,0x3cb000,ff ff ff ff
1791530182174,TX,MemRd,cpu0,pcie-mmcfg-mmio,0,4,0x3cc000,ff ff ff ff
1791530182174,TX,MemRd,cpu0,pcie-mmcfg-mmio,0,4,0x3cd000,ff ff ff ff
1791530182174,TX,MemRd,cpu0,pcie-mmcfg-mmio,0,4,0x3ce000,ff ff ff ff
1791530182174,TX,MemRd,cpu0,pcie-mmcfg-mmio,0,4,0x3cf000,ff ff ff ff
1791530182174,TX,MemRd,cpu0,pcie-mmcfg-mmio,0,4,0x3d0000,ff ff ff ff
1791530182174,TX,MemRd,cpu0,pcie-mmcfg-mmio,0,4,0x3d1000,ff ff ff ff
1791530182174,TX,MemRd,cpu0,pcie-mmcfg-mmio,0,4,0x3d2000,ff ff ff ff
1791530182174,TX,MemRd,cpu0,pcie-mmcfg-mmio,0,4,0x3d3000,ff ff ff ff
1791530182174,TX,MemRd,cpu0,pcie-mmcfg-mmio,0,4,0x3d4000,ff ff ff ff
1791530182174,TX,MemRd,cpu0,pcie-mmcfg-mmio,0,4,0x3d5000,ff ff ff ff
1791530182174,TX,MemRd,cpu0,pcie-mmcfg-mmio,0,4,0x3d6000,ff ff ff ff
1791530182174,TX,MemRd,cpu0,pcie-mmcfg-mmio,0,4,0x3d7000,ff ff ff ff
1791530182174,TX,MemRd,cpu0,pcie-mmcfg-mmio,0,4,0x3d8000,ff ff ff ff
1791530182174,TX,MemRd,cpu0,pcie-mmcfg-mmio,0,4,0x3d9000,ff ff ff ff
1791530182174,TX,MemRd,cpu0,pcie-mmcfg-mmio,0,4,0x3da000,ff ff ff ff
1791530182174,TX,MemRd,cpu0,pcie-mmcfg-mmio,0,4,0x3db000,ff ff ff ff
1791530182174,TX,MemRd,cpu0,pcie-mmcfg-mmio,0,4,0x3dc000,ff ff ff ff
1791530182174,TX,MemRd,cpu0,pcie-mmcfg-mmio,0,4,0x3dd000,ff ff ff ff
1791530182174,TX,MemRd,cpu0,pcie-mmcfg-mmio,0,4,0x3de000,ff ff ff ff
1791530182174,TX,MemRd,cpu0,pcie-mmcfg-mmio,0,4,0x3df000,ff ff ff ff
1791530182174,TX,MemRd,cpu0,pcie-mmcfg-mmio,0,4,0x3e0000,ff ff ff ff
1791530182174,TX,MemRd,cpu0,pcie-mmcfg-mmio,0,4,0x3e1000,ff ff ff ff
1791530182174,TX,MemRd,cpu0,pcie-mmcfg-mmio,0,4,0x3e2000,ff ff ff ff
1791530182174,TX,MemRd,cpu0,pcie-mmcfg-mmio,0,4,0x3e3000,ff ff ff ff
1791530182174,TX,MemRd,cpu0,pcie-mmcfg-mmio,0,4,0x3e4000,ff ff ff ff
1791530182174,TX,MemRd,cpu0,pcie-mmcfg-mmio,0,4,0x3e5000,ff ff ff ff
1791530182174,TX,MemRd,cpu0,pcie-mmcfg-mmio,0,4,0x3e6000,ff ff ff ff
1791530182174,TX,MemRd,cpu0,pcie-mmcfg-mmio,0,4,0x3e7000,ff ff ff ff
1791530182174,TX,MemRd,cpu0,pcie-mmcfg-mmio,0,4,0x3e8000,ff ff ff ff
1791530182174,TX,MemRd,cpu0,pcie-mmcfg-mmio,0,4,0x3e9000,ff ff ff ff
1791530182174,TX,MemRd,cpu0,pcie-mmcfg-mmio,0,4,0x3ea000,ff ff ff ff
1791530182174,TX,MemRd,cpu0,pcie-mmcfg-mmio,0,4,0x3eb000,ff ff ff ff
1791530182174,TX,MemRd,cpu0,pcie-mmcfg-mmio,0,4,0x3ec000,ff ff ff ff
1791530182174,TX,MemRd,cpu0,pcie-mmcfg-mmio,0,4,0x3ed000,ff ff ff ff
1791530182174,TX,MemRd,cpu0,pcie-mmcfg-mmio,0,4,0x3ee000,ff ff ff ff
1791530182174,TX,MemRd,cpu0,pcie-mmcfg-mmio,0,4,0x3ef000,ff ff ff ff
1791530182174,TX,MemRd,cpu0,pcie-mmcfg-mmio,0,4,0x3f0000,ff ff ff ff
1791530182174,TX,MemRd,cpu0,pcie-mmcfg-mmio,0,4,0x3f1000,ff ff ff ff
1791530182174,TX,MemRd,cpu0,pcie-mmcfg-mmio,0,4,0x3f2000,ff ff ff ff
1791530182174,TX,MemRd,cpu0,pcie-mmcfg-mmio,0,4,0x3f3000,ff ff ff ff
1791530182174,TX,MemRd,cpu0,pcie-mmcfg-mmio,0,4,0x3f4000,ff ff ff ff
1791530182174,TX,MemRd,cpu0,pcie-mmcfg-mmio,0,4,0x3f5000,ff ff ff ff
1791530182174,TX,MemRd,cpu0,pcie-mmcfg-mmio,0,4,0x3f6000,ff ff ff ff
1791530182174,TX,MemRd,cpu0,pcie-mmcfg-mmio,0,4,0x3f7000,ff ff ff ff
1791530182174,TX,MemRd,cpu0,pcie-mmcfg-mmio,0,4,0x3f8000,ff ff ff ff
1791530182174,TX,MemRd,cpu0,pcie-mmcfg-mmio,0,4,0x3f9000,ff ff ff ff
1791530182174,TX,MemRd,cpu0,pcie-mmcfg-mmio,0,4,0x3fa000,ff ff ff ff
1791530182174,TX,MemRd,cpu0,pcie-mmcfg-mmio,0,4,0x3fb000,ff ff ff ff
1791530182174,TX,MemRd,cpu0,pcie-mmcfg-mmio,0,4,0x3fc000,ff ff ff ff
1791530182174,TX,MemRd,cpu0,pcie-mmcfg-mmio,0,4,0x3fd000,ff ff ff ff
1791530182174,TX,MemRd,cpu0,pcie-mmcfg-mmio,0,4,0x3fe000,ff ff ff ff
1791530182174,TX,MemRd,cpu0,pcie-mmcfg-mmio,0,4,0x3ff000,ff ff ff ff
1791530182174,RX,CfgRd,xio3130-downstream,02:00.0,0,4,0x18,02 03 ff 00
1791530182174,TX,MemRd,cpu0,pcie-mmcfg-mmio,0,4,0x200018,02 03 ff 00
1791530182174,TX,MemWr,cpu0,pcie-mmcfg-mmio,0,4,0x200018,02 03 03 00
1791530182174,TX,CfgWr,xio3130-downstream,02:00.0,0,4,0x18,02 03 03 00
1791530182174,RX,CfgRd,xio3130-downstream,02:00.0,0,4,0x1c,00 00 00 00
1791530182174,TX,MemRd,cpu0,pcie-mmcfg-mmio,0,4,0x20001c,00 00 00 00
1791530182174,RX,CfgRd,xio3130-downstream,02:00.0,0,4,0x30,00 00 00 00
1791530182174,TX,MemRd,cpu0,pcie-mmcfg-mmio,0,4,0x200030,00 00 00 00
1791530182174,TX,MemWr,cpu0,pcie-mmcfg-mmio,0,4,0x20001c,00 00 00 00
1791530182174,TX,CfgWr,xio3130-downstream,02:00.0,0,4,0x1c,00 00 00 00
1791530182174,TX,MemWr,cpu0,pcie-mmcfg-mmio,0,4,0x200030,00 00 00 00
1791530182174,TX,CfgWr,xio3130-downstream,02:00.0,0,4,0x30,00 00 00 00
1791530182174,RX,CfgRd,xio3130-downstream,02:00.0,0,4,0x20,10 10 00 00
1791530182174,TX,MemRd,cpu0,pcie-mmcfg-mmio,0,4,0x200020,10 10 00 00
1791530182174,TX,MemWr,cpu0,pcie-mmcfg-mmio,0,4,0x200020,10 10 0f 10
1791530182174,TX,CfgWr,xio3130-downstream,02:00.0,0,4,0x20,10 10 0f 10
1791530182174,RX,CfgRd,xio3130-downstream,02:00.0,0,4,0x24,01 00 01 00
1791530182174,TX,MemRd,cpu0,pcie-mmcfg-mmio,0,4,0x200024,01 00 01 00
1791530182174,TX,MemWr,cpu0,pcie-mmcfg-mmio,0,4,0x200024,01 00 0f 00
1791530182174,TX,CfgWr,xio3130-downstream,02:00.0,0,4,0x24,01 00 0f 00
1791530182174,TX,MemWr,cpu0,pcie-mmcfg-mmio,0,4,0x20002c,80 00 00 00
1791530182174,TX,CfgWr,xio3130-downstream,02:00.0,0,4,0x2c,80 00 00 00
1791530182174,RX,CfgRd,xio3130-downstream,02:00.1,0,4,0x0,4c 10 33 82
1791530182174,TX,MemRd,cpu0,pcie-mmcfg-mmio,0,4,0x201000,4c 10 33 82
1791530182174,RX,CfgRd,xio3130-downstream,02:00.1,0,4,0x8,01 00 04 06
1791530182174,TX,MemRd,cpu0,pcie-mmcfg-mmio,0,4,0x201008,01 00 04 06
1791530182174,RX,CfgRd,xio3130-downstream,02:00.1,0,4,0xc,00 00 01 00
1791530182174,TX,MemRd,cpu0,pcie-mmcfg-mmio,0,4,0x20100c,00 00 01 00
1791530182174,RX,CfgRd,xio3130-downstream,02:00.1,0,4,0x8,01 00 04 06
1791530182174,TX,MemRd,cpu0,pcie-mmcfg-mmio,0,4,0x201008,01 00 04 06
1791530182174,RX,CfgRd,xio3130-downstream,02:00.1,0,4,0x18,00 00 00 00
1791530182174,TX,MemRd,cpu0,pcie-mmcfg-mmio,0,4,0x201018,00 00 00 00
1791530182174,RX,CfgRd,xio3130-downstream,02:00.1,0,4,0x10,00 00 00 00
1791530182174,TX,MemRd,cpu0,pcie-mmcfg-mmio,0,4,0x201010,00 00 00 00
1791530182174,TX,MemWr,cpu0,pcie-mmcfg-mmio,0,4,0x201010,ff ff ff ff
1791530182174,TX,CfgWr,xio3130-downstream,02:00.1,0,4,0x10,ff ff ff ff
1791530182174,RX,CfgRd,xio3130-downstream,02:00.1,0,4,0x10,00 00 00 00
1791530182174,TX,MemRd,cpu0,pcie-mmcfg-mmio,0,4,0x201010,00 00 00 00
1791530182174,TX,MemWr,cpu0,pcie-mmcfg-mmio,0,4,0x201010,00 00 00 00
1791530182174,TX,CfgWr,xio3130-downstream,02:00.1,0,4,0x10,00 00 00 00
1791530182174,RX,CfgRd,xio3130-downstream,02:00.1,0,4,0x14,00 00 00 00
1791530182174,TX,MemRd,cpu0,pcie-mmcfg-mmio,0,4,0x201014,00 00 00 00
1791530182174,TX,MemWr,cpu0,pcie-mmcfg-mmio,0,4,0x201014,ff ff ff ff
1791530182174,TX,CfgWr,xio3130-downstream,02:00.1,0,4,0x14,ff ff ff ff
1791530182174,RX,CfgRd,xio3130-downstream,02:00.1,0,4,0x14,00 00 00 00
1791530182174,TX,MemRd,cpu0,pcie-mmcfg-mmio,0,4,0x201014,00 00 00 00
1791530182174,TX,MemWr,cpu0,pcie-mmcfg-mmio,0,4,0x201014,00 00 00 00
1791530182174,TX,CfgWr,xio3130-downstream,02:00.1,0,4,0x14,00 00 00 00
1791530182174,TX,MemWr,cpu0,pcie-mmcfg-mmio,0,4,0x201018,02 04 ff 00
1791530182174,TX,CfgWr,xio3130-downstream,02:00.1,0,4,0x18,02 04 ff 00
1791530182174,RX,CfgRd,xio3130-downstream,02:00.1,0,4,0x1c,00 00 00 00
1791530182174,TX,MemRd,cpu0,pcie-mmcfg-mmio,0,4,0x20101c,00 00 00 00
1791530182174,RX,CfgRd,xio3130-downstream,02:00.1,0,4,0x30,00 00 00 00
1791530182174,TX,MemRd,cpu0,pcie-mmcfg-mmio,0,4,0x201030,00 00 00 00
1791530182174,TX,MemWr,cpu0,pcie-mmcfg-mmio,0,4,0x20101c,00 00 00 00
1791530182174,TX,CfgWr,xio3130-downstream,02:00.1,0,4,0x1c,00 00 00 00
1791530182174,TX,MemWr,cpu0,pcie-mmcfg-mmio,0,4,0x201030,00 00 00 00
1791530182174,TX,CfgWr,xio3130-downstream,02:00.1,0,4,0x30,00 00 00 00
1791530182174,RX,CfgRd,xio3130-downstream,02:00.1,0,4,0x4,00 00 10 00
1791530182174,TX,MemRd,cpu0,pcie-mmcfg-mmio,0,4,0x201004,00 00 10 00
1791530182174,TX,MemWr,cpu0,pcie-mmcfg-mmio,0,4,0x201004,01 00 10 00
1791530182174,TX,CfgWr,xio3130-downstream,02:00.1,0,4,0x4,01 00 10 00
1791530182174,RX,CfgRd,xio3130-downstream,02:00.1,0,4,0x20,00 00 00 00
1791530182174,TX,MemRd,cpu0,pcie-mmcfg-mmio,0,4,0x201020,00 00 00 00
1791530182174,TX,MemWr,cpu0,pcie-mmcfg-mmio,0,4,0x201020,10 10 00 00
1791530182174,TX,CfgWr,xio3130-downstream,02:00.1,0,4,0x20,10 10 00 00
1791530182174,RX,CfgRd,xio3130-downstream,02:00.1,0,4,0x4,01 00 10 00
1791530182174,TX,MemRd,cpu0,pcie-mmcfg-mmio,0,4,0x201004,01 00 10 00
1791530182174,TX,MemWr,cpu0,pcie-mmcfg-mmio,0,4,0x201004,03 00 10 00
1791530182174,TX,CfgWr,xio3130-downstream,02:00.1,0,4,0x4,03 00 10 00
1791530182174,RX,CfgRd,xio3130-downstream,02:00.1,0,4,0x24,01 00 01 00
1791530182174,TX,MemRd,cpu0,pcie-mmcfg-mmio,0,4,0x201024,01 00 01 00
1791530182174,TX,MemWr,cpu0,pcie-mmcfg-mmio,0,4,0x201024,10 00 01 00
1791530182174,TX,CfgWr,xio3130-downstream,02:00.1,0,4,0x24,10 00 01 00
1791530182174,TX,MemWr,cpu0,pcie-mmcfg-mmio,0,4,0x201028,80 00 00 00
1791530182174,TX,CfgWr,xio3130-downstream,02:00.1,0,4,0x28,80 00 00 00
1791530182174,RX,CfgRd,xio3130-downstream,02:00.1,0,4,0x4,03 00 10 00
1791530182174,TX,MemRd,cpu0,pcie-mmcfg-mmio,0,4,0x201004,03 00 10 00
1791530182174,TX,MemWr,cpu0,pcie-mmcfg-mmio,0,4,0x201004,03 00 10 00
1791530182174,TX,CfgWr,xio3130-downstream,02:00.1,0,4,0x4,03 00 10 00
1791530182174,RX,CfgRd,xio3130-downstream,02:00.1,0,4,0x4,03 00 10 00
1791530182174,TX,MemRd,cpu0,pcie-mmcfg-mmio,0,4,0x201004,03 00 10 00
1791530182174,TX,MemWr,cpu0,pcie-mmcfg-mmio,0,4,0x201004,07 00 10 00
1791530182174,TX,CfgWr,xio3130-downstream,02:00.1,0,4,0x4,07 00 10 00
1791530182174,RX,CfgRd,nvme,04:00.0,0,4,0x0,36 1b 10 00
1791530182174,TX,MemRd,cpu0,pcie-mmcfg-mmio,0,4,0x400000,36 1b 10 00
1791530182174,RX,CfgRd,nvme,04:00.0,0,4,0x8,02 02 08 01
1791530182174,TX,MemRd,cpu0,pcie-mmcfg-mmio,0,4,0x400008,02 02 08 01
1791530182174,RX,CfgRd,nvme,04:00.0,0,4,0xc,00 00 00 00
1791530182174,TX,MemRd,cpu0,pcie-mmcfg-mmio,0,4,0x40000c,00 00 00 00
1791530182174,RX,CfgRd,nvme,04:00.0,0,4,0x10,04 00 00 00
1791530182174,TX,MemRd,cpu0,pcie-mmcfg-mmio,0,4,0x400010,04 00 00 00
1791530182174,RX,CfgRd,nvme,04:00.0,0,4,0x14,00 00 00 00
1791530182174,TX,MemRd,cpu0,pcie-mmcfg-mmio,0,4,0x400014,00 00 00 00
1791530182174,TX,MemWr,cpu0,pcie-mmcfg-mmio,0,4,0x400010,ff ff ff ff
1791530182174,TX,CfgWr,nvme,04:00.0,0,4,0x10,ff ff ff ff
1791530182174,RX,CfgRd,nvme,04:00.0,0,4,0x10,04 c0 ff ff
1791530182174,TX,MemRd,cpu0,pcie-mmcfg-mmio,0,4,0x400010,04 c0 ff ff
1791530182174,TX,MemWr,cpu0,pcie-mmcfg-mmio,0,4,0x400010,04 00 00 00
1791530182174,TX,CfgWr,nvme,04:00.0,0,4,0x10,04 00 00 00
1791530182174,TX,MemWr,cpu0,pcie-mmcfg-mmio,0,4,0x400014,ff ff ff ff
1791530182174,TX,CfgWr,nvme,04:00.0,0,4,0x14,ff ff ff ff
1791530182174,RX,CfgRd,nvme,04:00.0,0,4,0x14,ff ff ff ff
1791530182174,TX,MemRd,cpu0,pcie-mmcfg-mmio,0,4,0x400014,ff ff ff ff
1791530182174,TX,MemWr,cpu0,pcie-mmcfg-mmio,0,4,0x400014,00 00 00 00
1791530182174,TX,CfgWr,nvme,04:00.0,0,4,0x14,00 00 00 00
1791530182174,TX,MemWr,cpu0,pcie-mmcfg-mmio,0,4,0x400010,00 00 10 00
1791530182174,TX,CfgWr,nvme,04:00.0,0,4,0x10,00 00 10 00
1791530182174,TX,MemWr,cpu0,pcie-mmcfg-mmio,0,4,0x400014,80 00 00 00
1791530182174,TX,CfgWr,nvme,04:00.0,0,4,0x14,80 00 00 00
1791530182174,RX,CfgRd,nvme,04:00.0,0,4,0x18,00 00 00 00
1791530182174,TX,MemRd,cpu0,pcie-mmcfg-mmio,0,4,0x400018,00 00 00 00
1791530182174,TX,MemWr,cpu0,pcie-mmcfg-mmio,0,4,0x400018,ff ff ff ff
1791530182174,TX,CfgWr,nvme,04:00.0,0,4,0x18,ff ff ff ff
1791530182174,RX,CfgRd,nvme,04:00.0,0,4,0x18,00 00 00 00
1791530182174,TX,MemRd,cpu0,pcie-mmcfg-mmio,0,4,0x400018,00 00 00 00
1791530182174,TX,MemWr,cpu0,pcie-mmcfg-mmio,0,4,0x400018,00 00 00 00
1791530182174,TX,CfgWr,nvme,04:00.0,0,4,0x18,00 00 00 00
1791530182174,RX,CfgRd,nvme,04:00.0,0,4,0x1c,00 00 00 00
1791530182174,TX,MemRd,cpu0,pcie-mmcfg-mmio,0,4,0x40001c,00 00 00 00
1791530182174,TX,MemWr,cpu0,pcie-mmcfg-mmio,0,4,0x40001c,ff ff ff ff
1791530182174,TX,CfgWr,nvme,04:00.0,0,4,0x1c,ff ff ff ff
1791530182174,RX,CfgRd,nvme,04:00.0,0,4,0x1c,00 00 00 00
1791530182174,TX,MemRd,cpu0,pcie-mmcfg-mmio,0,4,0x40001c,00 00 00 00
1791530182174,TX,MemWr,cpu0,pcie-mmcfg-mmio,0,4,0x40001c,00 00 00 00
1791530182174,TX,CfgWr,nvme,04:00.0,0,4,0x1c,00 00 00 00
1791530182174,RX,CfgRd,nvme,04:00.0,0,4,0x20,00 00 00 00
1791530182174,TX,MemRd,cpu0,pcie-mmcfg-mmio,0,4,0x400020,00 00 00 00
1791530182174,TX,MemWr,cpu0,pcie-mmcfg-mmio,0,4,0x400020,ff ff ff ff
1791530182174,TX,CfgWr,nvme,04:00.0,0,4,0x20,ff ff ff ff
1791530182174,RX,CfgRd,nvme,04:00.0,0,4,0x20,00 00 00 00
1791530182174,TX,MemRd,cpu0,pcie-mmcfg-mmio,0,4,0x400020,00 00 00 00
1791530182174,TX,MemWr,cpu0,pcie-mmcfg-mmio,0,4,0x400020,00 00 00 00
1791530182174,TX,CfgWr,nvme,04:00.0,0,4,0x20,00 00 00 00
1791530182174,RX,CfgRd,nvme,04:00.0,0,4,0x24,00 00 00 00
1791530182174,TX,MemRd,cpu0,pcie-mmcfg-mmio,0,4,0x400024,00 00 00 00
1791530182174,TX,MemWr,cpu0,pcie-mmcfg-mmio,0,4,0x400024,ff ff ff ff
1791530182174,TX,CfgWr,nvme,04:00.0,0,4,0x24,ff ff ff ff
1791530182174,RX,CfgRd,nvme,04:00.0,0,4,0x24,00 00 00 00
1791530182174,TX,MemRd,cpu0,pcie-mmcfg-mmio,0,4,0x400024,00 00 00 00
1791530182174,TX,MemWr,cpu0,pcie-mmcfg-mmio,0,4,0x400024,00 00 00 00
1791530182174,TX,CfgWr,nvme,04:00.0,0,4,0x24,00 00 00 00
1791530182174,TX,MemRd,cpu0,pcie-mmcfg-mmio,0,4,0x408000,ff ff ff ff
1791530182174,TX,MemRd,cpu0,pcie-mmcfg-mmio,0,4,0x409000,ff ff ff ff
1791530182174,TX,MemRd,cpu0,pcie-mmcfg-mmio,0,4,0x40a000,ff ff ff ff
1791530182174,TX,MemRd,cpu0,pcie-mmcfg-mmio,0,4,0x40b000,ff ff ff ff
1791530182175,TX,MemRd,cpu0,pcie-mmcfg-mmio,0,4,0x40c000,ff ff ff ff
1791530182175,TX,MemRd,cpu0,pcie-mmcfg-mmio,0,4,0x40d000,ff ff ff ff
1791530182175,TX,MemRd,cpu0,pcie-mmcfg-mmio,0,4,0x40e000,ff ff ff ff
1791530182175,TX,MemRd,cpu0,pcie-mmcfg-mmio,0,4,0x40f000,ff ff ff ff
1791530182175,TX,MemRd,cpu0,pcie-mmcfg-mmio,0,4,0x410000,ff ff ff ff
1791530182175,TX,MemRd,cpu0,pcie-mmcfg-mmio,0,4,0x411000,ff ff ff ff
1791530182175,TX,MemRd,cpu0,pcie-mmcfg-mmio,0,4,0x412000,ff ff ff ff
1791530182175,TX,MemRd,cpu0,pcie-mmcfg-mmio,0,4,0x413000,ff ff ff ff
1791530182175,TX,MemRd,cpu0,pcie-mmcfg-mmio,0,4,0x414000,ff ff ff ff
1791530182175,TX,MemRd,cpu0,pcie-mmcfg-mmio,0,4,0x415000,ff ff ff ff
1791530182175,TX,MemRd,cpu0,pcie-mmcfg-mmio,0,4,0x416000,ff ff ff ff
1791530182175,TX,MemRd,cpu0,pcie-mmcfg-mmio,0,4,0x417000,ff ff ff ff
1791530182175,TX,MemRd,cpu0,pcie-mmcfg-mmio,0,4,0x418000,ff ff ff ff
1791530182175,TX,MemRd,cpu0,pcie-mmcfg-mmio,0,4,0x419000,ff ff ff ff
1791530182175,TX,MemRd,cpu0,pcie-mmcfg-mmio,0,4,0x41a000,ff ff ff ff
1791530182175,TX,MemRd,cpu0,pcie-mmcfg-mmio,0,4,0x41b000,ff ff ff ff
1791530182175,TX,MemRd,cpu0,pcie-mmcfg-mmio,0,4,0x41c000,ff ff ff ff
1791530182175,TX,MemRd,cpu0,pcie-mmcfg-mmio,0,4,0x41d000,ff ff ff ff
1791530182175,TX,MemRd,cpu0,pcie-mmcfg-mmio,0,4,0x41e000,ff ff ff ff
1791530182175,TX,MemRd,cpu0,pcie-mmcfg-mmio,0,4,0x41f000,ff ff ff ff
1791530182175,TX,MemRd,cpu0,pcie-mmcfg-mmio,0,4,0x420000,ff ff ff ff
1791530182175,TX,MemRd,cpu0,pcie-mmcfg-mmio,0,4,0x421000,ff ff ff ff
1791530182175,TX,MemRd,cpu0,pcie-mmcfg-mmio,0,4,0x422000,ff ff ff ff
1791530182175,TX,MemRd,cpu0,pcie-mmcfg-mmio,0,4,0x423000,ff ff ff ff
1791530182175,TX,MemRd,cpu0,pcie-mmcfg-mmio,0,4,0x424000,ff ff ff ff
1791530182175,TX,MemRd,cpu0,pcie-mmcfg-mmio,0,4,0x425000,ff ff ff ff
1791530182175,TX,MemRd,cpu0,pcie-mmcfg-mmio,0,4,0x426000,ff ff ff ff
1791530182175,TX,MemRd,cpu0,pcie-mmcfg-mmio,0,4,0x427000,ff ff ff ff
1791530182175,TX,MemRd,cpu0,pcie-mmcfg-mmio,0,4,0x428000,ff ff ff ff
1791530182175,TX,MemRd,cpu0,pcie-mmcfg-mmio,0,4,0x429000,ff ff ff ff
1791530182175,TX,MemRd,cpu0,pcie-mmcfg-mmio,0,4,0x42a000,ff ff ff ff
1791530182175,TX,MemRd,cpu0,pcie-mmcfg-mmio,0,4,0x42b000,ff ff ff ff
1791530182175,TX,MemRd,cpu0,pcie-mmcfg-mmio,0,4,0x42c000,ff ff ff ff
1791530182175,TX,MemRd,cpu0,pcie-mmcfg-mmio,0,4,0x42d000,ff ff ff ff
1791530182175,TX,MemRd,cpu0,pcie-mmcfg-mmio,0,4,0x42e000,ff ff ff ff
1791530182175,TX,MemRd,cpu0,pcie-mmcfg-mmio,0,4,0x42f000,ff ff ff ff
1791530182175,TX,MemRd,cpu0,pcie-mmcfg-mmio,0,4,0x430000,ff ff ff ff
1791530182175,TX,MemRd,cpu0,pcie-mmcfg-mmio,0,4,0x431000,ff ff ff ff
1791530182175,TX,MemRd,cpu0,pcie-mmcfg-mmio,0,4,0x432000,ff ff ff ff
1791530182175,TX,MemRd,cpu0,pcie-mmcfg-mmio,0,4,0x433000,ff ff ff ff
1791530182175,TX,MemRd,cpu0,pcie-mmcfg-mmio,0,4,0x434000,ff ff ff ff
1791530182175,TX,MemRd,cpu0,pcie-mmcfg-mmio,0,4,0x435000,ff ff ff ff
1791530182175,TX,MemRd,cpu0,pcie-mmcfg-mmio,0,4,0x436000,ff ff ff ff
1791530182175,TX,MemRd,cpu0,pcie-mmcfg-mmio,0,4,0x437000,ff ff ff ff
1791530182175,TX,MemRd,cpu0,pcie-mmcfg-mmio,0,4,0x438000,ff ff ff ff
1791530182175,TX,MemRd,cpu0,pcie-mmcfg-mmio,0,4,0x439000,ff ff ff ff
1791530182175,TX,MemRd,cpu0,pcie-mmcfg-mmio,0,4,0x43a000,ff ff ff ff
1791530182175,TX,MemRd,cpu0,pcie-mmcfg-mmio,0,4,0x43b000,ff ff ff ff
1791530182175,TX,MemRd,cpu0,pcie-mmcfg-mmio,0,4,0x43c000,ff ff ff ff
1791530182175,TX,MemRd,cpu0,pcie-mmcfg-mmio,0,4,0x43d000,ff ff ff ff
1791530182175,TX,MemRd,cpu0,pcie-mmcfg-mmio,0,4,0x43e000,ff ff ff ff
1791530182175,TX,MemRd,cpu0,pcie-mmcfg-mmio,0,4,0x43f000,ff ff ff ff
1791530182175,TX,MemRd,cpu0,pcie-mmcfg-mmio,0,4,0x440000,ff ff ff ff
1791530182175,TX,MemRd,cpu0,pcie-mmcfg-mmio,0,4,0x441000,ff ff ff ff
1791530182175,TX,MemRd,cpu0,pcie-mmcfg-mmio,0,4,0x442000,ff ff ff ff
1791530182175,TX,MemRd,cpu0,pcie-mmcfg-mmio,0,4,0x443000,ff ff ff ff
1791530182175,TX,MemRd,cpu0,pcie-mmcfg-mmio,0,4,0x444000,ff ff ff ff
1791530182175,TX,MemRd,cpu0,pcie-mmcfg-mmio,0,4,0x445000,ff ff ff ff
1791530182175,TX,MemRd,cpu0,pcie-mmcfg-mmio,0,4,0x446000,ff ff ff ff
1791530182175,TX,MemRd,cpu0,pcie-mmcfg-mmio,0,4,0x447000,ff ff ff ff
1791530182175,TX,MemRd,cpu0,pcie-mmcfg-mmio,0,4,0x448000,ff ff ff ff
1791530182175,TX,MemRd,cpu0,pcie-mmcfg-mmio,0,4,0x449000,ff ff ff ff
1791530182175,TX,MemRd,cpu0,pcie-mmcfg-mmio,0,4,0x44a000,ff ff ff ff
1791530182175,TX,MemRd,cpu0,pcie-mmcfg-mmio,0,4,0x44b000,ff ff ff ff
1791530182175,TX,MemRd,cpu0,pcie-mmcfg-mmio,0,4,0x44c000,ff ff ff ff
1791530182175,TX,MemRd,cpu0,pcie-mmcfg-mmio,0,4,0x44d000,ff ff ff ff
1791530182175,TX,MemRd,cpu0,pcie-mmcfg-mmio,0,4,0x44e000,ff ff ff ff
1791530182175,TX,MemRd,cpu0,pcie-mmcfg-mmio,0,4,0x44f000,ff ff ff ff
1791530182175,TX,MemRd,cpu0,pcie-mmcfg-mmio,0,4,0x450000,ff ff ff ff
1791530182175,TX,MemRd,cpu0,pcie-mmcfg-mmio,0,4,0x451000,ff ff ff ff
1791530182175,TX,MemRd,cpu0,pcie-mmcfg-mmio,0,4,0x452000,ff ff ff ff
1791530182175,TX,MemRd,cpu0,pcie-mmcfg-mmio,0,4,0x453000,ff ff ff ff
1791530182175,TX,MemRd,cpu0,pcie-mmcfg-mmio,0,4,0x454000,ff ff ff ff
1791530182175,TX,MemRd,cpu0,pcie-mmcfg-mmio,0,4,0x455000,ff ff ff ff
1791530182175,TX,MemRd,cpu0,pcie-mmcfg-mmio,0,4,0x456000,ff ff ff ff
1791530182175,TX,MemRd,cpu0,pcie-mmcfg-mmio,0,4,0x457000,ff ff ff ff
1791530182175,TX,MemRd,cpu0,pcie-mmcfg-mmio,0,4,0x458000,ff ff ff ff
1791530182175,TX,MemRd,cpu0,pcie-mmcfg-mmio,0,4,0x459000,ff ff ff ff
1791530182175,TX,MemRd,cpu0,pcie-mmcfg-mmio,0,4,0x45a000,ff ff ff ff
1791530182175,TX,MemRd,cpu0,pcie-mmcfg-mmio,0,4,0x45b000,ff ff ff ff
1791530182175,TX,MemRd,cpu0,pcie-mmcfg-mmio,0,4,0x45c000,ff ff ff ff
1791530182175,TX,MemRd,cpu0,pcie-mmcfg-mmio,0,4,0x45d000,ff ff ff ff
1791530182175,TX,MemRd,cpu0,pcie-mmcfg-mmio,0,4,0x45e000,ff ff ff ff
1791530182175,TX,MemRd,cpu0,pcie-mmcfg-mmio,0,4,0x45f000,ff ff ff ff
1791530182175,TX,MemRd,cpu0,pcie-mmcfg-mmio,0,4,0x460000,ff ff ff ff
1791530182175,TX,MemRd,cpu0,pcie-mmcfg-mmio,0,4,0x461000,ff ff ff ff
1791530182175,TX,MemRd,cpu0,pcie-mmcfg-mmio,0,4,0x462000,ff ff ff ff
1791530182175,TX,MemRd,cpu0,pcie-mmcfg-mmio,0,4,0x463000,ff ff ff ff
1791530182175,TX,MemRd,cpu0,pcie-mmcfg-mmio,0,4,0x464000,ff ff ff ff
1791530182175,TX,MemRd,cpu0,pcie-mmcfg-mmio,0,4,0x465000,ff ff ff ff
1791530182175,TX,MemRd,cpu0,pcie-mmcfg-mmio,0,4,0x466000,ff ff ff ff
1791530182175,TX,MemRd,cpu0,pcie-mmcfg-mmio,0,4,0x467000,ff ff ff ff
1791530182175,TX,MemRd,cpu0,pcie-mmcfg-mmio,0,4,0x468000,ff ff ff ff
1791530182175,TX,MemRd,cpu0,pcie-mmcfg-mmio,0,4,0x469000,ff ff ff ff
1791530182175,TX,MemRd,cpu0,pcie-mmcfg-mmio,0,4,0x46a000,ff ff ff ff
1791530182175,TX,MemRd,cpu0,pcie-mmcfg-mmio,0,4,0x46b000,ff ff ff ff
1791530182175,TX,MemRd,cpu0,pcie-mmcfg-mmio,0,4,0x46c000,ff ff ff ff
1791530182175,TX,MemRd,cpu0,pcie-mmcfg-mmio,0,4,0x46d000,ff ff ff ff
1791530182175,TX,MemRd,cpu0,pcie-mmcfg-mmio,0,4,0x46e000,ff ff ff ff
1791530182175,TX,MemRd,cpu0,pcie-mmcfg-mmio,0,4,0x46f000,ff ff ff ff
1791530182175,TX,MemRd,cpu0,pcie-mmcfg-mmio,0,4,0x470000,ff ff ff ff
1791530182175,TX,MemRd,cpu0,pcie-mmcfg-mmio,0,4,0x471000,ff ff ff ff
1791530182175,TX,MemRd,cpu0,pcie-mmcfg-mmio,0,4,0x472000,ff ff ff ff
1791530182175,TX,MemRd,cpu0,pcie-mmcfg-mmio,0,4,0x473000,ff ff ff ff
1791530182175,TX,MemRd,cpu0,pcie-mmcfg-mmio,0,4,0x474000,ff ff ff ff
1791530182175,TX,MemRd,cpu0,pcie-mmcfg-mmio,0,4,0x475000,ff ff ff ff
1791530182175,TX,MemRd,cpu0,pcie-mmcfg-mmio,0,4,0x476000,ff ff ff ff
1791530182175,TX,MemRd,cpu0,pcie-mmcfg-mmio,0,4,0x477000,ff ff ff ff
1791530182175,TX,MemRd,cpu0,pcie-mmcfg-mmio,0,4,0x478000,ff ff ff ff
1791530182175,TX,MemRd,cpu0,pcie-mmcfg-mmio,0,4,0x479000,ff ff ff ff
1791530182175,TX,MemRd,cpu0,pcie-mmcfg-mmio,0,4,0x47a000,ff ff ff ff
1791530182175,TX,MemRd,cpu0,pcie-mmcfg-mmio,0,4,0x47b000,ff ff ff ff
1791530182175,TX,MemRd,cpu0,pcie-mmcfg-mmio,0,4,0x47c000,ff ff ff ff
1791530182175,TX,MemRd,cpu0,pcie-mmcfg-mmio,0,4,0x47d000,ff ff ff ff
1791530182175,TX,MemRd,cpu0,pcie-mmcfg-mmio,0,4,0x47e000,ff ff ff ff
1791530182175,TX,MemRd,cpu0,pcie-mmcfg-mmio,0,4,0x47f000,ff ff ff ff
1791530182175,TX,MemRd,cpu0,pcie-mmcfg-mmio,0,4,0x480000,ff ff ff ff
1791530182175,TX,MemRd,cpu0,pcie-mmcfg-mmio,0,4,0x481000,ff ff ff ff
1791530182175,TX,MemRd,cpu0,pcie-mmcfg-mmio,0,4,0x482000,ff ff ff ff
1791530182175,TX,MemRd,cpu0,pcie-mmcfg-mmio,0,4,0x483000,ff ff ff ff
1791530182175,TX,MemRd,cpu0,pcie-mmcfg-mmio,0,4,0x484000,ff ff ff ff
1791530182175,TX,MemRd,cpu0,pcie-mmcfg-mmio,0,4,0x485000,ff ff ff ff
1791530182175,TX,MemRd,cpu0,pcie-mmcfg-mmio,0,4,0x486000,ff ff ff ff
1791530182175,TX,MemRd,cpu0,pcie-mmcfg-mmio,0,4,0x487000,ff ff ff ff
1791530182175,TX,MemRd,cpu0,pcie-mmcfg-mmio,0,4,0x488000,ff ff ff ff
1791530182175,TX,MemRd,cpu0,pcie-mmcfg-mmio,0,4,0x489000,ff ff ff ff
1791530182175,TX,MemRd,cpu0,pcie-mmcfg-mmio,0,4,0x48a000,ff ff ff ff
1791530182175,TX,MemRd,cpu0,pcie-mmcfg-mmio,0,4,0x48b000,ff ff ff ff
1791530182175,TX,MemRd,cpu0,pcie-mmcfg-mmio,0,4,0x48c000,ff ff ff ff
1791530182175,TX,MemRd,cpu0,pcie-mmcfg-mmio,0,4,0x48d000,ff ff ff ff
1791530182175,TX,MemRd,cpu0,pcie-mmcfg-mmio,0,4,0x48e000,ff ff ff ff
1791530182175,TX,MemRd,cpu0,pcie-mmcfg-mmio,0,4,0x48f000,ff ff ff ff
1791530182175,TX,MemRd,cpu0,pcie-mmcfg-mmio,0,4,0x490000,ff ff ff ff
1791530182175,TX,MemRd,cpu0,pcie-mmcfg-mmio,0,4,0x491000,ff ff ff ff
1791530182175,TX,MemRd,cpu0,pcie-mmcfg-mmio,0,4,0x492000,ff ff ff ff
1791530182175,TX,MemRd,cpu0,pcie-mmcfg-mmio,0,4,0x493000,ff ff ff ff
1791530182175,TX,MemRd,cpu0,pcie-mmcfg-mmio,0,4,0x494000,ff ff ff ff
1791530182175,TX,MemRd,cpu0,pcie-mmcfg-mmio,0,4,0x495000,ff ff ff ff
1791530182175,TX,MemRd,cpu0,pcie-mmcfg-mmio,0,4,0x496000,ff ff ff ff
1791530182175,TX,MemRd,cpu0,pcie-mmcfg-mmio,0,4,0x497000,ff ff ff ff
1791530182175,TX,MemRd,cpu0,pcie-mmcfg-mmio,0,4,0x498000,ff ff ff ff
1791530182175,TX,MemRd,cpu0,pcie-mmcfg-mmio,0,4,0x499000,ff ff ff ff
1791530182175,TX,MemRd,cpu0,pcie-mmcfg-mmio,0,4,0x49a000,ff ff ff ff
1791530182175,TX,MemRd,cpu0,pcie-mmcfg-mmio,0,4,0x49b000,ff ff ff ff
1791530182175,TX,MemRd,cpu0,pcie-mmcfg-mmio,0,4,0x49c000,ff ff ff ff
1791530182175,TX,MemRd,cpu0,pcie-mmcfg-mmio,0,4,0x49d000,ff ff ff ff
1791530182175,TX,MemRd,cpu0,pcie-mmcfg-mmio,0,4,0x49e000,ff ff ff ff
1791530182175,TX,MemRd,cpu0,pcie-mmcfg-mmio,0,4,0x49f000,ff ff ff ff
1791530182175,TX,MemRd,cpu0,pcie-mmcfg-mmio,0,4,0x4a0000,ff ff ff ff
1791530182175,TX,MemRd,cpu0,pcie-mmcfg-mmio,0,4,0x4a1000,ff ff ff ff
1791530182175,TX,MemRd,cpu0,pcie-mmcfg-mmio,0,4,0x4a2000,ff ff ff ff
1791530182175,TX,MemRd,cpu0,pcie-mmcfg-mmio,0,4,0x4a3000,ff ff ff ff
1791530182175,TX,MemRd,cpu0,pcie-mmcfg-mmio,0,4,0x4a4000,ff ff ff ff
1791530182175,TX,MemRd,cpu0,pcie-mmcfg-mmio,0,4,0x4a5000,ff ff ff ff
1791530182175,TX,MemRd,cpu0,pcie-mmcfg-mmio,0,4,0x4a6000,ff ff ff ff
1791530182175,TX,MemRd,cpu0,pcie-mmcfg-mmio,0,4,0x4a7000,ff ff ff ff
1791530182175,TX,MemRd,cpu0,pcie-mmcfg-mmio,0,4,0x4a8000,ff ff ff ff
1791530182175,TX,MemRd,cpu0,pcie-mmcfg-mmio,0,4,0x4a9000,ff ff ff ff
1791530182175,TX,MemRd,cpu0,pcie-mmcfg-mmio,0,4,0x4aa000,ff ff ff ff
1791530182175,TX,MemRd,cpu0,pcie-mmcfg-mmio,0,4,0x4ab000,ff ff ff ff
1791530182175,TX,MemRd,cpu0,pcie-mmcfg-mmio,0,4,0x4ac000,ff ff ff ff
1791530182175,TX,MemRd,cpu0,pcie-mmcfg-mmio,0,4,0x4ad000,ff ff ff ff
1791530182175,TX,MemRd,cpu0,pcie-mmcfg-mmio,0,4,0x4ae000,ff ff ff ff
1791530182175,TX,MemRd,cpu0,pcie-mmcfg-mmio,0,4,0x4af000,ff ff ff ff
1791530182175,TX,MemRd,cpu0,pcie-mmcfg-mmio,0,4,0x4b0000,ff ff ff ff
1791530182175,TX,MemRd,cpu0,pcie-mmcfg-mmio,0,4,0x4b1000,ff ff ff ff
1791530182175,TX,MemRd,cpu0,pcie-mmcfg-mmio,0,4,0x4b2000,ff ff ff ff
1791530182175,TX,MemRd,cpu0,pcie-mmcfg-mmio,0,4,0x4b3000,ff ff ff ff
1791530182175,TX,MemRd,cpu0,pcie-mmcfg-mmio,0,4,0x4b4000,ff ff ff ff
1791530182175,TX,MemRd,cpu0,pcie-mmcfg-mmio,0,4,0x4b5000,ff ff ff ff
1791530182175,TX,MemRd,cpu0,pcie-mmcfg-mmio,0,4,0x4b6000,ff ff ff ff
1791530182175,TX,MemRd,cpu0,pcie-mmcfg-mmio,0,4,0x4b7000,ff ff ff ff
1791530182175,TX,MemRd,cpu0,pcie-mmcfg-mmio,0,4,0x4b8000,ff ff ff ff
1791530182175,TX,MemRd,cpu0,pcie-mmcfg-mmio,0,4,0x4b9000,ff ff ff ff
1791530182175,TX,MemRd,cpu0,pcie-mmcfg-mmio,0,4,0x4ba000,ff ff ff ff
1791530182175,TX,MemRd,cpu0,pcie-mmcfg-mmio,0,4,0x4bb000,ff ff ff ff
1791530182175,TX,MemRd,cpu0,pcie-mmcfg-mmio,0,4,0x4bc000,ff ff ff ff
1791530182175,TX,MemRd,cpu0,pcie-mmcfg-mmio,0,4,0x4bd000,ff ff ff ff
1791530182175,TX,MemRd,cpu0,pcie-mmcfg-mmio,0,4,0x4be000,ff ff ff ff
1791530182175,TX,MemRd,cpu0,pcie-mmcfg-mmio,0,4,0x4bf000,ff ff ff ff
1791530182176,TX,MemRd,cpu0,pcie-mmcfg-mmio,0,4,0x4c0000,ff ff ff ff
1791530182176,TX,MemRd,cpu0,pcie-mmcfg-mmio,0,4,0x4c1000,ff ff ff ff
1791530182176,TX,MemRd,cpu0,pcie-mmcfg-mmio,0,4,0x4c2000,ff ff ff ff
1791530182176,TX,MemRd,cpu0,pcie-mmcfg-mmio,0,4,0x4c3000,ff ff ff ff
1791530182176,TX,MemRd,cpu0,pcie-mmcfg-mmio,0,4,0x4c4000,ff ff ff ff
1791530182176,TX,MemRd,cpu0,pcie-mmcfg-mmio,0,4,0x4c5000,ff ff ff ff
1791530182176,TX,MemRd,cpu0,pcie-mmcfg-mmio,0,4,0x4c6000,ff ff ff ff
1791530182176,TX,MemRd,cpu0,pcie-mmcfg-mmio,0,4,0x4c7000,ff ff ff ff
1791530182176,TX,MemRd,cpu0,pcie-mmcfg-mmio,0,4,0x4c8000,ff ff ff ff
1791530182176,TX,MemRd,cpu0,pcie-mmcfg-mmio,0,4,0x4c9000,ff ff ff ff
1791530182176,TX,MemRd,cpu0,pcie-mmcfg-mmio,0,4,0x4ca000,ff ff ff ff
1791530182176,TX,MemRd,cpu0,pcie-mmcfg-mmio,0,4,0x4cb000,ff ff ff ff
1791530182176,TX,MemRd,cpu0,pcie-mmcfg-mmio,0,4,0x4cc000,ff ff ff ff
1791530182176,TX,MemRd,cpu0,pcie-mmcfg-mmio,0,4,0x4cd000,ff ff ff ff
1791530182176,TX,MemRd,cpu0,pcie-mmcfg-mmio,0,4,0x4ce000,ff ff ff ff
1791530182176,TX,MemRd,cpu0,pcie-mmcfg-mmio,0,4,0x4cf000,ff ff ff ff
1791530182176,TX,MemRd,cpu0,pcie-mmcfg-mmio,0,4,0x4d0000,ff ff ff ff
1791530182176,TX,MemRd,cpu0,pcie-mmcfg-mmio,0,4,0x4d1000,ff ff ff ff
1791530182176,TX,MemRd,cpu0,pcie-mmcfg-mmio,0,4,0x4d2000,ff ff ff ff
1791530182176,TX,MemRd,cpu0,pcie-mmcfg-mmio,0,4,0x4d3000,ff ff ff ff
1791530182176,TX,MemRd,cpu0,pcie-mmcfg-mmio,0,4,0x4d4000,ff ff ff ff
1791530182176,TX,MemRd,cpu0,pcie-mmcfg-mmio,0,4,0x4d5000,ff ff ff ff
1791530182176,TX,MemRd,cpu0,pcie-mmcfg-mmio,0,4,0x4d6000,ff ff ff ff
1791530182176,TX,MemRd,cpu0,pcie-mmcfg-mmio,0,4,0x4d7000,ff ff ff ff
1791530182176,TX,MemRd,cpu0,pcie-mmcfg-mmio,0,4,0x4d8000,ff ff ff ff
1791530182176,TX,MemRd,cpu0,pcie-mmcfg-mmio,0,4,0x4d9000,ff ff ff ff
1791530182176,TX,MemRd,cpu0,pcie-mmcfg-mmio,0,4,0x4da000,ff ff ff ff
1791530182176,TX,MemRd,cpu0,pcie-mmcfg-mmio,0,4,0x4db000,ff ff ff ff
1791530182176,TX,MemRd,cpu0,pcie-mmcfg-mmio,0,4,0x4dc000,ff ff ff ff
1791530182176,TX,MemRd,cpu0,pcie-mmcfg-mmio,0,4,0x4dd000,ff ff ff ff
1791530182176,TX,MemRd,cpu0,pcie-mmcfg-mmio,0,4,0x4de000,ff ff ff ff
1791530182176,TX,MemRd,cpu0,pcie-mmcfg-mmio,0,4,0x4df000,ff ff ff ff
1791530182176,TX,MemRd,cpu0,pcie-mmcfg-mmio,0,4,0x4e0000,ff ff ff ff
1791530182176,TX,MemRd,cpu0,pcie-mmcfg-mmio,0,4,0x4e1000,ff ff ff ff
1791530182176,TX,MemRd,cpu0,pcie-mmcfg-mmio,0,4,0x4e2000,ff ff ff ff
1791530182176,TX,MemRd,cpu0,pcie-mmcfg-mmio,0,4,0x4e3000,ff ff ff ff
1791530182176,TX,MemRd,cpu0,pcie-mmcfg-mmio,0,4,0x4e4000,ff ff ff ff
1791530182176,TX,MemRd,cpu0,pcie-mmcfg-mmio,0,4,0x4e5000,ff ff ff ff
1791530182176,TX,MemRd,cpu0,pcie-mmcfg-mmio,0,4,0x4e6000,ff ff ff ff
1791530182176,TX,MemRd,cpu0,pcie-mmcfg-mmio,0,4,0x4e7000,ff ff ff ff
1791530182176,TX,MemRd,cpu0,pcie-mmcfg-mmio,0,4,0x4e8000,ff ff ff ff
1791530182176,TX,MemRd,cpu0,pcie-mmcfg-mmio,0,4,0x4e9000,ff ff ff ff
1791530182176,TX,MemRd,cpu0,pcie-mmcfg-mmio,0,4,0x4ea000,ff ff ff ff
1791530182176,TX,MemRd,cpu0,pcie-mmcfg-mmio,0,4,0x4eb000,ff ff ff ff
1791530182176,TX,MemRd,cpu0,pcie-mmcfg-mmio,0,4,0x4ec000,ff ff ff ff
1791530182176,TX,MemRd,cpu0,pcie-mmcfg-mmio,0,4,0x4ed000,ff ff ff ff
1791530182176,TX,MemRd,cpu0,pcie-mmcfg-mmio,0,4,0x4ee000,ff ff ff ff
1791530182176,TX,MemRd,cpu0,pcie-mmcfg-mmio,0,4,0x4ef000,ff ff ff ff
1791530182176,TX,MemRd,cpu0,pcie-mmcfg-mmio,0,4,0x4f0000,ff ff ff ff
1791530182176,TX,MemRd,cpu0,pcie-mmcfg-mmio,0,4,0x4f1000,ff ff ff ff
1791530182176,TX,MemRd,cpu0,pcie-mmcfg-mmio,0,4,0x4f2000,ff ff ff ff
1791530182176,TX,MemRd,cpu0,pcie-mmcfg-mmio,0,4,0x4f3000,ff ff ff ff
1791530182176,TX,MemRd,cpu0,pcie-mmcfg-mmio,0,4,0x4f4000,ff ff ff ff
1791530182176,TX,MemRd,cpu0,pcie-mmcfg-mmio,0,4,0x4f5000,ff ff ff ff
1791530182176,TX,MemRd,cpu0,pcie-mmcfg-mmio,0,4,0x4f6000,ff ff ff ff
1791530182176,TX,MemRd,cpu0,pcie-mmcfg-mmio,0,4,0x4f7000,ff ff ff ff
1791530182176,TX,MemRd,cpu0,pcie-mmcfg-mmio,0,4,0x4f8000,ff ff ff ff
1791530182176,TX,MemRd,cpu0,pcie-mmcfg-mmio,0,4,0x4f9000,ff ff ff ff
1791530182176,TX,MemRd,cpu0,pcie-mmcfg-mmio,0,4,0x4fa000,ff ff ff ff
1791530182176,TX,MemRd,cpu0,pcie-mmcfg-mmio,0,4,0x4fb000,ff ff ff ff
1791530182176,TX,MemRd,cpu0,pcie-mmcfg-mmio,0,4,0x4fc000,ff ff ff ff
1791530182176,TX,MemRd,cpu0,pcie-mmcfg-mmio,0,4,0x4fd000,ff ff ff ff
1791530182176,TX,MemRd,cpu0,pcie-mmcfg-mmio,0,4,0x4fe000,ff ff ff ff
1791530182176,TX,MemRd,cpu0,pcie-mmcfg-mmio,0,4,0x4ff000,ff ff ff ff
1791530182176,RX,CfgRd,xio3130-downstream,02:00.1,0,4,0x18,02 04 ff 00
1791530182176,TX,MemRd,cpu0,pcie-mmcfg-mmio,0,4,0x201018,02 04 ff 00
1791530182176,TX,MemWr,cpu0,pcie-mmcfg-mmio,0,4,0x201018,02 04 04 00
1791530182176,TX,CfgWr,xio3130-downstream,02:00.1,0,4,0x18,02 04 04 00
1791530182176,RX,CfgRd,xio3130-downstream,02:00.1,0,4,0x1c,00 00 00 00
1791530182176,TX,MemRd,cpu0,pcie-mmcfg-mmio,0,4,0x20101c,00 00 00 00
1791530182176,RX,CfgRd,xio3130-downstream,02:00.1,0,4,0x30,00 00 00 00
1791530182176,TX,MemRd,cpu0,pcie-mmcfg-mmio,0,4,0x201030,00 00 00 00
1791530182176,TX,MemWr,cpu0,pcie-mmcfg-mmio,0,4,0x20101c,00 00 00 00
1791530182176,TX,CfgWr,xio3130-downstream,02:00.1,0,4,0x1c,00 00 00 00
1791530182176,TX,MemWr,cpu0,pcie-mmcfg-mmio,0,4,0x201030,00 00 00 00
1791530182176,TX,CfgWr,xio3130-downstream,02:00.1,0,4,0x30,00 00 00 00
1791530182176,RX,CfgRd,xio3130-downstream,02:00.1,0,4,0x20,10 10 00 00
1791530182176,TX,MemRd,cpu0,pcie-mmcfg-mmio,0,4,0x201020,10 10 00 00
1791530182176,TX,MemWr,cpu0,pcie-mmcfg-mmio,0,4,0x201020,10 10 0f 10
1791530182176,TX,CfgWr,xio3130-downstream,02:00.1,0,4,0x20,10 10 0f 10
1791530182176,RX,CfgRd,xio3130-downstream,02:00.1,0,4,0x24,11 00 01 00
1791530182176,TX,MemRd,cpu0,pcie-mmcfg-mmio,0,4,0x201024,11 00 01 00
1791530182176,TX,MemWr,cpu0,pcie-mmcfg-mmio,0,4,0x201024,11 00 1f 00
1791530182176,TX,CfgWr,xio3130-downstream,02:00.1,0,4,0x24,11 00 1f 00
1791530182176,TX,MemWr,cpu0,pcie-mmcfg-mmio,0,4,0x20102c,80 00 00 00
1791530182176,TX,CfgWr,xio3130-downstream,02:00.1,0,4,0x2c,80 00 00 00
1791530182176,TX,MemRd,cpu0,pcie-mmcfg-mmio,0,4,0x202000,ff ff ff ff
1791530182176,TX,MemRd,cpu0,pcie-mmcfg-mmio,0,4,0x203000,ff ff ff ff
1791530182176,TX,MemRd,cpu0,pcie-mmcfg-mmio,0,4,0x204000,ff ff ff ff
1791530182176,TX,MemRd,cpu0,pcie-mmcfg-mmio,0,4,0x205000,ff ff ff ff
1791530182176,TX,MemRd,cpu0,pcie-mmcfg-mmio,0,4,0x206000,ff ff ff ff
1791530182176,TX,MemRd,cpu0,pcie-mmcfg-mmio,0,4,0x207000,ff ff ff ff
1791530182176,TX,MemRd,cpu0,pcie-mmcfg-mmio,0,4,0x208000,ff ff ff ff
1791530182176,TX,MemRd,cpu0,pcie-mmcfg-mmio,0,4,0x209000,ff ff ff ff
1791530182176,TX,MemRd,cpu0,pcie-mmcfg-mmio,0,4,0x20a000,ff ff ff ff
1791530182176,TX,MemRd,cpu0,pcie-mmcfg-mmio,0,4,0x20b000,ff ff ff ff
1791530182176,TX,MemRd,cpu0,pcie-mmcfg-mmio,0,4,0x20c000,ff ff ff ff
1791530182176,TX,MemRd,cpu0,pcie-mmcfg-mmio,0,4,0x20d000,ff ff ff ff
1791530182176,TX,MemRd,cpu0,pcie-mmcfg-mmio,0,4,0x20e000,ff ff ff ff
1791530182176,TX,MemRd,cpu0,pcie-mmcfg-mmio,0,4,0x20f000,ff ff ff ff
1791530182176,TX,MemRd,cpu0,pcie-mmcfg-mmio,0,4,0x210000,ff ff ff ff
1791530182176,TX,MemRd,cpu0,pcie-mmcfg-mmio,0,4,0x211000,ff ff ff ff
1791530182176,TX,MemRd,cpu0,pcie-mmcfg-mmio,0,4,0x212000,ff ff ff ff
1791530182176,TX,MemRd,cpu0,pcie-mmcfg-mmio,0,4,0x213000,ff ff ff ff
1791530182176,TX,MemRd,cpu0,pcie-mmcfg-mmio,0,4,0x214000,ff ff ff ff
1791530182176,TX,MemRd,cpu0,pcie-mmcfg-mmio,0,4,0x215000,ff ff ff ff
1791530182176,TX,MemRd,cpu0,pcie-mmcfg-mmio,0,4,0x216000,ff ff ff ff
1791530182176,TX,MemRd,cpu0,pcie-mmcfg-mmio,0,4,0x217000,ff ff ff ff
1791530182176,TX,MemRd,cpu0,pcie-mmcfg-mmio,0,4,0x218000,ff ff ff ff
1791530182176,TX,MemRd,cpu0,pcie-mmcfg-mmio,0,4,0x219000,ff ff ff ff
1791530182176,TX,MemRd,cpu0,pcie-mmcfg-mmio,0,4,0x21a000,ff ff ff ff
1791530182176,TX,MemRd,cpu0,pcie-mmcfg-mmio,0,4,0x21b000,ff ff ff ff
1791530182176,TX,MemRd,cpu0,pcie-mmcfg-mmio,0,4,0x21c000,ff ff ff ff
1791530182176,TX,MemRd,cpu0,pcie-mmcfg-mmio,0,4,0x21d000,ff ff ff ff
1791530182176,TX,MemRd,cpu0,pcie-mmcfg-mmio,0,4,0x21e000,ff ff ff ff
1791530182176,TX,MemRd,cpu0,pcie-mmcfg-mmio,0,4,0x21f000,ff ff ff ff
1791530182176,TX,MemRd,cpu0,pcie-mmcfg-mmio,0,4,0x220000,ff ff ff ff
1791530182176,TX,MemRd,cpu0,pcie-mmcfg-mmio,0,4,0x221000,ff ff ff ff
1791530182176,TX,MemRd,cpu0,pcie-mmcfg-mmio,0,4,0x222000,ff ff ff ff
1791530182176,TX,MemRd,cpu0,pcie-mmcfg-mmio,0,4,0x223000,ff ff ff ff
1791530182176,TX,MemRd,cpu0,pcie-mmcfg-mmio,0,4,0x224000,ff ff ff ff
1791530182176,TX,MemRd,cpu0,pcie-mmcfg-mmio,0,4,0x225000,ff ff ff ff
1791530182176,TX,MemRd,cpu0,pcie-mmcfg-mmio,0,4,0x226000,ff ff ff ff
1791530182176,TX,MemRd,cpu0,pcie-mmcfg-mmio,0,4,0x227000,ff ff ff ff
1791530182176,TX,MemRd,cpu0,pcie-mmcfg-mmio,0,4,0x228000,ff ff ff ff
1791530182176,TX,MemRd,cpu0,pcie-mmcfg-mmio,0,4,0x229000,ff ff ff ff
1791530182176,TX,MemRd,cpu0,pcie-mmcfg-mmio,0,4,0x22a000,ff ff ff ff
1791530182176,TX,MemRd,cpu0,pcie-mmcfg-mmio,0,4,0x22b000,ff ff ff ff
1791530182176,TX,MemRd,cpu0,pcie-mmcfg-mmio,0,4,0x22c000,ff ff ff ff
1791530182176,TX,MemRd,cpu0,pcie-mmcfg-mmio,0,4,0x22d000,ff ff ff ff
1791530182176,TX,MemRd,cpu0,pcie-mmcfg-mmio,0,4,0x22e000,ff ff ff ff
1791530182176,TX,MemRd,cpu0,pcie-mmcfg-mmio,0,4,0x22f000,ff ff ff ff
1791530182176,TX,MemRd,cpu0,pcie-mmcfg-mmio,0,4,0x230000,ff ff ff ff
1791530182176,TX,MemRd,cpu0,pcie-mmcfg-mmio,0,4,0x231000,ff ff ff ff
1791530182176,TX,MemRd,cpu0,pcie-mmcfg-mmio,0,4,0x232000,ff ff ff ff
1791530182176,TX,MemRd,cpu0,pcie-mmcfg-mmio,0,4,0x233000,ff ff ff ff
1791530182176,TX,MemRd,cpu0,pcie-mmcfg-mmio,0,4,0x234000,ff ff ff ff
1791530182176,TX,MemRd,cpu0,pcie-mmcfg-mmio,0,4,0x235000,ff ff ff ff
1791530182176,TX,MemRd,cpu0,pcie-mmcfg-mmio,0,4,0x236000,ff ff ff ff
1791530182176,TX,MemRd,cpu0,pcie-mmcfg-mmio,0,4,0x237000,ff ff ff ff
1791530182176,TX,MemRd,cpu0,pcie-mmcfg-mmio,0,4,0x238000,ff ff ff ff
1791530182176,TX,MemRd,cpu0,pcie-mmcfg-mmio,0,4,0x239000,ff ff ff ff
1791530182176,TX,MemRd,cpu0,pcie-mmcfg-mmio,0,4,0x23a000,ff ff ff ff
1791530182176,TX,MemRd,cpu0,pcie-mmcfg-mmio,0,4,0x23b000,ff ff ff ff
1791530182176,TX,MemRd,cpu0,pcie-mmcfg-mmio,0,4,0x23c000,ff ff ff ff
1791530182176,TX,MemRd,cpu0,pcie-mmcfg-mmio,0,4,0x23d000,ff ff ff ff
1791530182176,TX,MemRd,cpu0,pcie-mmcfg-mmio,0,4,0x23e000,ff ff ff ff
1791530182176,TX,MemRd,cpu0,pcie-mmcfg-mmio,0,4,0x23f000,ff ff ff ff
1791530182176,TX,MemRd,cpu0,pcie-mmcfg-mmio,0,4,0x240000,ff ff ff ff
1791530182176,TX,MemRd,cpu0,pcie-mmcfg-mmio,0,4,0x241000,ff ff ff ff
1791530182176,TX,MemRd,cpu0,pcie-mmcfg-mmio,0,4,0x242000,ff ff ff ff
1791530182176,TX,MemRd,cpu0,pcie-mmcfg-mmio,0,4,0x243000,ff ff ff ff
1791530182176,TX,MemRd,cpu0,pcie-mmcfg-mmio,0,4,0x244000,ff ff ff ff
1791530182176,TX,MemRd,cpu0,pcie-mmcfg-mmio,0,4,0x245000,ff ff ff ff
1791530182176,TX,MemRd,cpu0,pcie-mmcfg-mmio,0,4,0x246000,ff ff ff ff
1791530182176,TX,MemRd,cpu0,pcie-mmcfg-mmio,0,4,0x247000,ff ff ff ff
1791530182176,TX,MemRd,cpu0,pcie-mmcfg-mmio,0,4,0x248000,ff ff ff ff
1791530182176,TX,MemRd,cpu0,pcie-mmcfg-mmio,0,4,0x249000,ff ff ff ff
1791530182176,TX,MemRd,cpu0,pcie-mmcfg-mmio,0,4,0x24a000,ff ff ff ff
1791530182176,TX,MemRd,cpu0,pcie-mmcfg-mmio,0,4,0x24b000,ff ff ff ff
1791530182176,TX,MemRd,cpu0,pcie-mmcfg-mmio,0,4,0x24c000,ff ff ff ff
1791530182176,TX,MemRd,cpu0,pcie-mmcfg-mmio,0,4,0x24d000,ff ff ff ff
1791530182176,TX,MemRd,cpu0,pcie-mmcfg-mmio,0,4,0x24e000,ff ff ff ff
1791530182176,TX,MemRd,cpu0,pcie-mmcfg-mmio,0,4,0x24f000,ff ff ff ff
1791530182176,TX,MemRd,cpu0,pcie-mmcfg-mmio,0,4,0x250000,ff ff ff ff
1791530182176,TX,MemRd,cpu0,pcie-mmcfg-mmio,0,4,0x251000,ff ff ff ff
1791530182176,TX,MemRd,cpu0,pcie-mmcfg-mmio,0,4,0x252000,ff ff ff ff
1791530182176,TX,MemRd,cpu0,pcie-mmcfg-mmio,0,4,0x253000,ff ff ff ff
1791530182176,TX,MemRd,cpu0,pcie-mmcfg-mmio,0,4,0x254000,ff ff ff ff
1791530182176,TX,MemRd,cpu0,pcie-mmcfg-mmio,0,4,0x255000,ff ff ff ff
1791530182176,TX,MemRd,cpu0,pcie-mmcfg-mmio,0,4,0x256000,ff ff ff ff
1791530182176,TX,MemRd,cpu0,pcie-mmcfg-mmio,0,4,0x257000,ff ff ff ff
1791530182176,TX,MemRd,cpu0,pcie-mmcfg-mmio,0,4,0x258000,ff ff ff ff
1791530182176,TX,MemRd,cpu0,pcie-mmcfg-mmio,0,4,0x259000,ff ff ff ff
1791530182176,TX,MemRd,cpu0,pcie-mmcfg-mmio,0,4,0x25a000,ff ff ff ff
1791530182176,TX,MemRd,cpu0,pcie-mmcfg-mmio,0,4,0x25b000,ff ff ff ff
1791530182176,TX,MemRd,cpu0,pcie-mmcfg-mmio,0,4,0x25c000,ff ff ff ff
1791530182176,TX,MemRd,cpu0,pcie-mmcfg-mmio,0,4,0x25d000,ff ff ff ff
1791530182176,TX,MemRd,cpu0,pcie-mmcfg-mmio,0,4,0x25e000,ff ff ff ff
1791530182176,TX,MemRd,cpu0,pcie-mmcfg-mmio,0,4,0x25f000,ff ff ff ff
1791530182176,TX,MemRd,cpu0,pcie-mmcfg-mmio,0,4,0x260000,ff ff ff ff
1791530182176,TX,MemRd,cpu0,pcie-mmcfg-mmio,0,4,0x261000,ff ff ff ff
1791530182176,TX,MemRd,cpu0,pcie-mmcfg-mmio,0,4,0x262000,ff ff ff ff
1791530182176,TX,MemRd,cpu0,pcie-mmcfg-mmio,0,4,0x263000,ff ff ff ff
1791530182176,TX,MemRd,cpu0,pcie-mmcfg-mmio,0,4,0x264000,ff ff ff ff
1791530182176,TX,MemRd,cpu0,pcie-mmcfg-mmio,0,4,0x265000,ff ff ff ff
1791530182176,TX,MemRd,cpu0,pcie-mmcfg-mmio,0,4,0x266000,ff ff ff ff
1791530182176,TX,MemRd,cpu0,pcie-mmcfg-mmio,0,4,0x267000,ff ff ff ff
1791530182176,TX,MemRd,cpu0,pcie-mmcfg-mmio,0,4,0x268000,ff ff ff ff
1791530182176,TX,MemRd,cpu0,pcie-mmcfg-mmio,0,4,0x269000,ff ff ff ff
1791530182176,TX,MemRd,cpu0,pcie-mmcfg-mmio,0,4,0x26a000,ff ff ff ff
1791530182176,TX,MemRd,cpu0,pcie-mmcfg-mmio,0,4,0x26b000,ff ff ff ff
1791530182176,TX,MemRd,cpu0,pcie-mmcfg-mmio,0,4,0x26c000,ff ff ff ff
1791530182176,TX,MemRd,cpu0,pcie-mmcfg-mmio,0,4,0x26d000,ff ff ff ff
1791530182176,TX,MemRd,cpu0,pcie-mmcfg-mmio,0,4,0x26e000,ff ff ff ff
1791530182176,TX,MemRd,cpu0,pcie-mmcfg-mmio,0,4,0x26f000,ff ff ff ff
1791530182176,TX,MemRd,cpu0,pcie-mmcfg-mmio,0,4,0x270000,ff ff ff ff
1791530182176,TX,MemRd,cpu0,pcie-mmcfg-mmio,0,4,0x271000,ff ff ff ff
1791530182176,TX,MemRd,cpu0,pcie-mmcfg-mmio,0,4,0x272000,ff ff ff ff
1791530182176,TX,MemRd,cpu0,pcie-mmcfg-mmio,0,4,0x273000,ff ff ff ff
1791530182177,TX,MemRd,cpu0,pcie-mmcfg-mmio,0,4,0x274000,ff ff ff ff
1791530182177,TX,MemRd,cpu0,pcie-mmcfg-mmio,0,4,0x275000,ff ff ff ff
1791530182177,TX,MemRd,cpu0,pcie-mmcfg-mmio,0,4,0x276000,ff ff ff ff
1791530182177,TX,MemRd,cpu0,pcie-mmcfg-mmio,0,4,0x277000,ff ff ff ff
1791530182177,TX,MemRd,cpu0,pcie-mmcfg-mmio,0,4,0x278000,ff ff ff ff
1791530182177,TX,MemRd,cpu0,pcie-mmcfg-mmio,0,4,0x279000,ff ff ff ff
1791530182177,TX,MemRd,cpu0,pcie-mmcfg-mmio,0,4,0x27a000,ff ff ff ff
1791530182177,TX,MemRd,cpu0,pcie-mmcfg-mmio,0,4,0x27b000,ff ff ff ff
1791530182177,TX,MemRd,cpu0,pcie-mmcfg-mmio,0,4,0x27c000,ff ff ff ff
1791530182177,TX,MemRd,cpu0,pcie-mmcfg-mmio,0,4,0x27d000,ff ff ff ff
1791530182177,TX,MemRd,cpu0,pcie-mmcfg-mmio,0,4,0x27e000,ff ff ff ff
1791530182177,TX,MemRd,cpu0,pcie-mmcfg-mmio,0,4,0x27f000,ff ff ff ff
1791530182177,TX,MemRd,cpu0,pcie-mmcfg-mmio,0,4,0x280000,ff ff ff ff
1791530182177,TX,MemRd,cpu0,pcie-mmcfg-mmio,0,4,0x281000,ff ff ff ff
1791530182177,TX,MemRd,cpu0,pcie-mmcfg-mmio,0,4,0x282000,ff ff ff ff
1791530182177,TX,MemRd,cpu0,pcie-mmcfg-mmio,0,4,0x283000,ff ff ff ff
1791530182177,TX,MemRd,cpu0,pcie-mmcfg-mmio,0,4,0x284000,ff ff ff ff
1791530182177,TX,MemRd,cpu0,pcie-mmcfg-mmio,0,4,0x285000,ff ff ff ff
1791530182177,TX,MemRd,cpu0,pcie-mmcfg-mmio,0,4,0x286000,ff ff ff ff
1791530182177,TX,MemRd,cpu0,pcie-mmcfg-mmio,0,4,0x287000,ff ff ff ff
1791530182177,TX,MemRd,cpu0,pcie-mmcfg-mmio,0,4,0x288000,ff ff ff ff
1791530182177,TX,MemRd,cpu0,pcie-mmcfg-mmio,0,4,0x289000,ff ff ff ff
1791530182177,TX,MemRd,cpu0,pcie-mmcfg-mmio,0,4,0x28a000,ff ff ff ff
1791530182177,TX,MemRd,cpu0,pcie-mmcfg-mmio,0,4,0x28b000,ff ff ff ff
1791530182177,TX,MemRd,cpu0,pcie-mmcfg-mmio,0,4,0x28c000,ff ff ff ff
1791530182177,TX,MemRd,cpu0,pcie-mmcfg-mmio,0,4,0x28d000,ff ff ff ff
1791530182177,TX,MemRd,cpu0,pcie-mmcfg-mmio,0,4,0x28e000,ff ff ff ff
1791530182177,TX,MemRd,cpu0,pcie-mmcfg-mmio,0,4,0x28f000,ff ff ff ff
1791530182177,TX,MemRd,cpu0,pcie-mmcfg-mmio,0,4,0x290000,ff ff ff ff
1791530182177,TX,MemRd,cpu0,pcie-mmcfg-mmio,0,4,0x291000,ff ff ff ff
1791530182177,TX,MemRd,cpu0,pcie-mmcfg-mmio,0,4,0x292000,ff ff ff ff
1791530182177,TX,MemRd,cpu0,pcie-mmcfg-mmio,0,4,0x293000,ff ff ff ff
1791530182177,TX,MemRd,cpu0,pcie-mmcfg-mmio,0,4,0x294000,ff ff ff ff
1791530182177,TX,MemRd,cpu0,pcie-mmcfg-mmio,0,4,0x295000,ff ff ff ff
1791530182177,TX,MemRd,cpu0,pcie-mmcfg-mmio,0,4,0x296000,ff ff ff ff
1791530182177,TX,MemRd,cpu0,pcie-mmcfg-mmio,0,4,0x297000,ff ff ff ff
1791530182177,TX,MemRd,cpu0,pcie-mmcfg-mmio,0,4,0x298000,ff ff ff ff
1791530182177,TX,MemRd,cpu0,pcie-mmcfg-mmio,0,4,0x299000,ff ff ff ff
1791530182177,TX,MemRd,cpu0,pcie-mmcfg-mmio,0,4,0x29a000,ff ff ff ff
1791530182177,TX,MemRd,cpu0,pcie-mmcfg-mmio,0,4,0x29b000,ff ff ff ff
1791530182177,TX,MemRd,cpu0,pcie-mmcfg-mmio,0,4,0x29c000,ff ff ff ff
1791530182177,TX,MemRd,cpu0,pcie-mmcfg-mmio,0,4,0x29d000,ff ff ff ff
1791530182177,TX,MemRd,cpu0,pcie-mmcfg-mmio,0,4,0x29e000,ff ff ff ff
1791530182177,TX,MemRd,cpu0,pcie-mmcfg-mmio,0,4,0x29f000,ff ff ff ff
1791530182177,TX,MemRd,cpu0,pcie-mmcfg-mmio,0,4,0x2a0000,ff ff ff ff
1791530182177,TX,MemRd,cpu0,pcie-mmcfg-mmio,0,4,0x2a1000,ff ff ff ff
1791530182177,TX,MemRd,cpu0,pcie-mmcfg-mmio,0,4,0x2a2000,ff ff ff ff
1791530182177,TX,MemRd,cpu0,pcie-mmcfg-mmio,0,4,0x2a3000,ff ff ff ff
1791530182177,TX,MemRd,cpu0,pcie-mmcfg-mmio,0,4,0x2a4000,ff ff ff ff
1791530182177,TX,MemRd,cpu0,pcie-mmcfg-mmio,0,4,0x2a5000,ff ff ff ff
1791530182177,TX,MemRd,cpu0,pcie-mmcfg-mmio,0,4,0x2a6000,ff ff ff ff
1791530182177,TX,MemRd,cpu0,pcie-mmcfg-mmio,0,4,0x2a7000,ff ff ff ff
1791530182177,TX,MemRd,cpu0,pcie-mmcfg-mmio,0,4,0x2a8000,ff ff ff ff
1791530182177,TX,MemRd,cpu0,pcie-mmcfg-mmio,0,4,0x2a9000,ff ff ff ff
1791530182177,TX,MemRd,cpu0,pcie-mmcfg-mmio,0,4,0x2aa000,ff ff ff ff
1791530182177,TX,MemRd,cpu0,pcie-mmcfg-mmio,0,4,0x2ab000,ff ff ff ff
1791530182177,TX,MemRd,cpu0,pcie-mmcfg-mmio,0,4,0x2ac000,ff ff ff ff
1791530182177,TX,MemRd,cpu0,pcie-mmcfg-mmio,0,4,0x2ad000,ff ff ff ff
1791530182177,TX,MemRd,cpu0,pcie-mmcfg-mmio,0,4,0x2ae000,ff ff ff ff
1791530182177,TX,MemRd,cpu0,pcie-mmcfg-mmio,0,4,0x2af000,ff ff ff ff
1791530182177,TX,MemRd,cpu0,pcie-mmcfg-mmio,0,4,0x2b0000,ff ff ff ff
1791530182177,TX,MemRd,cpu0,pcie-mmcfg-mmio,0,4,0x2b1000,ff ff ff ff
1791530182177,TX,MemRd,cpu0,pcie-mmcfg-mmio,0,4,0x2b2000,ff ff ff ff
1791530182177,TX,MemRd,cpu0,pcie-mmcfg-mmio,0,4,0x2b3000,ff ff ff ff
1791530182177,TX,MemRd,cpu0,pcie-mmcfg-mmio,0,4,0x2b4000,ff ff ff ff
1791530182177,TX,MemRd,cpu0,pcie-mmcfg-mmio,0,4,0x2b5000,ff ff ff ff
1791530182177,TX,MemRd,cpu0,pcie-mmcfg-mmio,0,4,0x2b6000,ff ff ff ff
1791530182177,TX,MemRd,cpu0,pcie-mmcfg-mmio,0,4,0x2b7000,ff ff ff ff
1791530182177,TX,MemRd,cpu0,pcie-mmcfg-mmio,0,4,0x2b8000,ff ff ff ff
1791530182177,TX,MemRd,cpu0,pcie-mmcfg-mmio,0,4,0x2b9000,ff ff ff ff
1791530182177,TX,MemRd,cpu0,pcie-mmcfg-mmio,0,4,0x2ba000,ff ff ff ff
1791530182177,TX,MemRd,cpu0,pcie-mmcfg-mmio,0,4,0x2bb000,ff ff ff ff
1791530182177,TX,MemRd,cpu0,pcie-mmcfg-mmio,0,4,0x2bc000,ff ff ff ff
1791530182177,TX,MemRd,cpu0,pcie-mmcfg-mmio,0,4,0x2bd000,ff ff ff ff
1791530182177,TX,MemRd,cpu0,pcie-mmcfg-mmio,0,4,0x2be000,ff ff ff ff
1791530182177,TX,MemRd,cpu0,pcie-mmcfg-mmio,0,4,0x2bf000,ff ff ff ff
1791530182177,TX,MemRd,cpu0,pcie-mmcfg-mmio,0,4,0x2c0000,ff ff ff ff
1791530182177,TX,MemRd,cpu0,pcie-mmcfg-mmio,0,4,0x2c1000,ff ff ff ff
1791530182177,TX,MemRd,cpu0,pcie-mmcfg-mmio,0,4,0x2c2000,ff ff ff ff
1791530182177,TX,MemRd,cpu0,pcie-mmcfg-mmio,0,4,0x2c3000,ff ff ff ff
1791530182177,TX,MemRd,cpu0,pcie-mmcfg-mmio,0,4,0x2c4000,ff ff ff ff
1791530182177,TX,MemRd,cpu0,pcie-mmcfg-mmio,0,4,0x2c5000,ff ff ff ff
1791530182177,TX,MemRd,cpu0,pcie-mmcfg-mmio,0,4,0x2c6000,ff ff ff ff
1791530182177,TX,MemRd,cpu0,pcie-mmcfg-mmio,0,4,0x2c7000,ff ff ff ff
1791530182177,TX,MemRd,cpu0,pcie-mmcfg-mmio,0,4,0x2c8000,ff ff ff ff
1791530182177,TX,MemRd,cpu0,pcie-mmcfg-mmio,0,4,0x2c9000,ff ff ff ff
1791530182177,TX,MemRd,cpu0,pcie-mmcfg-mmio,0,4,0x2ca000,ff ff ff ff
1791530182177,TX,MemRd,cpu0,pcie-mmcfg-mmio,0,4,0x2cb000,ff ff ff ff
1791530182177,TX,MemRd,cpu0,pcie-mmcfg-mmio,0,4,0x2cc000,ff ff ff ff
1791530182177,TX,MemRd,cpu0,pcie-mmcfg-mmio,0,4,0x2cd000,ff ff ff ff
1791530182177,TX,MemRd,cpu0,pcie-mmcfg-mmio,0,4,0x2ce000,ff ff ff ff
1791530182177,TX,MemRd,cpu0,pcie-mmcfg-mmio,0,4,0x2cf000,ff ff ff ff
1791530182177,TX,MemRd,cpu0,pcie-mmcfg-mmio,0,4,0x2d0000,ff ff ff ff
1791530182177,TX,MemRd,cpu0,pcie-mmcfg-mmio,0,4,0x2d1000,ff ff ff ff
1791530182177,TX,MemRd,cpu0,pcie-mmcfg-mmio,0,4,0x2d2000,ff ff ff ff
1791530182177,TX,MemRd,cpu0,pcie-mmcfg-mmio,0,4,0x2d3000,ff ff ff ff
1791530182177,TX,MemRd,cpu0,pcie-mmcfg-mmio,0,4,0x2d4000,ff ff ff ff
1791530182177,TX,MemRd,cpu0,pcie-mmcfg-mmio,0,4,0x2d5000,ff ff ff ff
1791530182177,TX,MemRd,cpu0,pcie-mmcfg-mmio,0,4,0x2d6000,ff ff ff ff
1791530182177,TX,MemRd,cpu0,pcie-mmcfg-mmio,0,4,0x2d7000,ff ff ff ff
1791530182177,TX,MemRd,cpu0,pcie-mmcfg-mmio,0,4,0x2d8000,ff ff ff ff
1791530182177,TX,MemRd,cpu0,pcie-mmcfg-mmio,0,4,0x2d9000,ff ff ff ff
1791530182177,TX,MemRd,cpu0,pcie-mmcfg-mmio,0,4,0x2da000,ff ff ff ff
1791530182177,TX,MemRd,cpu0,pcie-mmcfg-mmio,0,4,0x2db000,ff ff ff ff
1791530182177,TX,MemRd,cpu0,pcie-mmcfg-mmio,0,4,0x2dc000,ff ff ff ff
1791530182177,TX,MemRd,cpu0,pcie-mmcfg-mmio,0,4,0x2dd000,ff ff ff ff
1791530182177,TX,MemRd,cpu0,pcie-mmcfg-mmio,0,4,0x2de000,ff ff ff ff
1791530182177,TX,MemRd,cpu0,pcie-mmcfg-mmio,0,4,0x2df000,ff ff ff ff
1791530182177,TX,MemRd,cpu0,pcie-mmcfg-mmio,0,4,0x2e0000,ff ff ff ff
1791530182177,TX,MemRd,cpu0,pcie-mmcfg-mmio,0,4,0x2e1000,ff ff ff ff
1791530182177,TX,MemRd,cpu0,pcie-mmcfg-mmio,0,4,0x2e2000,ff ff ff ff
1791530182177,TX,MemRd,cpu0,pcie-mmcfg-mmio,0,4,0x2e3000,ff ff ff ff
1791530182177,TX,MemRd,cpu0,pcie-mmcfg-mmio,0,4,0x2e4000,ff ff ff ff
1791530182177,TX,MemRd,cpu0,pcie-mmcfg-mmio,0,4,0x2e5000,ff ff ff ff
1791530182177,TX,MemRd,cpu0,pcie-mmcfg-mmio,0,4,0x2e6000,ff ff ff ff
1791530182177,TX,MemRd,cpu0,pcie-mmcfg-mmio,0,4,0x2e7000,ff ff ff ff
1791530182177,TX,MemRd,cpu0,pcie-mmcfg-mmio,0,4,0x2e8000,ff ff ff ff
1791530182177,TX,MemRd,cpu0,pcie-mmcfg-mmio,0,4,0x2e9000,ff ff ff ff
1791530182177,TX,MemRd,cpu0,pcie-mmcfg-mmio,0,4,0x2ea000,ff ff ff ff
1791530182177,TX,MemRd,cpu0,pcie-mmcfg-mmio,0,4,0x2eb000,ff ff ff ff
1791530182177,TX,MemRd,cpu0,pcie-mmcfg-mmio,0,4,0x2ec000,ff ff ff ff
1791530182177,TX,MemRd,cpu0,pcie-mmcfg-mmio,0,4,0x2ed000,ff ff ff ff
1791530182177,TX,MemRd,cpu0,pcie-mmcfg-mmio,0,4,0x2ee000,ff ff ff ff
1791530182177,TX,MemRd,cpu0,pcie-mmcfg-mmio,0,4,0x2ef000,ff ff ff ff
1791530182177,TX,MemRd,cpu0,pcie-mmcfg-mmio,0,4,0x2f0000,ff ff ff ff
1791530182178,TX,MemRd,cpu0,pcie-mmcfg-mmio,0,4,0x2f1000,ff ff ff ff
1791530182178,TX,MemRd,cpu0,pcie-mmcfg-mmio,0,4,0x2f2000,ff ff ff ff
1791530182178,TX,MemRd,cpu0,pcie-mmcfg-mmio,0,4,0x2f3000,ff ff ff ff
1791530182178,TX,MemRd,cpu0,pcie-mmcfg-mmio,0,4,0x2f4000,ff ff ff ff
1791530182178,TX,MemRd,cpu0,pcie-mmcfg-mmio,0,4,0x2f5000,ff ff ff ff
1791530182178,TX,MemRd,cpu0,pcie-mmcfg-mmio,0,4,0x2f6000,ff ff ff ff
1791530182178,TX,MemRd,cpu0,pcie-mmcfg-mmio,0,4,0x2f7000,ff ff ff ff
1791530182178,TX,MemRd,cpu0,pcie-mmcfg-mmio,0,4,0x2f8000,ff ff ff ff
1791530182178,TX,MemRd,cpu0,pcie-mmcfg-mmio,0,4,0x2f9000,ff ff ff ff
1791530182178,TX,MemRd,cpu0,pcie-mmcfg-mmio,0,4,0x2fa000,ff ff ff ff
1791530182178,TX,MemRd,cpu0,pcie-mmcfg-mmio,0,4,0x2fb000,ff ff ff ff
1791530182178,TX,MemRd,cpu0,pcie-mmcfg-mmio,0,4,0x2fc000,ff ff ff ff
1791530182178,TX,MemRd,cpu0,pcie-mmcfg-mmio,0,4,0x2fd000,ff ff ff ff
1791530182178,TX,MemRd,cpu0,pcie-mmcfg-mmio,0,4,0x2fe000,ff ff ff ff
1791530182178,TX,MemRd,cpu0,pcie-mmcfg-mmio,0,4,0x2ff000,ff ff ff ff
1791530182178,RX,CfgRd,x3130-upstream,01:00.0,0,4,0x18,01 02 ff 00
1791530182178,TX,MemRd,cpu0,pcie-mmcfg-mmio,0,4,0x100018,01 02 ff 00
1791530182178,TX,MemWr,cpu0,pcie-mmcfg-mmio,0,4,0x100018,01 02 04 00
1791530182178,TX,CfgWr,x3130-upstream,01:00.0,0,4,0x18,01 02 04 00
1791530182178,RX,CfgRd,x3130-upstream,01:00.0,0,4,0x1c,00 00 00 00
1791530182178,TX,MemRd,cpu0,pcie-mmcfg-mmio,0,4,0x10001c,00 00 00 00
1791530182178,RX,CfgRd,x3130-upstream,01:00.0,0,4,0x30,00 00 00 00
1791530182178,TX,MemRd,cpu0,pcie-mmcfg-mmio,0,4,0x100030,00 00 00 00
1791530182178,TX,MemWr,cpu0,pcie-mmcfg-mmio,0,4,0x10001c,00 00 00 00
1791530182178,TX,CfgWr,x3130-upstream,01:00.0,0,4,0x1c,00 00 00 00
1791530182178,TX,MemWr,cpu0,pcie-mmcfg-mmio,0,4,0x100030,00 00 00 00
1791530182178,TX,CfgWr,x3130-upstream,01:00.0,0,4,0x30,00 00 00 00
1791530182178,RX,CfgRd,x3130-upstream,01:00.0,0,4,0x20,10 10 00 00
1791530182178,TX,MemRd,cpu0,pcie-mmcfg-mmio,0,4,0x100020,10 10 00 00
1791530182178,TX,MemWr,cpu0,pcie-mmcfg-mmio,0,4,0x100020,10 10 0f 10
1791530182178,TX,CfgWr,x3130-upstream,01:00.0,0,4,0x20,10 10 0f 10
1791530182178,RX,CfgRd,x3130-upstream,01:00.0,0,4,0x24,01 00 01 00
1791530182178,TX,MemRd,cpu0,pcie-mmcfg-mmio,0,4,0x100024,01 00 01 00
1791530182178,TX,MemWr,cpu0,pcie-mmcfg-mmio,0,4,0x100024,01 00 1f 00
1791530182178,TX,CfgWr,x3130-upstream,01:00.0,0,4,0x24,01 00 1f 00
1791530182178,TX,MemWr,cpu0,pcie-mmcfg-mmio,0,4,0x10002c,80 00 00 00
1791530182178,TX,CfgWr,x3130-upstream,01:00.0,0,4,0x2c,80 00 00 00
1791530182178,TX,MemRd,cpu0,pcie-mmcfg-mmio,0,4,0x108000,ff ff ff ff
1791530182178,TX,MemRd,cpu0,pcie-mmcfg-mmio,0,4,0x109000,ff ff ff ff
1791530182178,TX,MemRd,cpu0,pcie-mmcfg-mmio,0,4,0x10a000,ff ff ff ff
1791530182178,TX,MemRd,cpu0,pcie-mmcfg-mmio,0,4,0x10b000,ff ff ff ff
1791530182178,TX,MemRd,cpu0,pcie-mmcfg-mmio,0,4,0x10c000,ff ff ff ff
1791530182178,TX,MemRd,cpu0,pcie-mmcfg-mmio,0,4,0x10d000,ff ff ff ff
1791530182178,TX,MemRd,cpu0,pcie-mmcfg-mmio,0,4,0x10e000,ff ff ff ff
1791530182178,TX,MemRd,cpu0,pcie-mmcfg-mmio,0,4,0x10f000,ff ff ff ff
1791530182178,TX,MemRd,cpu0,pcie-mmcfg-mmio,0,4,0x110000,ff ff ff ff
1791530182178,TX,MemRd,cpu0,pcie-mmcfg-mmio,0,4,0x111000,ff ff ff ff
1791530182178,TX,MemRd,cpu0,pcie-mmcfg-mmio,0,4,0x112000,ff ff ff ff
1791530182178,TX,MemRd,cpu0,pcie-mmcfg-mmio,0,4,0x113000,ff ff ff ff
1791530182178,TX,MemRd,cpu0,pcie-mmcfg-mmio,0,4,0x114000,ff ff ff ff
1791530182178,TX,MemRd,cpu0,pcie-mmcfg-mmio,0,4,0x115000,ff ff ff ff
1791530182178,TX,MemRd,cpu0,pcie-mmcfg-mmio,0,4,0x116000,ff ff ff ff
1791530182178,TX,MemRd,cpu0,pcie-mmcfg-mmio,0,4,0x117000,ff ff ff ff
1791530182179,TX,MemRd,cpu0,pcie-mmcfg-mmio,0,4,0x118000,ff ff ff ff
1791530182179,TX,MemRd,cpu0,pcie-mmcfg-mmio,0,4,0x119000,ff ff ff ff
1791530182179,TX,MemRd,cpu0,pcie-mmcfg-mmio,0,4,0x11a000,ff ff ff ff
1791530182179,TX,MemRd,cpu0,pcie-mmcfg-mmio,0,4,0x11b000,ff ff ff ff
1791530182179,TX,MemRd,cpu0,pcie-mmcfg-mmio,0,4,0x11c000,ff ff ff ff
1791530182179,TX,MemRd,cpu0,pcie-mmcfg-mmio,0,4,0x11d000,ff ff ff ff
1791530182179,TX,MemRd,cpu0,pcie-mmcfg-mmio,0,4,0x11e000,ff ff ff ff
1791530182179,TX,MemRd,cpu0,pcie-mmcfg-mmio,0,4,0x11f000,ff ff ff ff
1791530182179,TX,MemRd,cpu0,pcie-mmcfg-mmio,0,4,0x120000,ff ff ff ff
1791530182179,TX,MemRd,cpu0,pcie-mmcfg-mmio,0,4,0x121000,ff ff ff ff
1791530182179,TX,MemRd,cpu0,pcie-mmcfg-mmio,0,4,0x122000,ff ff ff ff
1791530182179,TX,MemRd,cpu0,pcie-mmcfg-mmio,0,4,0x123000,ff ff ff ff
1791530182179,TX,MemRd,cpu0,pcie-mmcfg-mmio,0,4,0x124000,ff ff ff ff
1791530182179,TX,MemRd,cpu0,pcie-mmcfg-mmio,0,4,0x125000,ff ff ff ff
1791530182179,TX,MemRd,cpu0,pcie-mmcfg-mmio,0,4,0x126000,ff ff ff ff
1791530182179,TX,MemRd,cpu0,pcie-mmcfg-mmio,0,4,0x127000,ff ff ff ff
1791530182179,TX,MemRd,cpu0,pcie-mmcfg-mmio,0,4,0x128000,ff ff ff ff
1791530182179,TX,MemRd,cpu0,pcie-mmcfg-mmio,0,4,0x129000,ff ff ff ff
1791530182179,TX,MemRd,cpu0,pcie-mmcfg-mmio,0,4,0x12a000,ff ff ff ff
1791530182179,TX,MemRd,cpu0,pcie-mmcfg-mmio,0,4,0x12b000,ff ff ff ff
1791530182179,TX,MemRd,cpu0,pcie-mmcfg-mmio,0,4,0x12c000,ff ff ff ff
1791530182179,TX,MemRd,cpu0,pcie-mmcfg-mmio,0,4,0x12d000,ff ff ff ff
1791530182179,TX,MemRd,cpu0,pcie-mmcfg-mmio,0,4,0x12e000,ff ff ff ff
1791530182179,TX,MemRd,cpu0,pcie-mmcfg-mmio,0,4,0x12f000,ff ff ff ff
1791530182179,TX,MemRd,cpu0,pcie-mmcfg-mmio,0,4,0x130000,ff ff ff ff
1791530182179,TX,MemRd,cpu0,pcie-mmcfg-mmio,0,4,0x131000,ff ff ff ff
1791530182179,TX,MemRd,cpu0,pcie-mmcfg-mmio,0,4,0x132000,ff ff ff ff
1791530182179,TX,MemRd,cpu0,pcie-mmcfg-mmio,0,4,0x133000,ff ff ff ff
1791530182179,TX,MemRd,cpu0,pcie-mmcfg-mmio,0,4,0x134000,ff ff ff ff
1791530182179,TX,MemRd,cpu0,pcie-mmcfg-mmio,0,4,0x135000,ff ff ff ff
1791530182179,TX,MemRd,cpu0,pcie-mmcfg-mmio,0,4,0x136000,ff ff ff ff
1791530182179,TX,MemRd,cpu0,pcie-mmcfg-mmio,0,4,0x137000,ff ff ff ff
1791530182179,TX,MemRd,cpu0,pcie-mmcfg-mmio,0,4,0x138000,ff ff ff ff
1791530182179,TX,MemRd,cpu0,pcie-mmcfg-mmio,0,4,0x139000,ff ff ff ff
1791530182179,TX,MemRd,cpu0,pcie-mmcfg-mmio,0,4,0x13a000,ff ff ff ff
1791530182179,TX,MemRd,cpu0,pcie-mmcfg-mmio,0,4,0x13b000,ff ff ff ff
1791530182179,TX,MemRd,cpu0,pcie-mmcfg-mmio,0,4,0x13c000,ff ff ff ff
1791530182179,TX,MemRd,cpu0,pcie-mmcfg-mmio,0,4,0x13d000,ff ff ff ff
1791530182179,TX,MemRd,cpu0,pcie-mmcfg-mmio,0,4,0x13e000,ff ff ff ff
1791530182179,TX,MemRd,cpu0,pcie-mmcfg-mmio,0,4,0x13f000,ff ff ff ff
1791530182179,TX,MemRd,cpu0,pcie-mmcfg-mmio,0,4,0x140000,ff ff ff ff
1791530182179,TX,MemRd,cpu0,pcie-mmcfg-mmio,0,4,0x141000,ff ff ff ff
1791530182179,TX,MemRd,cpu0,pcie-mmcfg-mmio,0,4,0x142000,ff ff ff ff
1791530182179,TX,MemRd,cpu0,pcie-mmcfg-mmio,0,4,0x143000,ff ff ff ff
1791530182179,TX,MemRd,cpu0,pcie-mmcfg-mmio,0,4,0x144000,ff ff ff ff
1791530182179,TX,MemRd,cpu0,pcie-mmcfg-mmio,0,4,0x145000,ff ff ff ff
1791530182179,TX,MemRd,cpu0,pcie-mmcfg-mmio,0,4,0x146000,ff ff ff ff
1791530182179,TX,MemRd,cpu0,pcie-mmcfg-mmio,0,4,0x147000,ff ff ff ff
1791530182179,TX,MemRd,cpu0,pcie-mmcfg-mmio,0,4,0x148000,ff ff ff ff
1791530182179,TX,MemRd,cpu0,pcie-mmcfg-mmio,0,4,0x149000,ff ff ff ff
1791530182179,TX,MemRd,cpu0,pcie-mmcfg-mmio,0,4,0x14a000,ff ff ff ff
1791530182179,TX,MemRd,cpu0,pcie-mmcfg-mmio,0,4,0x14b000,ff ff ff ff
1791530182179,TX,MemRd,cpu0,pcie-mmcfg-mmio,0,4,0x14c000,ff ff ff ff
1791530182179,TX,MemRd,cpu0,pcie-mmcfg-mmio,0,4,0x14d000,ff ff ff ff
1791530182179,TX,MemRd,cpu0,pcie-mmcfg-mmio,0,4,0x14e000,ff ff ff ff
1791530182179,TX,MemRd,cpu0,pcie-mmcfg-mmio,0,4,0x14f000,ff ff ff ff
1791530182179,TX,MemRd,cpu0,pcie-mmcfg-mmio,0,4,0x150000,ff ff ff ff
1791530182179,TX,MemRd,cpu0,pcie-mmcfg-mmio,0,4,0x151000,ff ff ff ff
1791530182179,TX,MemRd,cpu0,pcie-mmcfg-mmio,0,4,0x152000,ff ff ff ff
1791530182179,TX,MemRd,cpu0,pcie-mmcfg-mmio,0,4,0x153000,ff ff ff ff
1791530182179,TX,MemRd,cpu0,pcie-mmcfg-mmio,0,4,0x154000,ff ff ff ff
1791530182179,TX,MemRd,cpu0,pcie-mmcfg-mmio,0,4,0x155000,ff ff ff ff
1791530182179,TX,MemRd,cpu0,pcie-mmcfg-mmio,0,4,0x156000,ff ff ff ff
1791530182179,TX,MemRd,cpu0,pcie-mmcfg-mmio,0,4,0x157000,ff ff ff ff
1791530182179,TX,MemRd,cpu0,pcie-mmcfg-mmio,0,4,0x158000,ff ff ff ff
1791530182179,TX,MemRd,cpu0,pcie-mmcfg-mmio,0,4,0x159000,ff ff ff ff
1791530182179,TX,MemRd,cpu0,pcie-mmcfg-mmio,0,4,0x15a000,ff ff ff ff
1791530182179,TX,MemRd,cpu0,pcie-mmcfg-mmio,0,4,0x15b000,ff ff ff ff
1791530182179,TX,MemRd,cpu0,pcie-mmcfg-mmio,0,4,0x15c000,ff ff ff ff
1791530182179,TX,MemRd,cpu0,pcie-mmcfg-mmio,0,4,0x15d000,ff ff ff ff
1791530182179,TX,MemRd,cpu0,pcie-mmcfg-mmio,0,4,0x15e000,ff ff ff ff
1791530182179,TX,MemRd,cpu0,pcie-mmcfg-mmio,0,4,0x15f000,ff ff ff ff
1791530182179,TX,MemRd,cpu0,pcie-mmcfg-mmio,0,4,0x160000,ff ff ff ff
1791530182179,TX,MemRd,cpu0,pcie-mmcfg-mmio,0,4,0x161000,ff ff ff ff
1791530182179,TX,MemRd,cpu0,pcie-mmcfg-mmio,0,4,0x162000,ff ff ff ff
1791530182179,TX,MemRd,cpu0,pcie-mmcfg-mmio,0,4,0x163000,ff ff ff ff
1791530182179,TX,MemRd,cpu0,pcie-mmcfg-mmio,0,4,0x164000,ff ff ff ff
1791530182179,TX,MemRd,cpu0,pcie-mmcfg-mmio,0,4,0x165000,ff ff ff ff
1791530182179,TX,MemRd,cpu0,pcie-mmcfg-mmio,0,4,0x166000,ff ff ff ff
1791530182179,TX,MemRd,cpu0,pcie-mmcfg-mmio,0,4,0x167000,ff ff ff ff
1791530182179,TX,MemRd,cpu0,pcie-mmcfg-mmio,0,4,0x168000,ff ff ff ff
1791530182179,TX,MemRd,cpu0,pcie-mmcfg-mmio,0,4,0x169000,ff ff ff ff
1791530182179,TX,MemRd,cpu0,pcie-mmcfg-mmio,0,4,0x16a000,ff ff ff ff
1791530182179,TX,MemRd,cpu0,pcie-mmcfg-mmio,0,4,0x16b000,ff ff ff ff
1791530182179,TX,MemRd,cpu0,pcie-mmcfg-mmio,0,4,0x16c000,ff ff ff ff
1791530182179,TX,MemRd,cpu0,pcie-mmcfg-mmio,0,4,0x16d000,ff ff ff ff
1791530182179,TX,MemRd,cpu0,pcie-mmcfg-mmio,0,4,0x16e000,ff ff ff ff
1791530182179,TX,MemRd,cpu0,pcie-mmcfg-mmio,0,4,0x16f000,ff ff ff ff
1791530182179,TX,MemRd,cpu0,pcie-mmcfg-mmio,0,4,0x170000,ff ff ff ff
1791530182179,TX,MemRd,cpu0,pcie-mmcfg-mmio,0,4,0x171000,ff ff ff ff
1791530182179,TX,MemRd,cpu0,pcie-mmcfg-mmio,0,4,0x172000,ff ff ff ff
1791530182179,TX,MemRd,cpu0,pcie-mmcfg-mmio,0,4,0x173000,ff ff ff ff
1791530182179,TX,MemRd,cpu0,pcie-mmcfg-mmio,0,4,0x174000,ff ff ff ff
1791530182179,TX,MemRd,cpu0,pcie-mmcfg-mmio,0,4,0x175000,ff ff ff ff
1791530182179,TX,MemRd,cpu0,pcie-mmcfg-mmio,0,4,0x176000,ff ff ff ff
1791530182179,TX,MemRd,cpu0,pcie-mmcfg-mmio,0,4,0x177000,ff ff ff ff
1791530182179,TX,MemRd,cpu0,pcie-mmcfg-mmio,0,4,0x178000,ff ff ff ff
1791530182179,TX,MemRd,cpu0,pcie-mmcfg-mmio,0,4,0x179000,ff ff ff ff
1791530182179,TX,MemRd,cpu0,pcie-mmcfg-mmio,0,4,0x17a000,ff ff ff ff
1791530182179,TX,MemRd,cpu0,pcie-mmcfg-mmio,0,4,0x17b000,ff ff ff ff
1791530182179,TX,MemRd,cpu0,pcie-mmcfg-mmio,0,4,0x17c000,ff ff ff ff
1791530182179,TX,MemRd,cpu0,pcie-mmcfg-mmio,0,4,0x17d000,ff ff ff ff
1791530182179,TX,MemRd,cpu0,pcie-mmcfg-mmio,0,4,0x17e000,ff ff ff ff
1791530182179,TX,MemRd,cpu0,pcie-mmcfg-mmio,0,4,0x17f000,ff ff ff ff
1791530182179,TX,MemRd,cpu0,pcie-mmcfg-mmio,0,4,0x180000,ff ff ff ff
1791530182179,TX,MemRd,cpu0,pcie-mmcfg-mmio,0,4,0x181000,ff ff ff ff
1791530182179,TX,MemRd,cpu0,pcie-mmcfg-mmio,0,4,0x182000,ff ff ff ff
1791530182179,TX,MemRd,cpu0,pcie-mmcfg-mmio,0,4,0x183000,ff ff ff ff
1791530182179,TX,MemRd,cpu0,pcie-mmcfg-mmio,0,4,0x184000,ff ff ff ff
1791530182179,TX,MemRd,cpu0,pcie-mmcfg-mmio,0,4,0x185000,ff ff ff ff
1791530182179,TX,MemRd,cpu0,pcie-mmcfg-mmio,0,4,0x186000,ff ff ff ff
1791530182179,TX,MemRd,cpu0,pcie-mmcfg-mmio,0,4,0x187000,ff ff ff ff
1791530182179,TX,MemRd,cpu0,pcie-mmcfg-mmio,0,4,0x188000,ff ff ff ff
1791530182179,TX,MemRd,cpu0,pcie-mmcfg-mmio,0,4,0x189000,ff ff ff ff
1791530182179,TX,MemRd,cpu0,pcie-mmcfg-mmio,0,4,0x18a000,ff ff ff ff
1791530182179,TX,MemRd,cpu0,pcie-mmcfg-mmio,0,4,0x18b000,ff ff ff ff
1791530182179,TX,MemRd,cpu0,pcie-mmcfg-mmio,0,4,0x18c000,ff ff ff ff
1791530182179,TX,MemRd,cpu0,pcie-mmcfg-mmio,0,4,0x18d000,ff ff ff ff
1791530182179,TX,MemRd,cpu0,pcie-mmcfg-mmio,0,4,0x18e000,ff ff ff ff
1791530182179,TX,MemRd,cpu0,pcie-mmcfg-mmio,0,4,0x18f000,ff ff ff ff
1791530182179,TX,MemRd,cpu0,pcie-mmcfg-mmio,0,4,0x190000,ff ff ff ff
1791530182179,TX,MemRd,cpu0,pcie-mmcfg-mmio,0,4,0x191000,ff ff ff ff
1791530182179,TX,MemRd,cpu0,pcie-mmcfg-mmio,0,4,0x192000,ff ff ff ff
1791530182179,TX,MemRd,cpu0,pcie-mmcfg-mmio,0,4,0x193000,ff ff ff ff
1791530182179,TX,MemRd,cpu0,pcie-mmcfg-mmio,0,4,0x194000,ff ff ff ff
1791530182179,TX,MemRd,cpu0,pcie-mmcfg-mmio,0,4,0x195000,ff ff ff ff
1791530182179,TX,MemRd,cpu0,pcie-mmcfg-mmio,0,4,0x196000,ff ff ff ff
1791530182179,TX,MemRd,cpu0,pcie-mmcfg-mmio,0,4,0x197000,ff ff ff ff
1791530182179,TX,MemRd,cpu0,pcie-mmcfg-mmio,0,4,0x198000,ff ff ff ff
1791530182179,TX,MemRd,cpu0,pcie-mmcfg-mmio,0,4,0x199000,ff ff ff ff
1791530182179,TX,MemRd,cpu0,pcie-mmcfg-mmio,0,4,0x19a000,ff ff ff ff
1791530182179,TX,MemRd,cpu0,pcie-mmcfg-mmio,0,4,0x19b000,ff ff ff ff
1791530182179,TX,MemRd,cpu0,pcie-mmcfg-mmio,0,4,0x19c000,ff ff ff ff
1791530182179,TX,MemRd,cpu0,pcie-mmcfg-mmio,0,4,0x19d000,ff ff ff ff
1791530182179,TX,MemRd,cpu0,pcie-mmcfg-mmio,0,4,0x19e000,ff ff ff ff
1791530182179,TX,MemRd,cpu0,pcie-mmcfg-mmio,0,4,0x19f000,ff ff ff ff
1791530182179,TX,MemRd,cpu0,pcie-mmcfg-mmio,0,4,0x1a0000,ff ff ff ff
1791530182179,TX,MemRd,cpu0,pcie-mmcfg-mmio,0,4,0x1a1000,ff ff ff ff
1791530182179,TX,MemRd,cpu0,pcie-mmcfg-mmio,0,4,0x1a2000,ff ff ff ff
1791530182179,TX,MemRd,cpu0,pcie-mmcfg-mmio,0,4,0x1a3000,ff ff ff ff
1791530182179,TX,MemRd,cpu0,pcie-mmcfg-mmio,0,4,0x1a4000,ff ff ff ff
1791530182179,TX,MemRd,cpu0,pcie-mmcfg-mmio,0,4,0x1a5000,ff ff ff ff
1791530182179,TX,MemRd,cpu0,pcie-mmcfg-mmio,0,4,0x1a6000,ff ff ff ff
1791530182179,TX,MemRd,cpu0,pcie-mmcfg-mmio,0,4,0x1a7000,ff ff ff ff
1791530182179,TX,MemRd,cpu0,pcie-mmcfg-mmio,0,4,0x1a8000,ff ff ff ff
1791530182179,TX,MemRd,cpu0,pcie-mmcfg-mmio,0,4,0x1a9000,ff ff ff ff
1791530182179,TX,MemRd,cpu0,pcie-mmcfg-mmio,0,4,0x1aa000,ff ff ff ff
1791530182179,TX,MemRd,cpu0,pcie-mmcfg-mmio,0,4,0x1ab000,ff ff ff ff
1791530182179,TX,MemRd,cpu0,pcie-mmcfg-mmio,0,4,0x1ac000,ff ff ff ff
1791530182179,TX,MemRd,cpu0,pcie-mmcfg-mmio,0,4,0x1ad000,ff ff ff ff
1791530182179,TX,MemRd,cpu0,pcie-mmcfg-mmio,0,4,0x1ae000,ff ff ff ff
1791530182179,TX,MemRd,cpu0,pcie-mmcfg-mmio,0,4,0x1af000,ff ff ff ff
1791530182179,TX,MemRd,cpu0,pcie-mmcfg-mmio,0,4,0x1b0000,ff ff ff ff
1791530182179,TX,MemRd,cpu0,pcie-mmcfg-mmio,0,4,0x1b1000,ff ff ff ff
1791530182179,TX,MemRd,cpu0,pcie-mmcfg-mmio,0,4,0x1b2000,ff ff ff ff
1791530182179,TX,MemRd,cpu0,pcie-mmcfg-mmio,0,4,0x1b3000,ff ff ff ff
1791530182179,TX,MemRd,cpu0,pcie-mmcfg-mmio,0,4,0x1b4000,ff ff ff ff
1791530182180,TX,MemRd,cpu0,pcie-mmcfg-mmio,0,4,0x1b5000,ff ff ff ff
1791530182180,TX,MemRd,cpu0,pcie-mmcfg-mmio,0,4,0x1b6000,ff ff ff ff
1791530182180,TX,MemRd,cpu0,pcie-mmcfg-mmio,0,4,0x1b7000,ff ff ff ff
1791530182180,TX,MemRd,cpu0,pcie-mmcfg-mmio,0,4,0x1b8000,ff ff ff ff
1791530182180,TX,MemRd,cpu0,pcie-mmcfg-mmio,0,4,0x1b9000,ff ff ff ff
1791530182180,TX,MemRd,cpu0,pcie-mmcfg-mmio,0,4,0x1ba000,ff ff ff ff
1791530182180,TX,MemRd,cpu0,pcie-mmcfg-mmio,0,4,0x1bb000,ff ff ff ff
1791530182180,TX,MemRd,cpu0,pcie-mmcfg-mmio,0,4,0x1bc000,ff ff ff ff
1791530182180,TX,MemRd,cpu0,pcie-mmcfg-mmio,0,4,0x1bd000,ff ff ff ff
1791530182180,TX,MemRd,cpu0,pcie-mmcfg-mmio,0,4,0x1be000,ff ff ff ff
1791530182180,TX,MemRd,cpu0,pcie-mmcfg-mmio,0,4,0x1bf000,ff ff ff ff
1791530182180,TX,MemRd,cpu0,pcie-mmcfg-mmio,0,4,0x1c0000,ff ff ff ff
1791530182180,TX,MemRd,cpu0,pcie-mmcfg-mmio,0,4,0x1c1000,ff ff ff ff
1791530182180,TX,MemRd,cpu0,pcie-mmcfg-mmio,0,4,0x1c2000,ff ff ff ff
1791530182180,TX,MemRd,cpu0,pcie-mmcfg-mmio,0,4,0x1c3000,ff ff ff ff
1791530182180,TX,MemRd,cpu0,pcie-mmcfg-mmio,0,4,0x1c4000,ff ff ff ff
1791530182180,TX,MemRd,cpu0,pcie-mmcfg-mmio,0,4,0x1c5000,ff ff ff ff
1791530182180,TX,MemRd,cpu0,pcie-mmcfg-mmio,0,4,0x1c6000,ff ff ff ff
1791530182180,TX,MemRd,cpu0,pcie-mmcfg-mmio,0,4,0x1c7000,ff ff ff ff
1791530182180,TX,MemRd,cpu0,pcie-mmcfg-mmio,0,4,0x1c8000,ff ff ff ff
1791530182180,TX,MemRd,cpu0,pcie-mmcfg-mmio,0,4,0x1c9000,ff ff ff ff
1791530182180,TX,MemRd,cpu0,pcie-mmcfg-mmio,0,4,0x1ca000,ff ff ff ff
1791530182180,TX,MemRd,cpu0,pcie-mmcfg-mmio,0,4,0x1cb000,ff ff ff ff
1791530182180,TX,MemRd,cpu0,pcie-mmcfg-mmio,0,4,0x1cc000,ff ff ff ff
1791530182180,TX,MemRd,cpu0,pcie-mmcfg-mmio,0,4,0x1cd000,ff ff ff ff
1791530182180,TX,MemRd,cpu0,pcie-mmcfg-mmio,0,4,0x1ce000,ff ff ff ff
1791530182180,TX,MemRd,cpu0,pcie-mmcfg-mmio,0,4,0x1cf000,ff ff ff ff
1791530182180,TX,MemRd,cpu0,pcie-mmcfg-mmio,0,4,0x1d0000,ff ff ff ff
1791530182180,TX,MemRd,cpu0,pcie-mmcfg-mmio,0,4,0x1d1000,ff ff ff ff
1791530182180,TX,MemRd,cpu0,pcie-mmcfg-mmio,0,4,0x1d2000,ff ff ff ff
1791530182180,TX,MemRd,cpu0,pcie-mmcfg-mmio,0,4,0x1d3000,ff ff ff ff
1791530182180,TX,MemRd,cpu0,pcie-mmcfg-mmio,0,4,0x1d4000,ff ff ff ff
1791530182180,TX,MemRd,cpu0,pcie-mmcfg-mmio,0,4,0x1d5000,ff ff ff ff
1791530182180,TX,MemRd,cpu0,pcie-mmcfg-mmio,0,4,0x1d6000,ff ff ff ff
1791530182180,TX,MemRd,cpu0,pcie-mmcfg-mmio,0,4,0x1d7000,ff ff ff ff
1791530182180,TX,MemRd,cpu0,pcie-mmcfg-mmio,0,4,0x1d8000,ff ff ff ff
1791530182180,TX,MemRd,cpu0,pcie-mmcfg-mmio,0,4,0x1d9000,ff ff ff ff
1791530182180,TX,MemRd,cpu0,pcie-mmcfg-mmio,0,4,0x1da000,ff ff ff ff
1791530182180,TX,MemRd,cpu0,pcie-mmcfg-mmio,0,4,0x1db000,ff ff ff ff
1791530182180,TX,MemRd,cpu0,pcie-mmcfg-mmio,0,4,0x1dc000,ff ff ff ff
1791530182180,TX,MemRd,cpu0,pcie-mmcfg-mmio,0,4,0x1dd000,ff ff ff ff
1791530182180,TX,MemRd,cpu0,pcie-mmcfg-mmio,0,4,0x1de000,ff ff ff ff
1791530182180,TX,MemRd,cpu0,pcie-mmcfg-mmio,0,4,0x1df000,ff ff ff ff
1791530182180,TX,MemRd,cpu0,pcie-mmcfg-mmio,0,4,0x1e0000,ff ff ff ff
1791530182180,TX,MemRd,cpu0,pcie-mmcfg-mmio,0,4,0x1e1000,ff ff ff ff
1791530182180,TX,MemRd,cpu0,pcie-mmcfg-mmio,0,4,0x1e2000,ff ff ff ff
1791530182180,TX,MemRd,cpu0,pcie-mmcfg-mmio,0,4,0x1e3000,ff ff ff ff
1791530182180,TX,MemRd,cpu0,pcie-mmcfg-mmio,0,4,0x1e4000,ff ff ff ff
1791530182180,TX,MemRd,cpu0,pcie-mmcfg-mmio,0,4,0x1e5000,ff ff ff ff
1791530182180,TX,MemRd,cpu0,pcie-mmcfg-mmio,0,4,0x1e6000,ff ff ff ff
1791530182180,TX,MemRd,cpu0,pcie-mmcfg-mmio,0,4,0x1e7000,ff ff ff ff
1791530182180,TX,MemRd,cpu0,pcie-mmcfg-mmio,0,4,0x1e8000,ff ff ff ff
1791530182180,TX,MemRd,cpu0,pcie-mmcfg-mmio,0,4,0x1e9000,ff ff ff ff
1791530182180,TX,MemRd,cpu0,pcie-mmcfg-mmio,0,4,0x1ea000,ff ff ff ff
1791530182180,TX,MemRd,cpu0,pcie-mmcfg-mmio,0,4,0x1eb000,ff ff ff ff
1791530182180,TX,MemRd,cpu0,pcie-mmcfg-mmio,0,4,0x1ec000,ff ff ff ff
1791530182180,TX,MemRd,cpu0,pcie-mmcfg-mmio,0,4,0x1ed000,ff ff ff ff
1791530182180,TX,MemRd,cpu0,pcie-mmcfg-mmio,0,4,0x1ee000,ff ff ff ff
1791530182180,TX,MemRd,cpu0,pcie-mmcfg-mmio,0,4,0x1ef000,ff ff ff ff
1791530182180,TX,MemRd,cpu0,pcie-mmcfg-mmio,0,4,0x1f0000,ff ff ff ff
1791530182180,TX,MemRd,cpu0,pcie-mmcfg-mmio,0,4,0x1f1000,ff ff ff ff
1791530182180,TX,MemRd,cpu0,pcie-mmcfg-mmio,0,4,0x1f2000,ff ff ff ff
1791530182180,TX,MemRd,cpu0,pcie-mmcfg-mmio,0,4,0x1f3000,ff ff ff ff
1791530182180,TX,MemRd,cpu0,pcie-mmcfg-mmio,0,4,0x1f4000,ff ff ff ff
1791530182180,TX,MemRd,cpu0,pcie-mmcfg-mmio,0,4,0x1f5000,ff ff ff ff
1791530182180,TX,MemRd,cpu0,pcie-mmcfg-mmio,0,4,0x1f6000,ff ff ff ff
1791530182180,TX,MemRd,cpu0,pcie-mmcfg-mmio,0,4,0x1f7000,ff ff ff ff
1791530182180,TX,MemRd,cpu0,pcie-mmcfg-mmio,0,4,0x1f8000,ff ff ff ff
1791530182180,TX,MemRd,cpu0,pcie-mmcfg-mmio,0,4,0x1f9000,ff ff ff ff
1791530182180,TX,MemRd,cpu0,pcie-mmcfg-mmio,0,4,0x1fa000,ff ff ff ff
1791530182180,TX,MemRd,cpu0,pcie-mmcfg-mmio,0,4,0x1fb000,ff ff ff ff
1791530182180,TX,MemRd,cpu0,pcie-mmcfg-mmio,0,4,0x1fc000,ff ff ff ff
1791530182180,TX,MemRd,cpu0,pcie-mmcfg-mmio,0,4,0x1fd000,ff ff ff ff
1791530182180,TX,MemRd,cpu0,pcie-mmcfg-mmio,0,4,0x1fe000,ff ff ff ff
1791530182180,TX,MemRd,cpu0,pcie-mmcfg-mmio,0,4,0x1ff000,ff ff ff ff
1791530182180,RX,CfgRd,pcie-root-port,00:01.0,0,4,0x18,00 01 ff 00
1791530182180,TX,MemRd,cpu0,pcie-mmcfg-mmio,0,4,0x8018,00 01 ff 00
1791530182180,TX,MemWr,cpu0,pcie-mmcfg-mmio,0,4,0x8018,00 01 04 00
1791530182180,TX,CfgWr,pcie-root-port,00:01.0,0,4,0x18,00 01 04 00
1791530182180,RX,CfgRd,pcie-root-port,00:01.0,0,4,0x1c,f0 00 00 00
1791530182180,TX,MemRd,cpu0,pcie-mmcfg-mmio,0,4,0x801c,f0 00 00 00
1791530182180,RX,CfgRd,pcie-root-port,00:01.0,0,4,0x30,00 00 00 00
1791530182180,TX,MemRd,cpu0,pcie-mmcfg-mmio,0,4,0x8030,00 00 00 00
1791530182180,TX,MemWr,cpu0,pcie-mmcfg-mmio,0,4,0x801c,f0 00 00 00
1791530182180,TX,CfgWr,pcie-root-port,00:01.0,0,4,0x1c,f0 00 00 00
1791530182180,TX,MemWr,cpu0,pcie-mmcfg-mmio,0,4,0x8030,00 00 00 00
1791530182180,TX,CfgWr,pcie-root-port,00:01.0,0,4,0x30,00 00 00 00
1791530182180,RX,CfgRd,pcie-root-port,00:01.0,0,4,0x20,10 10 00 00
1791530182180,TX,MemRd,cpu0,pcie-mmcfg-mmio,0,4,0x8020,10 10 00 00
1791530182180,TX,MemWr,cpu0,pcie-mmcfg-mmio,0,4,0x8020,10 10 0f 10
1791530182180,TX,CfgWr,pcie-root-port,00:01.0,0,4,0x20,10 10 0f 10
1791530182180,RX,CfgRd,pcie-root-port,00:01.0,0,4,0x24,01 00 01 00
1791530182180,TX,MemRd,cpu0,pcie-mmcfg-mmio,0,4,0x8024,01 00 01 00
1791530182180,TX,MemWr,cpu0,pcie-mmcfg-mmio,0,4,0x8024,01 00 1f 00
1791530182180,TX,CfgWr,pcie-root-port,00:01.0,0,4,0x24,01 00 1f 00
1791530182180,TX,MemWr,cpu0,pcie-mmcfg-mmio,0,4,0x802c,80 00 00 00
1791530182180,TX,CfgWr,pcie-root-port,00:01.0,0,4,0x2c,80 00 00 00
1791530182180,RX,CfgRd,pcie-root-port,00:01.1,0,4,0x0,36 1b 0c 00
1791530182180,TX,MemRd,cpu0,pcie-mmcfg-mmio,0,4,0x9000,36 1b 0c 00
1791530182180,RX,CfgRd,pcie-root-port,00:01.1,0,4,0x8,00 00 04 06
1791530182180,TX,MemRd,cpu0,pcie-mmcfg-mmio,0,4,0x9008,00 00 04 06
1791530182180,RX,CfgRd,pcie-root-port,00:01.1,0,4,0xc,00 00 01 00
1791530182180,TX,MemRd,cpu0,pcie-mmcfg-mmio,0,4,0x900c,00 00 01 00
1791530182180,RX,CfgRd,pcie-root-port,00:01.1,0,4,0x8,00 00 04 06
1791530182180,TX,MemRd,cpu0,pcie-mmcfg-mmio,0,4,0x9008,00 00 04 06
1791530182180,RX,CfgRd,pcie-root-port,00:01.1,0,4,0x18,00 00 00 00
1791530182180,TX,MemRd,cpu0,pcie-mmcfg-mmio,0,4,0x9018,00 00 00 00
1791530182180,RX,CfgRd,pcie-root-port,00:01.1,0,4,0x10,00 00 00 00
1791530182180,TX,MemRd,cpu0,pcie-mmcfg-mmio,0,4,0x9010,00 00 00 00
1791530182180,TX,MemWr,cpu0,pcie-mmcfg-mmio,0,4,0x9010,ff ff ff ff
1791530182180,TX,CfgWr,pcie-root-port,00:01.1,0,4,0x10,ff ff ff ff
1791530182180,RX,CfgRd,pcie-root-port,00:01.1,0,4,0x10,00 f0 ff ff
1791530182180,TX,MemRd,cpu0,pcie-mmcfg-mmio,0,4,0x9010,00 f0 ff ff
1791530182180,TX,MemWr,cpu0,pcie-mmcfg-mmio,0,4,0x9010,00 00 00 00
1791530182180,TX,CfgWr,pcie-root-port,00:01.1,0,4,0x10,00 00 00 00
1791530182180,TX,MemWr,cpu0,pcie-mmcfg-mmio,0,4,0x9010,00 00 10 10
1791530182180,TX,CfgWr,pcie-root-port,00:01.1,0,4,0x10,00 00 10 10
1791530182180,RX,CfgRd,pcie-root-port,00:01.1,0,4,0x14,00 00 00 00
1791530182180,TX,MemRd,cpu0,pcie-mmcfg-mmio,0,4,0x9014,00 00 00 00
1791530182180,TX,MemWr,cpu0,pcie-mmcfg-mmio,0,4,0x9014,ff ff ff ff
1791530182180,TX,CfgWr,pcie-root-port,00:01.1,0,4,0x14,ff ff ff ff
1791530182180,RX,CfgRd,pcie-root-port,00:01.1,0,4,0x14,00 00 00 00
1791530182180,TX,MemRd,cpu0,pcie-mmcfg-mmio,0,4,0x9014,00 00 00 00
1791530182180,TX,MemWr,cpu0,pcie-mmcfg-mmio,0,4,0x9014,00 00 00 00
1791530182180,TX,CfgWr,pcie-root-port,00:01.1,0,4,0x14,00 00 00 00
1791530182180,TX,MemWr,cpu0,pcie-mmcfg-mmio,0,4,0x9018,00 05 ff 00
1791530182180,TX,CfgWr,pcie-root-port,00:01.1,0,4,0x18,00 05 ff 00
1791530182180,RX,CfgRd,pcie-root-port,00:01.1,0,4,0x1c,f0 00 00 00
1791530182180,TX,MemRd,cpu0,pcie-mmcfg-mmio,0,4,0x901c,f0 00 00 00
1791530182180,RX,CfgRd,pcie-root-port,00:01.1,0,4,0x30,00 00 00 00
1791530182180,TX,MemRd,cpu0,pcie-mmcfg-mmio,0,4,0x9030,00 00 00 00
1791530182180,TX,MemWr,cpu0,pcie-mmcfg-mmio,0,4,0x901c,f0 00 00 00
1791530182180,TX,CfgWr,pcie-root-port,00:01.1,0,4,0x1c,f0 00 00 00
1791530182180,TX,MemWr,cpu0,pcie-mmcfg-mmio,0,4,0x9030,00 00 00 00
1791530182180,TX,CfgWr,pcie-root-port,00:01.1,0,4,0x30,00 00 00 00
1791530182180,RX,CfgRd,pcie-root-port,00:01.1,0,4,0x4,00 00 10 00
1791530182180,TX,MemRd,cpu0,pcie-mmcfg-mmio,0,4,0x9004,00 00 10 00
1791530182180,TX,MemWr,cpu0,pcie-mmcfg-mmio,0,4,0x9004,01 00 10 00
1791530182180,TX,CfgWr,pcie-root-port,00:01.1,0,4,0x4,01 00 10 00
1791530182180,RX,CfgRd,pcie-root-port,00:01.1,0,4,0x20,f0 ff 00 00
1791530182180,TX,MemRd,cpu0,pcie-mmcfg-mmio,0,4,0x9020,f0 ff 00 00
1791530182180,TX,MemWr,cpu0,pcie-mmcfg-mmio,0,4,0x9020,20 10 00 00
1791530182180,TX,CfgWr,pcie-root-port,00:01.1,0,4,0x20,20 10 00 00
1791530182180,RX,CfgRd,pcie-root-port,00:01.1,0,4,0x4,01 00 10 00
1791530182180,TX,MemRd,cpu0,pcie-mmcfg-mmio,0,4,0x9004,01 00 10 00
1791530182180,TX,MemWr,cpu0,pcie-mmcfg-mmio,0,4,0x9004,03 00 10 00
1791530182180,TX,CfgWr,pcie-root-port,00:01.1,0,4,0x4,03 00 10 00
1791530182180,RX,CfgRd,pcie-root-port,00:01.1,0,4,0x24,f1 ff 01 00
1791530182180,TX,MemRd,cpu0,pcie-mmcfg-mmio,0,4,0x9024,f1 ff 01 00
1791530182180,TX,MemWr,cpu0,pcie-mmcfg-mmio,0,4,0x9024,20 00 01 00
1791530182180,TX,CfgWr,pcie-root-port,00:01.1,0,4,0x24,20 00 01 00
1791530182180,TX,MemWr,cpu0,pcie-mmcfg-mmio,0,4,0x9028,80 00 00 00
1791530182180,TX,CfgWr,pcie-root-port,00:01.1,0,4,0x28,80 00 00 00
1791530182180,RX,CfgRd,pcie-root-port,00:01.1,0,4,0x4,03 00 10 00
1791530182180,TX,MemRd,cpu0,pcie-mmcfg-mmio,0,4,0x9004,03 00 10 00
1791530182180,TX,MemWr,cpu0,pcie-mmcfg-mmio,0,4,0x9004,03 00 10 00
1791530182180,TX,CfgWr,pcie-root-port,00:01.1,0,4,0x4,03 00 10 00
1791530182180,RX,CfgRd,pcie-root-port,00:01.1,0,4,0x4,03 00 10 00
1791530182180,TX,MemRd,cpu0,pcie-mmcfg-mmio,0,4,0x9004,03 00 10 00
1791530182180,TX,MemWr,cpu0,pcie-mmcfg-mmio,0,4,0x9004,07 00 10 00
1791530182180,TX,CfgWr,pcie-root-port,00:01.1,0,4,0x4,07 00 10 00
1791530182180,RX,CfgRd,x3130-upstream,05:00.0,0,4,0x0,4c 10 32 82
1791530182180,TX,MemRd,cpu0,pcie-mmcfg-mmio,0,4,0x500000,4c 10 32 82
1791530182180,RX,CfgRd,x3130-upstream,05:00.0,0,4,0x8,02 00 04 06
1791530182180,TX,MemRd,cpu0,pcie-mmcfg-mmio,0,4,0x500008,02 00 04 06
1791530182180,RX,CfgRd,x3130-upstream,05:00.0,0,4,0xc,00 00 01 00
1791530182180,TX,MemRd,cpu0,pcie-mmcfg-mmio,0,4,0x50000c,00 00 01 00
1791530182180,RX,CfgRd,x3130-upstream,05:00.0,0,4,0x8,02 00 04 06
1791530182180,TX,MemRd,cpu0,pcie-mmcfg-mmio,0,4,0x500008,02 00 04 06
1791530182180,RX,CfgRd,x3130-upstream,05:00.0,0,4,0x18,00 00 00 00
1791530182180,TX,MemRd,cpu0,pcie-mmcfg-mmio,0,4,0x500018,00 00 00 00
1791530182180,RX,CfgRd,x3130-upstream,05:00.0,0,4,0x10,00 00 00 00
1791530182180,TX,MemRd,cpu0,pcie-mmcfg-mmio,0,4,0x500010,00 00 00 00
1791530182180,TX,MemWr,cpu0,pcie-mmcfg-mmio,0,4,0x500010,ff ff ff ff
1791530182180,TX,CfgWr,x3130-upstream,05:00.0,0,4,0x10,ff ff ff ff
1791530182180,RX,CfgRd,x3130-upstream,05:00.0,0,4,0x10,00 00 00 00
1791530182180,TX,MemRd,cpu0,pcie-mmcfg-mmio,0,4,0x500010,00 00 00 00
1791530182180,TX,MemWr,cpu0,pcie-mmcfg-mmio,0,4,0x500010,00 00 00 00
1791530182180,TX,CfgWr,x3130-upstream,05:00.0,0,4,0x10,00 00 00 00
1791530182180,RX,CfgRd,x3130-upstream,05:00.0,0,4,0x14,00 00 00 00
1791530182180,TX,MemRd,cpu0,pcie-mmcfg-mmio,0,4,0x500014,00 00 00 00
1791530182180,TX,MemWr,cpu0,pcie-mmcfg-mmio,0,4,0x500014,ff ff ff ff
1791530182180,TX,CfgWr,x3130-upstream,05:00.0,0,4,0x14,ff ff ff ff
1791530182180,RX,CfgRd,x3130-upstream,05:00.0,0,4,0x14,00 00 00 00
1791530182180,TX,MemRd,cpu0,pcie-mmcfg-mmio,0,4,0x500014,00 00 00 00
1791530182180,TX,MemWr,cpu0,pcie-mmcfg-mmio,0,4,0x500014,00 00 00 00
1791530182180,TX,CfgWr,x3130-upstream,05:00.0,0,4,0x14,00 00 00 00
1791530182180,TX,MemWr,cpu0,pcie-mmcfg-mmio,0,4,0x500018,05 06 ff 00
1791530182180,TX,CfgWr,x3130-upstream,05:00.0,0,4,0x18,05 06 ff 00
1791530182180,RX,CfgRd,x3130-upstream,05:00.0,0,4,0x1c,00 00 00 00
1791530182180,TX,MemRd,cpu0,pcie-mmcfg-mmio,0,4,0x50001c,00 00 00 00
1791530182180,RX,CfgRd,x3130-upstream,05:00.0,0,4,0x30,00 00 00 00
1791530182180,TX,MemRd,cpu0,pcie-mmcfg-mmio,0,4,0x500030,00 00 00 00
1791530182180,TX,MemWr,cpu0,pcie-mmcfg-mmio,0,4,0x50001c,00 00 00 00
1791530182180,TX,CfgWr,x3130-upstream,05:00.0,0,4,0x1c,00 00 00 00
1791530182180,TX,MemWr,cpu0,pcie-mmcfg-mmio,0,4,0x500030,00 00 00 00
1791530182180,TX,CfgWr,x3130-upstream,05:00.0,0,4,0x30,00 00 00 00
1791530182181,RX,CfgRd,x3130-upstream,05:00.0,0,4,0x4,00 00 10 00
1791530182181,TX,MemRd,cpu0,pcie-mmcfg-mmio,0,4,0x500004,00 00 10 00
1791530182181,TX,MemWr,cpu0,pcie-mmcfg-mmio,0,4,0x500004,01 00 10 00
1791530182181,TX,CfgWr,x3130-upstream,05:00.0,0,4,0x4,01 00 10 00
1791530182181,RX,CfgRd,x3130-upstream,05:00.0,0,4,0x20,00 00 00 00
1791530182181,TX,MemRd,cpu0,pcie-mmcfg-mmio,0,4,0x500020,00 00 00 00
1791530182181,TX,MemWr,cpu0,pcie-mmcfg-mmio,0,4,0x500020,20 10 00 00
1791530182181,TX,CfgWr,x3130-upstream,05:00.0,0,4,0x20,20 10 00 00
1791530182181,RX,CfgRd,x3130-upstream,05:00.0,0,4,0x4,01 00 10 00
1791530182181,TX,MemRd,cpu0,pcie-mmcfg-mmio,0,4,0x500004,01 00 10 00
1791530182181,TX,MemWr,cpu0,pcie-mmcfg-mmio,0,4,0x500004,03 00 10 00
1791530182181,TX,CfgWr,x3130-upstream,05:00.0,0,4,0x4,03 00 10 00
1791530182181,RX,CfgRd,x3130-upstream,05:00.0,0,4,0x24,01 00 01 00
1791530182181,TX,MemRd,cpu0,pcie-mmcfg-mmio,0,4,0x500024,01 00 01 00
1791530182181,TX,MemWr,cpu0,pcie-mmcfg-mmio,0,4,0x500024,20 00 01 00
1791530182181,TX,CfgWr,x3130-upstream,05:00.0,0,4,0x24,20 00 01 00
1791530182181,TX,MemWr,cpu0,pcie-mmcfg-mmio,0,4,0x500028,80 00 00 00
1791530182181,TX,CfgWr,x3130-upstream,05:00.0,0,4,0x28,80 00 00 00
1791530182181,RX,CfgRd,x3130-upstream,05:00.0,0,4,0x4,03 00 10 00
1791530182181,TX,MemRd,cpu0,pcie-mmcfg-mmio,0,4,0x500004,03 00 10 00
1791530182181,TX,MemWr,cpu0,pcie-mmcfg-mmio,0,4,0x500004,03 00 10 00
1791530182181,TX,CfgWr,x3130-upstream,05:00.0,0,4,0x4,03 00 10 00
1791530182181,RX,CfgRd,x3130-upstream,05:00.0,0,4,0x4,03 00 10 00
1791530182181,TX,MemRd,cpu0,pcie-mmcfg-mmio,0,4,0x500004,03 00 10 00
1791530182181,TX,MemWr,cpu0,pcie-mmcfg-mmio,0,4,0x500004,07 00 10 00
1791530182181,TX,CfgWr,x3130-upstream,05:00.0,0,4,0x4,07 00 10 00
1791530182181,RX,CfgRd,xio3130-downstream,06:00.0,0,4,0x0,4c 10 33 82
1791530182181,TX,MemRd,cpu0,pcie-mmcfg-mmio,0,4,0x600000,4c 10 33 82
1791530182181,RX,CfgRd,xio3130-downstream,06:00.0,0,4,0x8,01 00 04 06
1791530182181,TX,MemRd,cpu0,pcie-mmcfg-mmio,0,4,0x600008,01 00 04 06
1791530182181,RX,CfgRd,xio3130-downstream,06:00.0,0,4,0xc,00 00 81 00
1791530182181,TX,MemRd,cpu0,pcie-mmcfg-mmio,0,4,0x60000c,00 00 81 00
1791530182181,RX,CfgRd,xio3130-downstream,06:00.0,0,4,0x8,01 00 04 06
1791530182181,TX,MemRd,cpu0,pcie-mmcfg-mmio,0,4,0x600008,01 00 04 06
1791530182181,RX,CfgRd,xio3130-downstream,06:00.0,0,4,0x18,00 00 00 00
1791530182181,TX,MemRd,cpu0,pcie-mmcfg-mmio,0,4,0x600018,00 00 00 00
1791530182181,RX,CfgRd,xio3130-downstream,06:00.0,0,4,0x10,00 00 00 00
1791530182181,TX,MemRd,cpu0,pcie-mmcfg-mmio,0,4,0x600010,00 00 00 00
1791530182181,TX,MemWr,cpu0,pcie-mmcfg-mmio,0,4,0x600010,ff ff ff ff
1791530182181,TX,CfgWr,xio3130-downstream,06:00.0,0,4,0x10,ff ff ff ff
1791530182181,RX,CfgRd,xio3130-downstream,06:00.0,0,4,0x10,00 00 00 00
1791530182181,TX,MemRd,cpu0,pcie-mmcfg-mmio,0,4,0x600010,00 00 00 00
1791530182181,TX,MemWr,cpu0,pcie-mmcfg-mmio,0,4,0x600010,00 00 00 00
1791530182181,TX,CfgWr,xio3130-downstream,06:00.0,0,4,0x10,00 00 00 00
1791530182181,RX,CfgRd,xio3130-downstream,06:00.0,0,4,0x14,00 00 00 00
1791530182181,TX,MemRd,cpu0,pcie-mmcfg-mmio,0,4,0x600014,00 00 00 00
1791530182181,TX,MemWr,cpu0,pcie-mmcfg-mmio,0,4,0x600014,ff ff ff ff
1791530182181,TX,CfgWr,xio3130-downstream,06:00.0,0,4,0x14,ff ff ff ff
1791530182181,RX,CfgRd,xio3130-downstream,06:00.0,0,4,0x14,00 00 00 00
1791530182181,TX,MemRd,cpu0,pcie-mmcfg-mmio,0,4,0x600014,00 00 00 00
1791530182181,TX,MemWr,cpu0,pcie-mmcfg-mmio,0,4,0x600014,00 00 00 00
1791530182181,TX,CfgWr,xio3130-downstream,06:00.0,0,4,0x14,00 00 00 00
1791530182181,TX,MemWr,cpu0,pcie-mmcfg-mmio,0,4,0x600018,06 07 ff 00
1791530182181,TX,CfgWr,xio3130-downstream,06:00.0,0,4,0x18,06 07 ff 00
1791530182181,RX,CfgRd,xio3130-downstream,06:00.0,0,4,0x1c,00 00 00 00
1791530182181,TX,MemRd,cpu0,pcie-mmcfg-mmio,0,4,0x60001c,00 00 00 00
1791530182181,RX,CfgRd,xio3130-downstream,06:00.0,0,4,0x30,00 00 00 00
1791530182181,TX,MemRd,cpu0,pcie-mmcfg-mmio,0,4,0x600030,00 00 00 00
1791530182181,TX,MemWr,cpu0,pcie-mmcfg-mmio,0,4,0x60001c,00 00 00 00
1791530182181,TX,CfgWr,xio3130-downstream,06:00.0,0,4,0x1c,00 00 00 00
1791530182181,TX,MemWr,cpu0,pcie-mmcfg-mmio,0,4,0x600030,00 00 00 00
1791530182181,TX,CfgWr,xio3130-downstream,06:00.0,0,4,0x30,00 00 00 00
1791530182181,RX,CfgRd,xio3130-downstream,06:00.0,0,4,0x4,00 00 10 00
1791530182181,TX,MemRd,cpu0,pcie-mmcfg-mmio,0,4,0x600004,00 00 10 00
1791530182181,TX,MemWr,cpu0,pcie-mmcfg-mmio,0,4,0x600004,01 00 10 00
1791530182181,TX,CfgWr,xio3130-downstream,06:00.0,0,4,0x4,01 00 10 00
1791530182181,RX,CfgRd,xio3130-downstream,06:00.0,0,4,0x20,00 00 00 00
1791530182181,TX,MemRd,cpu0,pcie-mmcfg-mmio,0,4,0x600020,00 00 00 00
1791530182181,TX,MemWr,cpu0,pcie-mmcfg-mmio,0,4,0x600020,20 10 00 00
1791530182181,TX,CfgWr,xio3130-downstream,06:00.0,0,4,0x20,20 10 00 00
1791530182181,RX,CfgRd,xio3130-downstream,06:00.0,0,4,0x4,01 00 10 00
1791530182181,TX,MemRd,cpu0,pcie-mmcfg-mmio,0,4,0x600004,01 00 10 00
1791530182181,TX,MemWr,cpu0,pcie-mmcfg-mmio,0,4,0x600004,03 00 10 00
1791530182181,TX,CfgWr,xio3130-downstream,06:00.0,0,4,0x4,03 00 10 00
1791530182181,RX,CfgRd,xio3130-downstream,06:00.0,0,4,0x24,01 00 01 00
1791530182181,TX,MemRd,cpu0,pcie-mmcfg-mmio,0,4,0x600024,01 00 01 00
1791530182181,TX,MemWr,cpu0,pcie-mmcfg-mmio,0,4,0x600024,20 00 01 00
1791530182181,TX,CfgWr,xio3130-downstream,06:00.0,0,4,0x24,20 00 01 00
1791530182181,TX,MemWr,cpu0,pcie-mmcfg-mmio,0,4,0x600028,80 00 00 00
1791530182181,TX,CfgWr,xio3130-downstream,06:00.0,0,4,0x28,80 00 00 00
1791530182181,RX,CfgRd,xio3130-downstream,06:00.0,0,4,0x4,03 00 10 00
1791530182181,TX,MemRd,cpu0,pcie-mmcfg-mmio,0,4,0x600004,03 00 10 00
1791530182181,TX,MemWr,cpu0,pcie-mmcfg-mmio,0,4,0x600004,03 00 10 00
1791530182181,TX,CfgWr,xio3130-downstream,06:00.0,0,4,0x4,03 00 10 00
1791530182181,RX,CfgRd,xio3130-downstream,06:00.0,0,4,0x4,03 00 10 00
1791530182181,TX,MemRd,cpu0,pcie-mmcfg-mmio,0,4,0x600004,03 00 10 00
1791530182181,TX,MemWr,cpu0,pcie-mmcfg-mmio,0,4,0x600004,07 00 10 00
1791530182181,TX,CfgWr,xio3130-downstream,06:00.0,0,4,0x4,07 00 10 00
1791530182181,RX,CfgRd,nvme,07:00.0,0,4,0x0,36 1b 10 00
1791530182181,TX,MemRd,cpu0,pcie-mmcfg-mmio,0,4,0x700000,36 1b 10 00
1791530182181,RX,CfgRd,nvme,07:00.0,0,4,0x8,02 02 08 01
1791530182181,TX,MemRd,cpu0,pcie-mmcfg-mmio,0,4,0x700008,02 02 08 01
1791530182181,RX,CfgRd,nvme,07:00.0,0,4,0xc,00 00 00 00
1791530182181,TX,MemRd,cpu0,pcie-mmcfg-mmio,0,4,0x70000c,00 00 00 00
1791530182181,RX,CfgRd,nvme,07:00.0,0,4,0x10,04 00 00 00
1791530182181,TX,MemRd,cpu0,pcie-mmcfg-mmio,0,4,0x700010,04 00 00 00
1791530182181,RX,CfgRd,nvme,07:00.0,0,4,0x14,00 00 00 00
1791530182181,TX,MemRd,cpu0,pcie-mmcfg-mmio,0,4,0x700014,00 00 00 00
1791530182181,TX,MemWr,cpu0,pcie-mmcfg-mmio,0,4,0x700010,ff ff ff ff
1791530182181,TX,CfgWr,nvme,07:00.0,0,4,0x10,ff ff ff ff
1791530182181,RX,CfgRd,nvme,07:00.0,0,4,0x10,04 c0 ff ff
1791530182181,TX,MemRd,cpu0,pcie-mmcfg-mmio,0,4,0x700010,04 c0 ff ff
1791530182181,TX,MemWr,cpu0,pcie-mmcfg-mmio,0,4,0x700010,04 00 00 00
1791530182181,TX,CfgWr,nvme,07:00.0,0,4,0x10,04 00 00 00
1791530182181,TX,MemWr,cpu0,pcie-mmcfg-mmio,0,4,0x700014,ff ff ff ff
1791530182181,TX,CfgWr,nvme,07:00.0,0,4,0x14,ff ff ff ff
1791530182181,RX,CfgRd,nvme,07:00.0,0,4,0x14,ff ff ff ff
1791530182181,TX,MemRd,cpu0,pcie-mmcfg-mmio,0,4,0x700014,ff ff ff ff
1791530182181,TX,MemWr,cpu0,pcie-mmcfg-mmio,0,4,0x700014,00 00 00 00
1791530182181,TX,CfgWr,nvme,07:00.0,0,4,0x14,00 00 00 00
1791530182181,TX,MemWr,cpu0,pcie-mmcfg-mmio,0,4,0x700010,00 00 20 00
1791530182181,TX,CfgWr,nvme,07:00.0,0,4,0x10,00 00 20 00
1791530182181,TX,MemWr,cpu0,pcie-mmcfg-mmio,0,4,0x700014,80 00 00 00
1791530182181,TX,CfgWr,nvme,07:00.0,0,4,0x14,80 00 00 00
1791530182181,RX,CfgRd,nvme,07:00.0,0,4,0x18,00 00 00 00
1791530182181,TX,MemRd,cpu0,pcie-mmcfg-mmio,0,4,0x700018,00 00 00 00
1791530182181,TX,MemWr,cpu0,pcie-mmcfg-mmio,0,4,0x700018,ff ff ff ff
1791530182181,TX,CfgWr,nvme,07:00.0,0,4,0x18,ff ff ff ff
1791530182181,RX,CfgRd,nvme,07:00.0,0,4,0x18,00 00 00 00
1791530182181,TX,MemRd,cpu0,pcie-mmcfg-mmio,0,4,0x700018,00 00 00 00
1791530182181,TX,MemWr,cpu0,pcie-mmcfg-mmio,0,4,0x700018,00 00 00 00
1791530182181,TX,CfgWr,nvme,07:00.0,0,4,0x18,00 00 00 00
1791530182181,RX,CfgRd,nvme,07:00.0,0,4,0x1c,00 00 00 00
1791530182181,TX,MemRd,cpu0,pcie-mmcfg-mmio,0,4,0x70001c,00 00 00 00
1791530182181,TX,MemWr,cpu0,pcie-mmcfg-mmio,0,4,0x70001c,ff ff ff ff
1791530182181,TX,CfgWr,nvme,07:00.0,0,4,0x1c,ff ff ff ff
1791530182181,RX,CfgRd,nvme,07:00.0,0,4,0x1c,00 00 00 00
1791530182181,TX,MemRd,cpu0,pcie-mmcfg-mmio,0,4,0x70001c,00 00 00 00
1791530182181,TX,MemWr,cpu0,pcie-mmcfg-mmio,0,4,0x70001c,00 00 00 00
1791530182181,TX,CfgWr,nvme,07:00.0,0,4,0x1c,00 00 00 00
1791530182181,RX,CfgRd,nvme,07:00.0,0,4,0x20,00 00 00 00
1791530182181,TX,MemRd,cpu0,pcie-mmcfg-mmio,0,4,0x700020,00 00 00 00
1791530182181,TX,MemWr,cpu0,pcie-mmcfg-mmio,0,4,0x700020,ff ff ff ff
1791530182181,TX,CfgWr,nvme,07:00.0,0,4,0x20,ff ff ff ff
1791530182181,RX,CfgRd,nvme,07:00.0,0,4,0x20,00 00 00 00
1791530182182,TX,MemRd,cpu0,pcie-mmcfg-mmio,0,4,0x700020,00 00 00 00
1791530182182,TX,MemWr,cpu0,pcie-mmcfg-mmio,0,4,0x700020,00 00 00 00
1791530182182,TX,CfgWr,nvme,07:00.0,0,4,0x20,00 00 00 00
1791530182182,RX,CfgRd,nvme,07:00.0,0,4,0x24,00 00 00 00
1791530182182,TX,MemRd,cpu0,pcie-mmcfg-mmio,0,4,0x700024,00 00 00 00
1791530182182,TX,MemWr,cpu0,pcie-mmcfg-mmio,0,4,0x700024,ff ff ff ff
1791530182182,TX,CfgWr,nvme,07:00.0,0,4,0x24,ff ff ff ff
1791530182182,RX,CfgRd,nvme,07:00.0,0,4,0x24,00 00 00 00
1791530182182,TX,MemRd,cpu0,pcie-mmcfg-mmio,0,4,0x700024,00 00 00 00
1791530182182,TX,MemWr,cpu0,pcie-mmcfg-mmio,0,4,0x700024,00 00 00 00
1791530182182,TX,CfgWr,nvme,07:00.0,0,4,0x24,00 00 00 00
1791530182182,TX,MemRd,cpu0,pcie-mmcfg-mmio,0,4,0x708000,ff ff ff ff
1791530182182,TX,MemRd,cpu0,pcie-mmcfg-mmio,0,4,0x709000,ff ff ff ff
1791530182182,TX,MemRd,cpu0,pcie-mmcfg-mmio,0,4,0x70a000,ff ff ff ff
1791530182182,TX,MemRd,cpu0,pcie-mmcfg-mmio,0,4,0x70b000,ff ff ff ff
1791530182182,TX,MemRd,cpu0,pcie-mmcfg-mmio,0,4,0x70c000,ff ff ff ff
1791530182182,TX,MemRd,cpu0,pcie-mmcfg-mmio,0,4,0x70d000,ff ff ff ff
1791530182182,TX,MemRd,cpu0,pcie-mmcfg-mmio,0,4,0x70e000,ff ff ff ff
1791530182182,TX,MemRd,cpu0,pcie-mmcfg-mmio,0,4,0x70f000,ff ff ff ff
1791530182182,TX,MemRd,cpu0,pcie-mmcfg-mmio,0,4,0x710000,ff ff ff ff
1791530182182,TX,MemRd,cpu0,pcie-mmcfg-mmio,0,4,0x711000,ff ff ff ff
1791530182182,TX,MemRd,cpu0,pcie-mmcfg-mmio,0,4,0x712000,ff ff ff ff
1791530182182,TX,MemRd,cpu0,pcie-mmcfg-mmio,0,4,0x713000,ff ff ff ff
1791530182182,TX,MemRd,cpu0,pcie-mmcfg-mmio,0,4,0x714000,ff ff ff ff
1791530182182,TX,MemRd,cpu0,pcie-mmcfg-mmio,0,4,0x715000,ff ff ff ff
1791530182182,TX,MemRd,cpu0,pcie-mmcfg-mmio,0,4,0x716000,ff ff ff ff
1791530182182,TX,MemRd,cpu0,pcie-mmcfg-mmio,0,4,0x717000,ff ff ff ff
1791530182182,TX,MemRd,cpu0,pcie-mmcfg-mmio,0,4,0x718000,ff ff ff ff
1791530182182,TX,MemRd,cpu0,pcie-mmcfg-mmio,0,4,0x719000,ff ff ff ff
1791530182182,TX,MemRd,cpu0,pcie-mmcfg-mmio,0,4,0x71a000,ff ff ff ff
1791530182182,TX,MemRd,cpu0,pcie-mmcfg-mmio,0,4,0x71b000,ff ff ff ff
1791530182182,TX,MemRd,cpu0,pcie-mmcfg-mmio,0,4,0x71c000,ff ff ff ff
1791530182182,TX,MemRd,cpu0,pcie-mmcfg-mmio,0,4,0x71d000,ff ff ff ff
1791530182182,TX,MemRd,cpu0,pcie-mmcfg-mmio,0,4,0x71e000,ff ff ff ff
1791530182182,TX,MemRd,cpu0,pcie-mmcfg-mmio,0,4,0x71f000,ff ff ff ff
1791530182182,TX,MemRd,cpu0,pcie-mmcfg-mmio,0,4,0x720000,ff ff ff ff
1791530182182,TX,MemRd,cpu0,pcie-mmcfg-mmio,0,4,0x721000,ff ff ff ff
1791530182182,TX,MemRd,cpu0,pcie-mmcfg-mmio,0,4,0x722000,ff ff ff ff
1791530182182,TX,MemRd,cpu0,pcie-mmcfg-mmio,0,4,0x723000,ff ff ff ff
1791530182182,TX,MemRd,cpu0,pcie-mmcfg-mmio,0,4,0x724000,ff ff ff ff
1791530182182,TX,MemRd,cpu0,pcie-mmcfg-mmio,0,4,0x725000,ff ff ff ff
1791530182182,TX,MemRd,cpu0,pcie-mmcfg-mmio,0,4,0x726000,ff ff ff ff
1791530182182,TX,MemRd,cpu0,pcie-mmcfg-mmio,0,4,0x727000,ff ff ff ff
1791530182182,TX,MemRd,cpu0,pcie-mmcfg-mmio,0,4,0x728000,ff ff ff ff
1791530182182,TX,MemRd,cpu0,pcie-mmcfg-mmio,0,4,0x729000,ff ff ff ff
1791530182182,TX,MemRd,cpu0,pcie-mmcfg-mmio,0,4,0x72a000,ff ff ff ff
1791530182182,TX,MemRd,cpu0,pcie-mmcfg-mmio,0,4,0x72b000,ff ff ff ff
1791530182182,TX,MemRd,cpu0,pcie-mmcfg-mmio,0,4,0x72c000,ff ff ff ff
1791530182182,TX,MemRd,cpu0,pcie-mmcfg-mmio,0,4,0x72d000,ff ff ff ff
1791530182182,TX,MemRd,cpu0,pcie-mmcfg-mmio,0,4,0x72e000,ff ff ff ff
1791530182182,TX,MemRd,cpu0,pcie-mmcfg-mmio,0,4,0x72f000,ff ff ff ff
1791530182182,TX,MemRd,cpu0,pcie-mmcfg-mmio,0,4,0x730000,ff ff ff ff
1791530182182,TX,MemRd,cpu0,pcie-mmcfg-mmio,0,4,0x731000,ff ff ff ff
1791530182182,TX,MemRd,cpu0,pcie-mmcfg-mmio,0,4,0x732000,ff ff ff ff
1791530182182,TX,MemRd,cpu0,pcie-mmcfg-mmio,0,4,0x733000,ff ff ff ff
1791530182182,TX,MemRd,cpu0,pcie-mmcfg-mmio,0,4,0x734000,ff ff ff ff
1791530182182,TX,MemRd,cpu0,pcie-mmcfg-mmio,0,4,0x735000,ff ff ff ff
1791530182182,TX,MemRd,cpu0,pcie-mmcfg-mmio,0,4,0x736000,ff ff ff ff
1791530182182,TX,MemRd,cpu0,pcie-mmcfg-mmio,0,4,0x737000,ff ff ff ff
1791530182182,TX,MemRd,cpu0,pcie-mmcfg-mmio,0,4,0x738000,ff ff ff ff
1791530182182,TX,MemRd,cpu0,pcie-mmcfg-mmio,0,4,0x739000,ff ff ff ff
1791530182182,TX,MemRd,cpu0,pcie-mmcfg-mmio,0,4,0x73a000,ff ff ff ff
1791530182182,TX,MemRd,cpu0,pcie-mmcfg-mmio,0,4,0x73b000,ff ff ff ff
1791530182182,TX,MemRd,cpu0,pcie-mmcfg-mmio,0,4,0x73c000,ff ff ff ff
1791530182182,TX,MemRd,cpu0,pcie-mmcfg-mmio,0,4,0x73d000,ff ff ff ff
1791530182182,TX,MemRd,cpu0,pcie-mmcfg-mmio,0,4,0x73e000,ff ff ff ff
1791530182182,TX,MemRd,cpu0,pcie-mmcfg-mmio,0,4,0x73f000,ff ff ff ff
1791530182182,TX,MemRd,cpu0,pcie-mmcfg-mmio,0,4,0x740000,ff ff ff ff
1791530182182,TX,MemRd,cpu0,pcie-mmcfg-mmio,0,4,0x741000,ff ff ff ff
1791530182182,TX,MemRd,cpu0,pcie-mmcfg-mmio,0,4,0x742000,ff ff ff ff
1791530182182,TX,MemRd,cpu0,pcie-mmcfg-mmio,0,4,0x743000,ff ff ff ff
1791530182182,TX,MemRd,cpu0,pcie-mmcfg-mmio,0,4,0x744000,ff ff ff ff
1791530182182,TX,MemRd,cpu0,pcie-mmcfg-mmio,0,4,0x745000,ff ff ff ff
1791530182182,TX,MemRd,cpu0,pcie-mmcfg-mmio,0,4,0x746000,ff ff ff ff
1791530182182,TX,MemRd,cpu0,pcie-mmcfg-mmio,0,4,0x747000,ff ff ff ff
1791530182182,TX,MemRd,cpu0,pcie-mmcfg-mmio,0,4,0x748000,ff ff ff ff
1791530182182,TX,MemRd,cpu0,pcie-mmcfg-mmio,0,4,0x749000,ff ff ff ff
1791530182182,TX,MemRd,cpu0,pcie-mmcfg-mmio,0,4,0x74a000,ff ff ff ff
1791530182182,TX,MemRd,cpu0,pcie-mmcfg-mmio,0,4,0x74b000,ff ff ff ff
1791530182182,TX,MemRd,cpu0,pcie-mmcfg-mmio,0,4,0x74c000,ff ff ff ff
1791530182182,TX,MemRd,cpu0,pcie-mmcfg-mmio,0,4,0x74d000,ff ff ff ff
1791530182182,TX,MemRd,cpu0,pcie-mmcfg-mmio,0,4,0x74e000,ff ff ff ff
1791530182182,TX,MemRd,cpu0,pcie-mmcfg-mmio,0,4,0x74f000,ff ff ff ff
1791530182182,TX,MemRd,cpu0,pcie-mmcfg-mmio,0,4,0x750000,ff ff ff ff
1791530182182,TX,MemRd,cpu0,pcie-mmcfg-mmio,0,4,0x751000,ff ff ff ff
1791530182182,TX,MemRd,cpu0,pcie-mmcfg-mmio,0,4,0x752000,ff ff ff ff
1791530182182,TX,MemRd,cpu0,pcie-mmcfg-mmio,0,4,0x753000,ff ff ff ff
1791530182182,TX,MemRd,cpu0,pcie-mmcfg-mmio,0,4,0x754000,ff ff ff ff
1791530182182,TX,MemRd,cpu0,pcie-mmcfg-mmio,0,4,0x755000,ff ff ff ff
1791530182182,TX,MemRd,cpu0,pcie-mmcfg-mmio,0,4,0x756000,ff ff ff ff
1791530182182,TX,MemRd,cpu0,pcie-mmcfg-mmio,0,4,0x757000,ff ff ff ff
1791530182182,TX,MemRd,cpu0,pcie-mmcfg-mmio,0,4,0x758000,ff ff ff ff
1791530182182,TX,MemRd,cpu0,pcie-mmcfg-mmio,0,4,0x759000,ff ff ff ff
1791530182182,TX,MemRd,cpu0,pcie-mmcfg-mmio,0,4,0x75a000,ff ff ff ff
1791530182182,TX,MemRd,cpu0,pcie-mmcfg-mmio,0,4,0x75b000,ff ff ff ff
1791530182182,TX,MemRd,cpu0,pcie-mmcfg-mmio,0,4,0x75c000,ff ff ff ff
1791530182182,TX,MemRd,cpu0,pcie-mmcfg-mmio,0,4,0x75d000,ff ff ff ff
1791530182182,TX,MemRd,cpu0,pcie-mmcfg-mmio,0,4,0x75e000,ff ff ff ff
1791530182182,TX,MemRd,cpu0,pcie-mmcfg-mmio,0,4,0x75f000,ff ff ff ff
1791530182182,TX,MemRd,cpu0,pcie-mmcfg-mmio,0,4,0x760000,ff ff ff ff
1791530182182,TX,MemRd,cpu0,pcie-mmcfg-mmio,0,4,0x761000,ff ff ff ff
1791530182182,TX,MemRd,cpu0,pcie-mmcfg-mmio,0,4,0x762000,ff ff ff ff
1791530182182,TX,MemRd,cpu0,pcie-mmcfg-mmio,0,4,0x763000,ff ff ff ff
1791530182182,TX,MemRd,cpu0,pcie-mmcfg-mmio,0,4,0x764000,ff ff ff ff
1791530182182,TX,MemRd,cpu0,pcie-mmcfg-mmio,0,4,0x765000,ff ff ff ff
1791530182182,TX,MemRd,cpu0,pcie-mmcfg-mmio,0,4,0x766000,ff ff ff ff
1791530182182,TX,MemRd,cpu0,pcie-mmcfg-mmio,0,4,0x767000,ff ff ff ff
1791530182182,TX,MemRd,cpu0,pcie-mmcfg-mmio,0,4,0x768000,ff ff ff ff
1791530182182,TX,MemRd,cpu0,pcie-mmcfg-mmio,0,4,0x769000,ff ff ff ff
1791530182182,TX,MemRd,cpu0,pcie-mmcfg-mmio,0,4,0x76a000,ff ff ff ff
1791530182182,TX,MemRd,cpu0,pcie-mmcfg-mmio,0,4,0x76b000,ff ff ff ff
1791530182182,TX,MemRd,cpu0,pcie-mmcfg-mmio,0,4,0x76c000,ff ff ff ff
1791530182182,TX,MemRd,cpu0,pcie-mmcfg-mmio,0,4,0x76d000,ff ff ff ff
1791530182182,TX,MemRd,cpu0,pcie-mmcfg-mmio,0,4,0x76e000,ff ff ff ff
1791530182182,TX,MemRd,cpu0,pcie-mmcfg-mmio,0,4,0x76f000,ff ff ff ff
1791530182182,TX,MemRd,cpu0,pcie-mmcfg-mmio,0,4,0x770000,ff ff ff ff
1791530182182,TX,MemRd,cpu0,pcie-mmcfg-mmio,0,4,0x771000,ff ff ff ff
1791530182182,TX,MemRd,cpu0,pcie-mmcfg-mmio,0,4,0x772000,ff ff ff ff
1791530182182,TX,MemRd,cpu0,pcie-mmcfg-mmio,0,4,0x773000,ff ff ff ff
1791530182182,TX,MemRd,cpu0,pcie-mmcfg-mmio,0,4,0x774000,ff ff ff ff
1791530182182,TX,MemRd,cpu0,pcie-mmcfg-mmio,0,4,0x775000,ff ff ff ff
1791530182182,TX,MemRd,cpu0,pcie-mmcfg-mmio,0,4,0x776000,ff ff ff ff
1791530182182,TX,MemRd,cpu0,pcie-mmcfg-mmio,0,4,0x777000,ff ff ff ff
1791530182182,TX,MemRd,cpu0,pcie-mmcfg-mmio,0,4,0x778000,ff ff ff ff
1791530182182,TX,MemRd,cpu0,pcie-mmcfg-mmio,0,4,0x779000,ff ff ff ff
1791530182182,TX,MemRd,cpu0,pcie-mmcfg-mmio,0,4,0x77a000,ff ff ff ff
1791530182182,TX,MemRd,cpu0,pcie-mmcfg-mmio,0,4,0x77b000,ff ff ff ff
1791530182182,TX,MemRd,cpu0,pcie-mmcfg-mmio,0,4,0x77c000,ff ff ff ff
1791530182182,TX,MemRd,cpu0,pcie-mmcfg-mmio,0,4,0x77d000,ff ff ff ff
1791530182182,TX,MemRd,cpu0,pcie-mmcfg-mmio,0,4,0x77e000,ff ff ff ff
1791530182182,TX,MemRd,cpu0,pcie-mmcfg-mmio,0,4,0x77f000,ff ff ff ff
1791530182182,TX,MemRd,cpu0,pcie-mmcfg-mmio,0,4,0x780000,ff ff ff ff
1791530182182,TX,MemRd,cpu0,pcie-mmcfg-mmio,0,4,0x781000,ff ff ff ff
1791530182182,TX,MemRd,cpu0,pcie-mmcfg-mmio,0,4,0x782000,ff ff ff ff
1791530182182,TX,MemRd,cpu0,pcie-mmcfg-mmio,0,4,0x783000,ff ff ff ff
1791530182182,TX,MemRd,cpu0,pcie-mmcfg-mmio,0,4,0x784000,ff ff ff ff
1791530182182,TX,MemRd,cpu0,pcie-mmcfg-mmio,0,4,0x785000,ff ff ff ff
1791530182182,TX,MemRd,cpu0,pcie-mmcfg-mmio,0,4,0x786000,ff ff ff ff
1791530182182,TX,MemRd,cpu0,pcie-mmcfg-mmio,0,4,0x787000,ff ff ff ff
1791530182182,TX,MemRd,cpu0,pcie-mmcfg-mmio,0,4,0x788000,ff ff ff ff
1791530182182,TX,MemRd,cpu0,pcie-mmcfg-mmio,0,4,0x789000,ff ff ff ff
1791530182182,TX,MemRd,cpu0,pcie-mmcfg-mmio,0,4,0x78a000,ff ff ff ff
1791530182182,TX,MemRd,cpu0,pcie-mmcfg-mmio,0,4,0x78b000,ff ff ff ff
1791530182182,TX,MemRd,cpu0,pcie-mmcfg-mmio,0,4,0x78c000,ff ff ff ff
1791530182182,TX,MemRd,cpu0,pcie-mmcfg-mmio,0,4,0x78d000,ff ff ff ff
1791530182182,TX,MemRd,cpu0,pcie-mmcfg-mmio,0,4,0x78e000,ff ff ff ff
1791530182182,TX,MemRd,cpu0,pcie-mmcfg-mmio,0,4,0x78f000,ff ff ff ff
1791530182182,TX,MemRd,cpu0,pcie-mmcfg-mmio,0,4,0x790000,ff ff ff ff
1791530182182,TX,MemRd,cpu0,pcie-mmcfg-mmio,0,4,0x791000,ff ff ff ff
1791530182182,TX,MemRd,cpu0,pcie-mmcfg-mmio,0,4,0x792000,ff ff ff ff
1791530182182,TX,MemRd,cpu0,pcie-mmcfg-mmio,0,4,0x793000,ff ff ff ff
1791530182182,TX,MemRd,cpu0,pcie-mmcfg-mmio,0,4,0x794000,ff ff ff ff
1791530182182,TX,MemRd,cpu0,pcie-mmcfg-mmio,0,4,0x795000,ff ff ff ff
1791530182182,TX,MemRd,cpu0,pcie-mmcfg-mmio,0,4,0x796000,ff ff ff ff
1791530182182,TX,MemRd,cpu0,pcie-mmcfg-mmio,0,4,0x797000,ff ff ff ff
1791530182182,TX,MemRd,cpu0,pcie-mmcfg-mmio,0,4,0x798000,ff ff ff ff
1791530182182,TX,MemRd,cpu0,pcie-mmcfg-mmio,0,4,0x799000,ff ff ff ff
1791530182182,TX,MemRd,cpu0,pcie-mmcfg-mmio,0,4,0x79a000,ff ff ff ff
1791530182182,TX,MemRd,cpu0,pcie-mmcfg-mmio,0,4,0x79b000,ff ff ff ff
1791530182182,TX,MemRd,cpu0,pcie-mmcfg-mmio,0,4,0x79c000,ff ff ff ff
1791530182182,TX,MemRd,cpu0,pcie-mmcfg-mmio,0,4,0x79d000,ff ff ff ff
1791530182182,TX,MemRd,cpu0,pcie-mmcfg-mmio,0,4,0x79e000,ff ff ff ff
1791530182182,TX,MemRd,cpu0,pcie-mmcfg-mmio,0,4,0x79f000,ff ff ff ff
1791530182182,TX,MemRd,cpu0,pcie-mmcfg-mmio,0,4,0x7a0000,ff ff ff ff
1791530182182,TX,MemRd,cpu0,pcie-mmcfg-mmio,0,4,0x7a1000,ff ff ff ff
1791530182182,TX,MemRd,cpu0,pcie-mmcfg-mmio,0,4,0x7a2000,ff ff ff ff
1791530182182,TX,MemRd,cpu0,pcie-mmcfg-mmio,0,4,0x7a3000,ff ff ff ff
1791530182182,TX,MemRd,cpu0,pcie-mmcfg-mmio,0,4,0x7a4000,ff ff ff ff
1791530182182,TX,MemRd,cpu0,pcie-mmcfg-mmio,0,4,0x7a5000,ff ff ff ff
1791530182182,TX,MemRd,cpu0,pcie-mmcfg-mmio,0,4,0x7a6000,ff ff ff ff
1791530182182,TX,MemRd,cpu0,pcie-mmcfg-mmio,0,4,0x7a7000,ff ff ff ff
1791530182182,TX,MemRd,cpu0,pcie-mmcfg-mmio,0,4,0x7a8000,ff ff ff ff
1791530182182,TX,MemRd,cpu0,pcie-mmcfg-mmio,0,4,0x7a9000,ff ff ff ff
1791530182182,TX,MemRd,cpu0,pcie-mmcfg-mmio,0,4,0x7aa000,ff ff ff ff
1791530182182,TX,MemRd,cpu0,pcie-mmcfg-mmio,0,4,0x7ab000,ff ff ff ff
1791530182182,TX,MemRd,cpu0,pcie-mmcfg-mmio,0,4,0x7ac000,ff ff ff ff
1791530182182,TX,MemRd,cpu0,pcie-mmcfg-mmio,0,4,0x7ad000,ff ff ff ff
1791530182182,TX,MemRd,cpu0,pcie-mmcfg-mmio,0,4,0x7ae000,ff ff ff ff
1791530182182,TX,MemRd,cpu0,pcie-mmcfg-mmio,0,4,0x7af000,ff ff ff ff
1791530182182,TX,MemRd,cpu0,pcie-mmcfg-mmio,0,4,0x7b0000,ff ff ff ff
1791530182182,TX,MemRd,cpu0,pcie-mmcfg-mmio,0,4,0x7b1000,ff ff ff ff
1791530182182,TX,MemRd,cpu0,pcie-mmcfg-mmio,0,4,0x7b2000,ff ff ff ff
1791530182182,TX,MemRd,cpu0,pcie-mmcfg-mmio,0,4,0x7b3000,ff ff ff ff
1791530182182,TX,MemRd,cpu0,pcie-mmcfg-mmio,0,4,0x7b4000,ff ff ff ff
1791530182182,TX,MemRd,cpu0,pcie-mmcfg-mmio,0,4,0x7b5000,ff ff ff ff
1791530182182,TX,MemRd,cpu0,pcie-mmcfg-mmio,0,4,0x7b6000,ff ff ff ff
1791530182182,TX,MemRd,cpu0,pcie-mmcfg-mmio,0,4,0x7b7000,ff ff ff ff
1791530182182,TX,MemRd,cpu0,pcie-mmcfg-mmio,0,4,0x7b8000,ff ff ff ff
1791530182182,TX,MemRd,cpu0,pcie-mmcfg-mmio,0,4,0x7b9000,ff ff ff ff
1791530182182,TX,MemRd,cpu0,pcie-mmcfg-mmio,0,4,0x7ba000,ff ff ff ff
1791530182182,TX,MemRd,cpu0,pcie-mmcfg-mmio,0,4,0x7bb000,ff ff ff ff
1791530182182,TX,MemRd,cpu0,pcie-mmcfg-mmio,0,4,0x7bc000,ff ff ff ff
1791530182182,TX,MemRd,cpu0,pcie-mmcfg-mmio,0,4,0x7bd000,ff ff ff ff
1791530182182,TX,MemRd,cpu0,pcie-mmcfg-mmio,0,4,0x7be000,ff ff ff ff
1791530182182,TX,MemRd,cpu0,pcie-mmcfg-mmio,0,4,0x7bf000,ff ff ff ff
1791530182182,TX,MemRd,cpu0,pcie-mmcfg-mmio,0,4,0x7c0000,ff ff ff ff
1791530182182,TX,MemRd,cpu0,pcie-mmcfg-mmio,0,4,0x7c1000,ff ff ff ff
1791530182182,TX,MemRd,cpu0,pcie-mmcfg-mmio,0,4,0x7c2000,ff ff ff ff
1791530182182,TX,MemRd,cpu0,pcie-mmcfg-mmio,0,4,0x7c3000,ff ff ff ff
1791530182182,TX,MemRd,cpu0,pcie-mmcfg-mmio,0,4,0x7c4000,ff ff ff ff
1791530182182,TX,MemRd,cpu0,pcie-mmcfg-mmio,0,4,0x7c5000,ff ff ff ff
1791530182182,TX,MemRd,cpu0,pcie-mmcfg-mmio,0,4,0x7c6000,ff ff ff ff
1791530182182,TX,MemRd,cpu0,pcie-mmcfg-mmio,0,4,0x7c7000,ff ff ff ff
1791530182182,TX,MemRd,cpu0,pcie-mmcfg-mmio,0,4,0x7c8000,ff ff ff ff
1791530182182,TX,MemRd,cpu0,pcie-mmcfg-mmio,0,4,0x7c9000,ff ff ff ff
1791530182182,TX,MemRd,cpu0,pcie-mmcfg-mmio,0,4,0x7ca000,ff ff ff ff
1791530182182,TX,MemRd,cpu0,pcie-mmcfg-mmio,0,4,0x7cb000,ff ff ff ff
1791530182182,TX,MemRd,cpu0,pcie-mmcfg-mmio,0,4,0x7cc000,ff ff ff ff
1791530182182,TX,MemRd,cpu0,pcie-mmcfg-mmio,0,4,0x7cd000,ff ff ff ff
1791530182182,TX,MemRd,cpu0,pcie-mmcfg-mmio,0,4,0x7ce000,ff ff ff ff
1791530182182,TX,MemRd,cpu0,pcie-mmcfg-mmio,0,4,0x7cf000,ff ff ff ff
1791530182182,TX,MemRd,cpu0,pcie-mmcfg-mmio,0,4,0x7d0000,ff ff ff ff
1791530182182,TX,MemRd,cpu0,pcie-mmcfg-mmio,0,4,0x7d1000,ff ff ff ff
1791530182182,TX,MemRd,cpu0,pcie-mmcfg-mmio,0,4,0x7d2000,ff ff ff ff
1791530182182,TX,MemRd,cpu0,pcie-mmcfg-mmio,0,4,0x7d3000,ff ff ff ff
1791530182182,TX,MemRd,cpu0,pcie-mmcfg-mmio,0,4,0x7d4000,ff ff ff ff
1791530182182,TX,MemRd,cpu0,pcie-mmcfg-mmio,0,4,0x7d5000,ff ff ff ff
1791530182182,TX,MemRd,cpu0,pcie-mmcfg-mmio,0,4,0x7d6000,ff ff ff ff
1791530182182,TX,MemRd,cpu0,pcie-mmcfg-mmio,0,4,0x7d7000,ff ff ff ff
1791530182182,TX,MemRd,cpu0,pcie-mmcfg-mmio,0,4,0x7d8000,ff ff ff ff
1791530182182,TX,MemRd,cpu0,pcie-mmcfg-mmio,0,4,0x7d9000,ff ff ff ff
1791530182182,TX,MemRd,cpu0,pcie-mmcfg-mmio,0,4,0x7da000,ff ff ff ff
1791530182182,TX,MemRd,cpu0,pcie-mmcfg-mmio,0,4,0x7db000,ff ff ff ff
1791530182182,TX,MemRd,cpu0,pcie-mmcfg-mmio,0,4,0x7dc000,ff ff ff ff
1791530182182,TX,MemRd,cpu0,pcie-mmcfg-mmio,0,4,0x7dd000,ff ff ff ff
1791530182182,TX,MemRd,cpu0,pcie-mmcfg-mmio,0,4,0x7de000,ff ff ff ff
1791530182182,TX,MemRd,cpu0,pcie-mmcfg-mmio,0,4,0x7df000,ff ff ff ff
1791530182182,TX,MemRd,cpu0,pcie-mmcfg-mmio,0,4,0x7e0000,ff ff ff ff
1791530182182,TX,MemRd,cpu0,pcie-mmcfg-mmio,0,4,0x7e1000,ff ff ff ff
1791530182182,TX,MemRd,cpu0,pcie-mmcfg-mmio,0,4,0x7e2000,ff ff ff ff
1791530182182,TX,MemRd,cpu0,pcie-mmcfg-mmio,0,4,0x7e3000,ff ff ff ff
1791530182183,TX,MemRd,cpu0,pcie-mmcfg-mmio,0,4,0x7e4000,ff ff ff ff
1791530182183,TX,MemRd,cpu0,pcie-mmcfg-mmio,0,4,0x7e5000,ff ff ff ff
1791530182183,TX,MemRd,cpu0,pcie-mmcfg-mmio,0,4,0x7e6000,ff ff ff ff
1791530182183,TX,MemRd,cpu0,pcie-mmcfg-mmio,0,4,0x7e7000,ff ff ff ff
1791530182183,TX,MemRd,cpu0,pcie-mmcfg-mmio,0,4,0x7e8000,ff ff ff ff
1791530182183,TX,MemRd,cpu0,pcie-mmcfg-mmio,0,4,0x7e9000,ff ff ff ff
1791530182183,TX,MemRd,cpu0,pcie-mmcfg-mmio,0,4,0x7ea000,ff ff ff ff
1791530182183,TX,MemRd,cpu0,pcie-mmcfg-mmio,0,4,0x7eb000,ff ff ff ff
1791530182183,TX,MemRd,cpu0,pcie-mmcfg-mmio,0,4,0x7ec000,ff ff ff ff
1791530182183,TX,MemRd,cpu0,pcie-mmcfg-mmio,0,4,0x7ed000,ff ff ff ff
1791530182183,TX,MemRd,cpu0,pcie-mmcfg-mmio,0,4,0x7ee000,ff ff ff ff
1791530182183,TX,MemRd,cpu0,pcie-mmcfg-mmio,0,4,0x7ef000,ff ff ff ff
1791530182183,TX,MemRd,cpu0,pcie-mmcfg-mmio,0,4,0x7f0000,ff ff ff ff
1791530182183,TX,MemRd,cpu0,pcie-mmcfg-mmio,0,4,0x7f1000,ff ff ff ff
1791530182183,TX,MemRd,cpu0,pcie-mmcfg-mmio,0,4,0x7f2000,ff ff ff ff
1791530182183,TX,MemRd,cpu0,pcie-mmcfg-mmio,0,4,0x7f3000,ff ff ff ff
1791530182183,TX,MemRd,cpu0,pcie-mmcfg-mmio,0,4,0x7f4000,ff ff ff ff
1791530182183,TX,MemRd,cpu0,pcie-mmcfg-mmio,0,4,0x7f5000,ff ff ff ff
1791530182183,TX,MemRd,cpu0,pcie-mmcfg-mmio,0,4,0x7f6000,ff ff ff ff
1791530182183,TX,MemRd,cpu0,pcie-mmcfg-mmio,0,4,0x7f7000,ff ff ff ff
1791530182183,TX,MemRd,cpu0,pcie-mmcfg-mmio,0,4,0x7f8000,ff ff ff ff
1791530182183,TX,MemRd,cpu0,pcie-mmcfg-mmio,0,4,0x7f9000,ff ff ff ff
1791530182183,TX,MemRd,cpu0,pcie-mmcfg-mmio,0,4,0x7fa000,ff ff ff ff
1791530182183,TX,MemRd,cpu0,pcie-mmcfg-mmio,0,4,0x7fb000,ff ff ff ff
1791530182183,TX,MemRd,cpu0,pcie-mmcfg-mmio,0,4,0x7fc000,ff ff ff ff
1791530182183,TX,MemRd,cpu0,pcie-mmcfg-mmio,0,4,0x7fd000,ff ff ff ff
1791530182183,TX,MemRd,cpu0,pcie-mmcfg-mmio,0,4,0x7fe000,ff ff ff ff
1791530182183,TX,MemRd,cpu0,pcie-mmcfg-mmio,0,4,0x7ff000,ff ff ff ff
1791530182183,RX,CfgRd,xio3130-downstream,06:00.0,0,4,0x18,06 07 ff 00
1791530182183,TX,MemRd,cpu0,pcie-mmcfg-mmio,0,4,0x600018,06 07 ff 00
1791530182183,TX,MemWr,cpu0,pcie-mmcfg-mmio,0,4,0x600018,06 07 07 00
1791530182183,TX,CfgWr,xio3130-downstream,06:00.0,0,4,0x18,06 07 07 00
1791530182183,RX,CfgRd,xio3130-downstream,06:00.0,0,4,0x1c,00 00 00 00
1791530182183,TX,MemRd,cpu0,pcie-mmcfg-mmio,0,4,0x60001c,00 00 00 00
1791530182183,RX,CfgRd,xio3130-downstream,06:00.0,0,4,0x30,00 00 00 00
1791530182183,TX,MemRd,cpu0,pcie-mmcfg-mmio,0,4,0x600030,00 00 00 00
1791530182183,TX,MemWr,cpu0,pcie-mmcfg-mmio,0,4,0x60001c,00 00 00 00
1791530182183,TX,CfgWr,xio3130-downstream,06:00.0,0,4,0x1c,00 00 00 00
1791530182183,TX,MemWr,cpu0,pcie-mmcfg-mmio,0,4,0x600030,00 00 00 00
1791530182183,TX,CfgWr,xio3130-downstream,06:00.0,0,4,0x30,00 00 00 00
1791530182183,RX,CfgRd,xio3130-downstream,06:00.0,0,4,0x20,20 10 00 00
1791530182183,TX,MemRd,cpu0,pcie-mmcfg-mmio,0,4,0x600020,20 10 00 00
1791530182183,TX,MemWr,cpu0,pcie-mmcfg-mmio,0,4,0x600020,20 10 1f 10
1791530182183,TX,CfgWr,xio3130-downstream,06:00.0,0,4,0x20,20 10 1f 10
1791530182183,RX,CfgRd,xio3130-downstream,06:00.0,0,4,0x24,21 00 01 00
1791530182183,TX,MemRd,cpu0,pcie-mmcfg-mmio,0,4,0x600024,21 00 01 00
1791530182183,TX,MemWr,cpu0,pcie-mmcfg-mmio,0,4,0x600024,21 00 2f 00
1791530182183,TX,CfgWr,xio3130-downstream,06:00.0,0,4,0x24,21 00 2f 00
1791530182183,TX,MemWr,cpu0,pcie-mmcfg-mmio,0,4,0x60002c,80 00 00 00
1791530182183,TX,CfgWr,xio3130-downstream,06:00.0,0,4,0x2c,80 00 00 00
1791530182183,RX,CfgRd,xio3130-downstream,06:00.1,0,4,0x0,4c 10 33 82
1791530182183,TX,MemRd,cpu0,pcie-mmcfg-mmio,0,4,0x601000,4c 10 33 82
1791530182183,RX,CfgRd,xio3130-downstream,06:00.1,0,4,0x8,01 00 04 06
1791530182183,TX,MemRd,cpu0,pcie-mmcfg-mmio,0,4,0x601008,01 00 04 06
1791530182183,RX,CfgRd,xio3130-downstream,06:00.1,0,4,0xc,00 00 01 00
1791530182183,TX,MemRd,cpu0,pcie-mmcfg-mmio,0,4,0x60100c,00 00 01 00
1791530182183,RX,CfgRd,xio3130-downstream,06:00.1,0,4,0x8,01 00 04 06
1791530182183,TX,MemRd,cpu0,pcie-mmcfg-mmio,0,4,0x601008,01 00 04 06
1791530182183,RX,CfgRd,xio3130-downstream,06:00.1,0,4,0x18,00 00 00 00
1791530182183,TX,MemRd,cpu0,pcie-mmcfg-mmio,0,4,0x601018,00 00 00 00
1791530182183,RX,CfgRd,xio3130-downstream,06:00.1,0,4,0x10,00 00 00 00
1791530182183,TX,MemRd,cpu0,pcie-mmcfg-mmio,0,4,0x601010,00 00 00 00
1791530182183,TX,MemWr,cpu0,pcie-mmcfg-mmio,0,4,0x601010,ff ff ff ff
1791530182183,TX,CfgWr,xio3130-downstream,06:00.1,0,4,0x10,ff ff ff ff
1791530182183,RX,CfgRd,xio3130-downstream,06:00.1,0,4,0x10,00 00 00 00
1791530182183,TX,MemRd,cpu0,pcie-mmcfg-mmio,0,4,0x601010,00 00 00 00
1791530182183,TX,MemWr,cpu0,pcie-mmcfg-mmio,0,4,0x601010,00 00 00 00
1791530182183,TX,CfgWr,xio3130-downstream,06:00.1,0,4,0x10,00 00 00 00
1791530182183,RX,CfgRd,xio3130-downstream,06:00.1,0,4,0x14,00 00 00 00
1791530182183,TX,MemRd,cpu0,pcie-mmcfg-mmio,0,4,0x601014,00 00 00 00
1791530182183,TX,MemWr,cpu0,pcie-mmcfg-mmio,0,4,0x601014,ff ff ff ff
1791530182183,TX,CfgWr,xio3130-downstream,06:00.1,0,4,0x14,ff ff ff ff
1791530182183,RX,CfgRd,xio3130-downstream,06:00.1,0,4,0x14,00 00 00 00
1791530182183,TX,MemRd,cpu0,pcie-mmcfg-mmio,0,4,0x601014,00 00 00 00
1791530182183,TX,MemWr,cpu0,pcie-mmcfg-mmio,0,4,0x601014,00 00 00 00
1791530182183,TX,CfgWr,xio3130-downstream,06:00.1,0,4,0x14,00 00 00 00
1791530182183,TX,MemWr,cpu0,pcie-mmcfg-mmio,0,4,0x601018,06 08 ff 00
1791530182183,TX,CfgWr,xio3130-downstream,06:00.1,0,4,0x18,06 08 ff 00
1791530182183,RX,CfgRd,xio3130-downstream,06:00.1,0,4,0x1c,00 00 00 00
1791530182183,TX,MemRd,cpu0,pcie-mmcfg-mmio,0,4,0x60101c,00 00 00 00
1791530182183,RX,CfgRd,xio3130-downstream,06:00.1,0,4,0x30,00 00 00 00
1791530182183,TX,MemRd,cpu0,pcie-mmcfg-mmio,0,4,0x601030,00 00 00 00
1791530182183,TX,MemWr,cpu0,pcie-mmcfg-mmio,0,4,0x60101c,00 00 00 00
1791530182183,TX,CfgWr,xio3130-downstream,06:00.1,0,4,0x1c,00 00 00 00
1791530182183,TX,MemWr,cpu0,pcie-mmcfg-mmio,0,4,0x601030,00 00 00 00
1791530182183,TX,CfgWr,xio3130-downstream,06:00.1,0,4,0x30,00 00 00 00
1791530182183,RX,CfgRd,xio3130-downstream,06:00.1,0,4,0x4,00 00 10 00
1791530182183,TX,MemRd,cpu0,pcie-mmcfg-mmio,0,4,0x601004,00 00 10 00
1791530182183,TX,MemWr,cpu0,pcie-mmcfg-mmio,0,4,0x601004,01 00 10 00
1791530182183,TX,CfgWr,xio3130-downstream,06:00.1,0,4,0x4,01 00 10 00
1791530182183,RX,CfgRd,xio3130-downstream,06:00.1,0,4,0x20,00 00 00 00
1791530182183,TX,MemRd,cpu0,pcie-mmcfg-mmio,0,4,0x601020,00 00 00 00
1791530182183,TX,MemWr,cpu0,pcie-mmcfg-mmio,0,4,0x601020,20 10 00 00
1791530182183,TX,CfgWr,xio3130-downstream,06:00.1,0,4,0x20,20 10 00 00
1791530182183,RX,CfgRd,xio3130-downstream,06:00.1,0,4,0x4,01 00 10 00
1791530182183,TX,MemRd,cpu0,pcie-mmcfg-mmio,0,4,0x601004,01 00 10 00
1791530182183,TX,MemWr,cpu0,pcie-mmcfg-mmio,0,4,0x601004,03 00 10 00
1791530182183,TX,CfgWr,xio3130-downstream,06:00.1,0,4,0x4,03 00 10 00
1791530182183,RX,CfgRd,xio3130-downstream,06:00.1,0,4,0x24,01 00 01 00
1791530182183,TX,MemRd,cpu0,pcie-mmcfg-mmio,0,4,0x601024,01 00 01 00
1791530182183,TX,MemWr,cpu0,pcie-mmcfg-mmio,0,4,0x601024,30 00 01 00
1791530182183,TX,CfgWr,xio3130-downstream,06:00.1,0,4,0x24,30 00 01 00
1791530182183,TX,MemWr,cpu0,pcie-mmcfg-mmio,0,4,0x601028,80 00 00 00
1791530182183,TX,CfgWr,xio3130-downstream,06:00.1,0,4,0x28,80 00 00 00
1791530182183,RX,CfgRd,xio3130-downstream,06:00.1,0,4,0x4,03 00 10 00
1791530182183,TX,MemRd,cpu0,pcie-mmcfg-mmio,0,4,0x601004,03 00 10 00
1791530182183,TX,MemWr,cpu0,pcie-mmcfg-mmio,0,4,0x601004,03 00 10 00
1791530182183,TX,CfgWr,xio3130-downstream,06:00.1,0,4,0x4,03 00 10 00
1791530182183,RX,CfgRd,xio3130-downstream,06:00.1,0,4,0x4,03 00 10 00
1791530182183,TX,MemRd,cpu0,pcie-mmcfg-mmio,0,4,0x601004,03 00 10 00
1791530182183,TX,MemWr,cpu0,pcie-mmcfg-mmio,0,4,0x601004,07 00 10 00
1791530182183,TX,CfgWr,xio3130-downstream,06:00.1,0,4,0x4,07 00 10 00
1791530182183,RX,CfgRd,nvme,08:00.0,0,4,0x0,36 1b 10 00
1791530182183,TX,MemRd,cpu0,pcie-mmcfg-mmio,0,4,0x800000,36 1b 10 00
1791530182183,RX,CfgRd,nvme,08:00.0,0,4,0x8,02 02 08 01
1791530182183,TX,MemRd,cpu0,pcie-mmcfg-mmio,0,4,0x800008,02 02 08 01
1791530182183,RX,CfgRd,nvme,08:00.0,0,4,0xc,00 00 00 00
1791530182183,TX,MemRd,cpu0,pcie-mmcfg-mmio,0,4,0x80000c,00 00 00 00
1791530182183,RX,CfgRd,nvme,08:00.0,0,4,0x10,04 00 00 00
1791530182183,TX,MemRd,cpu0,pcie-mmcfg-mmio,0,4,0x800010,04 00 00 00
1791530182183,RX,CfgRd,nvme,08:00.0,0,4,0x14,00 00 00 00
1791530182183,TX,MemRd,cpu0,pcie-mmcfg-mmio,0,4,0x800014,00 00 00 00
1791530182183,TX,MemWr,cpu0,pcie-mmcfg-mmio,0,4,0x800010,ff ff ff ff
1791530182183,TX,CfgWr,nvme,08:00.0,0,4,0x10,ff ff ff ff
1791530182183,RX,CfgRd,nvme,08:00.0,0,4,0x10,04 c0 ff ff
1791530182183,TX,MemRd,cpu0,pcie-mmcfg-mmio,0,4,0x800010,04 c0 ff ff
1791530182183,TX,MemWr,cpu0,pcie-mmcfg-mmio,0,4,0x800010,04 00 00 00
1791530182183,TX,CfgWr,nvme,08:00.0,0,4,0x10,04 00 00 00
1791530182183,TX,MemWr,cpu0,pcie-mmcfg-mmio,0,4,0x800014,ff ff ff ff
1791530182183,TX,CfgWr,nvme,08:00.0,0,4,0x14,ff ff ff ff
1791530182183,RX,CfgRd,nvme,08:00.0,0,4,0x14,ff ff ff ff
1791530182183,TX,MemRd,cpu0,pcie-mmcfg-mmio,0,4,0x800014,ff ff ff ff
1791530182183,TX,MemWr,cpu0,pcie-mmcfg-mmio,0,4,0x800014,00 00 00 00
1791530182183,TX,CfgWr,nvme,08:00.0,0,4,0x14,00 00 00 00
1791530182183,TX,MemWr,cpu0,pcie-mmcfg-mmio,0,4,0x800010,00 00 30 00
1791530182183,TX,CfgWr,nvme,08:00.0,0,4,0x10,00 00 30 00
1791530182183,TX,MemWr,cpu0,pcie-mmcfg-mmio,0,4,0x800014,80 00 00 00
1791530182183,TX,CfgWr,nvme,08:00.0,0,4,0x14,80 00 00 00
1791530182183,RX,CfgRd,nvme,08:00.0,0,4,0x18,00 00 00 00
1791530182183,TX,MemRd,cpu0,pcie-mmcfg-mmio,0,4,0x800018,00 00 00 00
1791530182183,TX,MemWr,cpu0,pcie-mmcfg-mmio,0,4,0x800018,ff ff ff ff
1791530182183,TX,CfgWr,nvme,08:00.0,0,4,0x18,ff ff ff ff
1791530182183,RX,CfgRd,nvme,08:00.0,0,4,0x18,00 00 00 00
1791530182183,TX,MemRd,cpu0,pcie-mmcfg-mmio,0,4,0x800018,00 00 00 00
1791530182183,TX,MemWr,cpu0,pcie-mmcfg-mmio,0,4,0x800018,00 00 00 00
1791530182183,TX,CfgWr,nvme,08:00.0,0,4,0x18,00 00 00 00
1791530182183,RX,CfgRd,nvme,08:00.0,0,4,0x1c,00 00 00 00
1791530182183,TX,MemRd,cpu0,pcie-mmcfg-mmio,0,4,0x80001c,00 00 00 00
1791530182183,TX,MemWr,cpu0,pcie-mmcfg-mmio,0,4,0x80001c,ff ff ff ff
1791530182183,TX,CfgWr,nvme,08:00.0,0,4,0x1c,ff ff ff ff
1791530182183,RX,CfgRd,nvme,08:00.0,0,4,0x1c,00 00 00 00
1791530182183,TX,MemRd,cpu0,pcie-mmcfg-mmio,0,4,0x80001c,00 00 00 00
1791530182183,TX,MemWr,cpu0,pcie-mmcfg-mmio,0,4,0x80001c,00 00 00 00
1791530182183,TX,CfgWr,nvme,08:00.0,0,4,0x1c,00 00 00 00
1791530182183,RX,CfgRd,nvme,08:00.0,0,4,0x20,00 00 00 00
1791530182183,TX,MemRd,cpu0,pcie-mmcfg-mmio,0,4,0x800020,00 00 00 00
1791530182183,TX,MemWr,cpu0,pcie-mmcfg-mmio,0,4,0x800020,ff ff ff ff
1791530182183,TX,CfgWr,nvme,08:00.0,0,4,0x20,ff ff ff ff
1791530182183,RX,CfgRd,nvme,08:00.0,0,4,0x20,00 00 00 00
1791530182183,TX,MemRd,cpu0,pcie-mmcfg-mmio,0,4,0x800020,00 00 00 00
1791530182183,TX,MemWr,cpu0,pcie-mmcfg-mmio,0,4,0x800020,00 00 00 00
1791530182183,TX,CfgWr,nvme,08:00.0,0,4,0x20,00 00 00 00
1791530182183,RX,CfgRd,nvme,08:00.0,0,4,0x24,00 00 00 00
1791530182183,TX,MemRd,cpu0,pcie-mmcfg-mmio,0,4,0x800024,00 00 00 00
1791530182183,TX,MemWr,cpu0,pcie-mmcfg-mmio,0,4,0x800024,ff ff ff ff
1791530182183,TX,CfgWr,nvme,08:00.0,0,4,0x24,ff ff ff ff
1791530182183,RX,CfgRd,nvme,08:00.0,0,4,0x24,00 00 00 00
1791530182183,TX,MemRd,cpu0,pcie-mmcfg-mmio,0,4,0x800024,00 00 00 00
1791530182183,TX,MemWr,cpu0,pcie-mmcfg-mmio,0,4,0x800024,00 00 00 00
1791530182183,TX,CfgWr,nvme,08:00.0,0,4,0x24,00 00 00 00
1791530182183,TX,MemRd,cpu0,pcie-mmcfg-mmio,0,4,0x808000,ff ff ff ff
1791530182183,TX,MemRd,cpu0,pcie-mmcfg-mmio,0,4,0x809000,ff ff ff ff
1791530182183,TX,MemRd,cpu0,pcie-mmcfg-mmio,0,4,0x80a000,ff ff ff ff
1791530182183,TX,MemRd,cpu0,pcie-mmcfg-mmio,0,4,0x80b000,ff ff ff ff
1791530182183,TX,MemRd,cpu0,pcie-mmcfg-mmio,0,4,0x80c000,ff ff ff ff
1791530182183,TX,MemRd,cpu0,pcie-mmcfg-mmio,0,4,0x80d000,ff ff ff ff
1791530182184,TX,MemRd,cpu0,pcie-mmcfg-mmio,0,4,0x80e000,ff ff ff ff
1791530182184,TX,MemRd,cpu0,pcie-mmcfg-mmio,0,4,0x80f000,ff ff ff ff
1791530182184,TX,MemRd,cpu0,pcie-mmcfg-mmio,0,4,0x810000,ff ff ff ff
1791530182184,TX,MemRd,cpu0,pcie-mmcfg-mmio,0,4,0x811000,ff ff ff ff
1791530182184,TX,MemRd,cpu0,pcie-mmcfg-mmio,0,4,0x812000,ff ff ff ff
1791530182184,TX,MemRd,cpu0,pcie-mmcfg-mmio,0,4,0x813000,ff ff ff ff
1791530182184,TX,MemRd,cpu0,pcie-mmcfg-mmio,0,4,0x814000,ff ff ff ff
1791530182184,TX,MemRd,cpu0,pcie-mmcfg-mmio,0,4,0x815000,ff ff ff ff
1791530182184,TX,MemRd,cpu0,pcie-mmcfg-mmio,0,4,0x816000,ff ff ff ff
1791530182184,TX,MemRd,cpu0,pcie-mmcfg-mmio,0,4,0x817000,ff ff ff ff
1791530182184,TX,MemRd,cpu0,pcie-mmcfg-mmio,0,4,0x818000,ff ff ff ff
1791530182184,TX,MemRd,cpu0,pcie-mmcfg-mmio,0,4,0x819000,ff ff ff ff
1791530182184,TX,MemRd,cpu0,pcie-mmcfg-mmio,0,4,0x81a000,ff ff ff ff
1791530182184,TX,MemRd,cpu0,pcie-mmcfg-mmio,0,4,0x81b000,ff ff ff ff
1791530182184,TX,MemRd,cpu0,pcie-mmcfg-mmio,0,4,0x81c000,ff ff ff ff
1791530182184,TX,MemRd,cpu0,pcie-mmcfg-mmio,0,4,0x81d000,ff ff ff ff
1791530182184,TX,MemRd,cpu0,pcie-mmcfg-mmio,0,4,0x81e000,ff ff ff ff
1791530182184,TX,MemRd,cpu0,pcie-mmcfg-mmio,0,4,0x81f000,ff ff ff ff
1791530182184,TX,MemRd,cpu0,pcie-mmcfg-mmio,0,4,0x820000,ff ff ff ff
1791530182184,TX,MemRd,cpu0,pcie-mmcfg-mmio,0,4,0x821000,ff ff ff ff
1791530182184,TX,MemRd,cpu0,pcie-mmcfg-mmio,0,4,0x822000,ff ff ff ff
1791530182184,TX,MemRd,cpu0,pcie-mmcfg-mmio,0,4,0x823000,ff ff ff ff
1791530182184,TX,MemRd,cpu0,pcie-mmcfg-mmio,0,4,0x824000,ff ff ff ff
1791530182184,TX,MemRd,cpu0,pcie-mmcfg-mmio,0,4,0x825000,ff ff ff ff
1791530182184,TX,MemRd,cpu0,pcie-mmcfg-mmio,0,4,0x826000,ff ff ff ff
1791530182184,TX,MemRd,cpu0,pcie-mmcfg-mmio,0,4,0x827000,ff ff ff ff
1791530182184,TX,MemRd,cpu0,pcie-mmcfg-mmio,0,4,0x828000,ff ff ff ff
1791530182184,TX,MemRd,cpu0,pcie-mmcfg-mmio,0,4,0x829000,ff ff ff ff
1791530182184,TX,MemRd,cpu0,pcie-mmcfg-mmio,0,4,0x82a000,ff ff ff ff
1791530182184,TX,MemRd,cpu0,pcie-mmcfg-mmio,0,4,0x82b000,ff ff ff ff
1791530182184,TX,MemRd,cpu0,pcie-mmcfg-mmio,0,4,0x82c000,ff ff ff ff
1791530182184,TX,MemRd,cpu0,pcie-mmcfg-mmio,0,4,0x82d000,ff ff ff ff
1791530182184,TX,MemRd,cpu0,pcie-mmcfg-mmio,0,4,0x82e000,ff ff ff ff
1791530182184,TX,MemRd,cpu0,pcie-mmcfg-mmio,0,4,0x82f000,ff ff ff ff
1791530182184,TX,MemRd,cpu0,pcie-mmcfg-mmio,0,4,0x830000,ff ff ff ff
1791530182184,TX,MemRd,cpu0,pcie-mmcfg-mmio,0,4,0x831000,ff ff ff ff
1791530182184,TX,MemRd,cpu0,pcie-mmcfg-mmio,0,4,0x832000,ff ff ff ff
1791530182184,TX,MemRd,cpu0,pcie-mmcfg-mmio,0,4,0x833000,ff ff ff ff
1791530182184,TX,MemRd,cpu0,pcie-mmcfg-mmio,0,4,0x834000,ff ff ff ff
1791530182184,TX,MemRd,cpu0,pcie-mmcfg-mmio,0,4,0x835000,ff ff ff ff
1791530182184,TX,MemRd,cpu0,pcie-mmcfg-mmio,0,4,0x836000,ff ff ff ff
1791530182184,TX,MemRd,cpu0,pcie-mmcfg-mmio,0,4,0x837000,ff ff ff ff
1791530182184,TX,MemRd,cpu0,pcie-mmcfg-mmio,0,4,0x838000,ff ff ff ff
1791530182184,TX,MemRd,cpu0,pcie-mmcfg-mmio,0,4,0x839000,ff ff ff ff
1791530182184,TX,MemRd,cpu0,pcie-mmcfg-mmio,0,4,0x83a000,ff ff ff ff
1791530182184,TX,MemRd,cpu0,pcie-mmcfg-mmio,0,4,0x83b000,ff ff ff ff
1791530182184,TX,MemRd,cpu0,pcie-mmcfg-mmio,0,4,0x83c000,ff ff ff ff
1791530182184,TX,MemRd,cpu0,pcie-mmcfg-mmio,0,4,0x83d000,ff ff ff ff
1791530182184,TX,MemRd,cpu0,pcie-mmcfg-mmio,0,4,0x83e000,ff ff ff ff
1791530182184,TX,MemRd,cpu0,pcie-mmcfg-mmio,0,4,0x83f000,ff ff ff ff
1791530182184,TX,MemRd,cpu0,pcie-mmcfg-mmio,0,4,0x840000,ff ff ff ff
1791530182184,TX,MemRd,cpu0,pcie-mmcfg-mmio,0,4,0x841000,ff ff ff ff
1791530182184,TX,MemRd,cpu0,pcie-mmcfg-mmio,0,4,0x842000,ff ff ff ff
1791530182184,TX,MemRd,cpu0,pcie-mmcfg-mmio,0,4,0x843000,ff ff ff ff
1791530182184,TX,MemRd,cpu0,pcie-mmcfg-mmio,0,4,0x844000,ff ff ff ff
1791530182184,TX,MemRd,cpu0,pcie-mmcfg-mmio,0,4,0x845000,ff ff ff ff
1791530182184,TX,MemRd,cpu0,pcie-mmcfg-mmio,0,4,0x846000,ff ff ff ff
1791530182184,TX,MemRd,cpu0,pcie-mmcfg-mmio,0,4,0x847000,ff ff ff ff
1791530182184,TX,MemRd,cpu0,pcie-mmcfg-mmio,0,4,0x848000,ff ff ff ff
1791530182184,TX,MemRd,cpu0,pcie-mmcfg-mmio,0,4,0x849000,ff ff ff ff
1791530182184,TX,MemRd,cpu0,pcie-mmcfg-mmio,0,4,0x84a000,ff ff ff ff
1791530182184,TX,MemRd,cpu0,pcie-mmcfg-mmio,0,4,0x84b000,ff ff ff ff
1791530182184,TX,MemRd,cpu0,pcie-mmcfg-mmio,0,4,0x84c000,ff ff ff ff
1791530182184,TX,MemRd,cpu0,pcie-mmcfg-mmio,0,4,0x84d000,ff ff ff ff
1791530182184,TX,MemRd,cpu0,pcie-mmcfg-mmio,0,4,0x84e000,ff ff ff ff
1791530182184,TX,MemRd,cpu0,pcie-mmcfg-mmio,0,4,0x84f000,ff ff ff ff
1791530182184,TX,MemRd,cpu0,pcie-mmcfg-mmio,0,4,0x850000,ff ff ff ff
1791530182185,TX,MemRd,cpu0,pcie-mmcfg-mmio,0,4,0x851000,ff ff ff ff
1791530182185,TX,MemRd,cpu0,pcie-mmcfg-mmio,0,4,0x852000,ff ff ff ff
1791530182185,TX,MemRd,cpu0,pcie-mmcfg-mmio,0,4,0x853000,ff ff ff ff
1791530182185,TX,MemRd,cpu0,pcie-mmcfg-mmio,0,4,0x854000,ff ff ff ff
1791530182185,TX,MemRd,cpu0,pcie-mmcfg-mmio,0,4,0x855000,ff ff ff ff
1791530182185,TX,MemRd,cpu0,pcie-mmcfg-mmio,0,4,0x856000,ff ff ff ff
1791530182185,TX,MemRd,cpu0,pcie-mmcfg-mmio,0,4,0x857000,ff ff ff ff
1791530182185,TX,MemRd,cpu0,pcie-mmcfg-mmio,0,4,0x858000,ff ff ff ff
1791530182185,TX,MemRd,cpu0,pcie-mmcfg-mmio,0,4,0x859000,ff ff ff ff
1791530182185,TX,MemRd,cpu0,pcie-mmcfg-mmio,0,4,0x85a000,ff ff ff ff
1791530182185,TX,MemRd,cpu0,pcie-mmcfg-mmio,0,4,0x85b000,ff ff ff ff
1791530182185,TX,MemRd,cpu0,pcie-mmcfg-mmio,0,4,0x85c000,ff ff ff ff
1791530182185,TX,MemRd,cpu0,pcie-mmcfg-mmio,0,4,0x85d000,ff ff ff ff
1791530182185,TX,MemRd,cpu0,pcie-mmcfg-mmio,0,4,0x85e000,ff ff ff ff
1791530182185,TX,MemRd,cpu0,pcie-mmcfg-mmio,0,4,0x85f000,ff ff ff ff
1791530182185,TX,MemRd,cpu0,pcie-mmcfg-mmio,0,4,0x860000,ff ff ff ff
1791530182185,TX,MemRd,cpu0,pcie-mmcfg-mmio,0,4,0x861000,ff ff ff ff
1791530182185,TX,MemRd,cpu0,pcie-mmcfg-mmio,0,4,0x862000,ff ff ff ff
1791530182185,TX,MemRd,cpu0,pcie-mmcfg-mmio,0,4,0x863000,ff ff ff ff
1791530182185,TX,MemRd,cpu0,pcie-mmcfg-mmio,0,4,0x864000,ff ff ff ff
1791530182185,TX,MemRd,cpu0,pcie-mmcfg-mmio,0,4,0x865000,ff ff ff ff
1791530182185,TX,MemRd,cpu0,pcie-mmcfg-mmio,0,4,0x866000,ff ff ff ff
1791530182185,TX,MemRd,cpu0,pcie-mmcfg-mmio,0,4,0x867000,ff ff ff ff
1791530182185,TX,MemRd,cpu0,pcie-mmcfg-mmio,0,4,0x868000,ff ff ff ff
1791530182185,TX,MemRd,cpu0,pcie-mmcfg-mmio,0,4,0x869000,ff ff ff ff
1791530182185,TX,MemRd,cpu0,pcie-mmcfg-mmio,0,4,0x86a000,ff ff ff ff
1791530182185,TX,MemRd,cpu0,pcie-mmcfg-mmio,0,4,0x86b000,ff ff ff ff
1791530182185,TX,MemRd,cpu0,pcie-mmcfg-mmio,0,4,0x86c000,ff ff ff ff
1791530182185,TX,MemRd,cpu0,pcie-mmcfg-mmio,0,4,0x86d000,ff ff ff ff
1791530182185,TX,MemRd,cpu0,pcie-mmcfg-mmio,0,4,0x86e000,ff ff ff ff
1791530182185,TX,MemRd,cpu0,pcie-mmcfg-mmio,0,4,0x86f000,ff ff ff ff
1791530182185,TX,MemRd,cpu0,pcie-mmcfg-mmio,0,4,0x870000,ff ff ff ff
1791530182185,TX,MemRd,cpu0,pcie-mmcfg-mmio,0,4,0x871000,ff ff ff ff
1791530182185,TX,MemRd,cpu0,pcie-mmcfg-mmio,0,4,0x872000,ff ff ff ff
1791530182185,TX,MemRd,cpu0,pcie-mmcfg-mmio,0,4,0x873000,ff ff ff ff
1791530182185,TX,MemRd,cpu0,pcie-mmcfg-mmio,0,4,0x874000,ff ff ff ff
1791530182185,TX,MemRd,cpu0,pcie-mmcfg-mmio,0,4,0x875000,ff ff ff ff
1791530182185,TX,MemRd,cpu0,pcie-mmcfg-mmio,0,4,0x876000,ff ff ff ff
1791530182185,TX,MemRd,cpu0,pcie-mmcfg-mmio,0,4,0x877000,ff ff ff ff
1791530182185,TX,MemRd,cpu0,pcie-mmcfg-mmio,0,4,0x878000,ff ff ff ff
1791530182185,TX,MemRd,cpu0,pcie-mmcfg-mmio,0,4,0x879000,ff ff ff ff
1791530182185,TX,MemRd,cpu0,pcie-mmcfg-mmio,0,4,0x87a000,ff ff ff ff
1791530182185,TX,MemRd,cpu0,pcie-mmcfg-mmio,0,4,0x87b000,ff ff ff ff
1791530182185,TX,MemRd,cpu0,pcie-mmcfg-mmio,0,4,0x87c000,ff ff ff ff
1791530182185,TX,MemRd,cpu0,pcie-mmcfg-mmio,0,4,0x87d000,ff ff ff ff
1791530182185,TX,MemRd,cpu0,pcie-mmcfg-mmio,0,4,0x87e000,ff ff ff ff
1791530182185,TX,MemRd,cpu0,pcie-mmcfg-mmio,0,4,0x87f000,ff ff ff ff
1791530182185,TX,MemRd,cpu0,pcie-mmcfg-mmio,0,4,0x880000,ff ff ff ff
1791530182185,TX,MemRd,cpu0,pcie-mmcfg-mmio,0,4,0x881000,ff ff ff ff
1791530182185,TX,MemRd,cpu0,pcie-mmcfg-mmio,0,4,0x882000,ff ff ff ff
1791530182185,TX,MemRd,cpu0,pcie-mmcfg-mmio,0,4,0x883000,ff ff ff ff
1791530182185,TX,MemRd,cpu0,pcie-mmcfg-mmio,0,4,0x884000,ff ff ff ff
1791530182185,TX,MemRd,cpu0,pcie-mmcfg-mmio,0,4,0x885000,ff ff ff ff
1791530182185,TX,MemRd,cpu0,pcie-mmcfg-mmio,0,4,0x886000,ff ff ff ff
1791530182185,TX,MemRd,cpu0,pcie-mmcfg-mmio,0,4,0x887000,ff ff ff ff
1791530182185,TX,MemRd,cpu0,pcie-mmcfg-mmio,0,4,0x888000,ff ff ff ff
1791530182185,TX,MemRd,cpu0,pcie-mmcfg-mmio,0,4,0x889000,ff ff ff ff
1791530182185,TX,MemRd,cpu0,pcie-mmcfg-mmio,0,4,0x88a000,ff ff ff ff
1791530182185,TX,MemRd,cpu0,pcie-mmcfg-mmio,0,4,0x88b000,ff ff ff ff
1791530182185,TX,MemRd,cpu0,pcie-mmcfg-mmio,0,4,0x88c000,ff ff ff ff
1791530182185,TX,MemRd,cpu0,pcie-mmcfg-mmio,0,4,0x88d000,ff ff ff ff
1791530182185,TX,MemRd,cpu0,pcie-mmcfg-mmio,0,4,0x88e000,ff ff ff ff
1791530182185,TX,MemRd,cpu0,pcie-mmcfg-mmio,0,4,0x88f000,ff ff ff ff
1791530182185,TX,MemRd,cpu0,pcie-mmcfg-mmio,0,4,0x890000,ff ff ff ff
1791530182185,TX,MemRd,cpu0,pcie-mmcfg-mmio,0,4,0x891000,ff ff ff ff
1791530182185,TX,MemRd,cpu0,pcie-mmcfg-mmio,0,4,0x892000,ff ff ff ff
1791530182185,TX,MemRd,cpu0,pcie-mmcfg-mmio,0,4,0x893000,ff ff ff ff
1791530182185,TX,MemRd,cpu0,pcie-mmcfg-mmio,0,4,0x894000,ff ff ff ff
1791530182185,TX,MemRd,cpu0,pcie-mmcfg-mmio,0,4,0x895000,ff ff ff ff
1791530182185,TX,MemRd,cpu0,pcie-mmcfg-mmio,0,4,0x896000,ff ff ff ff
1791530182185,TX,MemRd,cpu0,pcie-mmcfg-mmio,0,4,0x897000,ff ff ff ff
1791530182185,TX,MemRd,cpu0,pcie-mmcfg-mmio,0,4,0x898000,ff ff ff ff
1791530182185,TX,MemRd,cpu0,pcie-mmcfg-mmio,0,4,0x899000,ff ff ff ff
1791530182185,TX,MemRd,cpu0,pcie-mmcfg-mmio,0,4,0x89a000,ff ff ff ff
1791530182185,TX,MemRd,cpu0,pcie-mmcfg-mmio,0,4,0x89b000,ff ff ff ff
1791530182185,TX,MemRd,cpu0,pcie-mmcfg-mmio,0,4,0x89c000,ff ff ff ff
1791530182185,TX,MemRd,cpu0,pcie-mmcfg-mmio,0,4,0x89d000,ff ff ff ff
1791530182185,TX,MemRd,cpu0,pcie-mmcfg-mmio,0,4,0x89e000,ff ff ff ff
1791530182185,TX,MemRd,cpu0,pcie-mmcfg-mmio,0,4,0x89f000,ff ff ff ff
1791530182185,TX,MemRd,cpu0,pcie-mmcfg-mmio,0,4,0x8a0000,ff ff ff ff
1791530182185,TX,MemRd,cpu0,pcie-mmcfg-mmio,0,4,0x8a1000,ff ff ff ff
1791530182185,TX,MemRd,cpu0,pcie-mmcfg-mmio,0,4,0x8a2000,ff ff ff ff
1791530182185,TX,MemRd,cpu0,pcie-mmcfg-mmio,0,4,0x8a3000,ff ff ff ff
1791530182185,TX,MemRd,cpu0,pcie-mmcfg-mmio,0,4,0x8a4000,ff ff ff ff
1791530182185,TX,MemRd,cpu0,pcie-mmcfg-mmio,0,4,0x8a5000,ff ff ff ff
1791530182185,TX,MemRd,cpu0,pcie-mmcfg-mmio,0,4,0x8a6000,ff ff ff ff
1791530182185,TX,MemRd,cpu0,pcie-mmcfg-mmio,0,4,0x8a7000,ff ff ff ff
1791530182185,TX,MemRd,cpu0,pcie-mmcfg-mmio,0,4,0x8a8000,ff ff ff ff
1791530182185,TX,MemRd,cpu0,pcie-mmcfg-mmio,0,4,0x8a9000,ff ff ff ff
1791530182185,TX,MemRd,cpu0,pcie-mmcfg-mmio,0,4,0x8aa000,ff ff ff ff
1791530182185,TX,MemRd,cpu0,pcie-mmcfg-mmio,0,4,0x8ab000,ff ff ff ff
1791530182185,TX,MemRd,cpu0,pcie-mmcfg-mmio,0,4,0x8ac000,ff ff ff ff
1791530182185,TX,MemRd,cpu0,pcie-mmcfg-mmio,0,4,0x8ad000,ff ff ff ff
1791530182185,TX,MemRd,cpu0,pcie-mmcfg-mmio,0,4,0x8ae000,ff ff ff ff
1791530182185,TX,MemRd,cpu0,pcie-mmcfg-mmio,0,4,0x8af000,ff ff ff ff
1791530182185,TX,MemRd,cpu0,pcie-mmcfg-mmio,0,4,0x8b0000,ff ff ff ff
1791530182185,TX,MemRd,cpu0,pcie-mmcfg-mmio,0,4,0x8b1000,ff ff ff ff
1791530182185,TX,MemRd,cpu0,pcie-mmcfg-mmio,0,4,0x8b2000,ff ff ff ff
1791530182185,TX,MemRd,cpu0,pcie-mmcfg-mmio,0,4,0x8b3000,ff ff ff ff
1791530182185,TX,MemRd,cpu0,pcie-mmcfg-mmio,0,4,0x8b4000,ff ff ff ff
1791530182185,TX,MemRd,cpu0,pcie-mmcfg-mmio,0,4,0x8b5000,ff ff ff ff
1791530182185,TX,MemRd,cpu0,pcie-mmcfg-mmio,0,4,0x8b6000,ff ff ff ff
1791530182185,TX,MemRd,cpu0,pcie-mmcfg-mmio,0,4,0x8b7000,ff ff ff ff
1791530182185,TX,MemRd,cpu0,pcie-mmcfg-mmio,0,4,0x8b8000,ff ff ff ff
1791530182185,TX,MemRd,cpu0,pcie-mmcfg-mmio,0,4,0x8b9000,ff ff ff ff
1791530182185,TX,MemRd,cpu0,pcie-mmcfg-mmio,0,4,0x8ba000,ff ff ff ff
1791530182185,TX,MemRd,cpu0,pcie-mmcfg-mmio,0,4,0x8bb000,ff ff ff ff
1791530182185,TX,MemRd,cpu0,pcie-mmcfg-mmio,0,4,0x8bc000,ff ff ff ff
1791530182185,TX,MemRd,cpu0,pcie-mmcfg-mmio,0,4,0x8bd000,ff ff ff ff
1791530182185,TX,MemRd,cpu0,pcie-mmcfg-mmio,0,4,0x8be000,ff ff ff ff
1791530182185,TX,MemRd,cpu0,pcie-mmcfg-mmio,0,4,0x8bf000,ff ff ff ff
1791530182185,TX,MemRd,cpu0,pcie-mmcfg-mmio,0,4,0x8c0000,ff ff ff ff
1791530182185,TX,MemRd,cpu0,pcie-mmcfg-mmio,0,4,0x8c1000,ff ff ff ff
1791530182185,TX,MemRd,cpu0,pcie-mmcfg-mmio,0,4,0x8c2000,ff ff ff ff
1791530182185,TX,MemRd,cpu0,pcie-mmcfg-mmio,0,4,0x8c3000,ff ff ff ff
1791530182185,TX,MemRd,cpu0,pcie-mmcfg-mmio,0,4,0x8c4000,ff ff ff ff
1791530182185,TX,MemRd,cpu0,pcie-mmcfg-mmio,0,4,0x8c5000,ff ff ff ff
1791530182185,TX,MemRd,cpu0,pcie-mmcfg-mmio,0,4,0x8c6000,ff ff ff ff
1791530182185,TX,MemRd,cpu0,pcie-mmcfg-mmio,0,4,0x8c7000,ff ff ff ff
1791530182185,TX,MemRd,cpu0,pcie-mmcfg-mmio,0,4,0x8c8000,ff ff ff ff
1791530182185,TX,MemRd,cpu0,pcie-mmcfg-mmio,0,4,0x8c9000,ff ff ff ff
1791530182185,TX,MemRd,cpu0,pcie-mmcfg-mmio,0,4,0x8ca000,ff ff ff ff
1791530182185,TX,MemRd,cpu0,pcie-mmcfg-mmio,0,4,0x8cb000,ff ff ff ff
1791530182185,TX,MemRd,cpu0,pcie-mmcfg-mmio,0,4,0x8cc000,ff ff ff ff
1791530182185,TX,MemRd,cpu0,pcie-mmcfg-mmio,0,4,0x8cd000,ff ff ff ff
1791530182185,TX,MemRd,cpu0,pcie-mmcfg-mmio,0,4,0x8ce000,ff ff ff ff
1791530182185,TX,MemRd,cpu0,pcie-mmcfg-mmio,0,4,0x8cf000,ff ff ff ff
1791530182185,TX,MemRd,cpu0,pcie-mmcfg-mmio,0,4,0x8d0000,ff ff ff ff
1791530182185,TX,MemRd,cpu0,pcie-mmcfg-mmio,0,4,0x8d1000,ff ff ff ff
1791530182185,TX,MemRd,cpu0,pcie-mmcfg-mmio,0,4,0x8d2000,ff ff ff ff
1791530182185,TX,MemRd,cpu0,pcie-mmcfg-mmio,0,4,0x8d3000,ff ff ff ff
1791530182185,TX,MemRd,cpu0,pcie-mmcfg-mmio,0,4,0x8d4000,ff ff ff ff
1791530182185,TX,MemRd,cpu0,pcie-mmcfg-mmio,0,4,0x8d5000,ff ff ff ff
1791530182185,TX,MemRd,cpu0,pcie-mmcfg-mmio,0,4,0x8d6000,ff ff ff ff
1791530182185,TX,MemRd,cpu0,pcie-mmcfg-mmio,0,4,0x8d7000,ff ff ff ff
1791530182185,TX,MemRd,cpu0,pcie-mmcfg-mmio,0,4,0x8d8000,ff ff ff ff
1791530182185,TX,MemRd,cpu0,pcie-mmcfg-mmio,0,4,0x8d9000,ff ff ff ff
1791530182185,TX,MemRd,cpu0,pcie-mmcfg-mmio,0,4,0x8da000,ff ff ff ff
1791530182185,TX,MemRd,cpu0,pcie-mmcfg-mmio,0,4,0x8db000,ff ff ff ff
1791530182185,TX,MemRd,cpu0,pcie-mmcfg-mmio,0,4,0x8dc000,ff ff ff ff
1791530182185,TX,MemRd,cpu0,pcie-mmcfg-mmio,0,4,0x8dd000,ff ff ff ff
1791530182185,TX,MemRd,cpu0,pcie-mmcfg-mmio,0,4,0x8de000,ff ff ff ff
1791530182185,TX,MemRd,cpu0,pcie-mmcfg-mmio,0,4,0x8df000,ff ff ff ff
1791530182185,TX,MemRd,cpu0,pcie-mmcfg-mmio,0,4,0x8e0000,ff ff ff ff
1791530182185,TX,MemRd,cpu0,pcie-mmcfg-mmio,0,4,0x8e1000,ff ff ff ff
1791530182185,TX,MemRd,cpu0,pcie-mmcfg-mmio,0,4,0x8e2000,ff ff ff ff
1791530182185,TX,MemRd,cpu0,pcie-mmcfg-mmio,0,4,0x8e3000,ff ff ff ff
1791530182185,TX,MemRd,cpu0,pcie-mmcfg-mmio,0,4,0x8e4000,ff ff ff ff
1791530182185,TX,MemRd,cpu0,pcie-mmcfg-mmio,0,4,0x8e5000,ff ff ff ff
1791530182185,TX,MemRd,cpu0,pcie-mmcfg-mmio,0,4,0x8e6000,ff ff ff ff
1791530182185,TX,MemRd,cpu0,pcie-mmcfg-mmio,0,4,0x8e7000,ff ff ff ff
1791530182185,TX,MemRd,cpu0,pcie-mmcfg-mmio,0,4,0x8e8000,ff ff ff ff
1791530182185,TX,MemRd,cpu0,pcie-mmcfg-mmio,0,4,0x8e9000,ff ff ff ff
1791530182185,TX,MemRd,cpu0,pcie-mmcfg-mmio,0,4,0x8ea000,ff ff ff ff
1791530182185,TX,MemRd,cpu0,pcie-mmcfg-mmio,0,4,0x8eb000,ff ff ff ff
1791530182185,TX,MemRd,cpu0,pcie-mmcfg-mmio,0,4,0x8ec000,ff ff ff ff
1791530182185,TX,MemRd,cpu0,pcie-mmcfg-mmio,0,4,0x8ed000,ff ff ff ff
1791530182185,TX,MemRd,cpu0,pcie-mmcfg-mmio,0,4,0x8ee000,ff ff ff ff
1791530182185,TX,MemRd,cpu0,pcie-mmcfg-mmio,0,4,0x8ef000,ff ff ff ff
1791530182185,TX,MemRd,cpu0,pcie-mmcfg-mmio,0,4,0x8f0000,ff ff ff ff
1791530182185,TX,MemRd,cpu0,pcie-mmcfg-mmio,0,4,0x8f1000,ff ff ff ff
1791530182185,TX,MemRd,cpu0,pcie-mmcfg-mmio,0,4,0x8f2000,ff ff ff ff
1791530182185,TX,MemRd,cpu0,pcie-mmcfg-mmio,0,4,0x8f3000,ff ff ff ff
1791530182185,TX,MemRd,cpu0,pcie-mmcfg-mmio,0,4,0x8f4000,ff ff ff ff
1791530182185,TX,MemRd,cpu0,pcie-mmcfg-mmio,0,4,0x8f5000,ff ff ff ff
1791530182185,TX,MemRd,cpu0,pcie-mmcfg-mmio,0,4,0x8f6000,ff ff ff ff
1791530182185,TX,MemRd,cpu0,pcie-mmcfg-mmio,0,4,0x8f7000,ff ff ff ff
1791530182185,TX,MemRd,cpu0,pcie-mmcfg-mmio,0,4,0x8f8000,ff ff ff ff
1791530182185,TX,MemRd,cpu0,pcie-mmcfg-mmio,0,4,0x8f9000,ff ff ff ff
1791530182185,TX,MemRd,cpu0,pcie-mmcfg-mmio,0,4,0x8fa000,ff ff ff ff
1791530182185,TX,MemRd,cpu0,pcie-mmcfg-mmio,0,4,0x8fb000,ff ff ff ff
1791530182185,TX,MemRd,cpu0,pcie-mmcfg-mmio,0,4,0x8fc000,ff ff ff ff
1791530182185,TX,MemRd,cpu0,pcie-mmcfg-mmio,0,4,0x8fd000,ff ff ff ff
1791530182185,TX,MemRd,cpu0,pcie-mmcfg-mmio,0,4,0x8fe000,ff ff ff ff
1791530182185,TX,MemRd,cpu0,pcie-mmcfg-mmio,0,4,0x8ff000,ff ff ff ff
1791530182185,RX,CfgRd,xio3130-downstream,06:00.1,0,4,0x18,06 08 ff 00
1791530182185,TX,MemRd,cpu0,pcie-mmcfg-mmio,0,4,0x601018,06 08 ff 00
1791530182185,TX,MemWr,cpu0,pcie-mmcfg-mmio,0,4,0x601018,06 08 08 00
1791530182185,TX,CfgWr,xio3130-downstream,06:00.1,0,4,0x18,06 08 08 00
1791530182185,RX,CfgRd,xio3130-downstream,06:00.1,0,4,0x1c,00 00 00 00
1791530182185,TX,MemRd,cpu0,pcie-mmcfg-mmio,0,4,0x60101c,00 00 00 00
1791530182185,RX,CfgRd,xio3130-downstream,06:00.1,0,4,0x30,00 00 00 00
1791530182185,TX,MemRd,cpu0,pcie-mmcfg-mmio,0,4,0x601030,00 00 00 00
1791530182185,TX,MemWr,cpu0,pcie-mmcfg-mmio,0,4,0x60101c,00 00 00 00
1791530182185,TX,CfgWr,xio3130-downstream,06:00.1,0,4,0x1c,00 00 00 00
1791530182185,TX,MemWr,cpu0,pcie-mmcfg-mmio,0,4,0x601030,00 00 00 00
1791530182185,TX,CfgWr,xio3130-downstream,06:00.1,0,4,0x30,00 00 00 00
1791530182185,RX,CfgRd,xio3130-downstream,06:00.1,0,4,0x20,20 10 00 00
1791530182185,TX,MemRd,cpu0,pcie-mmcfg-mmio,0,4,0x601020,20 10 00 00
1791530182185,TX,MemWr,cpu0,pcie-mmcfg-mmio,0,4,0x601020,20 10 1f 10
1791530182185,TX,CfgWr,xio3130-downstream,06:00.1,0,4,0x20,20 10 1f 10
1791530182185,RX,CfgRd,xio3130-downstream,06:00.1,0,4,0x24,31 00 01 00
1791530182185,TX,MemRd,cpu0,pcie-mmcfg-mmio,0,4,0x601024,31 00 01 00
1791530182185,TX,MemWr,cpu0,pcie-mmcfg-mmio,0,4,0x601024,31 00 3f 00
1791530182185,TX,CfgWr,xio3130-downstream,06:00.1,0,4,0x24,31 00 3f 00
1791530182185,TX,MemWr,cpu0,pcie-mmcfg-mmio,0,4,0x60102c,80 00 00 00
1791530182185,TX,CfgWr,xio3130-downstream,06:00.1,0,4,0x2c,80 00 00 00
1791530182185,TX,MemRd,cpu0,pcie-mmcfg-mmio,0,4,0x602000,ff ff ff ff
1791530182185,TX,MemRd,cpu0,pcie-mmcfg-mmio,0,4,0x603000,ff ff ff ff
1791530182185,TX,MemRd,cpu0,pcie-mmcfg-mmio,0,4,0x604000,ff ff ff ff
1791530182185,TX,MemRd,cpu0,pcie-mmcfg-mmio,0,4,0x605000,ff ff ff ff
1791530182185,TX,MemRd,cpu0,pcie-mmcfg-mmio,0,4,0x606000,ff ff ff ff
1791530182185,TX,MemRd,cpu0,pcie-mmcfg-mmio,0,4,0x607000,ff ff ff ff
1791530182185,TX,MemRd,cpu0,pcie-mmcfg-mmio,0,4,0x608000,ff ff ff ff
1791530182185,TX,MemRd,cpu0,pcie-mmcfg-mmio,0,4,0x609000,ff ff ff ff
1791530182185,TX,MemRd,cpu0,pcie-mmcfg-mmio,0,4,0x60a000,ff ff ff ff
1791530182185,TX,MemRd,cpu0,pcie-mmcfg-mmio,0,4,0x60b000,ff ff ff ff
1791530182185,TX,MemRd,cpu0,pcie-mmcfg-mmio,0,4,0x60c000,ff ff ff ff
1791530182186,TX,MemRd,cpu0,pcie-mmcfg-mmio,0,4,0x60d000,ff ff ff ff
1791530182186,TX,MemRd,cpu0,pcie-mmcfg-mmio,0,4,0x60e000,ff ff ff ff
1791530182186,TX,MemRd,cpu0,pcie-mmcfg-mmio,0,4,0x60f000,ff ff ff ff
1791530182186,TX,MemRd,cpu0,pcie-mmcfg-mmio,0,4,0x610000,ff ff ff ff
1791530182186,TX,MemRd,cpu0,pcie-mmcfg-mmio,0,4,0x611000,ff ff ff ff
1791530182186,TX,MemRd,cpu0,pcie-mmcfg-mmio,0,4,0x612000,ff ff ff ff
1791530182186,TX,MemRd,cpu0,pcie-mmcfg-mmio,0,4,0x613000,ff ff ff ff
1791530182186,TX,MemRd,cpu0,pcie-mmcfg-mmio,0,4,0x614000,ff ff ff ff
1791530182186,TX,MemRd,cpu0,pcie-mmcfg-mmio,0,4,0x615000,ff ff ff ff
1791530182186,TX,MemRd,cpu0,pcie-mmcfg-mmio,0,4,0x616000,ff ff ff ff
1791530182186,TX,MemRd,cpu0,pcie-mmcfg-mmio,0,4,0x617000,ff ff ff ff
1791530182186,TX,MemRd,cpu0,pcie-mmcfg-mmio,0,4,0x618000,ff ff ff ff
1791530182186,TX,MemRd,cpu0,pcie-mmcfg-mmio,0,4,0x619000,ff ff ff ff
1791530182186,TX,MemRd,cpu0,pcie-mmcfg-mmio,0,4,0x61a000,ff ff ff ff
1791530182186,TX,MemRd,cpu0,pcie-mmcfg-mmio,0,4,0x61b000,ff ff ff ff
1791530182186,TX,MemRd,cpu0,pcie-mmcfg-mmio,0,4,0x61c000,ff ff ff ff
1791530182186,TX,MemRd,cpu0,pcie-mmcfg-mmio,0,4,0x61d000,ff ff ff ff
1791530182186,TX,MemRd,cpu0,pcie-mmcfg-mmio,0,4,0x61e000,ff ff ff ff
1791530182186,TX,MemRd,cpu0,pcie-mmcfg-mmio,0,4,0x61f000,ff ff ff ff
1791530182186,TX,MemRd,cpu0,pcie-mmcfg-mmio,0,4,0x620000,ff ff ff ff
1791530182186,TX,MemRd,cpu0,pcie-mmcfg-mmio,0,4,0x621000,ff ff ff ff
1791530182186,TX,MemRd,cpu0,pcie-mmcfg-mmio,0,4,0x622000,ff ff ff ff
1791530182186,TX,MemRd,cpu0,pcie-mmcfg-mmio,0,4,0x623000,ff ff ff ff
1791530182186,TX,MemRd,cpu0,pcie-mmcfg-mmio,0,4,0x624000,ff ff ff ff
1791530182186,TX,MemRd,cpu0,pcie-mmcfg-mmio,0,4,0x625000,ff ff ff ff
1791530182186,TX,MemRd,cpu0,pcie-mmcfg-mmio,0,4,0x626000,ff ff ff ff
1791530182186,TX,MemRd,cpu0,pcie-mmcfg-mmio,0,4,0x627000,ff ff ff ff
1791530182186,TX,MemRd,cpu0,pcie-mmcfg-mmio,0,4,0x628000,ff ff ff ff
1791530182186,TX,MemRd,cpu0,pcie-mmcfg-mmio,0,4,0x629000,ff ff ff ff
1791530182186,TX,MemRd,cpu0,pcie-mmcfg-mmio,0,4,0x62a000,ff ff ff ff
1791530182186,TX,MemRd,cpu0,pcie-mmcfg-mmio,0,4,0x62b000,ff ff ff ff
1791530182186,TX,MemRd,cpu0,pcie-mmcfg-mmio,0,4,0x62c000,ff ff ff ff
1791530182186,TX,MemRd,cpu0,pcie-mmcfg-mmio,0,4,0x62d000,ff ff ff ff
1791530182186,TX,MemRd,cpu0,pcie-mmcfg-mmio,0,4,0x62e000,ff ff ff ff
1791530182186,TX,MemRd,cpu0,pcie-mmcfg-mmio,0,4,0x62f000,ff ff ff ff
1791530182186,TX,MemRd,cpu0,pcie-mmcfg-mmio,0,4,0x630000,ff ff ff ff
1791530182186,TX,MemRd,cpu0,pcie-mmcfg-mmio,0,4,0x631000,ff ff ff ff
1791530182186,TX,MemRd,cpu0,pcie-mmcfg-mmio,0,4,0x632000,ff ff ff ff
1791530182186,TX,MemRd,cpu0,pcie-mmcfg-mmio,0,4,0x633000,ff ff ff ff
1791530182186,TX,MemRd,cpu0,pcie-mmcfg-mmio,0,4,0x634000,ff ff ff ff
1791530182186,TX,MemRd,cpu0,pcie-mmcfg-mmio,0,4,0x635000,ff ff ff ff
1791530182186,TX,MemRd,cpu0,pcie-mmcfg-mmio,0,4,0x636000,ff ff ff ff
1791530182186,TX,MemRd,cpu0,pcie-mmcfg-mmio,0,4,0x637000,ff ff ff ff
1791530182186,TX,MemRd,cpu0,pcie-mmcfg-mmio,0,4,0x638000,ff ff ff ff
1791530182186,TX,MemRd,cpu0,pcie-mmcfg-mmio,0,4,0x639000,ff ff ff ff
1791530182186,TX,MemRd,cpu0,pcie-mmcfg-mmio,0,4,0x63a000,ff ff ff ff
1791530182186,TX,MemRd,cpu0,pcie-mmcfg-mmio,0,4,0x63b000,ff ff ff ff
1791530182186,TX,MemRd,cpu0,pcie-mmcfg-mmio,0,4,0x63c000,ff ff ff ff
1791530182186,TX,MemRd,cpu0,pcie-mmcfg-mmio,0,4,0x63d000,ff ff ff ff
1791530182186,TX,MemRd,cpu0,pcie-mmcfg-mmio,0,4,0x63e000,ff ff ff ff
1791530182186,TX,MemRd,cpu0,pcie-mmcfg-mmio,0,4,0x63f000,ff ff ff ff
1791530182186,TX,MemRd,cpu0,pcie-mmcfg-mmio,0,4,0x640000,ff ff ff ff
1791530182186,TX,MemRd,cpu0,pcie-mmcfg-mmio,0,4,0x641000,ff ff ff ff
1791530182186,TX,MemRd,cpu0,pcie-mmcfg-mmio,0,4,0x642000,ff ff ff ff
1791530182186,TX,MemRd,cpu0,pcie-mmcfg-mmio,0,4,0x643000,ff ff ff ff
1791530182186,TX,MemRd,cpu0,pcie-mmcfg-mmio,0,4,0x644000,ff ff ff ff
1791530182186,TX,MemRd,cpu0,pcie-mmcfg-mmio,0,4,0x645000,ff ff ff ff
1791530182186,TX,MemRd,cpu0,pcie-mmcfg-mmio,0,4,0x646000,ff ff ff ff
1791530182186,TX,MemRd,cpu0,pcie-mmcfg-mmio,0,4,0x647000,ff ff ff ff
1791530182186,TX,MemRd,cpu0,pcie-mmcfg-mmio,0,4,0x648000,ff ff ff ff
1791530182186,TX,MemRd,cpu0,pcie-mmcfg-mmio,0,4,0x649000,ff ff ff ff
1791530182186,TX,MemRd,cpu0,pcie-mmcfg-mmio,0,4,0x64a000,ff ff ff ff
1791530182186,TX,MemRd,cpu0,pcie-mmcfg-mmio,0,4,0x64b000,ff ff ff ff
1791530182186,TX,MemRd,cpu0,pcie-mmcfg-mmio,0,4,0x64c000,ff ff ff ff
1791530182186,TX,MemRd,cpu0,pcie-mmcfg-mmio,0,4,0x64d000,ff ff ff ff
1791530182186,TX,MemRd,cpu0,pcie-mmcfg-mmio,0,4,0x64e000,ff ff ff ff
1791530182186,TX,MemRd,cpu0,pcie-mmcfg-mmio,0,4,0x64f000,ff ff ff ff
1791530182186,TX,MemRd,cpu0,pcie-mmcfg-mmio,0,4,0x650000,ff ff ff ff
1791530182186,TX,MemRd,cpu0,pcie-mmcfg-mmio,0,4,0x651000,ff ff ff ff
1791530182186,TX,MemRd,cpu0,pcie-mmcfg-mmio,0,4,0x652000,ff ff ff ff
1791530182186,TX,MemRd,cpu0,pcie-mmcfg-mmio,0,4,0x653000,ff ff ff ff
1791530182186,TX,MemRd,cpu0,pcie-mmcfg-mmio,0,4,0x654000,ff ff ff ff
1791530182186,TX,MemRd,cpu0,pcie-mmcfg-mmio,0,4,0x655000,ff ff ff ff
1791530182186,TX,MemRd,cpu0,pcie-mmcfg-mmio,0,4,0x656000,ff ff ff ff
1791530182186,TX,MemRd,cpu0,pcie-mmcfg-mmio,0,4,0x657000,ff ff ff ff
1791530182186,TX,MemRd,cpu0,pcie-mmcfg-mmio,0,4,0x658000,ff ff ff ff
1791530182186,TX,MemRd,cpu0,pcie-mmcfg-mmio,0,4,0x659000,ff ff ff ff
1791530182186,TX,MemRd,cpu0,pcie-mmcfg-mmio,0,4,0x65a000,ff ff ff ff
1791530182186,TX,MemRd,cpu0,pcie-mmcfg-mmio,0,4,0x65b000,ff ff ff ff
1791530182186,TX,MemRd,cpu0,pcie-mmcfg-mmio,0,4,0x65c000,ff ff ff ff
1791530182186,TX,MemRd,cpu0,pcie-mmcfg-mmio,0,4,0x65d000,ff ff ff ff
1791530182186,TX,MemRd,cpu0,pcie-mmcfg-mmio,0,4,0x65e000,ff ff ff ff
1791530182186,TX,MemRd,cpu0,pcie-mmcfg-mmio,0,4,0x65f000,ff ff ff ff
1791530182186,TX,MemRd,cpu0,pcie-mmcfg-mmio,0,4,0x660000,ff ff ff ff
1791530182186,TX,MemRd,cpu0,pcie-mmcfg-mmio,0,4,0x661000,ff ff ff ff
1791530182186,TX,MemRd,cpu0,pcie-mmcfg-mmio,0,4,0x662000,ff ff ff ff
1791530182186,TX,MemRd,cpu0,pcie-mmcfg-mmio,0,4,0x663000,ff ff ff ff
1791530182186,TX,MemRd,cpu0,pcie-mmcfg-mmio,0,4,0x664000,ff ff ff ff
1791530182186,TX,MemRd,cpu0,pcie-mmcfg-mmio,0,4,0x665000,ff ff ff ff
1791530182186,TX,MemRd,cpu0,pcie-mmcfg-mmio,0,4,0x666000,ff ff ff ff
1791530182186,TX,MemRd,cpu0,pcie-mmcfg-mmio,0,4,0x667000,ff ff ff ff
1791530182186,TX,MemRd,cpu0,pcie-mmcfg-mmio,0,4,0x668000,ff ff ff ff
1791530182186,TX,MemRd,cpu0,pcie-mmcfg-mmio,0,4,0x669000,ff ff ff ff
1791530182186,TX,MemRd,cpu0,pcie-mmcfg-mmio,0,4,0x66a000,ff ff ff ff
1791530182186,TX,MemRd,cpu0,pcie-mmcfg-mmio,0,4,0x66b000,ff ff ff ff
1791530182186,TX,MemRd,cpu0,pcie-mmcfg-mmio,0,4,0x66c000,ff ff ff ff
1791530182186,TX,MemRd,cpu0,pcie-mmcfg-mmio,0,4,0x66d000,ff ff ff ff
1791530182186,TX,MemRd,cpu0,pcie-mmcfg-mmio,0,4,0x66e000,ff ff ff ff
1791530182186,TX,MemRd,cpu0,pcie-mmcfg-mmio,0,4,0x66f000,ff ff ff ff
1791530182186,TX,MemRd,cpu0,pcie-mmcfg-mmio,0,4,0x670000,ff ff ff ff
1791530182186,TX,MemRd,cpu0,pcie-mmcfg-mmio,0,4,0x671000,ff ff ff ff
1791530182186,TX,MemRd,cpu0,pcie-mmcfg-mmio,0,4,0x672000,ff ff ff ff
1791530182186,TX,MemRd,cpu0,pcie-mmcfg-mmio,0,4,0x673000,ff ff ff ff
1791530182186,TX,MemRd,cpu0,pcie-mmcfg-mmio,0,4,0x674000,ff ff ff ff
1791530182186,TX,MemRd,cpu0,pcie-mmcfg-mmio,0,4,0x675000,ff ff ff ff
1791530182186,TX,MemRd,cpu0,pcie-mmcfg-mmio,0,4,0x676000,ff ff ff ff
1791530182186,TX,MemRd,cpu0,pcie-mmcfg-mmio,0,4,0x677000,ff ff ff ff
1791530182186,TX,MemRd,cpu0,pcie-mmcfg-mmio,0,4,0x678000,ff ff ff ff
1791530182186,TX,MemRd,cpu0,pcie-mmcfg-mmio,0,4,0x679000,ff ff ff ff
1791530182186,TX,MemRd,cpu0,pcie-mmcfg-mmio,0,4,0x67a000,ff ff ff ff
1791530182186,TX,MemRd,cpu0,pcie-mmcfg-mmio,0,4,0x67b000,ff ff ff ff
1791530182186,TX,MemRd,cpu0,pcie-mmcfg-mmio,0,4,0x67c000,ff ff ff ff
1791530182186,TX,MemRd,cpu0,pcie-mmcfg-mmio,0,4,0x67d000,ff ff ff ff
1791530182186,TX,MemRd,cpu0,pcie-mmcfg-mmio,0,4,0x67e000,ff ff ff ff
1791530182186,TX,MemRd,cpu0,pcie-mmcfg-mmio,0,4,0x67f000,ff ff ff ff
1791530182186,TX,MemRd,cpu0,pcie-mmcfg-mmio,0,4,0x680000,ff ff ff ff
1791530182186,TX,MemRd,cpu0,pcie-mmcfg-mmio,0,4,0x681000,ff ff ff ff
1791530182186,TX,MemRd,cpu0,pcie-mmcfg-mmio,0,4,0x682000,ff ff ff ff
1791530182186,TX,MemRd,cpu0,pcie-mmcfg-mmio,0,4,0x683000,ff ff ff ff
1791530182186,TX,MemRd,cpu0,pcie-mmcfg-mmio,0,4,0x684000,ff ff ff ff
1791530182186,TX,MemRd,cpu0,pcie-mmcfg-mmio,0,4,0x685000,ff ff ff ff
1791530182186,TX,MemRd,cpu0,pcie-mmcfg-mmio,0,4,0x686000,ff ff ff ff
1791530182186,TX,MemRd,cpu0,pcie-mmcfg-mmio,0,4,0x687000,ff ff ff ff
1791530182186,TX,MemRd,cpu0,pcie-mmcfg-mmio,0,4,0x688000,ff ff ff ff
1791530182186,TX,MemRd,cpu0,pcie-mmcfg-mmio,0,4,0x689000,ff ff ff ff
1791530182186,TX,MemRd,cpu0,pcie-mmcfg-mmio,0,4,0x68a000,ff ff ff ff
1791530182186,TX,MemRd,cpu0,pcie-mmcfg-mmio,0,4,0x68b000,ff ff ff ff
1791530182186,TX,MemRd,cpu0,pcie-mmcfg-mmio,0,4,0x68c000,ff ff ff ff
1791530182186,TX,MemRd,cpu0,pcie-mmcfg-mmio,0,4,0x68d000,ff ff ff ff
1791530182186,TX,MemRd,cpu0,pcie-mmcfg-mmio,0,4,0x68e000,ff ff ff ff
1791530182186,TX,MemRd,cpu0,pcie-mmcfg-mmio,0,4,0x68f000,ff ff ff ff
1791530182186,TX,MemRd,cpu0,pcie-mmcfg-mmio,0,4,0x690000,ff ff ff ff
1791530182186,TX,MemRd,cpu0,pcie-mmcfg-mmio,0,4,0x691000,ff ff ff ff
1791530182186,TX,MemRd,cpu0,pcie-mmcfg-mmio,0,4,0x692000,ff ff ff ff
1791530182186,TX,MemRd,cpu0,pcie-mmcfg-mmio,0,4,0x693000,ff ff ff ff
1791530182186,TX,MemRd,cpu0,pcie-mmcfg-mmio,0,4,0x694000,ff ff ff ff
1791530182186,TX,MemRd,cpu0,pcie-mmcfg-mmio,0,4,0x695000,ff ff ff ff
1791530182186,TX,MemRd,cpu0,pcie-mmcfg-mmio,0,4,0x696000,ff ff ff ff
1791530182186,TX,MemRd,cpu0,pcie-mmcfg-mmio,0,4,0x697000,ff ff ff ff
1791530182186,TX,MemRd,cpu0,pcie-mmcfg-mmio,0,4,0x698000,ff ff ff ff
1791530182186,TX,MemRd,cpu0,pcie-mmcfg-mmio,0,4,0x699000,ff ff ff ff
1791530182186,TX,MemRd,cpu0,pcie-mmcfg-mmio,0,4,0x69a000,ff ff ff ff
1791530182186,TX,MemRd,cpu0,pcie-mmcfg-mmio,0,4,0x69b000,ff ff ff ff
1791530182186,TX,MemRd,cpu0,pcie-mmcfg-mmio,0,4,0x69c000,ff ff ff ff
1791530182186,TX,MemRd,cpu0,pcie-mmcfg-mmio,0,4,0x69d000,ff ff ff ff
1791530182186,TX,MemRd,cpu0,pcie-mmcfg-mmio,0,4,0x69e000,ff ff ff ff
1791530182186,TX,MemRd,cpu0,pcie-mmcfg-mmio,0,4,0x69f000,ff ff ff ff
1791530182186,TX,MemRd,cpu0,pcie-mmcfg-mmio,0,4,0x6a0000,ff ff ff ff
1791530182186,TX,MemRd,cpu0,pcie-mmcfg-mmio,0,4,0x6a1000,ff ff ff ff
1791530182186,TX,MemRd,cpu0,pcie-mmcfg-mmio,0,4,0x6a2000,ff ff ff ff
1791530182186,TX,MemRd,cpu0,pcie-mmcfg-mmio,0,4,0x6a3000,ff ff ff ff
1791530182186,TX,MemRd,cpu0,pcie-mmcfg-mmio,0,4,0x6a4000,ff ff ff ff
1791530182186,TX,MemRd,cpu0,pcie-mmcfg-mmio,0,4,0x6a5000,ff ff ff ff
1791530182186,TX,MemRd,cpu0,pcie-mmcfg-mmio,0,4,0x6a6000,ff ff ff ff
1791530182186,TX,MemRd,cpu0,pcie-mmcfg-mmio,0,4,0x6a7000,ff ff ff ff
1791530182186,TX,MemRd,cpu0,pcie-mmcfg-mmio,0,4,0x6a8000,ff ff ff ff
1791530182186,TX,MemRd,cpu0,pcie-mmcfg-mmio,0,4,0x6a9000,ff ff ff ff
1791530182186,TX,MemRd,cpu0,pcie-mmcfg-mmio,0,4,0x6aa000,ff ff ff ff
1791530182186,TX,MemRd,cpu0,pcie-mmcfg-mmio,0,4,0x6ab000,ff ff ff ff
1791530182186,TX,MemRd,cpu0,pcie-mmcfg-mmio,0,4,0x6ac000,ff ff ff ff
1791530182186,TX,MemRd,cpu0,pcie-mmcfg-mmio,0,4,0x6ad000,ff ff ff ff
1791530182186,TX,MemRd,cpu0,pcie-mmcfg-mmio,0,4,0x6ae000,ff ff ff ff
1791530182186,TX,MemRd,cpu0,pcie-mmcfg-mmio,0,4,0x6af000,ff ff ff ff
1791530182186,TX,MemRd,cpu0,pcie-mmcfg-mmio,0,4,0x6b0000,ff ff ff ff
1791530182186,TX,MemRd,cpu0,pcie-mmcfg-mmio,0,4,0x6b1000,ff ff ff ff
1791530182186,TX,MemRd,cpu0,pcie-mmcfg-mmio,0,4,0x6b2000,ff ff ff ff
1791530182186,TX,MemRd,cpu0,pcie-mmcfg-mmio,0,4,0x6b3000,ff ff ff ff
1791530182186,TX,MemRd,cpu0,pcie-mmcfg-mmio,0,4,0x6b4000,ff ff ff ff
1791530182186,TX,MemRd,cpu0,pcie-mmcfg-mmio,0,4,0x6b5000,ff ff ff ff
1791530182186,TX,MemRd,cpu0,pcie-mmcfg-mmio,0,4,0x6b6000,ff ff ff ff
1791530182186,TX,MemRd,cpu0,pcie-mmcfg-mmio,0,4,0x6b7000,ff ff ff ff
1791530182186,TX,MemRd,cpu0,pcie-mmcfg-mmio,0,4,0x6b8000,ff ff ff ff
1791530182186,TX,MemRd,cpu0,pcie-mmcfg-mmio,0,4,0x6b9000,ff ff ff ff
1791530182186,TX,MemRd,cpu0,pcie-mmcfg-mmio,0,4,0x6ba000,ff ff ff ff
1791530182186,TX,MemRd,cpu0,pcie-mmcfg-mmio,0,4,0x6bb000,ff ff ff ff
1791530182186,TX,MemRd,cpu0,pcie-mmcfg-mmio,0,4,0x6bc000,ff ff ff ff
1791530182186,TX,MemRd,cpu0,pcie-mmcfg-mmio,0,4,0x6bd000,ff ff ff ff
1791530182186,TX,MemRd,cpu0,pcie-mmcfg-mmio,0,4,0x6be000,ff ff ff ff
1791530182186,TX,MemRd,cpu0,pcie-mmcfg-mmio,0,4,0x6bf000,ff ff ff ff
1791530182186,TX,MemRd,cpu0,pcie-mmcfg-mmio,0,4,0x6c0000,ff ff ff ff
1791530182186,TX,MemRd,cpu0,pcie-mmcfg-mmio,0,4,0x6c1000,ff ff ff ff
1791530182186,TX,MemRd,cpu0,pcie-mmcfg-mmio,0,4,0x6c2000,ff ff ff ff
1791530182186,TX,MemRd,cpu0,pcie-mmcfg-mmio,0,4,0x6c3000,ff ff ff ff
1791530182186,TX,MemRd,cpu0,pcie-mmcfg-mmio,0,4,0x6c4000,ff ff ff ff
1791530182186,TX,MemRd,cpu0,pcie-mmcfg-mmio,0,4,0x6c5000,ff ff ff ff
1791530182186,TX,MemRd,cpu0,pcie-mmcfg-mmio,0,4,0x6c6000,ff ff ff ff
1791530182186,TX,MemRd,cpu0,pcie-mmcfg-mmio,0,4,0x6c7000,ff ff ff ff
1791530182186,TX,MemRd,cpu0,pcie-mmcfg-mmio,0,4,0x6c8000,ff ff ff ff
1791530182186,TX,MemRd,cpu0,pcie-mmcfg-mmio,0,4,0x6c9000,ff ff ff ff
1791530182186,TX,MemRd,cpu0,pcie-mmcfg-mmio,0,4,0x6ca000,ff ff ff ff
1791530182186,TX,MemRd,cpu0,pcie-mmcfg-mmio,0,4,0x6cb000,ff ff ff ff
1791530182186,TX,MemRd,cpu0,pcie-mmcfg-mmio,0,4,0x6cc000,ff ff ff ff
1791530182186,TX,MemRd,cpu0,pcie-mmcfg-mmio,0,4,0x6cd000,ff ff ff ff
1791530182186,TX,MemRd,cpu0,pcie-mmcfg-mmio,0,4,0x6ce000,ff ff ff ff
1791530182186,TX,MemRd,cpu0,pcie-mmcfg-mmio,0,4,0x6cf000,ff ff ff ff
1791530182186,TX,MemRd,cpu0,pcie-mmcfg-mmio,0,4,0x6d0000,ff ff ff ff
1791530182186,TX,MemRd,cpu0,pcie-mmcfg-mmio,0,4,0x6d1000,ff ff ff ff
1791530182186,TX,MemRd,cpu0,pcie-mmcfg-mmio,0,4,0x6d2000,ff ff ff ff
1791530182186,TX,MemRd,cpu0,pcie-mmcfg-mmio,0,4,0x6d3000,ff ff ff ff
1791530182186,TX,MemRd,cpu0,pcie-mmcfg-mmio,0,4,0x6d4000,ff ff ff ff
1791530182186,TX,MemRd,cpu0,pcie-mmcfg-mmio,0,4,0x6d5000,ff ff ff ff
1791530182187,TX,MemRd,cpu0,pcie-mmcfg-mmio,0,4,0x6d6000,ff ff ff ff
1791530182187,TX,MemRd,cpu0,pcie-mmcfg-mmio,0,4,0x6d7000,ff ff ff ff
1791530182187,TX,MemRd,cpu0,pcie-mmcfg-mmio,0,4,0x6d8000,ff ff ff ff
1791530182187,TX,MemRd,cpu0,pcie-mmcfg-mmio,0,4,0x6d9000,ff ff ff ff
1791530182187,TX,MemRd,cpu0,pcie-mmcfg-mmio,0,4,0x6da000,ff ff ff ff
1791530182187,TX,MemRd,cpu0,pcie-mmcfg-mmio,0,4,0x6db000,ff ff ff ff
1791530182187,TX,MemRd,cpu0,pcie-mmcfg-mmio,0,4,0x6dc000,ff ff ff ff
1791530182187,TX,MemRd,cpu0,pcie-mmcfg-mmio,0,4,0x6dd000,ff ff ff ff
1791530182187,TX,MemRd,cpu0,pcie-mmcfg-mmio,0,4,0x6de000,ff ff ff ff
1791530182187,TX,MemRd,cpu0,pcie-mmcfg-mmio,0,4,0x6df000,ff ff ff ff
1791530182187,TX,MemRd,cpu0,pcie-mmcfg-mmio,0,4,0x6e0000,ff ff ff ff
1791530182187,TX,MemRd,cpu0,pcie-mmcfg-mmio,0,4,0x6e1000,ff ff ff ff
1791530182187,TX,MemRd,cpu0,pcie-mmcfg-mmio,0,4,0x6e2000,ff ff ff ff
1791530182187,TX,MemRd,cpu0,pcie-mmcfg-mmio,0,4,0x6e3000,ff ff ff ff
1791530182187,TX,MemRd,cpu0,pcie-mmcfg-mmio,0,4,0x6e4000,ff ff ff ff
1791530182187,TX,MemRd,cpu0,pcie-mmcfg-mmio,0,4,0x6e5000,ff ff ff ff
1791530182187,TX,MemRd,cpu0,pcie-mmcfg-mmio,0,4,0x6e6000,ff ff ff ff
1791530182187,TX,MemRd,cpu0,pcie-mmcfg-mmio,0,4,0x6e7000,ff ff ff ff
1791530182187,TX,MemRd,cpu0,pcie-mmcfg-mmio,0,4,0x6e8000,ff ff ff ff
1791530182187,TX,MemRd,cpu0,pcie-mmcfg-mmio,0,4,0x6e9000,ff ff ff ff
1791530182187,TX,MemRd,cpu0,pcie-mmcfg-mmio,0,4,0x6ea000,ff ff ff ff
1791530182187,TX,MemRd,cpu0,pcie-mmcfg-mmio,0,4,0x6eb000,ff ff ff ff
1791530182187,TX,MemRd,cpu0,pcie-mmcfg-mmio,0,4,0x6ec000,ff ff ff ff
1791530182187,TX,MemRd,cpu0,pcie-mmcfg-mmio,0,4,0x6ed000,ff ff ff ff
1791530182187,TX,MemRd,cpu0,pcie-mmcfg-mmio,0,4,0x6ee000,ff ff ff ff
1791530182187,TX,MemRd,cpu0,pcie-mmcfg-mmio,0,4,0x6ef000,ff ff ff ff
1791530182187,TX,MemRd,cpu0,pcie-mmcfg-mmio,0,4,0x6f0000,ff ff ff ff
1791530182187,TX,MemRd,cpu0,pcie-mmcfg-mmio,0,4,0x6f1000,ff ff ff ff
1791530182187,TX,MemRd,cpu0,pcie-mmcfg-mmio,0,4,0x6f2000,ff ff ff ff
1791530182187,TX,MemRd,cpu0,pcie-mmcfg-mmio,0,4,0x6f3000,ff ff ff ff
1791530182187,TX,MemRd,cpu0,pcie-mmcfg-mmio,0,4,0x6f4000,ff ff ff ff
1791530182187,TX,MemRd,cpu0,pcie-mmcfg-mmio,0,4,0x6f5000,ff ff ff ff
1791530182187,TX,MemRd,cpu0,pcie-mmcfg-mmio,0,4,0x6f6000,ff ff ff ff
1791530182187,TX,MemRd,cpu0,pcie-mmcfg-mmio,0,4,0x6f7000,ff ff ff ff
1791530182187,TX,MemRd,cpu0,pcie-mmcfg-mmio,0,4,0x6f8000,ff ff ff ff
1791530182187,TX,MemRd,cpu0,pcie-mmcfg-mmio,0,4,0x6f9000,ff ff ff ff
1791530182187,TX,MemRd,cpu0,pcie-mmcfg-mmio,0,4,0x6fa000,ff ff ff ff
1791530182187,TX,MemRd,cpu0,pcie-mmcfg-mmio,0,4,0x6fb000,ff ff ff ff
1791530182187,TX,MemRd,cpu0,pcie-mmcfg-mmio,0,4,0x6fc000,ff ff ff ff
1791530182187,TX,MemRd,cpu0,pcie-mmcfg-mmio,0,4,0x6fd000,ff ff ff ff
1791530182187,TX,MemRd,cpu0,pcie-mmcfg-mmio,0,4,0x6fe000,ff ff ff ff
1791530182187,TX,MemRd,cpu0,pcie-mmcfg-mmio,0,4,0x6ff000,ff ff ff ff
1791530182187,RX,CfgRd,x3130-upstream,05:00.0,0,4,0x18,05 06 ff 00
1791530182187,TX,MemRd,cpu0,pcie-mmcfg-mmio,0,4,0x500018,05 06 ff 00
1791530182187,TX,MemWr,cpu0,pcie-mmcfg-mmio,0,4,0x500018,05 06 08 00
1791530182187,TX,CfgWr,x3130-upstream,05:00.0,0,4,0x18,05 06 08 00
1791530182187,RX,CfgRd,x3130-upstream,05:00.0,0,4,0x1c,00 00 00 00
1791530182187,TX,MemRd,cpu0,pcie-mmcfg-mmio,0,4,0x50001c,00 00 00 00
1791530182187,RX,CfgRd,x3130-upstream,05:00.0,0,4,0x30,00 00 00 00
1791530182187,TX,MemRd,cpu0,pcie-mmcfg-mmio,0,4,0x500030,00 00 00 00
1791530182187,TX,MemWr,cpu0,pcie-mmcfg-mmio,0,4,0x50001c,00 00 00 00
1791530182187,TX,CfgWr,x3130-upstream,05:00.0,0,4,0x1c,00 00 00 00
1791530182187,TX,MemWr,cpu0,pcie-mmcfg-mmio,0,4,0x500030,00 00 00 00
1791530182187,TX,CfgWr,x3130-upstream,05:00.0,0,4,0x30,00 00 00 00
1791530182187,RX,CfgRd,x3130-upstream,05:00.0,0,4,0x20,20 10 00 00
1791530182187,TX,MemRd,cpu0,pcie-mmcfg-mmio,0,4,0x500020,20 10 00 00
1791530182187,TX,MemWr,cpu0,pcie-mmcfg-mmio,0,4,0x500020,20 10 1f 10
1791530182187,TX,CfgWr,x3130-upstream,05:00.0,0,4,0x20,20 10 1f 10
1791530182187,RX,CfgRd,x3130-upstream,05:00.0,0,4,0x24,21 00 01 00
1791530182187,TX,MemRd,cpu0,pcie-mmcfg-mmio,0,4,0x500024,21 00 01 00
1791530182187,TX,MemWr,cpu0,pcie-mmcfg-mmio,0,4,0x500024,21 00 3f 00
1791530182187,TX,CfgWr,x3130-upstream,05:00.0,0,4,0x24,21 00 3f 00
1791530182187,TX,MemWr,cpu0,pcie-mmcfg-mmio,0,4,0x50002c,80 00 00 00
1791530182187,TX,CfgWr,x3130-upstream,05:00.0,0,4,0x2c,80 00 00 00
1791530182187,TX,MemRd,cpu0,pcie-mmcfg-mmio,0,4,0x508000,ff ff ff ff
1791530182187,TX,MemRd,cpu0,pcie-mmcfg-mmio,0,4,0x509000,ff ff ff ff
1791530182187,TX,MemRd,cpu0,pcie-mmcfg-mmio,0,4,0x50a000,ff ff ff ff
1791530182187,TX,MemRd,cpu0,pcie-mmcfg-mmio,0,4,0x50b000,ff ff ff ff
1791530182187,TX,MemRd,cpu0,pcie-mmcfg-mmio,0,4,0x50c000,ff ff ff ff
1791530182187,TX,MemRd,cpu0,pcie-mmcfg-mmio,0,4,0x50d000,ff ff ff ff
1791530182187,TX,MemRd,cpu0,pcie-mmcfg-mmio,0,4,0x50e000,ff ff ff ff
1791530182187,TX,MemRd,cpu0,pcie-mmcfg-mmio,0,4,0x50f000,ff ff ff ff
1791530182187,TX,MemRd,cpu0,pcie-mmcfg-mmio,0,4,0x510000,ff ff ff ff
1791530182187,TX,MemRd,cpu0,pcie-mmcfg-mmio,0,4,0x511000,ff ff ff ff
1791530182187,TX,MemRd,cpu0,pcie-mmcfg-mmio,0,4,0x512000,ff ff ff ff
1791530182187,TX,MemRd,cpu0,pcie-mmcfg-mmio,0,4,0x513000,ff ff ff ff
1791530182187,TX,MemRd,cpu0,pcie-mmcfg-mmio,0,4,0x514000,ff ff ff ff
1791530182187,TX,MemRd,cpu0,pcie-mmcfg-mmio,0,4,0x515000,ff ff ff ff
1791530182187,TX,MemRd,cpu0,pcie-mmcfg-mmio,0,4,0x516000,ff ff ff ff
1791530182187,TX,MemRd,cpu0,pcie-mmcfg-mmio,0,4,0x517000,ff ff ff ff
1791530182187,TX,MemRd,cpu0,pcie-mmcfg-mmio,0,4,0x518000,ff ff ff ff
1791530182187,TX,MemRd,cpu0,pcie-mmcfg-mmio,0,4,0x519000,ff ff ff ff
1791530182187,TX,MemRd,cpu0,pcie-mmcfg-mmio,0,4,0x51a000,ff ff ff ff
1791530182187,TX,MemRd,cpu0,pcie-mmcfg-mmio,0,4,0x51b000,ff ff ff ff
1791530182187,TX,MemRd,cpu0,pcie-mmcfg-mmio,0,4,0x51c000,ff ff ff ff
1791530182187,TX,MemRd,cpu0,pcie-mmcfg-mmio,0,4,0x51d000,ff ff ff ff
1791530182187,TX,MemRd,cpu0,pcie-mmcfg-mmio,0,4,0x51e000,ff ff ff ff
1791530182187,TX,MemRd,cpu0,pcie-mmcfg-mmio,0,4,0x51f000,ff ff ff ff
1791530182187,TX,MemRd,cpu0,pcie-mmcfg-mmio,0,4,0x520000,ff ff ff ff
1791530182187,TX,MemRd,cpu0,pcie-mmcfg-mmio,0,4,0x521000,ff ff ff ff
1791530182187,TX,MemRd,cpu0,pcie-mmcfg-mmio,0,4,0x522000,ff ff ff ff
1791530182187,TX,MemRd,cpu0,pcie-mmcfg-mmio,0,4,0x523000,ff ff ff ff
1791530182187,TX,MemRd,cpu0,pcie-mmcfg-mmio,0,4,0x524000,ff ff ff ff
1791530182187,TX,MemRd,cpu0,pcie-mmcfg-mmio,0,4,0x525000,ff ff ff ff
1791530182187,TX,MemRd,cpu0,pcie-mmcfg-mmio,0,4,0x526000,ff ff ff ff
1791530182187,TX,MemRd,cpu0,pcie-mmcfg-mmio,0,4,0x527000,ff ff ff ff
1791530182187,TX,MemRd,cpu0,pcie-mmcfg-mmio,0,4,0x528000,ff ff ff ff
1791530182187,TX,MemRd,cpu0,pcie-mmcfg-mmio,0,4,0x529000,ff ff ff ff
1791530182187,TX,MemRd,cpu0,pcie-mmcfg-mmio,0,4,0x52a000,ff ff ff ff
1791530182187,TX,MemRd,cpu0,pcie-mmcfg-mmio,0,4,0x52b000,ff ff ff ff
1791530182187,TX,MemRd,cpu0,pcie-mmcfg-mmio,0,4,0x52c000,ff ff ff ff
1791530182187,TX,MemRd,cpu0,pcie-mmcfg-mmio,0,4,0x52d000,ff ff ff ff
1791530182187,TX,MemRd,cpu0,pcie-mmcfg-mmio,0,4,0x52e000,ff ff ff ff
1791530182187,TX,MemRd,cpu0,pcie-mmcfg-mmio,0,4,0x52f000,ff ff ff ff
1791530182187,TX,MemRd,cpu0,pcie-mmcfg-mmio,0,4,0x530000,ff ff ff ff
1791530182187,TX,MemRd,cpu0,pcie-mmcfg-mmio,0,4,0x531000,ff ff ff ff
1791530182187,TX,MemRd,cpu0,pcie-mmcfg-mmio,0,4,0x532000,ff ff ff ff
1791530182187,TX,MemRd,cpu0,pcie-mmcfg-mmio,0,4,0x533000,ff ff ff ff
1791530182187,TX,MemRd,cpu0,pcie-mmcfg-mmio,0,4,0x534000,ff ff ff ff
1791530182187,TX,MemRd,cpu0,pcie-mmcfg-mmio,0,4,0x535000,ff ff ff ff
1791530182187,TX,MemRd,cpu0,pcie-mmcfg-mmio,0,4,0x536000,ff ff ff ff
1791530182187,TX,MemRd,cpu0,pcie-mmcfg-mmio,0,4,0x537000,ff ff ff ff
1791530182187,TX,MemRd,cpu0,pcie-mmcfg-mmio,0,4,0x538000,ff ff ff ff
1791530182187,TX,MemRd,cpu0,pcie-mmcfg-mmio,0,4,0x539000,ff ff ff ff
1791530182187,TX,MemRd,cpu0,pcie-mmcfg-mmio,0,4,0x53a000,ff ff ff ff
1791530182187,TX,MemRd,cpu0,pcie-mmcfg-mmio,0,4,0x53b000,ff ff ff ff
1791530182187,TX,MemRd,cpu0,pcie-mmcfg-mmio,0,4,0x53c000,ff ff ff ff
1791530182187,TX,MemRd,cpu0,pcie-mmcfg-mmio,0,4,0x53d000,ff ff ff ff
1791530182187,TX,MemRd,cpu0,pcie-mmcfg-mmio,0,4,0x53e000,ff ff ff ff
1791530182187,TX,MemRd,cpu0,pcie-mmcfg-mmio,0,4,0x53f000,ff ff ff ff
1791530182187,TX,MemRd,cpu0,pcie-mmcfg-mmio,0,4,0x540000,ff ff ff ff
1791530182187,TX,MemRd,cpu0,pcie-mmcfg-mmio,0,4,0x541000,ff ff ff ff
1791530182188,TX,MemRd,cpu0,pcie-mmcfg-mmio,0,4,0x542000,ff ff ff ff
1791530182188,TX,MemRd,cpu0,pcie-mmcfg-mmio,0,4,0x543000,ff ff ff ff
1791530182188,TX,MemRd,cpu0,pcie-mmcfg-mmio,0,4,0x544000,ff ff ff ff
1791530182188,TX,MemRd,cpu0,pcie-mmcfg-mmio,0,4,0x545000,ff ff ff ff
1791530182188,TX,MemRd,cpu0,pcie-mmcfg-mmio,0,4,0x546000,ff ff ff ff
1791530182188,TX,MemRd,cpu0,pcie-mmcfg-mmio,0,4,0x547000,ff ff ff ff
1791530182188,TX,MemRd,cpu0,pcie-mmcfg-mmio,0,4,0x548000,ff ff ff ff
1791530182188,TX,MemRd,cpu0,pcie-mmcfg-mmio,0,4,0x549000,ff ff ff ff
1791530182188,TX,MemRd,cpu0,pcie-mmcfg-mmio,0,4,0x54a000,ff ff ff ff
1791530182188,TX,MemRd,cpu0,pcie-mmcfg-mmio,0,4,0x54b000,ff ff ff ff
1791530182188,TX,MemRd,cpu0,pcie-mmcfg-mmio,0,4,0x54c000,ff ff ff ff
1791530182188,TX,MemRd,cpu0,pcie-mmcfg-mmio,0,4,0x54d000,ff ff ff ff
1791530182188,TX,MemRd,cpu0,pcie-mmcfg-mmio,0,4,0x54e000,ff ff ff ff
1791530182188,TX,MemRd,cpu0,pcie-mmcfg-mmio,0,4,0x54f000,ff ff ff ff
1791530182188,TX,MemRd,cpu0,pcie-mmcfg-mmio,0,4,0x550000,ff ff ff ff
1791530182188,TX,MemRd,cpu0,pcie-mmcfg-mmio,0,4,0x551000,ff ff ff ff
1791530182188,TX,MemRd,cpu0,pcie-mmcfg-mmio,0,4,0x552000,ff ff ff ff
1791530182188,TX,MemRd,cpu0,pcie-mmcfg-mmio,0,4,0x553000,ff ff ff ff
1791530182188,TX,MemRd,cpu0,pcie-mmcfg-mmio,0,4,0x554000,ff ff ff ff
1791530182188,TX,MemRd,cpu0,pcie-mmcfg-mmio,0,4,0x555000,ff ff ff ff
1791530182188,TX,MemRd,cpu0,pcie-mmcfg-mmio,0,4,0x556000,ff ff ff ff
1791530182188,TX,MemRd,cpu0,pcie-mmcfg-mmio,0,4,0x557000,ff ff ff ff
1791530182188,TX,MemRd,cpu0,pcie-mmcfg-mmio,0,4,0x558000,ff ff ff ff
1791530182188,TX,MemRd,cpu0,pcie-mmcfg-mmio,0,4,0x559000,ff ff ff ff
1791530182188,TX,MemRd,cpu0,pcie-mmcfg-mmio,0,4,0x55a000,ff ff ff ff
1791530182188,TX,MemRd,cpu0,pcie-mmcfg-mmio,0,4,0x55b000,ff ff ff ff
1791530182188,TX,MemRd,cpu0,pcie-mmcfg-mmio,0,4,0x55c000,ff ff ff ff
1791530182188,TX,MemRd,cpu0,pcie-mmcfg-mmio,0,4,0x55d000,ff ff ff ff
1791530182188,TX,MemRd,cpu0,pcie-mmcfg-mmio,0,4,0x55e000,ff ff ff ff
1791530182188,TX,MemRd,cpu0,pcie-mmcfg-mmio,0,4,0x55f000,ff ff ff ff
1791530182188,TX,MemRd,cpu0,pcie-mmcfg-mmio,0,4,0x560000,ff ff ff ff
1791530182188,TX,MemRd,cpu0,pcie-mmcfg-mmio,0,4,0x561000,ff ff ff ff
1791530182188,TX,MemRd,cpu0,pcie-mmcfg-mmio,0,4,0x562000,ff ff ff ff
1791530182188,TX,MemRd,cpu0,pcie-mmcfg-mmio,0,4,0x563000,ff ff ff ff
1791530182188,TX,MemRd,cpu0,pcie-mmcfg-mmio,0,4,0x564000,ff ff ff ff
1791530182188,TX,MemRd,cpu0,pcie-mmcfg-mmio,0,4,0x565000,ff ff ff ff
1791530182188,TX,MemRd,cpu0,pcie-mmcfg-mmio,0,4,0x566000,ff ff ff ff
1791530182188,TX,MemRd,cpu0,pcie-mmcfg-mmio,0,4,0x567000,ff ff ff ff
1791530182188,TX,MemRd,cpu0,pcie-mmcfg-mmio,0,4,0x568000,ff ff ff ff
1791530182188,TX,MemRd,cpu0,pcie-mmcfg-mmio,0,4,0x569000,ff ff ff ff
1791530182188,TX,MemRd,cpu0,pcie-mmcfg-mmio,0,4,0x56a000,ff ff ff ff
1791530182188,TX,MemRd,cpu0,pcie-mmcfg-mmio,0,4,0x56b000,ff ff ff ff
1791530182188,TX,MemRd,cpu0,pcie-mmcfg-mmio,0,4,0x56c000,ff ff ff ff
1791530182188,TX,MemRd,cpu0,pcie-mmcfg-mmio,0,4,0x56d000,ff ff ff ff
1791530182188,TX,MemRd,cpu0,pcie-mmcfg-mmio,0,4,0x56e000,ff ff ff ff
1791530182188,TX,MemRd,cpu0,pcie-mmcfg-mmio,0,4,0x56f000,ff ff ff ff
1791530182188,TX,MemRd,cpu0,pcie-mmcfg-mmio,0,4,0x570000,ff ff ff ff
1791530182188,TX,MemRd,cpu0,pcie-mmcfg-mmio,0,4,0x571000,ff ff ff ff
1791530182188,TX,MemRd,cpu0,pcie-mmcfg-mmio,0,4,0x572000,ff ff ff ff
1791530182188,TX,MemRd,cpu0,pcie-mmcfg-mmio,0,4,0x573000,ff ff ff ff
1791530182188,TX,MemRd,cpu0,pcie-mmcfg-mmio,0,4,0x574000,ff ff ff ff
1791530182188,TX,MemRd,cpu0,pcie-mmcfg-mmio,0,4,0x575000,ff ff ff ff
1791530182188,TX,MemRd,cpu0,pcie-mmcfg-mmio,0,4,0x576000,ff ff ff ff
1791530182188,TX,MemRd,cpu0,pcie-mmcfg-mmio,0,4,0x577000,ff ff ff ff
1791530182188,TX,MemRd,cpu0,pcie-mmcfg-mmio,0,4,0x578000,ff ff ff ff
1791530182188,TX,MemRd,cpu0,pcie-mmcfg-mmio,0,4,0x579000,ff ff ff ff
1791530182188,TX,MemRd,cpu0,pcie-mmcfg-mmio,0,4,0x57a000,ff ff ff ff
1791530182188,TX,MemRd,cpu0,pcie-mmcfg-mmio,0,4,0x57b000,ff ff ff ff
1791530182188,TX,MemRd,cpu0,pcie-mmcfg-mmio,0,4,0x57c000,ff ff ff ff
1791530182188,TX,MemRd,cpu0,pcie-mmcfg-mmio,0,4,0x57d000,ff ff ff ff
1791530182188,TX,MemRd,cpu0,pcie-mmcfg-mmio,0,4,0x57e000,ff ff ff ff
1791530182188,TX,MemRd,cpu0,pcie-mmcfg-mmio,0,4,0x57f000,ff ff ff ff
1791530182188,TX,MemRd,cpu0,pcie-mmcfg-mmio,0,4,0x580000,ff ff ff ff
1791530182188,TX,MemRd,cpu0,pcie-mmcfg-mmio,0,4,0x581000,ff ff ff ff
1791530182188,TX,MemRd,cpu0,pcie-mmcfg-mmio,0,4,0x582000,ff ff ff ff
1791530182188,TX,MemRd,cpu0,pcie-mmcfg-mmio,0,4,0x583000,ff ff ff ff
1791530182188,TX,MemRd,cpu0,pcie-mmcfg-mmio,0,4,0x584000,ff ff ff ff
1791530182188,TX,MemRd,cpu0,pcie-mmcfg-mmio,0,4,0x585000,ff ff ff ff
1791530182188,TX,MemRd,cpu0,pcie-mmcfg-mmio,0,4,0x586000,ff ff ff ff
1791530182188,TX,MemRd,cpu0,pcie-mmcfg-mmio,0,4,0x587000,ff ff ff ff
1791530182188,TX,MemRd,cpu0,pcie-mmcfg-mmio,0,4,0x588000,ff ff ff ff
1791530182188,TX,MemRd,cpu0,pcie-mmcfg-mmio,0,4,0x589000,ff ff ff ff
1791530182188,TX,MemRd,cpu0,pcie-mmcfg-mmio,0,4,0x58a000,ff ff ff ff
1791530182188,TX,MemRd,cpu0,pcie-mmcfg-mmio,0,4,0x58b000,ff ff ff ff
1791530182188,TX,MemRd,cpu0,pcie-mmcfg-mmio,0,4,0x58c000,ff ff ff ff
1791530182188,TX,MemRd,cpu0,pcie-mmcfg-mmio,0,4,0x58d000,ff ff ff ff
1791530182188,TX,MemRd,cpu0,pcie-mmcfg-mmio,0,4,0x58e000,ff ff ff ff
1791530182188,TX,MemRd,cpu0,pcie-mmcfg-mmio,0,4,0x58f000,ff ff ff ff
1791530182188,TX,MemRd,cpu0,pcie-mmcfg-mmio,0,4,0x590000,ff ff ff ff
1791530182188,TX,MemRd,cpu0,pcie-mmcfg-mmio,0,4,0x591000,ff ff ff ff
1791530182188,TX,MemRd,cpu0,pcie-mmcfg-mmio,0,4,0x592000,ff ff ff ff
1791530182188,TX,MemRd,cpu0,pcie-mmcfg-mmio,0,4,0x593000,ff ff ff ff
1791530182188,TX,MemRd,cpu0,pcie-mmcfg-mmio,0,4,0x594000,ff ff ff ff
1791530182188,TX,MemRd,cpu0,pcie-mmcfg-mmio,0,4,0x595000,ff ff ff ff
1791530182188,TX,MemRd,cpu0,pcie-mmcfg-mmio,0,4,0x596000,ff ff ff ff
1791530182188,TX,MemRd,cpu0,pcie-mmcfg-mmio,0,4,0x597000,ff ff ff ff
1791530182188,TX,MemRd,cpu0,pcie-mmcfg-mmio,0,4,0x598000,ff ff ff ff
1791530182188,TX,MemRd,cpu0,pcie-mmcfg-mmio,0,4,0x599000,ff ff ff ff
1791530182188,TX,MemRd,cpu0,pcie-mmcfg-mmio,0,4,0x59a000,ff ff ff ff
1791530182188,TX,MemRd,cpu0,pcie-mmcfg-mmio,0,4,0x59b000,ff ff ff ff
1791530182188,TX,MemRd,cpu0,pcie-mmcfg-mmio,0,4,0x59c000,ff ff ff ff
1791530182188,TX,MemRd,cpu0,pcie-mmcfg-mmio,0,4,0x59d000,ff ff ff ff
1791530182188,TX,MemRd,cpu0,pcie-mmcfg-mmio,0,4,0x59e000,ff ff ff ff
1791530182188,TX,MemRd,cpu0,pcie-mmcfg-mmio,0,4,0x59f000,ff ff ff ff
1791530182188,TX,MemRd,cpu0,pcie-mmcfg-mmio,0,4,0x5a0000,ff ff ff ff
1791530182188,TX,MemRd,cpu0,pcie-mmcfg-mmio,0,4,0x5a1000,ff ff ff ff
1791530182188,TX,MemRd,cpu0,pcie-mmcfg-mmio,0,4,0x5a2000,ff ff ff ff
1791530182188,TX,MemRd,cpu0,pcie-mmcfg-mmio,0,4,0x5a3000,ff ff ff ff
1791530182188,TX,MemRd,cpu0,pcie-mmcfg-mmio,0,4,0x5a4000,ff ff ff ff
1791530182188,TX,MemRd,cpu0,pcie-mmcfg-mmio,0,4,0x5a5000,ff ff ff ff
1791530182188,TX,MemRd,cpu0,pcie-mmcfg-mmio,0,4,0x5a6000,ff ff ff ff
1791530182188,TX,MemRd,cpu0,pcie-mmcfg-mmio,0,4,0x5a7000,ff ff ff ff
1791530182188,TX,MemRd,cpu0,pcie-mmcfg-mmio,0,4,0x5a8000,ff ff ff ff
1791530182188,TX,MemRd,cpu0,pcie-mmcfg-mmio,0,4,0x5a9000,ff ff ff ff
1791530182188,TX,MemRd,cpu0,pcie-mmcfg-mmio,0,4,0x5aa000,ff ff ff ff
1791530182188,TX,MemRd,cpu0,pcie-mmcfg-mmio,0,4,0x5ab000,ff ff ff ff
1791530182188,TX,MemRd,cpu0,pcie-mmcfg-mmio,0,4,0x5ac000,ff ff ff ff
1791530182188,TX,MemRd,cpu0,pcie-mmcfg-mmio,0,4,0x5ad000,ff ff ff ff
1791530182188,TX,MemRd,cpu0,pcie-mmcfg-mmio,0,4,0x5ae000,ff ff ff ff
1791530182188,TX,MemRd,cpu0,pcie-mmcfg-mmio,0,4,0x5af000,ff ff ff ff
1791530182188,TX,MemRd,cpu0,pcie-mmcfg-mmio,0,4,0x5b0000,ff ff ff ff
1791530182188,TX,MemRd,cpu0,pcie-mmcfg-mmio,0,4,0x5b1000,ff ff ff ff
1791530182188,TX,MemRd,cpu0,pcie-mmcfg-mmio,0,4,0x5b2000,ff ff ff ff
1791530182188,TX,MemRd,cpu0,pcie-mmcfg-mmio,0,4,0x5b3000,ff ff ff ff
1791530182188,TX,MemRd,cpu0,pcie-mmcfg-mmio,0,4,0x5b4000,ff ff ff ff
1791530182188,TX,MemRd,cpu0,pcie-mmcfg-mmio,0,4,0x5b5000,ff ff ff ff
1791530182188,TX,MemRd,cpu0,pcie-mmcfg-mmio,0,4,0x5b6000,ff ff ff ff
1791530182188,TX,MemRd,cpu0,pcie-mmcfg-mmio,0,4,0x5b7000,ff ff ff ff
1791530182188,TX,MemRd,cpu0,pcie-mmcfg-mmio,0,4,0x5b8000,ff ff ff ff
1791530182188,TX,MemRd,cpu0,pcie-mmcfg-mmio,0,4,0x5b9000,ff ff ff ff
1791530182188,TX,MemRd,cpu0,pcie-mmcfg-mmio,0,4,0x5ba000,ff ff ff ff
1791530182188,TX,MemRd,cpu0,pcie-mmcfg-mmio,0,4,0x5bb000,ff ff ff ff
1791530182188,TX,MemRd,cpu0,pcie-mmcfg-mmio,0,4,0x5bc000,ff ff ff ff
1791530182188,TX,MemRd,cpu0,pcie-mmcfg-mmio,0,4,0x5bd000,ff ff ff ff
1791530182188,TX,MemRd,cpu0,pcie-mmcfg-mmio,0,4,0x5be000,ff ff ff ff
1791530182188,TX,MemRd,cpu0,pcie-mmcfg-mmio,0,4,0x5bf000,ff ff ff ff
1791530182188,TX,MemRd,cpu0,pcie-mmcfg-mmio,0,4,0x5c0000,ff ff ff ff
1791530182188,TX,MemRd,cpu0,pcie-mmcfg-mmio,0,4,0x5c1000,ff ff ff ff
1791530182188,TX,MemRd,cpu0,pcie-mmcfg-mmio,0,4,0x5c2000,ff ff ff ff
1791530182188,TX,MemRd,cpu0,pcie-mmcfg-mmio,0,4,0x5c3000,ff ff ff ff
1791530182188,TX,MemRd,cpu0,pcie-mmcfg-mmio,0,4,0x5c4000,ff ff ff ff
1791530182188,TX,MemRd,cpu0,pcie-mmcfg-mmio,0,4,0x5c5000,ff ff ff ff
1791530182188,TX,MemRd,cpu0,pcie-mmcfg-mmio,0,4,0x5c6000,ff ff ff ff
1791530182188,TX,MemRd,cpu0,pcie-mmcfg-mmio,0,4,0x5c7000,ff ff ff ff
1791530182188,TX,MemRd,cpu0,pcie-mmcfg-mmio,0,4,0x5c8000,ff ff ff ff
1791530182188,TX,MemRd,cpu0,pcie-mmcfg-mmio,0,4,0x5c9000,ff ff ff ff
1791530182188,TX,MemRd,cpu0,pcie-mmcfg-mmio,0,4,0x5ca000,ff ff ff ff
1791530182188,TX,MemRd,cpu0,pcie-mmcfg-mmio,0,4,0x5cb000,ff ff ff ff
1791530182188,TX,MemRd,cpu0,pcie-mmcfg-mmio,0,4,0x5cc000,ff ff ff ff
1791530182188,TX,MemRd,cpu0,pcie-mmcfg-mmio,0,4,0x5cd000,ff ff ff ff
1791530182188,TX,MemRd,cpu0,pcie-mmcfg-mmio,0,4,0x5ce000,ff ff ff ff
1791530182188,TX,MemRd,cpu0,pcie-mmcfg-mmio,0,4,0x5cf000,ff ff ff ff
1791530182188,TX,MemRd,cpu0,pcie-mmcfg-mmio,0,4,0x5d0000,ff ff ff ff
1791530182188,TX,MemRd,cpu0,pcie-mmcfg-mmio,0,4,0x5d1000,ff ff ff ff
1791530182188,TX,MemRd,cpu0,pcie-mmcfg-mmio,0,4,0x5d2000,ff ff ff ff
1791530182188,TX,MemRd,cpu0,pcie-mmcfg-mmio,0,4,0x5d3000,ff ff ff ff
1791530182188,TX,MemRd,cpu0,pcie-mmcfg-mmio,0,4,0x5d4000,ff ff ff ff
1791530182188,TX,MemRd,cpu0,pcie-mmcfg-mmio,0,4,0x5d5000,ff ff ff ff
1791530182188,TX,MemRd,cpu0,pcie-mmcfg-mmio,0,4,0x5d6000,ff ff ff ff
1791530182188,TX,MemRd,cpu0,pcie-mmcfg-mmio,0,4,0x5d7000,ff ff ff ff
1791530182188,TX,MemRd,cpu0,pcie-mmcfg-mmio,0,4,0x5d8000,ff ff ff ff
1791530182188,TX,MemRd,cpu0,pcie-mmcfg-mmio,0,4,0x5d9000,ff ff ff ff
1791530182188,TX,MemRd,cpu0,pcie-mmcfg-mmio,0,4,0x5da000,ff ff ff ff
1791530182188,TX,MemRd,cpu0,pcie-mmcfg-mmio,0,4,0x5db000,ff ff ff ff
1791530182188,TX,MemRd,cpu0,pcie-mmcfg-mmio,0,4,0x5dc000,ff ff ff ff
1791530182188,TX,MemRd,cpu0,pcie-mmcfg-mmio,0,4,0x5dd000,ff ff ff ff
1791530182188,TX,MemRd,cpu0,pcie-mmcfg-mmio,0,4,0x5de000,ff ff ff ff
1791530182188,TX,MemRd,cpu0,pcie-mmcfg-mmio,0,4,0x5df000,ff ff ff ff
1791530182188,TX,MemRd,cpu0,pcie-mmcfg-mmio,0,4,0x5e0000,ff ff ff ff
1791530182188,TX,MemRd,cpu0,pcie-mmcfg-mmio,0,4,0x5e1000,ff ff ff ff
1791530182188,TX,MemRd,cpu0,pcie-mmcfg-mmio,0,4,0x5e2000,ff ff ff ff
1791530182188,TX,MemRd,cpu0,pcie-mmcfg-mmio,0,4,0x5e3000,ff ff ff ff
1791530182188,TX,MemRd,cpu0,pcie-mmcfg-mmio,0,4,0x5e4000,ff ff ff ff
1791530182188,TX,MemRd,cpu0,pcie-mmcfg-mmio,0,4,0x5e5000,ff ff ff ff
1791530182189,TX,MemRd,cpu0,pcie-mmcfg-mmio,0,4,0x5e6000,ff ff ff ff
1791530182189,TX,MemRd,cpu0,pcie-mmcfg-mmio,0,4,0x5e7000,ff ff ff ff
1791530182189,TX,MemRd,cpu0,pcie-mmcfg-mmio,0,4,0x5e8000,ff ff ff ff
1791530182189,TX,MemRd,cpu0,pcie-mmcfg-mmio,0,4,0x5e9000,ff ff ff ff
1791530182189,TX,MemRd,cpu0,pcie-mmcfg-mmio,0,4,0x5ea000,ff ff ff ff
1791530182189,TX,MemRd,cpu0,pcie-mmcfg-mmio,0,4,0x5eb000,ff ff ff ff
1791530182189,TX,MemRd,cpu0,pcie-mmcfg-mmio,0,4,0x5ec000,ff ff ff ff
1791530182189,TX,MemRd,cpu0,pcie-mmcfg-mmio,0,4,0x5ed000,ff ff ff ff
1791530182189,TX,MemRd,cpu0,pcie-mmcfg-mmio,0,4,0x5ee000,ff ff ff ff
1791530182189,TX,MemRd,cpu0,pcie-mmcfg-mmio,0,4,0x5ef000,ff ff ff ff
1791530182189,TX,MemRd,cpu0,pcie-mmcfg-mmio,0,4,0x5f0000,ff ff ff ff
1791530182189,TX,MemRd,cpu0,pcie-mmcfg-mmio,0,4,0x5f1000,ff ff ff ff
1791530182189,TX,MemRd,cpu0,pcie-mmcfg-mmio,0,4,0x5f2000,ff ff ff ff
1791530182189,TX,MemRd,cpu0,pcie-mmcfg-mmio,0,4,0x5f3000,ff ff ff ff
1791530182189,TX,MemRd,cpu0,pcie-mmcfg-mmio,0,4,0x5f4000,ff ff ff ff
1791530182189,TX,MemRd,cpu0,pcie-mmcfg-mmio,0,4,0x5f5000,ff ff ff ff
1791530182189,TX,MemRd,cpu0,pcie-mmcfg-mmio,0,4,0x5f6000,ff ff ff ff
1791530182189,TX,MemRd,cpu0,pcie-mmcfg-mmio,0,4,0x5f7000,ff ff ff ff
1791530182189,TX,MemRd,cpu0,pcie-mmcfg-mmio,0,4,0x5f8000,ff ff ff ff
1791530182189,TX,MemRd,cpu0,pcie-mmcfg-mmio,0,4,0x5f9000,ff ff ff ff
1791530182189,TX,MemRd,cpu0,pcie-mmcfg-mmio,0,4,0x5fa000,ff ff ff ff
1791530182189,TX,MemRd,cpu0,pcie-mmcfg-mmio,0,4,0x5fb000,ff ff ff ff
1791530182189,TX,MemRd,cpu0,pcie-mmcfg-mmio,0,4,0x5fc000,ff ff ff ff
1791530182189,TX,MemRd,cpu0,pcie-mmcfg-mmio,0,4,0x5fd000,ff ff ff ff
1791530182189,TX,MemRd,cpu0,pcie-mmcfg-mmio,0,4,0x5fe000,ff ff ff ff
1791530182189,TX,MemRd,cpu0,pcie-mmcfg-mmio,0,4,0x5ff000,ff ff ff ff
1791530182189,RX,CfgRd,pcie-root-port,00:01.1,0,4,0x18,00 05 ff 00
1791530182189,TX,MemRd,cpu0,pcie-mmcfg-mmio,0,4,0x9018,00 05 ff 00
1791530182189,TX,MemWr,cpu0,pcie-mmcfg-mmio,0,4,0x9018,00 05 08 00
1791530182189,TX,CfgWr,pcie-root-port,00:01.1,0,4,0x18,00 05 08 00
1791530182189,RX,CfgRd,pcie-root-port,00:01.1,0,4,0x1c,f0 00 00 00
1791530182189,TX,MemRd,cpu0,pcie-mmcfg-mmio,0,4,0x901c,f0 00 00 00
1791530182189,RX,CfgRd,pcie-root-port,00:01.1,0,4,0x30,00 00 00 00
1791530182189,TX,MemRd,cpu0,pcie-mmcfg-mmio,0,4,0x9030,00 00 00 00
1791530182189,TX,MemWr,cpu0,pcie-mmcfg-mmio,0,4,0x901c,f0 00 00 00
1791530182189,TX,CfgWr,pcie-root-port,00:01.1,0,4,0x1c,f0 00 00 00
1791530182189,TX,MemWr,cpu0,pcie-mmcfg-mmio,0,4,0x9030,00 00 00 00
1791530182189,TX,CfgWr,pcie-root-port,00:01.1,0,4,0x30,00 00 00 00
1791530182189,RX,CfgRd,pcie-root-port,00:01.1,0,4,0x20,20 10 00 00
1791530182189,TX,MemRd,cpu0,pcie-mmcfg-mmio,0,4,0x9020,20 10 00 00
1791530182189,TX,MemWr,cpu0,pcie-mmcfg-mmio,0,4,0x9020,20 10 1f 10
1791530182189,TX,CfgWr,pcie-root-port,00:01.1,0,4,0x20,20 10 1f 10
1791530182189,RX,CfgRd,pcie-root-port,00:01.1,0,4,0x24,21 00 01 00
1791530182189,TX,MemRd,cpu0,pcie-mmcfg-mmio,0,4,0x9024,21 00 01 00
1791530182189,TX,MemWr,cpu0,pcie-mmcfg-mmio,0,4,0x9024,21 00 3f 00
1791530182189,TX,CfgWr,pcie-root-port,00:01.1,0,4,0x24,21 00 3f 00
1791530182189,TX,MemWr,cpu0,pcie-mmcfg-mmio,0,4,0x902c,80 00 00 00
1791530182189,TX,CfgWr,pcie-root-port,00:01.1,0,4,0x2c,80 00 00 00
1791530182189,RX,CfgRd,pcie-root-port,00:01.2,0,4,0x0,36 1b 0c 00
1791530182189,TX,MemRd,cpu0,pcie-mmcfg-mmio,0,4,0xa000,36 1b 0c 00
1791530182189,RX,CfgRd,pcie-root-port,00:01.2,0,4,0x8,00 00 04 06
1791530182189,TX,MemRd,cpu0,pcie-mmcfg-mmio,0,4,0xa008,00 00 04 06
1791530182189,RX,CfgRd,pcie-root-port,00:01.2,0,4,0xc,00 00 01 00
1791530182189,TX,MemRd,cpu0,pcie-mmcfg-mmio,0,4,0xa00c,00 00 01 00
1791530182189,RX,CfgRd,pcie-root-port,00:01.2,0,4,0x8,00 00 04 06
1791530182189,TX,MemRd,cpu0,pcie-mmcfg-mmio,0,4,0xa008,00 00 04 06
1791530182189,RX,CfgRd,pcie-root-port,00:01.2,0,4,0x18,00 00 00 00
1791530182189,TX,MemRd,cpu0,pcie-mmcfg-mmio,0,4,0xa018,00 00 00 00
1791530182189,RX,CfgRd,pcie-root-port,00:01.2,0,4,0x10,00 00 00 00
1791530182189,TX,MemRd,cpu0,pcie-mmcfg-mmio,0,4,0xa010,00 00 00 00
1791530182189,TX,MemWr,cpu0,pcie-mmcfg-mmio,0,4,0xa010,ff ff ff ff
1791530182189,TX,CfgWr,pcie-root-port,00:01.2,0,4,0x10,ff ff ff ff
1791530182189,RX,CfgRd,pcie-root-port,00:01.2,0,4,0x10,00 f0 ff ff
1791530182189,TX,MemRd,cpu0,pcie-mmcfg-mmio,0,4,0xa010,00 f0 ff ff
1791530182189,TX,MemWr,cpu0,pcie-mmcfg-mmio,0,4,0xa010,00 00 00 00
1791530182189,TX,CfgWr,pcie-root-port,00:01.2,0,4,0x10,00 00 00 00
1791530182189,TX,MemWr,cpu0,pcie-mmcfg-mmio,0,4,0xa010,00 00 20 10
1791530182189,TX,CfgWr,pcie-root-port,00:01.2,0,4,0x10,00 00 20 10
1791530182189,RX,CfgRd,pcie-root-port,00:01.2,0,4,0x14,00 00 00 00
1791530182189,TX,MemRd,cpu0,pcie-mmcfg-mmio,0,4,0xa014,00 00 00 00
1791530182189,TX,MemWr,cpu0,pcie-mmcfg-mmio,0,4,0xa014,ff ff ff ff
1791530182189,TX,CfgWr,pcie-root-port,00:01.2,0,4,0x14,ff ff ff ff
1791530182189,RX,CfgRd,pcie-root-port,00:01.2,0,4,0x14,00 00 00 00
1791530182189,TX,MemRd,cpu0,pcie-mmcfg-mmio,0,4,0xa014,00 00 00 00
1791530182189,TX,MemWr,cpu0,pcie-mmcfg-mmio,0,4,0xa014,00 00 00 00
1791530182189,TX,CfgWr,pcie-root-port,00:01.2,0,4,0x14,00 00 00 00
1791530182189,TX,MemWr,cpu0,pcie-mmcfg-mmio,0,4,0xa018,00 09 ff 00
1791530182189,TX,CfgWr,pcie-root-port,00:01.2,0,4,0x18,00 09 ff 00
1791530182189,RX,CfgRd,pcie-root-port,00:01.2,0,4,0x1c,f0 00 00 00
1791530182189,TX,MemRd,cpu0,pcie-mmcfg-mmio,0,4,0xa01c,f0 00 00 00
1791530182189,RX,CfgRd,pcie-root-port,00:01.2,0,4,0x30,00 00 00 00
1791530182189,TX,MemRd,cpu0,pcie-mmcfg-mmio,0,4,0xa030,00 00 00 00
1791530182189,TX,MemWr,cpu0,pcie-mmcfg-mmio,0,4,0xa01c,f0 00 00 00
1791530182189,TX,CfgWr,pcie-root-port,00:01.2,0,4,0x1c,f0 00 00 00
1791530182189,TX,MemWr,cpu0,pcie-mmcfg-mmio,0,4,0xa030,00 00 00 00
1791530182189,TX,CfgWr,pcie-root-port,00:01.2,0,4,0x30,00 00 00 00
1791530182189,RX,CfgRd,pcie-root-port,00:01.2,0,4,0x4,00 00 10 00
1791530182189,TX,MemRd,cpu0,pcie-mmcfg-mmio,0,4,0xa004,00 00 10 00
1791530182189,TX,MemWr,cpu0,pcie-mmcfg-mmio,0,4,0xa004,01 00 10 00
1791530182189,TX,CfgWr,pcie-root-port,00:01.2,0,4,0x4,01 00 10 00
1791530182189,RX,CfgRd,pcie-root-port,00:01.2,0,4,0x20,f0 ff 00 00
1791530182189,TX,MemRd,cpu0,pcie-mmcfg-mmio,0,4,0xa020,f0 ff 00 00
1791530182189,TX,MemWr,cpu0,pcie-mmcfg-mmio,0,4,0xa020,30 10 00 00
1791530182189,TX,CfgWr,pcie-root-port,00:01.2,0,4,0x20,30 10 00 00
1791530182189,RX,CfgRd,pcie-root-port,00:01.2,0,4,0x4,01 00 10 00
1791530182189,TX,MemRd,cpu0,pcie-mmcfg-mmio,0,4,0xa004,01 00 10 00
1791530182189,TX,MemWr,cpu0,pcie-mmcfg-mmio,0,4,0xa004,03 00 10 00
1791530182189,TX,CfgWr,pcie-root-port,00:01.2,0,4,0x4,03 00 10 00
1791530182189,RX,CfgRd,pcie-root-port,00:01.2,0,4,0x24,f1 ff 01 00
1791530182189,TX,MemRd,cpu0,pcie-mmcfg-mmio,0,4,0xa024,f1 ff 01 00
1791530182189,TX,MemWr,cpu0,pcie-mmcfg-mmio,0,4,0xa024,40 00 01 00
1791530182189,TX,CfgWr,pcie-root-port,00:01.2,0,4,0x24,40 00 01 00
1791530182189,TX,MemWr,cpu0,pcie-mmcfg-mmio,0,4,0xa028,80 00 00 00
1791530182189,TX,CfgWr,pcie-root-port,00:01.2,0,4,0x28,80 00 00 00
1791530182189,RX,CfgRd,pcie-root-port,00:01.2,0,4,0x4,03 00 10 00
1791530182189,TX,MemRd,cpu0,pcie-mmcfg-mmio,0,4,0xa004,03 00 10 00
1791530182189,TX,MemWr,cpu0,pcie-mmcfg-mmio,0,4,0xa004,03 00 10 00
1791530182189,TX,CfgWr,pcie-root-port,00:01.2,0,4,0x4,03 00 10 00
1791530182189,RX,CfgRd,pcie-root-port,00:01.2,0,4,0x4,03 00 10 00
1791530182189,TX,MemRd,cpu0,pcie-mmcfg-mmio,0,4,0xa004,03 00 10 00
1791530182189,TX,MemWr,cpu0,pcie-mmcfg-mmio,0,4,0xa004,07 00 10 00
1791530182189,TX,CfgWr,pcie-root-port,00:01.2,0,4,0x4,07 00 10 00
1791530182189,RX,CfgRd,x3130-upstream,09:00.0,0,4,0x0,4c 10 32 82
1791530182189,TX,MemRd,cpu0,pcie-mmcfg-mmio,0,4,0x900000,4c 10 32 82
1791530182189,RX,CfgRd,x3130-upstream,09:00.0,0,4,0x8,02 00 04 06
1791530182189,TX,MemRd,cpu0,pcie-mmcfg-mmio,0,4,0x900008,02 00 04 06
1791530182189,RX,CfgRd,x3130-upstream,09:00.0,0,4,0xc,00 00 01 00
1791530182189,TX,MemRd,cpu0,pcie-mmcfg-mmio,0,4,0x90000c,00 00 01 00
1791530182189,RX,CfgRd,x3130-upstream,09:00.0,0,4,0x8,02 00 04 06
1791530182189,TX,MemRd,cpu0,pcie-mmcfg-mmio,0,4,0x900008,02 00 04 06
1791530182189,RX,CfgRd,x3130-upstream,09:00.0,0,4,0x18,00 00 00 00
1791530182189,TX,MemRd,cpu0,pcie-mmcfg-mmio,0,4,0x900018,00 00 00 00
1791530182189,RX,CfgRd,x3130-upstream,09:00.0,0,4,0x10,00 00 00 00
1791530182189,TX,MemRd,cpu0,pcie-mmcfg-mmio,0,4,0x900010,00 00 00 00
1791530182189,TX,MemWr,cpu0,pcie-mmcfg-mmio,0,4,0x900010,ff ff ff ff
1791530182189,TX,CfgWr,x3130-upstream,09:00.0,0,4,0x10,ff ff ff ff
1791530182189,RX,CfgRd,x3130-upstream,09:00.0,0,4,0x10,00 00 00 00
1791530182189,TX,MemRd,cpu0,pcie-mmcfg-mmio,0,4,0x900010,00 00 00 00
1791530182189,TX,MemWr,cpu0,pcie-mmcfg-mmio,0,4,0x900010,00 00 00 00
1791530182189,TX,CfgWr,x3130-upstream,09:00.0,0,4,0x10,00 00 00 00
1791530182189,RX,CfgRd,x3130-upstream,09:00.0,0,4,0x14,00 00 00 00
1791530182189,TX,MemRd,cpu0,pcie-mmcfg-mmio,0,4,0x900014,00 00 00 00
1791530182189,TX,MemWr,cpu0,pcie-mmcfg-mmio,0,4,0x900014,ff ff ff ff
1791530182189,TX,CfgWr,x3130-upstream,09:00.0,0,4,0x14,ff ff ff ff
1791530182189,RX,CfgRd,x3130-upstream,09:00.0,0,4,0x14,00 00 00 00
1791530182189,TX,MemRd,cpu0,pcie-mmcfg-mmio,0,4,0x900014,00 00 00 00
1791530182189,TX,MemWr,cpu0,pcie-mmcfg-mmio,0,4,0x900014,00 00 00 00
1791530182189,TX,CfgWr,x3130-upstream,09:00.0,0,4,0x14,00 00 00 00
1791530182189,TX,MemWr,cpu0,pcie-mmcfg-mmio,0,4,0x900018,09 0a ff 00
1791530182189,TX,CfgWr,x3130-upstream,09:00.0,0,4,0x18,09 0a ff 00
1791530182189,RX,CfgRd,x3130-upstream,09:00.0,0,4,0x1c,00 00 00 00
1791530182189,TX,MemRd,cpu0,pcie-mmcfg-mmio,0,4,0x90001c,00 00 00 00
1791530182189,RX,CfgRd,x3130-upstream,09:00.0,0,4,0x30,00 00 00 00
1791530182189,TX,MemRd,cpu0,pcie-mmcfg-mmio,0,4,0x900030,00 00 00 00
1791530182189,TX,MemWr,cpu0,pcie-mmcfg-mmio,0,4,0x90001c,00 00 00 00
1791530182189,TX,CfgWr,x3130-upstream,09:00.0,0,4,0x1c,00 00 00 00
1791530182189,TX,MemWr,cpu0,pcie-mmcfg-mmio,0,4,0x900030,00 00 00 00
1791530182189,TX,CfgWr,x3130-upstream,09:00.0,0,4,0x30,00 00 00 00
1791530182189,RX,CfgRd,x3130-upstream,09:00.0,0,4,0x4,00 00 10 00
1791530182189,TX,MemRd,cpu0,pcie-mmcfg-mmio,0,4,0x900004,00 00 10 00
1791530182189,TX,MemWr,cpu0,pcie-mmcfg-mmio,0,4,0x900004,01 00 10 00
1791530182189,TX,CfgWr,x3130-upstream,09:00.0,0,4,0x4,01 00 10 00
1791530182189,RX,CfgRd,x3130-upstream,09:00.0,0,4,0x20,00 00 00 00
1791530182189,TX,MemRd,cpu0,pcie-mmcfg-mmio,0,4,0x900020,00 00 00 00
1791530182189,TX,MemWr,cpu0,pcie-mmcfg-mmio,0,4,0x900020,30 10 00 00
1791530182189,TX,CfgWr,x3130-upstream,09:00.0,0,4,0x20,30 10 00 00
1791530182189,RX,CfgRd,x3130-upstream,09:00.0,0,4,0x4,01 00 10 00
1791530182189,TX,MemRd,cpu0,pcie-mmcfg-mmio,0,4,0x900004,01 00 10 00
1791530182189,TX,MemWr,cpu0,pcie-mmcfg-mmio,0,4,0x900004,03 00 10 00
1791530182189,TX,CfgWr,x3130-upstream,09:00.0,0,4,0x4,03 00 10 00
1791530182189,RX,CfgRd,x3130-upstream,09:00.0,0,4,0x24,01 00 01 00
1791530182189,TX,MemRd,cpu0,pcie-mmcfg-mmio,0,4,0x900024,01 00 01 00
1791530182189,TX,MemWr,cpu0,pcie-mmcfg-mmio,0,4,0x900024,40 00 01 00
1791530182189,TX,CfgWr,x3130-upstream,09:00.0,0,4,0x24,40 00 01 00
1791530182189,TX,MemWr,cpu0,pcie-mmcfg-mmio,0,4,0x900028,80 00 00 00
1791530182189,TX,CfgWr,x3130-upstream,09:00.0,0,4,0x28,80 00 00 00
1791530182189,RX,CfgRd,x3130-upstream,09:00.0,0,4,0x4,03 00 10 00
1791530182189,TX,MemRd,cpu0,pcie-mmcfg-mmio,0,4,0x900004,03 00 10 00
1791530182189,TX,MemWr,cpu0,pcie-mmcfg-mmio,0,4,0x900004,03 00 10 00
1791530182189,TX,CfgWr,x3130-upstream,09:00.0,0,4,0x4,03 00 10 00
1791530182189,RX,CfgRd,x3130-upstream,09:00.0,0,4,0x4,03 00 10 00
1791530182189,TX,MemRd,cpu0,pcie-mmcfg-mmio,0,4,0x900004,03 00 10 00
1791530182189,TX,MemWr,cpu0,pcie-mmcfg-mmio,0,4,0x900004,07 00 10 00
1791530182189,TX,CfgWr,x3130-upstream,09:00.0,0,4,0x4,07 00 10 00
1791530182189,RX,CfgRd,xio3130-downstream,0a:00.0,0,4,0x0,4c 10 33 82
1791530182189,TX,MemRd,cpu0,pcie-mmcfg-mmio,0,4,0xa00000,4c 10 33 82
1791530182189,RX,CfgRd,xio3130-downstream,0a:00.0,0,4,0x8,01 00 04 06
1791530182189,TX,MemRd,cpu0,pcie-mmcfg-mmio,0,4,0xa00008,01 00 04 06
1791530182189,RX,CfgRd,xio3130-downstream,0a:00.0,0,4,0xc,00 00 81 00
1791530182189,TX,MemRd,cpu0,pcie-mmcfg-mmio,0,4,0xa0000c,00 00 81 00
1791530182189,RX,CfgRd,xio3130-downstream,0a:00.0,0,4,0x8,01 00 04 06
1791530182189,TX,MemRd,cpu0,pcie-mmcfg-mmio,0,4,0xa00008,01 00 04 06
1791530182189,RX,CfgRd,xio3130-downstream,0a:00.0,0,4,0x18,00 00 00 00
1791530182189,TX,MemRd,cpu0,pcie-mmcfg-mmio,0,4,0xa00018,00 00 00 00
1791530182189,RX,CfgRd,xio3130-downstream,0a:00.0,0,4,0x10,00 00 00 00
1791530182189,TX,MemRd,cpu0,pcie-mmcfg-mmio,0,4,0xa00010,00 00 00 00
1791530182189,TX,MemWr,cpu0,pcie-mmcfg-mmio,0,4,0xa00010,ff ff ff ff
1791530182189,TX,CfgWr,xio3130-downstream,0a:00.0,0,4,0x10,ff ff ff ff
1791530182189,RX,CfgRd,xio3130-downstream,0a:00.0,0,4,0x10,00 00 00 00
1791530182189,TX,MemRd,cpu0,pcie-mmcfg-mmio,0,4,0xa00010,00 00 00 00
1791530182189,TX,MemWr,cpu0,pcie-mmcfg-mmio,0,4,0xa00010,00 00 00 00
1791530182189,TX,CfgWr,xio3130-downstream,0a:00.0,0,4,0x10,00 00 00 00
1791530182189,RX,CfgRd,xio3130-downstream,0a:00.0,0,4,0x14,00 00 00 00
1791530182189,TX,MemRd,cpu0,pcie-mmcfg-mmio,0,4,0xa00014,00 00 00 00
1791530182189,TX,MemWr,cpu0,pcie-mmcfg-mmio,0,4,0xa00014,ff ff ff ff
1791530182189,TX,CfgWr,xio3130-downstream,0a:00.0,0,4,0x14,ff ff ff ff
1791530182189,RX,CfgRd,xio3130-downstream,0a:00.0,0,4,0x14,00 00 00 00
1791530182189,TX,MemRd,cpu0,pcie-mmcfg-mmio,0,4,0xa00014,00 00 00 00
1791530182189,TX,MemWr,cpu0,pcie-mmcfg-mmio,0,4,0xa00014,00 00 00 00
1791530182189,TX,CfgWr,xio3130-downstream,0a:00.0,0,4,0x14,00 00 00 00
1791530182189,TX,MemWr,cpu0,pcie-mmcfg-mmio,0,4,0xa00018,0a 0b ff 00
1791530182189,TX,CfgWr,xio3130-downstream,0a:00.0,0,4,0x18,0a 0b ff 00
1791530182189,RX,CfgRd,xio3130-downstream,0a:00.0,0,4,0x1c,00 00 00 00
1791530182189,TX,MemRd,cpu0,pcie-mmcfg-mmio,0,4,0xa0001c,00 00 00 00
1791530182189,RX,CfgRd,xio3130-downstream,0a:00.0,0,4,0x30,00 00 00 00
1791530182189,TX,MemRd,cpu0,pcie-mmcfg-mmio,0,4,0xa00030,00 00 00 00
1791530182189,TX,MemWr,cpu0,pcie-mmcfg-mmio,0,4,0xa0001c,00 00 00 00
1791530182189,TX,CfgWr,xio3130-downstream,0a:00.0,0,4,0x1c,00 00 00 00
1791530182189,TX,MemWr,cpu0,pcie-mmcfg-mmio,0,4,0xa00030,00 00 00 00
1791530182189,TX,CfgWr,xio3130-downstream,0a:00.0,0,4,0x30,00 00 00 00
1791530182189,RX,CfgRd,xio3130-downstream,0a:00.0,0,4,0x4,00 00 10 00
1791530182189,TX,MemRd,cpu0,pcie-mmcfg-mmio,0,4,0xa00004,00 00 10 00
1791530182189,TX,MemWr,cpu0,pcie-mmcfg-mmio,0,4,0xa00004,01 00 10 00
1791530182189,TX,CfgWr,xio3130-downstream,0a:00.0,0,4,0x4,01 00 10 00
1791530182189,RX,CfgRd,xio3130-downstream,0a:00.0,0,4,0x20,00 00 00 00
1791530182189,TX,MemRd,cpu0,pcie-mmcfg-mmio,0,4,0xa00020,00 00 00 00
1791530182189,TX,MemWr,cpu0,pcie-mmcfg-mmio,0,4,0xa00020,30 10 00 00
1791530182189,TX,CfgWr,xio3130-downstream,0a:00.0,0,4,0x20,30 10 00 00
1791530182189,RX,CfgRd,xio3130-downstream,0a:00.0,0,4,0x4,01 00 10 00
1791530182189,TX,MemRd,cpu0,pcie-mmcfg-mmio,0,4,0xa00004,01 00 10 00
1791530182189,TX,MemWr,cpu0,pcie-mmcfg-mmio,0,4,0xa00004,03 00 10 00
1791530182189,TX,CfgWr,xio3130-downstream,0a:00.0,0,4,0x4,03 00 10 00
1791530182189,RX,CfgRd,xio3130-downstream,0a:00.0,0,4,0x24,01 00 01 00
1791530182189,TX,MemRd,cpu0,pcie-mmcfg-mmio,0,4,0xa00024,01 00 01 00
1791530182189,TX,MemWr,cpu0,pcie-mmcfg-mmio,0,4,0xa00024,40 00 01 00
1791530182189,TX,CfgWr,xio3130-downstream,0a:00.0,0,4,0x24,40 00 01 00
1791530182189,TX,MemWr,cpu0,pcie-mmcfg-mmio,0,4,0xa00028,80 00 00 00
1791530182189,TX,CfgWr,xio3130-downstream,0a:00.0,0,4,0x28,80 00 00 00
1791530182189,RX,CfgRd,xio3130-downstream,0a:00.0,0,4,0x4,03 00 10 00
1791530182189,TX,MemRd,cpu0,pcie-mmcfg-mmio,0,4,0xa00004,03 00 10 00
1791530182189,TX,MemWr,cpu0,pcie-mmcfg-mmio,0,4,0xa00004,03 00 10 00
1791530182189,TX,CfgWr,xio3130-downstream,0a:00.0,0,4,0x4,03 00 10 00
1791530182189,RX,CfgRd,xio3130-downstream,0a:00.0,0,4,0x4,03 00 10 00
1791530182189,TX,MemRd,cpu0,pcie-mmcfg-mmio,0,4,0xa00004,03 00 10 00
1791530182189,TX,MemWr,cpu0,pcie-mmcfg-mmio,0,4,0xa00004,07 00 10 00
1791530182189,TX,CfgWr,xio3130-downstream,0a:00.0,0,4,0x4,07 00 10 00
1791530182189,RX,CfgRd,nvme,0b:00.0,0,4,0x0,36 1b 10 00
1791530182189,TX,MemRd,cpu0,pcie-mmcfg-mmio,0,4,0xb00000,36 1b 10 00
1791530182189,RX,CfgRd,nvme,0b:00.0,0,4,0x8,02 02 08 01
1791530182189,TX,MemRd,cpu0,pcie-mmcfg-mmio,0,4,0xb00008,02 02 08 01
1791530182189,RX,CfgRd,nvme,0b:00.0,0,4,0xc,00 00 00 00
1791530182189,TX,MemRd,cpu0,pcie-mmcfg-mmio,0,4,0xb0000c,00 00 00 00
1791530182189,RX,CfgRd,nvme,0b:00.0,0,4,0x10,04 00 00 00
1791530182189,TX,MemRd,cpu0,pcie-mmcfg-mmio,0,4,0xb00010,04 00 00 00
1791530182189,RX,CfgRd,nvme,0b:00.0,0,4,0x14,00 00 00 00
1791530182189,TX,MemRd,cpu0,pcie-mmcfg-mmio,0,4,0xb00014,00 00 00 00
1791530182190,TX,MemWr,cpu0,pcie-mmcfg-mmio,0,4,0xb00010,ff ff ff ff
1791530182190,TX,CfgWr,nvme,0b:00.0,0,4,0x10,ff ff ff ff
1791530182190,RX,CfgRd,nvme,0b:00.0,0,4,0x10,04 c0 ff ff
1791530182190,TX,MemRd,cpu0,pcie-mmcfg-mmio,0,4,0xb00010,04 c0 ff ff
1791530182190,TX,MemWr,cpu0,pcie-mmcfg-mmio,0,4,0xb00010,04 00 00 00
1791530182190,TX,CfgWr,nvme,0b:00.0,0,4,0x10,04 00 00 00
1791530182190,TX,MemWr,cpu0,pcie-mmcfg-mmio,0,4,0xb00014,ff ff ff ff
1791530182190,TX,CfgWr,nvme,0b:00.0,0,4,0x14,ff ff ff ff
1791530182190,RX,CfgRd,nvme,0b:00.0,0,4,0x14,ff ff ff ff
1791530182190,TX,MemRd,cpu0,pcie-mmcfg-mmio,0,4,0xb00014,ff ff ff ff
1791530182190,TX,MemWr,cpu0,pcie-mmcfg-mmio,0,4,0xb00014,00 00 00 00
1791530182190,TX,CfgWr,nvme,0b:00.0,0,4,0x14,00 00 00 00
1791530182190,TX,MemWr,cpu0,pcie-mmcfg-mmio,0,4,0xb00010,00 00 40 00
1791530182190,TX,CfgWr,nvme,0b:00.0,0,4,0x10,00 00 40 00
1791530182190,TX,MemWr,cpu0,pcie-mmcfg-mmio,0,4,0xb00014,80 00 00 00
1791530182190,TX,CfgWr,nvme,0b:00.0,0,4,0x14,80 00 00 00
1791530182190,RX,CfgRd,nvme,0b:00.0,0,4,0x18,00 00 00 00
1791530182190,TX,MemRd,cpu0,pcie-mmcfg-mmio,0,4,0xb00018,00 00 00 00
1791530182190,TX,MemWr,cpu0,pcie-mmcfg-mmio,0,4,0xb00018,ff ff ff ff
1791530182190,TX,CfgWr,nvme,0b:00.0,0,4,0x18,ff ff ff ff
1791530182190,RX,CfgRd,nvme,0b:00.0,0,4,0x18,00 00 00 00
1791530182190,TX,MemRd,cpu0,pcie-mmcfg-mmio,0,4,0xb00018,00 00 00 00
1791530182190,TX,MemWr,cpu0,pcie-mmcfg-mmio,0,4,0xb00018,00 00 00 00
1791530182190,TX,CfgWr,nvme,0b:00.0,0,4,0x18,00 00 00 00
1791530182190,RX,CfgRd,nvme,0b:00.0,0,4,0x1c,00 00 00 00
1791530182190,TX,MemRd,cpu0,pcie-mmcfg-mmio,0,4,0xb0001c,00 00 00 00
1791530182190,TX,MemWr,cpu0,pcie-mmcfg-mmio,0,4,0xb0001c,ff ff ff ff
1791530182190,TX,CfgWr,nvme,0b:00.0,0,4,0x1c,ff ff ff ff
1791530182190,RX,CfgRd,nvme,0b:00.0,0,4,0x1c,00 00 00 00
1791530182190,TX,MemRd,cpu0,pcie-mmcfg-mmio,0,4,0xb0001c,00 00 00 00
1791530182190,TX,MemWr,cpu0,pcie-mmcfg-mmio,0,4,0xb0001c,00 00 00 00
1791530182190,TX,CfgWr,nvme,0b:00.0,0,4,0x1c,00 00 00 00
1791530182190,RX,CfgRd,nvme,0b:00.0,0,4,0x20,00 00 00 00
1791530182190,TX,MemRd,cpu0,pcie-mmcfg-mmio,0,4,0xb00020,00 00 00 00
1791530182190,TX,MemWr,cpu0,pcie-mmcfg-mmio,0,4,0xb00020,ff ff ff ff
1791530182190,TX,CfgWr,nvme,0b:00.0,0,4,0x20,ff ff ff ff
1791530182190,RX,CfgRd,nvme,0b:00.0,0,4,0x20,00 00 00 00
1791530182190,TX,MemRd,cpu0,pcie-mmcfg-mmio,0,4,0xb00020,00 00 00 00
1791530182190,TX,MemWr,cpu0,pcie-mmcfg-mmio,0,4,0xb00020,00 00 00 00
1791530182190,TX,CfgWr,nvme,0b:00.0,0,4,0x20,00 00 00 00
1791530182190,RX,CfgRd,nvme,0b:00.0,0,4,0x24,00 00 00 00
1791530182190,TX,MemRd,cpu0,pcie-mmcfg-mmio,0,4,0xb00024,00 00 00 00
1791530182190,TX,MemWr,cpu0,pcie-mmcfg-mmio,0,4,0xb00024,ff ff ff ff
1791530182190,TX,CfgWr,nvme,0b:00.0,0,4,0x24,ff ff ff ff
1791530182190,RX,CfgRd,nvme,0b:00.0,0,4,0x24,00 00 00 00
1791530182190,TX,MemRd,cpu0,pcie-mmcfg-mmio,0,4,0xb00024,00 00 00 00
1791530182190,TX,MemWr,cpu0,pcie-mmcfg-mmio,0,4,0xb00024,00 00 00 00
1791530182190,TX,CfgWr,nvme,0b:00.0,0,4,0x24,00 00 00 00
1791530182190,TX,MemRd,cpu0,pcie-mmcfg-mmio,0,4,0xb08000,ff ff ff ff
1791530182190,TX,MemRd,cpu0,pcie-mmcfg-mmio,0,4,0xb09000,ff ff ff ff
1791530182190,TX,MemRd,cpu0,pcie-mmcfg-mmio,0,4,0xb0a000,ff ff ff ff
1791530182190,TX,MemRd,cpu0,pcie-mmcfg-mmio,0,4,0xb0b000,ff ff ff ff
1791530182190,TX,MemRd,cpu0,pcie-mmcfg-mmio,0,4,0xb0c000,ff ff ff ff
1791530182190,TX,MemRd,cpu0,pcie-mmcfg-mmio,0,4,0xb0d000,ff ff ff ff
1791530182190,TX,MemRd,cpu0,pcie-mmcfg-mmio,0,4,0xb0e000,ff ff ff ff
1791530182190,TX,MemRd,cpu0,pcie-mmcfg-mmio,0,4,0xb0f000,ff ff ff ff
1791530182190,TX,MemRd,cpu0,pcie-mmcfg-mmio,0,4,0xb10000,ff ff ff ff
1791530182190,TX,MemRd,cpu0,pcie-mmcfg-mmio,0,4,0xb11000,ff ff ff ff
1791530182190,TX,MemRd,cpu0,pcie-mmcfg-mmio,0,4,0xb12000,ff ff ff ff
1791530182190,TX,MemRd,cpu0,pcie-mmcfg-mmio,0,4,0xb13000,ff ff ff ff
1791530182190,TX,MemRd,cpu0,pcie-mmcfg-mmio,0,4,0xb14000,ff ff ff ff
1791530182190,TX,MemRd,cpu0,pcie-mmcfg-mmio,0,4,0xb15000,ff ff ff ff
1791530182190,TX,MemRd,cpu0,pcie-mmcfg-mmio,0,4,0xb16000,ff ff ff ff
1791530182190,TX,MemRd,cpu0,pcie-mmcfg-mmio,0,4,0xb17000,ff ff ff ff
1791530182190,TX,MemRd,cpu0,pcie-mmcfg-mmio,0,4,0xb18000,ff ff ff ff
1791530182190,TX,MemRd,cpu0,pcie-mmcfg-mmio,0,4,0xb19000,ff ff ff ff
1791530182190,TX,MemRd,cpu0,pcie-mmcfg-mmio,0,4,0xb1a000,ff ff ff ff
1791530182190,TX,MemRd,cpu0,pcie-mmcfg-mmio,0,4,0xb1b000,ff ff ff ff
1791530182190,TX,MemRd,cpu0,pcie-mmcfg-mmio,0,4,0xb1c000,ff ff ff ff
1791530182190,TX,MemRd,cpu0,pcie-mmcfg-mmio,0,4,0xb1d000,ff ff ff ff
1791530182190,TX,MemRd,cpu0,pcie-mmcfg-mmio,0,4,0xb1e000,ff ff ff ff
1791530182190,TX,MemRd,cpu0,pcie-mmcfg-mmio,0,4,0xb1f000,ff ff ff ff
1791530182190,TX,MemRd,cpu0,pcie-mmcfg-mmio,0,4,0xb20000,ff ff ff ff
1791530182190,TX,MemRd,cpu0,pcie-mmcfg-mmio,0,4,0xb21000,ff ff ff ff
1791530182190,TX,MemRd,cpu0,pcie-mmcfg-mmio,0,4,0xb22000,ff ff ff ff
1791530182190,TX,MemRd,cpu0,pcie-mmcfg-mmio,0,4,0xb23000,ff ff ff ff
1791530182190,TX,MemRd,cpu0,pcie-mmcfg-mmio,0,4,0xb24000,ff ff ff ff
1791530182190,TX,MemRd,cpu0,pcie-mmcfg-mmio,0,4,0xb25000,ff ff ff ff
1791530182190,TX,MemRd,cpu0,pcie-mmcfg-mmio,0,4,0xb26000,ff ff ff ff
1791530182190,TX,MemRd,cpu0,pcie-mmcfg-mmio,0,4,0xb27000,ff ff ff ff
1791530182190,TX,MemRd,cpu0,pcie-mmcfg-mmio,0,4,0xb28000,ff ff ff ff
1791530182190,TX,MemRd,cpu0,pcie-mmcfg-mmio,0,4,0xb29000,ff ff ff ff
1791530182190,TX,MemRd,cpu0,pcie-mmcfg-mmio,0,4,0xb2a000,ff ff ff ff
1791530182190,TX,MemRd,cpu0,pcie-mmcfg-mmio,0,4,0xb2b000,ff ff ff ff
1791530182190,TX,MemRd,cpu0,pcie-mmcfg-mmio,0,4,0xb2c000,ff ff ff ff
1791530182190,TX,MemRd,cpu0,pcie-mmcfg-mmio,0,4,0xb2d000,ff ff ff ff
1791530182190,TX,MemRd,cpu0,pcie-mmcfg-mmio,0,4,0xb2e000,ff ff ff ff
1791530182190,TX,MemRd,cpu0,pcie-mmcfg-mmio,0,4,0xb2f000,ff ff ff ff
1791530182190,TX,MemRd,cpu0,pcie-mmcfg-mmio,0,4,0xb30000,ff ff ff ff
1791530182190,TX,MemRd,cpu0,pcie-mmcfg-mmio,0,4,0xb31000,ff ff ff ff
1791530182190,TX,MemRd,cpu0,pcie-mmcfg-mmio,0,4,0xb32000,ff ff ff ff
1791530182190,TX,MemRd,cpu0,pcie-mmcfg-mmio,0,4,0xb33000,ff ff ff ff
1791530182190,TX,MemRd,cpu0,pcie-mmcfg-mmio,0,4,0xb34000,ff ff ff ff
1791530182190,TX,MemRd,cpu0,pcie-mmcfg-mmio,0,4,0xb35000,ff ff ff ff
1791530182190,TX,MemRd,cpu0,pcie-mmcfg-mmio,0,4,0xb36000,ff ff ff ff
1791530182190,TX,MemRd,cpu0,pcie-mmcfg-mmio,0,4,0xb37000,ff ff ff ff
1791530182190,TX,MemRd,cpu0,pcie-mmcfg-mmio,0,4,0xb38000,ff ff ff ff
1791530182190,TX,MemRd,cpu0,pcie-mmcfg-mmio,0,4,0xb39000,ff ff ff ff
1791530182190,TX,MemRd,cpu0,pcie-mmcfg-mmio,0,4,0xb3a000,ff ff ff ff
1791530182190,TX,MemRd,cpu0,pcie-mmcfg-mmio,0,4,0xb3b000,ff ff ff ff
1791530182190,TX,MemRd,cpu0,pcie-mmcfg-mmio,0,4,0xb3c000,ff ff ff ff
1791530182190,TX,MemRd,cpu0,pcie-mmcfg-mmio,0,4,0xb3d000,ff ff ff ff
1791530182190,TX,MemRd,cpu0,pcie-mmcfg-mmio,0,4,0xb3e000,ff ff ff ff
1791530182190,TX,MemRd,cpu0,pcie-mmcfg-mmio,0,4,0xb3f000,ff ff ff ff
1791530182190,TX,MemRd,cpu0,pcie-mmcfg-mmio,0,4,0xb40000,ff ff ff ff
1791530182190,TX,MemRd,cpu0,pcie-mmcfg-mmio,0,4,0xb41000,ff ff ff ff
1791530182190,TX,MemRd,cpu0,pcie-mmcfg-mmio,0,4,0xb42000,ff ff ff ff
1791530182190,TX,MemRd,cpu0,pcie-mmcfg-mmio,0,4,0xb43000,ff ff ff ff
1791530182190,TX,MemRd,cpu0,pcie-mmcfg-mmio,0,4,0xb44000,ff ff ff ff
1791530182190,TX,MemRd,cpu0,pcie-mmcfg-mmio,0,4,0xb45000,ff ff ff ff
1791530182190,TX,MemRd,cpu0,pcie-mmcfg-mmio,0,4,0xb46000,ff ff ff ff
1791530182190,TX,MemRd,cpu0,pcie-mmcfg-mmio,0,4,0xb47000,ff ff ff ff
1791530182190,TX,MemRd,cpu0,pcie-mmcfg-mmio,0,4,0xb48000,ff ff ff ff
1791530182190,TX,MemRd,cpu0,pcie-mmcfg-mmio,0,4,0xb49000,ff ff ff ff
1791530182190,TX,MemRd,cpu0,pcie-mmcfg-mmio,0,4,0xb4a000,ff ff ff ff
1791530182190,TX,MemRd,cpu0,pcie-mmcfg-mmio,0,4,0xb4b000,ff ff ff ff
1791530182190,TX,MemRd,cpu0,pcie-mmcfg-mmio,0,4,0xb4c000,ff ff ff ff
1791530182190,TX,MemRd,cpu0,pcie-mmcfg-mmio,0,4,0xb4d000,ff ff ff ff
1791530182190,TX,MemRd,cpu0,pcie-mmcfg-mmio,0,4,0xb4e000,ff ff ff ff
1791530182190,TX,MemRd,cpu0,pcie-mmcfg-mmio,0,4,0xb4f000,ff ff ff ff
1791530182190,TX,MemRd,cpu0,pcie-mmcfg-mmio,0,4,0xb50000,ff ff ff ff
1791530182190,TX,MemRd,cpu0,pcie-mmcfg-mmio,0,4,0xb51000,ff ff ff ff
1791530182190,TX,MemRd,cpu0,pcie-mmcfg-mmio,0,4,0xb52000,ff ff ff ff
1791530182190,TX,MemRd,cpu0,pcie-mmcfg-mmio,0,4,0xb53000,ff ff ff ff
1791530182190,TX,MemRd,cpu0,pcie-mmcfg-mmio,0,4,0xb54000,ff ff ff ff
1791530182190,TX,MemRd,cpu0,pcie-mmcfg-mmio,0,4,0xb55000,ff ff ff ff
1791530182190,TX,MemRd,cpu0,pcie-mmcfg-mmio,0,4,0xb56000,ff ff ff ff
1791530182190,TX,MemRd,cpu0,pcie-mmcfg-mmio,0,4,0xb57000,ff ff ff ff
1791530182190,TX,MemRd,cpu0,pcie-mmcfg-mmio,0,4,0xb58000,ff ff ff ff
1791530182190,TX,MemRd,cpu0,pcie-mmcfg-mmio,0,4,0xb59000,ff ff ff ff
1791530182190,TX,MemRd,cpu0,pcie-mmcfg-mmio,0,4,0xb5a000,ff ff ff ff
1791530182190,TX,MemRd,cpu0,pcie-mmcfg-mmio,0,4,0xb5b000,ff ff ff ff
1791530182190,TX,MemRd,cpu0,pcie-mmcfg-mmio,0,4,0xb5c000,ff ff ff ff
1791530182190,TX,MemRd,cpu0,pcie-mmcfg-mmio,0,4,0xb5d000,ff ff ff ff
1791530182190,TX,MemRd,cpu0,pcie-mmcfg-mmio,0,4,0xb5e000,ff ff ff ff
1791530182190,TX,MemRd,cpu0,pcie-mmcfg-mmio,0,4,0xb5f000,ff ff ff ff
1791530182190,TX,MemRd,cpu0,pcie-mmcfg-mmio,0,4,0xb60000,ff ff ff ff
1791530182190,TX,MemRd,cpu0,pcie-mmcfg-mmio,0,4,0xb61000,ff ff ff ff
1791530182190,TX,MemRd,cpu0,pcie-mmcfg-mmio,0,4,0xb62000,ff ff ff ff
1791530182190,TX,MemRd,cpu0,pcie-mmcfg-mmio,0,4,0xb63000,ff ff ff ff
1791530182190,TX,MemRd,cpu0,pcie-mmcfg-mmio,0,4,0xb64000,ff ff ff ff
1791530182190,TX,MemRd,cpu0,pcie-mmcfg-mmio,0,4,0xb65000,ff ff ff ff
1791530182190,TX,MemRd,cpu0,pcie-mmcfg-mmio,0,4,0xb66000,ff ff ff ff
1791530182190,TX,MemRd,cpu0,pcie-mmcfg-mmio,0,4,0xb67000,ff ff ff ff
1791530182190,TX,MemRd,cpu0,pcie-mmcfg-mmio,0,4,0xb68000,ff ff ff ff
1791530182190,TX,MemRd,cpu0,pcie-mmcfg-mmio,0,4,0xb69000,ff ff ff ff
1791530182190,TX,MemRd,cpu0,pcie-mmcfg-mmio,0,4,0xb6a000,ff ff ff ff
1791530182190,TX,MemRd,cpu0,pcie-mmcfg-mmio,0,4,0xb6b000,ff ff ff ff
1791530182190,TX,MemRd,cpu0,pcie-mmcfg-mmio,0,4,0xb6c000,ff ff ff ff
1791530182190,TX,MemRd,cpu0,pcie-mmcfg-mmio,0,4,0xb6d000,ff ff ff ff
1791530182190,TX,MemRd,cpu0,pcie-mmcfg-mmio,0,4,0xb6e000,ff ff ff ff
1791530182190,TX,MemRd,cpu0,pcie-mmcfg-mmio,0,4,0xb6f000,ff ff ff ff
1791530182190,TX,MemRd,cpu0,pcie-mmcfg-mmio,0,4,0xb70000,ff ff ff ff
1791530182190,TX,MemRd,cpu0,pcie-mmcfg-mmio,0,4,0xb71000,ff ff ff ff
1791530182190,TX,MemRd,cpu0,pcie-mmcfg-mmio,0,4,0xb72000,ff ff ff ff
1791530182190,TX,MemRd,cpu0,pcie-mmcfg-mmio,0,4,0xb73000,ff ff ff ff
1791530182190,TX,MemRd,cpu0,pcie-mmcfg-mmio,0,4,0xb74000,ff ff ff ff
1791530182190,TX,MemRd,cpu0,pcie-mmcfg-mmio,0,4,0xb75000,ff ff ff ff
1791530182190,TX,MemRd,cpu0,pcie-mmcfg-mmio,0,4,0xb76000,ff ff ff ff
1791530182190,TX,MemRd,cpu0,pcie-mmcfg-mmio,0,4,0xb77000,ff ff ff ff
1791530182190,TX,MemRd,cpu0,pcie-mmcfg-mmio,0,4,0xb78000,ff ff ff ff
1791530182190,TX,MemRd,cpu0,pcie-mmcfg-mmio,0,4,0xb79000,ff ff ff ff
1791530182190,TX,MemRd,cpu0,pcie-mmcfg-mmio,0,4,0xb7a000,ff ff ff ff
1791530182190,TX,MemRd,cpu0,pcie-mmcfg-mmio,0,4,0xb7b000,ff ff ff ff
1791530182190,TX,MemRd,cpu0,pcie-mmcfg-mmio,0,4,0xb7c000,ff ff ff ff
1791530182190,TX,MemRd,cpu0,pcie-mmcfg-mmio,0,4,0xb7d000,ff ff ff ff
1791530182191,TX,MemRd,cpu0,pcie-mmcfg-mmio,0,4,0xb7e000,ff ff ff ff
1791530182191,TX,MemRd,cpu0,pcie-mmcfg-mmio,0,4,0xb7f000,ff ff ff ff
1791530182191,TX,MemRd,cpu0,pcie-mmcfg-mmio,0,4,0xb80000,ff ff ff ff
1791530182191,TX,MemRd,cpu0,pcie-mmcfg-mmio,0,4,0xb81000,ff ff ff ff
1791530182191,TX,MemRd,cpu0,pcie-mmcfg-mmio,0,4,0xb82000,ff ff ff ff
1791530182191,TX,MemRd,cpu0,pcie-mmcfg-mmio,0,4,0xb83000,ff ff ff ff
1791530182191,TX,MemRd,cpu0,pcie-mmcfg-mmio,0,4,0xb84000,ff ff ff ff
1791530182191,TX,MemRd,cpu0,pcie-mmcfg-mmio,0,4,0xb85000,ff ff ff ff
1791530182191,TX,MemRd,cpu0,pcie-mmcfg-mmio,0,4,0xb86000,ff ff ff ff
1791530182191,TX,MemRd,cpu0,pcie-mmcfg-mmio,0,4,0xb87000,ff ff ff ff
1791530182191,TX,MemRd,cpu0,pcie-mmcfg-mmio,0,4,0xb88000,ff ff ff ff
1791530182191,TX,MemRd,cpu0,pcie-mmcfg-mmio,0,4,0xb89000,ff ff ff ff
1791530182191,TX,MemRd,cpu0,pcie-mmcfg-mmio,0,4,0xb8a000,ff ff ff ff
1791530182191,TX,MemRd,cpu0,pcie-mmcfg-mmio,0,4,0xb8b000,ff ff ff ff
1791530182191,TX,MemRd,cpu0,pcie-mmcfg-mmio,0,4,0xb8c000,ff ff ff ff
1791530182191,TX,MemRd,cpu0,pcie-mmcfg-mmio,0,4,0xb8d000,ff ff ff ff
1791530182191,TX,MemRd,cpu0,pcie-mmcfg-mmio,0,4,0xb8e000,ff ff ff ff
1791530182191,TX,MemRd,cpu0,pcie-mmcfg-mmio,0,4,0xb8f000,ff ff ff ff
1791530182191,TX,MemRd,cpu0,pcie-mmcfg-mmio,0,4,0xb90000,ff ff ff ff
1791530182191,TX,MemRd,cpu0,pcie-mmcfg-mmio,0,4,0xb91000,ff ff ff ff
1791530182191,TX,MemRd,cpu0,pcie-mmcfg-mmio,0,4,0xb92000,ff ff ff ff
1791530182191,TX,MemRd,cpu0,pcie-mmcfg-mmio,0,4,0xb93000,ff ff ff ff
1791530182191,TX,MemRd,cpu0,pcie-mmcfg-mmio,0,4,0xb94000,ff ff ff ff
1791530182191,TX,MemRd,cpu0,pcie-mmcfg-mmio,0,4,0xb95000,ff ff ff ff
1791530182191,TX,MemRd,cpu0,pcie-mmcfg-mmio,0,4,0xb96000,ff ff ff ff
1791530182191,TX,MemRd,cpu0,pcie-mmcfg-mmio,0,4,0xb97000,ff ff ff ff
1791530182191,TX,MemRd,cpu0,pcie-mmcfg-mmio,0,4,0xb98000,ff ff ff ff
1791530182191,TX,MemRd,cpu0,pcie-mmcfg-mmio,0,4,0xb99000,ff ff ff ff
1791530182191,TX,MemRd,cpu0,pcie-mmcfg-mmio,0,4,0xb9a000,ff ff ff ff
1791530182191,TX,MemRd,cpu0,pcie-mmcfg-mmio,0,4,0xb9b000,ff ff ff ff
1791530182191,TX,MemRd,cpu0,pcie-mmcfg-mmio,0,4,0xb9c000,ff ff ff ff
1791530182191,TX,MemRd,cpu0,pcie-mmcfg-mmio,0,4,0xb9d000,ff ff ff ff
1791530182191,TX,MemRd,cpu0,pcie-mmcfg-mmio,0,4,0xb9e000,ff ff ff ff
1791530182191,TX,MemRd,cpu0,pcie-mmcfg-mmio,0,4,0xb9f000,ff ff ff ff
1791530182191,TX,MemRd,cpu0,pcie-mmcfg-mmio,0,4,0xba0000,ff ff ff ff
1791530182191,TX,MemRd,cpu0,pcie-mmcfg-mmio,0,4,0xba1000,ff ff ff ff
1791530182191,TX,MemRd,cpu0,pcie-mmcfg-mmio,0,4,0xba2000,ff ff ff ff
1791530182191,TX,MemRd,cpu0,pcie-mmcfg-mmio,0,4,0xba3000,ff ff ff ff
1791530182191,TX,MemRd,cpu0,pcie-mmcfg-mmio,0,4,0xba4000,ff ff ff ff
1791530182191,TX,MemRd,cpu0,pcie-mmcfg-mmio,0,4,0xba5000,ff ff ff ff
1791530182191,TX,MemRd,cpu0,pcie-mmcfg-mmio,0,4,0xba6000,ff ff ff ff
1791530182191,TX,MemRd,cpu0,pcie-mmcfg-mmio,0,4,0xba7000,ff ff ff ff
1791530182191,TX,MemRd,cpu0,pcie-mmcfg-mmio,0,4,0xba8000,ff ff ff ff
1791530182191,TX,MemRd,cpu0,pcie-mmcfg-mmio,0,4,0xba9000,ff ff ff ff
1791530182191,TX,MemRd,cpu0,pcie-mmcfg-mmio,0,4,0xbaa000,ff ff ff ff
1791530182191,TX,MemRd,cpu0,pcie-mmcfg-mmio,0,4,0xbab000,ff ff ff ff
1791530182191,TX,MemRd,cpu0,pcie-mmcfg-mmio,0,4,0xbac000,ff ff ff ff
1791530182191,TX,MemRd,cpu0,pcie-mmcfg-mmio,0,4,0xbad000,ff ff ff ff
1791530182191,TX,MemRd,cpu0,pcie-mmcfg-mmio,0,4,0xbae000,ff ff ff ff
1791530182191,TX,MemRd,cpu0,pcie-mmcfg-mmio,0,4,0xbaf000,ff ff ff ff
1791530182191,TX,MemRd,cpu0,pcie-mmcfg-mmio,0,4,0xbb0000,ff ff ff ff
1791530182191,TX,MemRd,cpu0,pcie-mmcfg-mmio,0,4,0xbb1000,ff ff ff ff
1791530182191,TX,MemRd,cpu0,pcie-mmcfg-mmio,0,4,0xbb2000,ff ff ff ff
1791530182191,TX,MemRd,cpu0,pcie-mmcfg-mmio,0,4,0xbb3000,ff ff ff ff
1791530182191,TX,MemRd,cpu0,pcie-mmcfg-mmio,0,4,0xbb4000,ff ff ff ff
1791530182191,TX,MemRd,cpu0,pcie-mmcfg-mmio,0,4,0xbb5000,ff ff ff ff
1791530182191,TX,MemRd,cpu0,pcie-mmcfg-mmio,0,4,0xbb6000,ff ff ff ff
1791530182191,TX,MemRd,cpu0,pcie-mmcfg-mmio,0,4,0xbb7000,ff ff ff ff
1791530182191,TX,MemRd,cpu0,pcie-mmcfg-mmio,0,4,0xbb8000,ff ff ff ff
1791530182191,TX,MemRd,cpu0,pcie-mmcfg-mmio,0,4,0xbb9000,ff ff ff ff
1791530182191,TX,MemRd,cpu0,pcie-mmcfg-mmio,0,4,0xbba000,ff ff ff ff
1791530182191,TX,MemRd,cpu0,pcie-mmcfg-mmio,0,4,0xbbb000,ff ff ff ff
1791530182191,TX,MemRd,cpu0,pcie-mmcfg-mmio,0,4,0xbbc000,ff ff ff ff
1791530182191,TX,MemRd,cpu0,pcie-mmcfg-mmio,0,4,0xbbd000,ff ff ff ff
1791530182191,TX,MemRd,cpu0,pcie-mmcfg-mmio,0,4,0xbbe000,ff ff ff ff
1791530182191,TX,MemRd,cpu0,pcie-mmcfg-mmio,0,4,0xbbf000,ff ff ff ff
1791530182191,TX,MemRd,cpu0,pcie-mmcfg-mmio,0,4,0xbc0000,ff ff ff ff
1791530182191,TX,MemRd,cpu0,pcie-mmcfg-mmio,0,4,0xbc1000,ff ff ff ff
1791530182191,TX,MemRd,cpu0,pcie-mmcfg-mmio,0,4,0xbc2000,ff ff ff ff
1791530182191,TX,MemRd,cpu0,pcie-mmcfg-mmio,0,4,0xbc3000,ff ff ff ff
1791530182191,TX,MemRd,cpu0,pcie-mmcfg-mmio,0,4,0xbc4000,ff ff ff ff
1791530182191,TX,MemRd,cpu0,pcie-mmcfg-mmio,0,4,0xbc5000,ff ff ff ff
1791530182191,TX,MemRd,cpu0,pcie-mmcfg-mmio,0,4,0xbc6000,ff ff ff ff
1791530182191,TX,MemRd,cpu0,pcie-mmcfg-mmio,0,4,0xbc7000,ff ff ff ff
1791530182191,TX,MemRd,cpu0,pcie-mmcfg-mmio,0,4,0xbc8000,ff ff ff ff
1791530182191,TX,MemRd,cpu0,pcie-mmcfg-mmio,0,4,0xbc9000,ff ff ff ff
1791530182191,TX,MemRd,cpu0,pcie-mmcfg-mmio,0,4,0xbca000,ff ff ff ff
1791530182191,TX,MemRd,cpu0,pcie-mmcfg-mmio,0,4,0xbcb000,ff ff ff ff
1791530182191,TX,MemRd,cpu0,pcie-mmcfg-mmio,0,4,0xbcc000,ff ff ff ff
1791530182191,TX,MemRd,cpu0,pcie-mmcfg-mmio,0,4,0xbcd000,ff ff ff ff
1791530182191,TX,MemRd,cpu0,pcie-mmcfg-mmio,0,4,0xbce000,ff ff ff ff
1791530182191,TX,MemRd,cpu0,pcie-mmcfg-mmio,0,4,0xbcf000,ff ff ff ff
1791530182191,TX,MemRd,cpu0,pcie-mmcfg-mmio,0,4,0xbd0000,ff ff ff ff
1791530182191,TX,MemRd,cpu0,pcie-mmcfg-mmio,0,4,0xbd1000,ff ff ff ff
1791530182191,TX,MemRd,cpu0,pcie-mmcfg-mmio,0,4,0xbd2000,ff ff ff ff
1791530182191,TX,MemRd,cpu0,pcie-mmcfg-mmio,0,4,0xbd3000,ff ff ff ff
1791530182191,TX,MemRd,cpu0,pcie-mmcfg-mmio,0,4,0xbd4000,ff ff ff ff
1791530182191,TX,MemRd,cpu0,pcie-mmcfg-mmio,0,4,0xbd5000,ff ff ff ff
1791530182191,TX,MemRd,cpu0,pcie-mmcfg-mmio,0,4,0xbd6000,ff ff ff ff
1791530182191,TX,MemRd,cpu0,pcie-mmcfg-mmio,0,4,0xbd7000,ff ff ff ff
1791530182191,TX,MemRd,cpu0,pcie-mmcfg-mmio,0,4,0xbd8000,ff ff ff ff
1791530182191,TX,MemRd,cpu0,pcie-mmcfg-mmio,0,4,0xbd9000,ff ff ff ff
1791530182191,TX,MemRd,cpu0,pcie-mmcfg-mmio,0,4,0xbda000,ff ff ff ff
1791530182191,TX,MemRd,cpu0,pcie-mmcfg-mmio,0,4,0xbdb000,ff ff ff ff
1791530182191,TX,MemRd,cpu0,pcie-mmcfg-mmio,0,4,0xbdc000,ff ff ff ff
1791530182191,TX,MemRd,cpu0,pcie-mmcfg-mmio,0,4,0xbdd000,ff ff ff ff
1791530182191,TX,MemRd,cpu0,pcie-mmcfg-mmio,0,4,0xbde000,ff ff ff ff
1791530182191,TX,MemRd,cpu0,pcie-mmcfg-mmio,0,4,0xbdf000,ff ff ff ff
1791530182191,TX,MemRd,cpu0,pcie-mmcfg-mmio,0,4,0xbe0000,ff ff ff ff
1791530182191,TX,MemRd,cpu0,pcie-mmcfg-mmio,0,4,0xbe1000,ff ff ff ff
1791530182191,TX,MemRd,cpu0,pcie-mmcfg-mmio,0,4,0xbe2000,ff ff ff ff
1791530182191,TX,MemRd,cpu0,pcie-mmcfg-mmio,0,4,0xbe3000,ff ff ff ff
1791530182191,TX,MemRd,cpu0,pcie-mmcfg-mmio,0,4,0xbe4000,ff ff ff ff
1791530182191,TX,MemRd,cpu0,pcie-mmcfg-mmio,0,4,0xbe5000,ff ff ff ff
1791530182191,TX,MemRd,cpu0,pcie-mmcfg-mmio,0,4,0xbe6000,ff ff ff ff
1791530182191,TX,MemRd,cpu0,pcie-mmcfg-mmio,0,4,0xbe7000,ff ff ff ff
1791530182191,TX,MemRd,cpu0,pcie-mmcfg-mmio,0,4,0xbe8000,ff ff ff ff
1791530182191,TX,MemRd,cpu0,pcie-mmcfg-mmio,0,4,0xbe9000,ff ff ff ff
1791530182191,TX,MemRd,cpu0,pcie-mmcfg-mmio,0,4,0xbea000,ff ff ff ff
1791530182191,TX,MemRd,cpu0,pcie-mmcfg-mmio,0,4,0xbeb000,ff ff ff ff
1791530182191,TX,MemRd,cpu0,pcie-mmcfg-mmio,0,4,0xbec000,ff ff ff ff
1791530182191,TX,MemRd,cpu0,pcie-mmcfg-mmio,0,4,0xbed000,ff ff ff ff
1791530182191,TX,MemRd,cpu0,pcie-mmcfg-mmio,0,4,0xbee000,ff ff ff ff
1791530182191,TX,MemRd,cpu0,pcie-mmcfg-mmio,0,4,0xbef000,ff ff ff ff
1791530182191,TX,MemRd,cpu0,pcie-mmcfg-mmio,0,4,0xbf0000,ff ff ff ff
1791530182191,TX,MemRd,cpu0,pcie-mmcfg-mmio,0,4,0xbf1000,ff ff ff ff
1791530182191,TX,MemRd,cpu0,pcie-mmcfg-mmio,0,4,0xbf2000,ff ff ff ff
1791530182191,TX,MemRd,cpu0,pcie-mmcfg-mmio,0,4,0xbf3000,ff ff ff ff
1791530182191,TX,MemRd,cpu0,pcie-mmcfg-mmio,0,4,0xbf4000,ff ff ff ff
1791530182191,TX,MemRd,cpu0,pcie-mmcfg-mmio,0,4,0xbf5000,ff ff ff ff
1791530182191,TX,MemRd,cpu0,pcie-mmcfg-mmio,0,4,0xbf6000,ff ff ff ff
1791530182191,TX,MemRd,cpu0,pcie-mmcfg-mmio,0,4,0xbf7000,ff ff ff ff
1791530182191,TX,MemRd,cpu0,pcie-mmcfg-mmio,0,4,0xbf8000,ff ff ff ff
1791530182191,TX,MemRd,cpu0,pcie-mmcfg-mmio,0,4,0xbf9000,ff ff ff ff
1791530182191,TX,MemRd,cpu0,pcie-mmcfg-mmio,0,4,0xbfa000,ff ff ff ff
1791530182191,TX,MemRd,cpu0,pcie-mmcfg-mmio,0,4,0xbfb000,ff ff ff ff
1791530182191,TX,MemRd,cpu0,pcie-mmcfg-mmio,0,4,0xbfc000,ff ff ff ff
1791530182191,TX,MemRd,cpu0,pcie-mmcfg-mmio,0,4,0xbfd000,ff ff ff ff
1791530182191,TX,MemRd,cpu0,pcie-mmcfg-mmio,0,4,0xbfe000,ff ff ff ff
1791530182191,TX,MemRd,cpu0,pcie-mmcfg-mmio,0,4,0xbff000,ff ff ff ff
1791530182191,RX,CfgRd,xio3130-downstream,0a:00.0,0,4,0x18,0a 0b ff 00
1791530182191,TX,MemRd,cpu0,pcie-mmcfg-mmio,0,4,0xa00018,0a 0b ff 00
1791530182191,TX,MemWr,cpu0,pcie-mmcfg-mmio,0,4,0xa00018,0a 0b 0b 00
1791530182191,TX,CfgWr,xio3130-downstream,0a:00.0,0,4,0x18,0a 0b 0b 00
1791530182191,RX,CfgRd,xio3130-downstream,0a:00.0,0,4,0x1c,00 00 00 00
1791530182191,TX,MemRd,cpu0,pcie-mmcfg-mmio,0,4,0xa0001c,00 00 00 00
1791530182191,RX,CfgRd,xio3130-downstream,0a:00.0,0,4,0x30,00 00 00 00
1791530182191,TX,MemRd,cpu0,pcie-mmcfg-mmio,0,4,0xa00030,00 00 00 00
1791530182191,TX,MemWr,cpu0,pcie-mmcfg-mmio,0,4,0xa0001c,00 00 00 00
1791530182191,TX,CfgWr,xio3130-downstream,0a:00.0,0,4,0x1c,00 00 00 00
1791530182191,TX,MemWr,cpu0,pcie-mmcfg-mmio,0,4,0xa00030,00 00 00 00
1791530182191,TX,CfgWr,xio3130-downstream,0a:00.0,0,4,0x30,00 00 00 00
1791530182191,RX,CfgRd,xio3130-downstream,0a:00.0,0,4,0x20,30 10 00 00
1791530182191,TX,MemRd,cpu0,pcie-mmcfg-mmio,0,4,0xa00020,30 10 00 00
1791530182191,TX,MemWr,cpu0,pcie-mmcfg-mmio,0,4,0xa00020,30 10 2f 10
1791530182191,TX,CfgWr,xio3130-downstream,0a:00.0,0,4,0x20,30 10 2f 10
1791530182191,RX,CfgRd,xio3130-downstream,0a:00.0,0,4,0x24,41 00 01 00
1791530182191,TX,MemRd,cpu0,pcie-mmcfg-mmio,0,4,0xa00024,41 00 01 00
1791530182191,TX,MemWr,cpu0,pcie-mmcfg-mmio,0,4,0xa00024,41 00 4f 00
1791530182191,TX,CfgWr,xio3130-downstream,0a:00.0,0,4,0x24,41 00 4f 00
1791530182191,TX,MemWr,cpu0,pcie-mmcfg-mmio,0,4,0xa0002c,80 00 00 00
1791530182191,TX,CfgWr,xio3130-downstream,0a:00.0,0,4,0x2c,80 00 00 00
1791530182191,RX,CfgRd,xio3130-downstream,0a:00.1,0,4,0x0,4c 10 33 82
1791530182191,TX,MemRd,cpu0,pcie-mmcfg-mmio,0,4,0xa01000,4c 10 33 82
1791530182191,RX,CfgRd,xio3130-downstream,0a:00.1,0,4,0x8,01 00 04 06
1791530182191,TX,MemRd,cpu0,pcie-mmcfg-mmio,0,4,0xa01008,01 00 04 06
1791530182191,RX,CfgRd,xio3130-downstream,0a:00.1,0,4,0xc,00 00 01 00
1791530182191,TX,MemRd,cpu0,pcie-mmcfg-mmio,0,4,0xa0100c,00 00 01 00
1791530182191,RX,CfgRd,xio3130-downstream,0a:00.1,0,4,0x8,01 00 04 06
1791530182191,TX,MemRd,cpu0,pcie-mmcfg-mmio,0,4,0xa01008,01 00 04 06
1791530182191,RX,CfgRd,xio3130-downstream,0a:00.1,0,4,0x18,00 00 00 00
1791530182191,TX,MemRd,cpu0,pcie-mmcfg-mmio,0,4,0xa01018,00 00 00 00
1791530182191,RX,CfgRd,xio3130-downstream,0a:00.1,0,4,0x10,00 00 00 00
1791530182191,TX,MemRd,cpu0,pcie-mmcfg-mmio,0,4,0xa01010,00 00 00 00
1791530182191,TX,MemWr,cpu0,pcie-mmcfg-mmio,0,4,0xa01010,ff ff ff ff
1791530182191,TX,CfgWr,xio3130-downstream,0a:00.1,0,4,0x10,ff ff ff ff
1791530182191,RX,CfgRd,xio3130-downstream,0a:00.1,0,4,0x10,00 00 00 00
1791530182191,TX,MemRd,cpu0,pcie-mmcfg-mmio,0,4,0xa01010,00 00 00 00
1791530182191,TX,MemWr,cpu0,pcie-mmcfg-mmio,0,4,0xa01010,00 00 00 00
1791530182191,TX,CfgWr,xio3130-downstream,0a:00.1,0,4,0x10,00 00 00 00
1791530182191,RX,CfgRd,xio3130-downstream,0a:00.1,0,4,0x14,00 00 00 00
1791530182191,TX,MemRd,cpu0,pcie-mmcfg-mmio,0,4,0xa01014,00 00 00 00
1791530182191,TX,MemWr,cpu0,pcie-mmcfg-mmio,0,4,0xa01014,ff ff ff ff
1791530182191,TX,CfgWr,xio3130-downstream,0a:00.1,0,4,0x14,ff ff ff ff
1791530182192,RX,CfgRd,xio3130-downstream,0a:00.1,0,4,0x14,00 00 00 00
1791530182192,TX,MemRd,cpu0,pcie-mmcfg-mmio,0,4,0xa01014,00 00 00 00
1791530182192,TX,MemWr,cpu0,pcie-mmcfg-mmio,0,4,0xa01014,00 00 00 00
1791530182192,TX,CfgWr,xio3130-downstream,0a:00.1,0,4,0x14,00 00 00 00
1791530182192,TX,MemWr,cpu0,pcie-mmcfg-mmio,0,4,0xa01018,0a 0c ff 00
1791530182192,TX,CfgWr,xio3130-downstream,0a:00.1,0,4,0x18,0a 0c ff 00
1791530182192,RX,CfgRd,xio3130-downstream,0a:00.1,0,4,0x1c,00 00 00 00
1791530182192,TX,MemRd,cpu0,pcie-mmcfg-mmio,0,4,0xa0101c,00 00 00 00
1791530182192,RX,CfgRd,xio3130-downstream,0a:00.1,0,4,0x30,00 00 00 00
1791530182192,TX,MemRd,cpu0,pcie-mmcfg-mmio,0,4,0xa01030,00 00 00 00
1791530182192,TX,MemWr,cpu0,pcie-mmcfg-mmio,0,4,0xa0101c,00 00 00 00
1791530182192,TX,CfgWr,xio3130-downstream,0a:00.1,0,4,0x1c,00 00 00 00
1791530182192,TX,MemWr,cpu0,pcie-mmcfg-mmio,0,4,0xa01030,00 00 00 00
1791530182192,TX,CfgWr,xio3130-downstream,0a:00.1,0,4,0x30,00 00 00 00
1791530182192,RX,CfgRd,xio3130-downstream,0a:00.1,0,4,0x4,00 00 10 00
1791530182192,TX,MemRd,cpu0,pcie-mmcfg-mmio,0,4,0xa01004,00 00 10 00
1791530182192,TX,MemWr,cpu0,pcie-mmcfg-mmio,0,4,0xa01004,01 00 10 00
1791530182192,TX,CfgWr,xio3130-downstream,0a:00.1,0,4,0x4,01 00 10 00
1791530182192,RX,CfgRd,xio3130-downstream,0a:00.1,0,4,0x20,00 00 00 00
1791530182192,TX,MemRd,cpu0,pcie-mmcfg-mmio,0,4,0xa01020,00 00 00 00
1791530182192,TX,MemWr,cpu0,pcie-mmcfg-mmio,0,4,0xa01020,30 10 00 00
1791530182192,TX,CfgWr,xio3130-downstream,0a:00.1,0,4,0x20,30 10 00 00
1791530182192,RX,CfgRd,xio3130-downstream,0a:00.1,0,4,0x4,01 00 10 00
1791530182192,TX,MemRd,cpu0,pcie-mmcfg-mmio,0,4,0xa01004,01 00 10 00
1791530182192,TX,MemWr,cpu0,pcie-mmcfg-mmio,0,4,0xa01004,03 00 10 00
1791530182192,TX,CfgWr,xio3130-downstream,0a:00.1,0,4,0x4,03 00 10 00
1791530182192,RX,CfgRd,xio3130-downstream,0a:00.1,0,4,0x24,01 00 01 00
1791530182192,TX,MemRd,cpu0,pcie-mmcfg-mmio,0,4,0xa01024,01 00 01 00
1791530182192,TX,MemWr,cpu0,pcie-mmcfg-mmio,0,4,0xa01024,50 00 01 00
1791530182192,TX,CfgWr,xio3130-downstream,0a:00.1,0,4,0x24,50 00 01 00
1791530182192,TX,MemWr,cpu0,pcie-mmcfg-mmio,0,4,0xa01028,80 00 00 00
1791530182192,TX,CfgWr,xio3130-downstream,0a:00.1,0,4,0x28,80 00 00 00
1791530182192,RX,CfgRd,xio3130-downstream,0a:00.1,0,4,0x4,03 00 10 00
1791530182192,TX,MemRd,cpu0,pcie-mmcfg-mmio,0,4,0xa01004,03 00 10 00
1791530182192,TX,MemWr,cpu0,pcie-mmcfg-mmio,0,4,0xa01004,03 00 10 00
1791530182192,TX,CfgWr,xio3130-downstream,0a:00.1,0,4,0x4,03 00 10 00
1791530182192,RX,CfgRd,xio3130-downstream,0a:00.1,0,4,0x4,03 00 10 00
1791530182192,TX,MemRd,cpu0,pcie-mmcfg-mmio,0,4,0xa01004,03 00 10 00
1791530182192,TX,MemWr,cpu0,pcie-mmcfg-mmio,0,4,0xa01004,07 00 10 00
1791530182192,TX,CfgWr,xio3130-downstream,0a:00.1,0,4,0x4,07 00 10 00
1791530182192,RX,CfgRd,nvme,0c:00.0,0,4,0x0,36 1b 10 00
1791530182192,TX,MemRd,cpu0,pcie-mmcfg-mmio,0,4,0xc00000,36 1b 10 00
1791530182192,RX,CfgRd,nvme,0c:00.0,0,4,0x8,02 02 08 01
1791530182192,TX,MemRd,cpu0,pcie-mmcfg-mmio,0,4,0xc00008,02 02 08 01
1791530182192,RX,CfgRd,nvme,0c:00.0,0,4,0xc,00 00 00 00
1791530182192,TX,MemRd,cpu0,pcie-mmcfg-mmio,0,4,0xc0000c,00 00 00 00
1791530182192,RX,CfgRd,nvme,0c:00.0,0,4,0x10,04 00 00 00
1791530182192,TX,MemRd,cpu0,pcie-mmcfg-mmio,0,4,0xc00010,04 00 00 00
1791530182192,RX,CfgRd,nvme,0c:00.0,0,4,0x14,00 00 00 00
1791530182192,TX,MemRd,cpu0,pcie-mmcfg-mmio,0,4,0xc00014,00 00 00 00
1791530182192,TX,MemWr,cpu0,pcie-mmcfg-mmio,0,4,0xc00010,ff ff ff ff
1791530182192,TX,CfgWr,nvme,0c:00.0,0,4,0x10,ff ff ff ff
1791530182192,RX,CfgRd,nvme,0c:00.0,0,4,0x10,04 c0 ff ff
1791530182192,TX,MemRd,cpu0,pcie-mmcfg-mmio,0,4,0xc00010,04 c0 ff ff
1791530182192,TX,MemWr,cpu0,pcie-mmcfg-mmio,0,4,0xc00010,04 00 00 00
1791530182192,TX,CfgWr,nvme,0c:00.0,0,4,0x10,04 00 00 00
1791530182192,TX,MemWr,cpu0,pcie-mmcfg-mmio,0,4,0xc00014,ff ff ff ff
1791530182192,TX,CfgWr,nvme,0c:00.0,0,4,0x14,ff ff ff ff
1791530182192,RX,CfgRd,nvme,0c:00.0,0,4,0x14,ff ff ff ff
1791530182192,TX,MemRd,cpu0,pcie-mmcfg-mmio,0,4,0xc00014,ff ff ff ff
1791530182192,TX,MemWr,cpu0,pcie-mmcfg-mmio,0,4,0xc00014,00 00 00 00
1791530182192,TX,CfgWr,nvme,0c:00.0,0,4,0x14,00 00 00 00
1791530182192,TX,MemWr,cpu0,pcie-mmcfg-mmio,0,4,0xc00010,00 00 50 00
1791530182192,TX,CfgWr,nvme,0c:00.0,0,4,0x10,00 00 50 00
1791530182192,TX,MemWr,cpu0,pcie-mmcfg-mmio,0,4,0xc00014,80 00 00 00
1791530182192,TX,CfgWr,nvme,0c:00.0,0,4,0x14,80 00 00 00
1791530182192,RX,CfgRd,nvme,0c:00.0,0,4,0x18,00 00 00 00
1791530182192,TX,MemRd,cpu0,pcie-mmcfg-mmio,0,4,0xc00018,00 00 00 00
1791530182192,TX,MemWr,cpu0,pcie-mmcfg-mmio,0,4,0xc00018,ff ff ff ff
1791530182192,TX,CfgWr,nvme,0c:00.0,0,4,0x18,ff ff ff ff
1791530182192,RX,CfgRd,nvme,0c:00.0,0,4,0x18,00 00 00 00
1791530182192,TX,MemRd,cpu0,pcie-mmcfg-mmio,0,4,0xc00018,00 00 00 00
1791530182192,TX,MemWr,cpu0,pcie-mmcfg-mmio,0,4,0xc00018,00 00 00 00
1791530182192,TX,CfgWr,nvme,0c:00.0,0,4,0x18,00 00 00 00
1791530182192,RX,CfgRd,nvme,0c:00.0,0,4,0x1c,00 00 00 00
1791530182192,TX,MemRd,cpu0,pcie-mmcfg-mmio,0,4,0xc0001c,00 00 00 00
1791530182192,TX,MemWr,cpu0,pcie-mmcfg-mmio,0,4,0xc0001c,ff ff ff ff
1791530182192,TX,CfgWr,nvme,0c:00.0,0,4,0x1c,ff ff ff ff
1791530182192,RX,CfgRd,nvme,0c:00.0,0,4,0x1c,00 00 00 00
1791530182192,TX,MemRd,cpu0,pcie-mmcfg-mmio,0,4,0xc0001c,00 00 00 00
1791530182192,TX,MemWr,cpu0,pcie-mmcfg-mmio,0,4,0xc0001c,00 00 00 00
1791530182192,TX,CfgWr,nvme,0c:00.0,0,4,0x1c,00 00 00 00
1791530182192,RX,CfgRd,nvme,0c:00.0,0,4,0x20,00 00 00 00
1791530182192,TX,MemRd,cpu0,pcie-mmcfg-mmio,0,4,0xc00020,00 00 00 00
1791530182192,TX,MemWr,cpu0,pcie-mmcfg-mmio,0,4,0xc00020,ff ff ff ff
1791530182192,TX,CfgWr,nvme,0c:00.0,0,4,0x20,ff ff ff ff
1791530182192,RX,CfgRd,nvme,0c:00.0,0,4,0x20,00 00 00 00
1791530182192,TX,MemRd,cpu0,pcie-mmcfg-mmio,0,4,0xc00020,00 00 00 00
1791530182192,TX,MemWr,cpu0,pcie-mmcfg-mmio,0,4,0xc00020,00 00 00 00
1791530182192,TX,CfgWr,nvme,0c:00.0,0,4,0x20,00 00 00 00
1791530182192,RX,CfgRd,nvme,0c:00.0,0,4,0x24,00 00 00 00
1791530182192,TX,MemRd,cpu0,pcie-mmcfg-mmio,0,4,0xc00024,00 00 00 00
1791530182192,TX,MemWr,cpu0,pcie-mmcfg-mmio,0,4,0xc00024,ff ff ff ff
1791530182192,TX,CfgWr,nvme,0c:00.0,0,4,0x24,ff ff ff ff
1791530182192,RX,CfgRd,nvme,0c:00.0,0,4,0x24,00 00 00 00
1791530182192,TX,MemRd,cpu0,pcie-mmcfg-mmio,0,4,0xc00024,00 00 00 00
1791530182192,TX,MemWr,cpu0,pcie-mmcfg-mmio,0,4,0xc00024,00 00 00 00
1791530182192,TX,CfgWr,nvme,0c:00.0,0,4,0x24,00 00 00 00
1791530182192,TX,MemRd,cpu0,pcie-mmcfg-mmio,0,4,0xc08000,ff ff ff ff
1791530182192,TX,MemRd,cpu0,pcie-mmcfg-mmio,0,4,0xc09000,ff ff ff ff
1791530182192,TX,MemRd,cpu0,pcie-mmcfg-mmio,0,4,0xc0a000,ff ff ff ff
1791530182192,TX,MemRd,cpu0,pcie-mmcfg-mmio,0,4,0xc0b000,ff ff ff ff
1791530182192,TX,MemRd,cpu0,pcie-mmcfg-mmio,0,4,0xc0c000,ff ff ff ff
1791530182192,TX,MemRd,cpu0,pcie-mmcfg-mmio,0,4,0xc0d000,ff ff ff ff
1791530182192,TX,MemRd,cpu0,pcie-mmcfg-mmio,0,4,0xc0e000,ff ff ff ff
1791530182192,TX,MemRd,cpu0,pcie-mmcfg-mmio,0,4,0xc0f000,ff ff ff ff
1791530182192,TX,MemRd,cpu0,pcie-mmcfg-mmio,0,4,0xc10000,ff ff ff ff
1791530182192,TX,MemRd,cpu0,pcie-mmcfg-mmio,0,4,0xc11000,ff ff ff ff
1791530182192,TX,MemRd,cpu0,pcie-mmcfg-mmio,0,4,0xc12000,ff ff ff ff
1791530182192,TX,MemRd,cpu0,pcie-mmcfg-mmio,0,4,0xc13000,ff ff ff ff
1791530182192,TX,MemRd,cpu0,pcie-mmcfg-mmio,0,4,0xc14000,ff ff ff ff
1791530182192,TX,MemRd,cpu0,pcie-mmcfg-mmio,0,4,0xc15000,ff ff ff ff
1791530182192,TX,MemRd,cpu0,pcie-mmcfg-mmio,0,4,0xc16000,ff ff ff ff
1791530182192,TX,MemRd,cpu0,pcie-mmcfg-mmio,0,4,0xc17000,ff ff ff ff
1791530182192,TX,MemRd,cpu0,pcie-mmcfg-mmio,0,4,0xc18000,ff ff ff ff
1791530182192,TX,MemRd,cpu0,pcie-mmcfg-mmio,0,4,0xc19000,ff ff ff ff
1791530182192,TX,MemRd,cpu0,pcie-mmcfg-mmio,0,4,0xc1a000,ff ff ff ff
1791530182192,TX,MemRd,cpu0,pcie-mmcfg-mmio,0,4,0xc1b000,ff ff ff ff
1791530182192,TX,MemRd,cpu0,pcie-mmcfg-mmio,0,4,0xc1c000,ff ff ff ff
1791530182192,TX,MemRd,cpu0,pcie-mmcfg-mmio,0,4,0xc1d000,ff ff ff ff
1791530182192,TX,MemRd,cpu0,pcie-mmcfg-mmio,0,4,0xc1e000,ff ff ff ff
1791530182192,TX,MemRd,cpu0,pcie-mmcfg-mmio,0,4,0xc1f000,ff ff ff ff
1791530182192,TX,MemRd,cpu0,pcie-mmcfg-mmio,0,4,0xc20000,ff ff ff ff
1791530182192,TX,MemRd,cpu0,pcie-mmcfg-mmio,0,4,0xc21000,ff ff ff ff
1791530182192,TX,MemRd,cpu0,pcie-mmcfg-mmio,0,4,0xc22000,ff ff ff ff
1791530182192,TX,MemRd,cpu0,pcie-mmcfg-mmio,0,4,0xc23000,ff ff ff ff
1791530182192,TX,MemRd,cpu0,pcie-mmcfg-mmio,0,4,0xc24000,ff ff ff ff
1791530182192,TX,MemRd,cpu0,pcie-mmcfg-mmio,0,4,0xc25000,ff ff ff ff
1791530182192,TX,MemRd,cpu0,pcie-mmcfg-mmio,0,4,0xc26000,ff ff ff ff
1791530182192,TX,MemRd,cpu0,pcie-mmcfg-mmio,0,4,0xc27000,ff ff ff ff
1791530182192,TX,MemRd,cpu0,pcie-mmcfg-mmio,0,4,0xc28000,ff ff ff ff
1791530182192,TX,MemRd,cpu0,pcie-mmcfg-mmio,0,4,0xc29000,ff ff ff ff
1791530182192,TX,MemRd,cpu0,pcie-mmcfg-mmio,0,4,0xc2a000,ff ff ff ff
1791530182192,TX,MemRd,cpu0,pcie-mmcfg-mmio,0,4,0xc2b000,ff ff ff ff
1791530182192,TX,MemRd,cpu0,pcie-mmcfg-mmio,0,4,0xc2c000,ff ff ff ff
1791530182192,TX,MemRd,cpu0,pcie-mmcfg-mmio,0,4,0xc2d000,ff ff ff ff
1791530182192,TX,MemRd,cpu0,pcie-mmcfg-mmio,0,4,0xc2e000,ff ff ff ff
1791530182192,TX,MemRd,cpu0,pcie-mmcfg-mmio,0,4,0xc2f000,ff ff ff ff
1791530182192,TX,MemRd,cpu0,pcie-mmcfg-mmio,0,4,0xc30000,ff ff ff ff
1791530182192,TX,MemRd,cpu0,pcie-mmcfg-mmio,0,4,0xc31000,ff ff ff ff
1791530182192,TX,MemRd,cpu0,pcie-mmcfg-mmio,0,4,0xc32000,ff ff ff ff
1791530182192,TX,MemRd,cpu0,pcie-mmcfg-mmio,0,4,0xc33000,ff ff ff ff
1791530182192,TX,MemRd,cpu0,pcie-mmcfg-mmio,0,4,0xc34000,ff ff ff ff
1791530182192,TX,MemRd,cpu0,pcie-mmcfg-mmio,0,4,0xc35000,ff ff ff ff
1791530182192,TX,MemRd,cpu0,pcie-mmcfg-mmio,0,4,0xc36000,ff ff ff ff
1791530182192,TX,MemRd,cpu0,pcie-mmcfg-mmio,0,4,0xc37000,ff ff ff ff
1791530182192,TX,MemRd,cpu0,pcie-mmcfg-mmio,0,4,0xc38000,ff ff ff ff
1791530182192,TX,MemRd,cpu0,pcie-mmcfg-mmio,0,4,0xc39000,ff ff ff ff
1791530182192,TX,MemRd,cpu0,pcie-mmcfg-mmio,0,4,0xc3a000,ff ff ff ff
1791530182192,TX,MemRd,cpu0,pcie-mmcfg-mmio,0,4,0xc3b000,ff ff ff ff
1791530182192,TX,MemRd,cpu0,pcie-mmcfg-mmio,0,4,0xc3c000,ff ff ff ff
1791530182192,TX,MemRd,cpu0,pcie-mmcfg-mmio,0,4,0xc3d000,ff ff ff ff
1791530182192,TX,MemRd,cpu0,pcie-mmcfg-mmio,0,4,0xc3e000,ff ff ff ff
1791530182192,TX,MemRd,cpu0,pcie-mmcfg-mmio,0,4,0xc3f000,ff ff ff ff
1791530182192,TX,MemRd,cpu0,pcie-mmcfg-mmio,0,4,0xc40000,ff ff ff ff
1791530182192,TX,MemRd,cpu0,pcie-mmcfg-mmio,0,4,0xc41000,ff ff ff ff
1791530182192,TX,MemRd,cpu0,pcie-mmcfg-mmio,0,4,0xc42000,ff ff ff ff
1791530182192,TX,MemRd,cpu0,pcie-mmcfg-mmio,0,4,0xc43000,ff ff ff ff
1791530182192,TX,MemRd,cpu0,pcie-mmcfg-mmio,0,4,0xc44000,ff ff ff ff
1791530182192,TX,MemRd,cpu0,pcie-mmcfg-mmio,0,4,0xc45000,ff ff ff ff
1791530182192,TX,MemRd,cpu0,pcie-mmcfg-mmio,0,4,0xc46000,ff ff ff ff
1791530182192,TX,MemRd,cpu0,pcie-mmcfg-mmio,0,4,0xc47000,ff ff ff ff
1791530182192,TX,MemRd,cpu0,pcie-mmcfg-mmio,0,4,0xc48000,ff ff ff ff
1791530182192,TX,MemRd,cpu0,pcie-mmcfg-mmio,0,4,0xc49000,ff ff ff ff
1791530182192,TX,MemRd,cpu0,pcie-mmcfg-mmio,0,4,0xc4a000,ff ff ff ff
1791530182192,TX,MemRd,cpu0,pcie-mmcfg-mmio,0,4,0xc4b000,ff ff ff ff
1791530182192,TX,MemRd,cpu0,pcie-mmcfg-mmio,0,4,0xc4c000,ff ff ff ff
1791530182192,TX,MemRd,cpu0,pcie-mmcfg-mmio,0,4,0xc4d000,ff ff ff ff
1791530182192,TX,MemRd,cpu0,pcie-mmcfg-mmio,0,4,0xc4e000,ff ff ff ff
1791530182192,TX,MemRd,cpu0,pcie-mmcfg-mmio,0,4,0xc4f000,ff ff ff ff
1791530182192,TX,MemRd,cpu0,pcie-mmcfg-mmio,0,4,0xc50000,ff ff ff ff
1791530182192,TX,MemRd,cpu0,pcie-mmcfg-mmio,0,4,0xc51000,ff ff ff ff
1791530182192,TX,MemRd,cpu0,pcie-mmcfg-mmio,0,4,0xc52000,ff ff ff ff
1791530182192,TX,MemRd,cpu0,pcie-mmcfg-mmio,0,4,0xc53000,ff ff ff ff
1791530182192,TX,MemRd,cpu0,pcie-mmcfg-mmio,0,4,0xc54000,ff ff ff ff
1791530182192,TX,MemRd,cpu0,pcie-mmcfg-mmio,0,4,0xc55000,ff ff ff ff
1791530182192,TX,MemRd,cpu0,pcie-mmcfg-mmio,0,4,0xc56000,ff ff ff ff
1791530182192,TX,MemRd,cpu0,pcie-mmcfg-mmio,0,4,0xc57000,ff ff ff ff
1791530182192,TX,MemRd,cpu0,pcie-mmcfg-mmio,0,4,0xc58000,ff ff ff ff
1791530182192,TX,MemRd,cpu0,pcie-mmcfg-mmio,0,4,0xc59000,ff ff ff ff
1791530182192,TX,MemRd,cpu0,pcie-mmcfg-mmio,0,4,0xc5a000,ff ff ff ff
1791530182192,TX,MemRd,cpu0,pcie-mmcfg-mmio,0,4,0xc5b000,ff ff ff ff
1791530182192,TX,MemRd,cpu0,pcie-mmcfg-mmio,0,4,0xc5c000,ff ff ff ff
1791530182192,TX,MemRd,cpu0,pcie-mmcfg-mmio,0,4,0xc5d000,ff ff ff ff
1791530182192,TX,MemRd,cpu0,pcie-mmcfg-mmio,0,4,0xc5e000,ff ff ff ff
1791530182192,TX,MemRd,cpu0,pcie-mmcfg-mmio,0,4,0xc5f000,ff ff ff ff
1791530182192,TX,MemRd,cpu0,pcie-mmcfg-mmio,0,4,0xc60000,ff ff ff ff
1791530182192,TX,MemRd,cpu0,pcie-mmcfg-mmio,0,4,0xc61000,ff ff ff ff
1791530182192,TX,MemRd,cpu0,pcie-mmcfg-mmio,0,4,0xc62000,ff ff ff ff
1791530182192,TX,MemRd,cpu0,pcie-mmcfg-mmio,0,4,0xc63000,ff ff ff ff
1791530182192,TX,MemRd,cpu0,pcie-mmcfg-mmio,0,4,0xc64000,ff ff ff ff
1791530182192,TX,MemRd,cpu0,pcie-mmcfg-mmio,0,4,0xc65000,ff ff ff ff
1791530182192,TX,MemRd,cpu0,pcie-mmcfg-mmio,0,4,0xc66000,ff ff ff ff
1791530182192,TX,MemRd,cpu0,pcie-mmcfg-mmio,0,4,0xc67000,ff ff ff ff
1791530182192,TX,MemRd,cpu0,pcie-mmcfg-mmio,0,4,0xc68000,ff ff ff ff
1791530182192,TX,MemRd,cpu0,pcie-mmcfg-mmio,0,4,0xc69000,ff ff ff ff
1791530182192,TX,MemRd,cpu0,pcie-mmcfg-mmio,0,4,0xc6a000,ff ff ff ff
1791530182192,TX,MemRd,cpu0,pcie-mmcfg-mmio,0,4,0xc6b000,ff ff ff ff
1791530182192,TX,MemRd,cpu0,pcie-mmcfg-mmio,0,4,0xc6c000,ff ff ff ff
1791530182192,TX,MemRd,cpu0,pcie-mmcfg-mmio,0,4,0xc6d000,ff ff ff ff
1791530182192,TX,MemRd,cpu0,pcie-mmcfg-mmio,0,4,0xc6e000,ff ff ff ff
1791530182192,TX,MemRd,cpu0,pcie-mmcfg-mmio,0,4,0xc6f000,ff ff ff ff
1791530182192,TX,MemRd,cpu0,pcie-mmcfg-mmio,0,4,0xc70000,ff ff ff ff
1791530182192,TX,MemRd,cpu0,pcie-mmcfg-mmio,0,4,0xc71000,ff ff ff ff
1791530182192,TX,MemRd,cpu0,pcie-mmcfg-mmio,0,4,0xc72000,ff ff ff ff
1791530182192,TX,MemRd,cpu0,pcie-mmcfg-mmio,0,4,0xc73000,ff ff ff ff
1791530182192,TX,MemRd,cpu0,pcie-mmcfg-mmio,0,4,0xc74000,ff ff ff ff
1791530182192,TX,MemRd,cpu0,pcie-mmcfg-mmio,0,4,0xc75000,ff ff ff ff
1791530182192,TX,MemRd,cpu0,pcie-mmcfg-mmio,0,4,0xc76000,ff ff ff ff
1791530182192,TX,MemRd,cpu0,pcie-mmcfg-mmio,0,4,0xc77000,ff ff ff ff
1791530182192,TX,MemRd,cpu0,pcie-mmcfg-mmio,0,4,0xc78000,ff ff ff ff
1791530182192,TX,MemRd,cpu0,pcie-mmcfg-mmio,0,4,0xc79000,ff ff ff ff
1791530182192,TX,MemRd,cpu0,pcie-mmcfg-mmio,0,4,0xc7a000,ff ff ff ff
1791530182192,TX,MemRd,cpu0,pcie-mmcfg-mmio,0,4,0xc7b000,ff ff ff ff
1791530182192,TX,MemRd,cpu0,pcie-mmcfg-mmio,0,4,0xc7c000,ff ff ff ff
1791530182192,TX,MemRd,cpu0,pcie-mmcfg-mmio,0,4,0xc7d000,ff ff ff ff
1791530182192,TX,MemRd,cpu0,pcie-mmcfg-mmio,0,4,0xc7e000,ff ff ff ff
1791530182192,TX,MemRd,cpu0,pcie-mmcfg-mmio,0,4,0xc7f000,ff ff ff ff
1791530182192,TX,MemRd,cpu0,pcie-mmcfg-mmio,0,4,0xc80000,ff ff ff ff
1791530182192,TX,MemRd,cpu0,pcie-mmcfg-mmio,0,4,0xc81000,ff ff ff ff
1791530182192,TX,MemRd,cpu0,pcie-mmcfg-mmio,0,4,0xc82000,ff ff ff ff
1791530182192,TX,MemRd,cpu0,pcie-mmcfg-mmio,0,4,0xc83000,ff ff ff ff
1791530182192,TX,MemRd,cpu0,pcie-mmcfg-mmio,0,4,0xc84000,ff ff ff ff
1791530182192,TX,MemRd,cpu0,pcie-mmcfg-mmio,0,4,0xc85000,ff ff ff ff
1791530182192,TX,MemRd,cpu0,pcie-mmcfg-mmio,0,4,0xc86000,ff ff ff ff
1791530182192,TX,MemRd,cpu0,pcie-mmcfg-mmio,0,4,0xc87000,ff ff ff ff
1791530182192,TX,MemRd,cpu0,pcie-mmcfg-mmio,0,4,0xc88000,ff ff ff ff
1791530182193,TX,MemRd,cpu0,pcie-mmcfg-mmio,0,4,0xc89000,ff ff ff ff
1791530182193,TX,MemRd,cpu0,pcie-mmcfg-mmio,0,4,0xc8a000,ff ff ff ff
1791530182193,TX,MemRd,cpu0,pcie-mmcfg-mmio,0,4,0xc8b000,ff ff ff ff
1791530182193,TX,MemRd,cpu0,pcie-mmcfg-mmio,0,4,0xc8c000,ff ff ff ff
1791530182193,TX,MemRd,cpu0,pcie-mmcfg-mmio,0,4,0xc8d000,ff ff ff ff
1791530182193,TX,MemRd,cpu0,pcie-mmcfg-mmio,0,4,0xc8e000,ff ff ff ff
1791530182193,TX,MemRd,cpu0,pcie-mmcfg-mmio,0,4,0xc8f000,ff ff ff ff
1791530182193,TX,MemRd,cpu0,pcie-mmcfg-mmio,0,4,0xc90000,ff ff ff ff
1791530182193,TX,MemRd,cpu0,pcie-mmcfg-mmio,0,4,0xc91000,ff ff ff ff
1791530182193,TX,MemRd,cpu0,pcie-mmcfg-mmio,0,4,0xc92000,ff ff ff ff
1791530182193,TX,MemRd,cpu0,pcie-mmcfg-mmio,0,4,0xc93000,ff ff ff ff
1791530182193,TX,MemRd,cpu0,pcie-mmcfg-mmio,0,4,0xc94000,ff ff ff ff
1791530182193,TX,MemRd,cpu0,pcie-mmcfg-mmio,0,4,0xc95000,ff ff ff ff
1791530182193,TX,MemRd,cpu0,pcie-mmcfg-mmio,0,4,0xc96000,ff ff ff ff
1791530182193,TX,MemRd,cpu0,pcie-mmcfg-mmio,0,4,0xc97000,ff ff ff ff
1791530182193,TX,MemRd,cpu0,pcie-mmcfg-mmio,0,4,0xc98000,ff ff ff ff
1791530182193,TX,MemRd,cpu0,pcie-mmcfg-mmio,0,4,0xc99000,ff ff ff ff
1791530182193,TX,MemRd,cpu0,pcie-mmcfg-mmio,0,4,0xc9a000,ff ff ff ff
1791530182193,TX,MemRd,cpu0,pcie-mmcfg-mmio,0,4,0xc9b000,ff ff ff ff
1791530182193,TX,MemRd,cpu0,pcie-mmcfg-mmio,0,4,0xc9c000,ff ff ff ff
1791530182193,TX,MemRd,cpu0,pcie-mmcfg-mmio,0,4,0xc9d000,ff ff ff ff
1791530182193,TX,MemRd,cpu0,pcie-mmcfg-mmio,0,4,0xc9e000,ff ff ff ff
1791530182193,TX,MemRd,cpu0,pcie-mmcfg-mmio,0,4,0xc9f000,ff ff ff ff
1791530182193,TX,MemRd,cpu0,pcie-mmcfg-mmio,0,4,0xca0000,ff ff ff ff
1791530182193,TX,MemRd,cpu0,pcie-mmcfg-mmio,0,4,0xca1000,ff ff ff ff
1791530182193,TX,MemRd,cpu0,pcie-mmcfg-mmio,0,4,0xca2000,ff ff ff ff
1791530182193,TX,MemRd,cpu0,pcie-mmcfg-mmio,0,4,0xca3000,ff ff ff ff
1791530182193,TX,MemRd,cpu0,pcie-mmcfg-mmio,0,4,0xca4000,ff ff ff ff
1791530182193,TX,MemRd,cpu0,pcie-mmcfg-mmio,0,4,0xca5000,ff ff ff ff
1791530182193,TX,MemRd,cpu0,pcie-mmcfg-mmio,0,4,0xca6000,ff ff ff ff
1791530182193,TX,MemRd,cpu0,pcie-mmcfg-mmio,0,4,0xca7000,ff ff ff ff
1791530182193,TX,MemRd,cpu0,pcie-mmcfg-mmio,0,4,0xca8000,ff ff ff ff
1791530182193,TX,MemRd,cpu0,pcie-mmcfg-mmio,0,4,0xca9000,ff ff ff ff
1791530182193,TX,MemRd,cpu0,pcie-mmcfg-mmio,0,4,0xcaa000,ff ff ff ff
1791530182193,TX,MemRd,cpu0,pcie-mmcfg-mmio,0,4,0xcab000,ff ff ff ff
1791530182193,TX,MemRd,cpu0,pcie-mmcfg-mmio,0,4,0xcac000,ff ff ff ff
1791530182193,TX,MemRd,cpu0,pcie-mmcfg-mmio,0,4,0xcad000,ff ff ff ff
1791530182193,TX,MemRd,cpu0,pcie-mmcfg-mmio,0,4,0xcae000,ff ff ff ff
1791530182193,TX,MemRd,cpu0,pcie-mmcfg-mmio,0,4,0xcaf000,ff ff ff ff
1791530182193,TX,MemRd,cpu0,pcie-mmcfg-mmio,0,4,0xcb0000,ff ff ff ff
1791530182193,TX,MemRd,cpu0,pcie-mmcfg-mmio,0,4,0xcb1000,ff ff ff ff
1791530182193,TX,MemRd,cpu0,pcie-mmcfg-mmio,0,4,0xcb2000,ff ff ff ff
1791530182193,TX,MemRd,cpu0,pcie-mmcfg-mmio,0,4,0xcb3000,ff ff ff ff
1791530182193,TX,MemRd,cpu0,pcie-mmcfg-mmio,0,4,0xcb4000,ff ff ff ff
1791530182193,TX,MemRd,cpu0,pcie-mmcfg-mmio,0,4,0xcb5000,ff ff ff ff
1791530182193,TX,MemRd,cpu0,pcie-mmcfg-mmio,0,4,0xcb6000,ff ff ff ff
1791530182193,TX,MemRd,cpu0,pcie-mmcfg-mmio,0,4,0xcb7000,ff ff ff ff
1791530182193,TX,MemRd,cpu0,pcie-mmcfg-mmio,0,4,0xcb8000,ff ff ff ff
1791530182193,TX,MemRd,cpu0,pcie-mmcfg-mmio,0,4,0xcb9000,ff ff ff ff
1791530182193,TX,MemRd,cpu0,pcie-mmcfg-mmio,0,4,0xcba000,ff ff ff ff
1791530182193,TX,MemRd,cpu0,pcie-mmcfg-mmio,0,4,0xcbb000,ff ff ff ff
1791530182193,TX,MemRd,cpu0,pcie-mmcfg-mmio,0,4,0xcbc000,ff ff ff ff
1791530182193,TX,MemRd,cpu0,pcie-mmcfg-mmio,0,4,0xcbd000,ff ff ff ff
1791530182193,TX,MemRd,cpu0,pcie-mmcfg-mmio,0,4,0xcbe000,ff ff ff ff
1791530182193,TX,MemRd,cpu0,pcie-mmcfg-mmio,0,4,0xcbf000,ff ff ff ff
1791530182193,TX,MemRd,cpu0,pcie-mmcfg-mmio,0,4,0xcc0000,ff ff ff ff
1791530182193,TX,MemRd,cpu0,pcie-mmcfg-mmio,0,4,0xcc1000,ff ff ff ff
1791530182193,TX,MemRd,cpu0,pcie-mmcfg-mmio,0,4,0xcc2000,ff ff ff ff
1791530182193,TX,MemRd,cpu0,pcie-mmcfg-mmio,0,4,0xcc3000,ff ff ff ff
1791530182193,TX,MemRd,cpu0,pcie-mmcfg-mmio,0,4,0xcc4000,ff ff ff ff
1791530182193,TX,MemRd,cpu0,pcie-mmcfg-mmio,0,4,0xcc5000,ff ff ff ff
1791530182193,TX,MemRd,cpu0,pcie-mmcfg-mmio,0,4,0xcc6000,ff ff ff ff
1791530182193,TX,MemRd,cpu0,pcie-mmcfg-mmio,0,4,0xcc7000,ff ff ff ff
1791530182193,TX,MemRd,cpu0,pcie-mmcfg-mmio,0,4,0xcc8000,ff ff ff ff
1791530182193,TX,MemRd,cpu0,pcie-mmcfg-mmio,0,4,0xcc9000,ff ff ff ff
1791530182193,TX,MemRd,cpu0,pcie-mmcfg-mmio,0,4,0xcca000,ff ff ff ff
1791530182193,TX,MemRd,cpu0,pcie-mmcfg-mmio,0,4,0xccb000,ff ff ff ff
1791530182193,TX,MemRd,cpu0,pcie-mmcfg-mmio,0,4,0xccc000,ff ff ff ff
1791530182193,TX,MemRd,cpu0,pcie-mmcfg-mmio,0,4,0xccd000,ff ff ff ff
1791530182193,TX,MemRd,cpu0,pcie-mmcfg-mmio,0,4,0xcce000,ff ff ff ff
1791530182193,TX,MemRd,cpu0,pcie-mmcfg-mmio,0,4,0xccf000,ff ff ff ff
1791530182193,TX,MemRd,cpu0,pcie-mmcfg-mmio,0,4,0xcd0000,ff ff ff ff
1791530182193,TX,MemRd,cpu0,pcie-mmcfg-mmio,0,4,0xcd1000,ff ff ff ff
1791530182193,TX,MemRd,cpu0,pcie-mmcfg-mmio,0,4,0xcd2000,ff ff ff ff
1791530182193,TX,MemRd,cpu0,pcie-mmcfg-mmio,0,4,0xcd3000,ff ff ff ff
1791530182193,TX,MemRd,cpu0,pcie-mmcfg-mmio,0,4,0xcd4000,ff ff ff ff
1791530182193,TX,MemRd,cpu0,pcie-mmcfg-mmio,0,4,0xcd5000,ff ff ff ff
1791530182193,TX,MemRd,cpu0,pcie-mmcfg-mmio,0,4,0xcd6000,ff ff ff ff
1791530182193,TX,MemRd,cpu0,pcie-mmcfg-mmio,0,4,0xcd7000,ff ff ff ff
1791530182193,TX,MemRd,cpu0,pcie-mmcfg-mmio,0,4,0xcd8000,ff ff ff ff
1791530182193,TX,MemRd,cpu0,pcie-mmcfg-mmio,0,4,0xcd9000,ff ff ff ff
1791530182193,TX,MemRd,cpu0,pcie-mmcfg-mmio,0,4,0xcda000,ff ff ff ff
1791530182193,TX,MemRd,cpu0,pcie-mmcfg-mmio,0,4,0xcdb000,ff ff ff ff
1791530182193,TX,MemRd,cpu0,pcie-mmcfg-mmio,0,4,0xcdc000,ff ff ff ff
1791530182193,TX,MemRd,cpu0,pcie-mmcfg-mmio,0,4,0xcdd000,ff ff ff ff
1791530182193,TX,MemRd,cpu0,pcie-mmcfg-mmio,0,4,0xcde000,ff ff ff ff
1791530182193,TX,MemRd,cpu0,pcie-mmcfg-mmio,0,4,0xcdf000,ff ff ff ff
1791530182193,TX,MemRd,cpu0,pcie-mmcfg-mmio,0,4,0xce0000,ff ff ff ff
1791530182193,TX,MemRd,cpu0,pcie-mmcfg-mmio,0,4,0xce1000,ff ff ff ff
1791530182193,TX,MemRd,cpu0,pcie-mmcfg-mmio,0,4,0xce2000,ff ff ff ff
1791530182193,TX,MemRd,cpu0,pcie-mmcfg-mmio,0,4,0xce3000,ff ff ff ff
1791530182193,TX,MemRd,cpu0,pcie-mmcfg-mmio,0,4,0xce4000,ff ff ff ff
1791530182193,TX,MemRd,cpu0,pcie-mmcfg-mmio,0,4,0xce5000,ff ff ff ff
1791530182193,TX,MemRd,cpu0,pcie-mmcfg-mmio,0,4,0xce6000,ff ff ff ff
1791530182193,TX,MemRd,cpu0,pcie-mmcfg-mmio,0,4,0xce7000,ff ff ff ff
1791530182193,TX,MemRd,cpu0,pcie-mmcfg-mmio,0,4,0xce8000,ff ff ff ff
1791530182193,TX,MemRd,cpu0,pcie-mmcfg-mmio,0,4,0xce9000,ff ff ff ff
1791530182193,TX,MemRd,cpu0,pcie-mmcfg-mmio,0,4,0xcea000,ff ff ff ff
1791530182193,TX,MemRd,cpu0,pcie-mmcfg-mmio,0,4,0xceb000,ff ff ff ff
1791530182193,TX,MemRd,cpu0,pcie-mmcfg-mmio,0,4,0xcec000,ff ff ff ff
1791530182193,TX,MemRd,cpu0,pcie-mmcfg-mmio,0,4,0xced000,ff ff ff ff
1791530182193,TX,MemRd,cpu0,pcie-mmcfg-mmio,0,4,0xcee000,ff ff ff ff
1791530182193,TX,MemRd,cpu0,pcie-mmcfg-mmio,0,4,0xcef000,ff ff ff ff
1791530182193,TX,MemRd,cpu0,pcie-mmcfg-mmio,0,4,0xcf0000,ff ff ff ff
1791530182193,TX,MemRd,cpu0,pcie-mmcfg-mmio,0,4,0xcf1000,ff ff ff ff
1791530182193,TX,MemRd,cpu0,pcie-mmcfg-mmio,0,4,0xcf2000,ff ff ff ff
1791530182193,TX,MemRd,cpu0,pcie-mmcfg-mmio,0,4,0xcf3000,ff ff ff ff
1791530182193,TX,MemRd,cpu0,pcie-mmcfg-mmio,0,4,0xcf4000,ff ff ff ff
1791530182193,TX,MemRd,cpu0,pcie-mmcfg-mmio,0,4,0xcf5000,ff ff ff ff
1791530182193,TX,MemRd,cpu0,pcie-mmcfg-mmio,0,4,0xcf6000,ff ff ff ff
1791530182193,TX,MemRd,cpu0,pcie-mmcfg-mmio,0,4,0xcf7000,ff ff ff ff
1791530182193,TX,MemRd,cpu0,pcie-mmcfg-mmio,0,4,0xcf8000,ff ff ff ff
1791530182193,TX,MemRd,cpu0,pcie-mmcfg-mmio,0,4,0xcf9000,ff ff ff ff
1791530182193,TX,MemRd,cpu0,pcie-mmcfg-mmio,0,4,0xcfa000,ff ff ff ff
1791530182193,TX,MemRd,cpu0,pcie-mmcfg-mmio,0,4,0xcfb000,ff ff ff ff
1791530182193,TX,MemRd,cpu0,pcie-mmcfg-mmio,0,4,0xcfc000,ff ff ff ff
1791530182193,TX,MemRd,cpu0,pcie-mmcfg-mmio,0,4,0xcfd000,ff ff ff ff
1791530182193,TX,MemRd,cpu0,pcie-mmcfg-mmio,0,4,0xcfe000,ff ff ff ff
1791530182193,TX,MemRd,cpu0,pcie-mmcfg-mmio,0,4,0xcff000,ff ff ff ff
1791530182193,RX,CfgRd,xio3130-downstream,0a:00.1,0,4,0x18,0a 0c ff 00
1791530182193,TX,MemRd,cpu0,pcie-mmcfg-mmio,0,4,0xa01018,0a 0c ff 00
1791530182193,TX,MemWr,cpu0,pcie-mmcfg-mmio,0,4,0xa01018,0a 0c 0c 00
1791530182193,TX,CfgWr,xio3130-downstream,0a:00.1,0,4,0x18,0a 0c 0c 00
1791530182193,RX,CfgRd,xio3130-downstream,0a:00.1,0,4,0x1c,00 00 00 00
1791530182193,TX,MemRd,cpu0,pcie-mmcfg-mmio,0,4,0xa0101c,00 00 00 00
1791530182193,RX,CfgRd,xio3130-downstream,0a:00.1,0,4,0x30,00 00 00 00
1791530182193,TX,MemRd,cpu0,pcie-mmcfg-mmio,0,4,0xa01030,00 00 00 00
1791530182193,TX,MemWr,cpu0,pcie-mmcfg-mmio,0,4,0xa0101c,00 00 00 00
1791530182193,TX,CfgWr,xio3130-downstream,0a:00.1,0,4,0x1c,00 00 00 00
1791530182193,TX,MemWr,cpu0,pcie-mmcfg-mmio,0,4,0xa01030,00 00 00 00
1791530182193,TX,CfgWr,xio3130-downstream,0a:00.1,0,4,0x30,00 00 00 00
1791530182193,RX,CfgRd,xio3130-downstream,0a:00.1,0,4,0x20,30 10 00 00
1791530182193,TX,MemRd,cpu0,pcie-mmcfg-mmio,0,4,0xa01020,30 10 00 00
1791530182193,TX,MemWr,cpu0,pcie-mmcfg-mmio,0,4,0xa01020,30 10 2f 10
1791530182193,TX,CfgWr,xio3130-downstream,0a:00.1,0,4,0x20,30 10 2f 10
1791530182193,RX,CfgRd,xio3130-downstream,0a:00.1,0,4,0x24,51 00 01 00
1791530182193,TX,MemRd,cpu0,pcie-mmcfg-mmio,0,4,0xa01024,51 00 01 00
1791530182193,TX,MemWr,cpu0,pcie-mmcfg-mmio,0,4,0xa01024,51 00 5f 00
1791530182193,TX,CfgWr,xio3130-downstream,0a:00.1,0,4,0x24,51 00 5f 00
1791530182193,TX,MemWr,cpu0,pcie-mmcfg-mmio,0,4,0xa0102c,80 00 00 00
1791530182193,TX,CfgWr,xio3130-downstream,0a:00.1,0,4,0x2c,80 00 00 00
1791530182193,TX,MemRd,cpu0,pcie-mmcfg-mmio,0,4,0xa02000,ff ff ff ff
1791530182193,TX,MemRd,cpu0,pcie-mmcfg-mmio,0,4,0xa03000,ff ff ff ff
1791530182193,TX,MemRd,cpu0,pcie-mmcfg-mmio,0,4,0xa04000,ff ff ff ff
1791530182193,TX,MemRd,cpu0,pcie-mmcfg-mmio,0,4,0xa05000,ff ff ff ff
1791530182193,TX,MemRd,cpu0,pcie-mmcfg-mmio,0,4,0xa06000,ff ff ff ff
1791530182193,TX,MemRd,cpu0,pcie-mmcfg-mmio,0,4,0xa07000,ff ff ff ff
1791530182193,TX,MemRd,cpu0,pcie-mmcfg-mmio,0,4,0xa08000,ff ff ff ff
1791530182193,TX,MemRd,cpu0,pcie-mmcfg-mmio,0,4,0xa09000,ff ff ff ff
1791530182193,TX,MemRd,cpu0,pcie-mmcfg-mmio,0,4,0xa0a000,ff ff ff ff
1791530182193,TX,MemRd,cpu0,pcie-mmcfg-mmio,0,4,0xa0b000,ff ff ff ff
1791530182193,TX,MemRd,cpu0,pcie-mmcfg-mmio,0,4,0xa0c000,ff ff ff ff
1791530182193,TX,MemRd,cpu0,pcie-mmcfg-mmio,0,4,0xa0d000,ff ff ff ff
1791530182193,TX,MemRd,cpu0,pcie-mmcfg-mmio,0,4,0xa0e000,ff ff ff ff
1791530182193,TX,MemRd,cpu0,pcie-mmcfg-mmio,0,4,0xa0f000,ff ff ff ff
1791530182193,TX,MemRd,cpu0,pcie-mmcfg-mmio,0,4,0xa10000,ff ff ff ff
1791530182193,TX,MemRd,cpu0,pcie-mmcfg-mmio,0,4,0xa11000,ff ff ff ff
1791530182194,TX,MemRd,cpu0,pcie-mmcfg-mmio,0,4,0xa12000,ff ff ff ff
1791530182194,TX,MemRd,cpu0,pcie-mmcfg-mmio,0,4,0xa13000,ff ff ff ff
1791530182194,TX,MemRd,cpu0,pcie-mmcfg-mmio,0,4,0xa14000,ff ff ff ff
1791530182194,TX,MemRd,cpu0,pcie-mmcfg-mmio,0,4,0xa15000,ff ff ff ff
1791530182194,TX,MemRd,cpu0,pcie-mmcfg-mmio,0,4,0xa16000,ff ff ff ff
1791530182194,TX,MemRd,cpu0,pcie-mmcfg-mmio,0,4,0xa17000,ff ff ff ff
1791530182194,TX,MemRd,cpu0,pcie-mmcfg-mmio,0,4,0xa18000,ff ff ff ff
1791530182194,TX,MemRd,cpu0,pcie-mmcfg-mmio,0,4,0xa19000,ff ff ff ff
1791530182194,TX,MemRd,cpu0,pcie-mmcfg-mmio,0,4,0xa1a000,ff ff ff ff
1791530182194,TX,MemRd,cpu0,pcie-mmcfg-mmio,0,4,0xa1b000,ff ff ff ff
1791530182194,TX,MemRd,cpu0,pcie-mmcfg-mmio,0,4,0xa1c000,ff ff ff ff
1791530182194,TX,MemRd,cpu0,pcie-mmcfg-mmio,0,4,0xa1d000,ff ff ff ff
1791530182194,TX,MemRd,cpu0,pcie-mmcfg-mmio,0,4,0xa1e000,ff ff ff ff
1791530182194,TX,MemRd,cpu0,pcie-mmcfg-mmio,0,4,0xa1f000,ff ff ff ff
1791530182194,TX,MemRd,cpu0,pcie-mmcfg-mmio,0,4,0xa20000,ff ff ff ff
1791530182194,TX,MemRd,cpu0,pcie-mmcfg-mmio,0,4,0xa21000,ff ff ff ff
1791530182194,TX,MemRd,cpu0,pcie-mmcfg-mmio,0,4,0xa22000,ff ff ff ff
1791530182194,TX,MemRd,cpu0,pcie-mmcfg-mmio,0,4,0xa23000,ff ff ff ff
1791530182194,TX,MemRd,cpu0,pcie-mmcfg-mmio,0,4,0xa24000,ff ff ff ff
1791530182194,TX,MemRd,cpu0,pcie-mmcfg-mmio,0,4,0xa25000,ff ff ff ff
1791530182194,TX,MemRd,cpu0,pcie-mmcfg-mmio,0,4,0xa26000,ff ff ff ff
1791530182194,TX,MemRd,cpu0,pcie-mmcfg-mmio,0,4,0xa27000,ff ff ff ff
1791530182194,TX,MemRd,cpu0,pcie-mmcfg-mmio,0,4,0xa28000,ff ff ff ff
1791530182194,TX,MemRd,cpu0,pcie-mmcfg-mmio,0,4,0xa29000,ff ff ff ff
1791530182194,TX,MemRd,cpu0,pcie-mmcfg-mmio,0,4,0xa2a000,ff ff ff ff
1791530182194,TX,MemRd,cpu0,pcie-mmcfg-mmio,0,4,0xa2b000,ff ff ff ff
1791530182194,TX,MemRd,cpu0,pcie-mmcfg-mmio,0,4,0xa2c000,ff ff ff ff
1791530182194,TX,MemRd,cpu0,pcie-mmcfg-mmio,0,4,0xa2d000,ff ff ff ff
1791530182194,TX,MemRd,cpu0,pcie-mmcfg-mmio,0,4,0xa2e000,ff ff ff ff
1791530182194,TX,MemRd,cpu0,pcie-mmcfg-mmio,0,4,0xa2f000,ff ff ff ff
1791530182194,TX,MemRd,cpu0,pcie-mmcfg-mmio,0,4,0xa30000,ff ff ff ff
1791530182194,TX,MemRd,cpu0,pcie-mmcfg-mmio,0,4,0xa31000,ff ff ff ff
1791530182194,TX,MemRd,cpu0,pcie-mmcfg-mmio,0,4,0xa32000,ff ff ff ff
1791530182194,TX,MemRd,cpu0,pcie-mmcfg-mmio,0,4,0xa33000,ff ff ff ff
1791530182194,TX,MemRd,cpu0,pcie-mmcfg-mmio,0,4,0xa34000,ff ff ff ff
1791530182194,TX,MemRd,cpu0,pcie-mmcfg-mmio,0,4,0xa35000,ff ff ff ff
1791530182194,TX,MemRd,cpu0,pcie-mmcfg-mmio,0,4,0xa36000,ff ff ff ff
1791530182194,TX,MemRd,cpu0,pcie-mmcfg-mmio,0,4,0xa37000,ff ff ff ff
1791530182194,TX,MemRd,cpu0,pcie-mmcfg-mmio,0,4,0xa38000,ff ff ff ff
1791530182194,TX,MemRd,cpu0,pcie-mmcfg-mmio,0,4,0xa39000,ff ff ff ff
1791530182194,TX,MemRd,cpu0,pcie-mmcfg-mmio,0,4,0xa3a000,ff ff ff ff
1791530182194,TX,MemRd,cpu0,pcie-mmcfg-mmio,0,4,0xa3b000,ff ff ff ff
1791530182194,TX,MemRd,cpu0,pcie-mmcfg-mmio,0,4,0xa3c000,ff ff ff ff
1791530182194,TX,MemRd,cpu0,pcie-mmcfg-mmio,0,4,0xa3d000,ff ff ff ff
1791530182194,TX,MemRd,cpu0,pcie-mmcfg-mmio,0,4,0xa3e000,ff ff ff ff
1791530182194,TX,MemRd,cpu0,pcie-mmcfg-mmio,0,4,0xa3f000,ff ff ff ff
1791530182194,TX,MemRd,cpu0,pcie-mmcfg-mmio,0,4,0xa40000,ff ff ff ff
1791530182194,TX,MemRd,cpu0,pcie-mmcfg-mmio,0,4,0xa41000,ff ff ff ff
1791530182194,TX,MemRd,cpu0,pcie-mmcfg-mmio,0,4,0xa42000,ff ff ff ff
1791530182194,TX,MemRd,cpu0,pcie-mmcfg-mmio,0,4,0xa43000,ff ff ff ff
1791530182194,TX,MemRd,cpu0,pcie-mmcfg-mmio,0,4,0xa44000,ff ff ff ff
1791530182194,TX,MemRd,cpu0,pcie-mmcfg-mmio,0,4,0xa45000,ff ff ff ff
1791530182194,TX,MemRd,cpu0,pcie-mmcfg-mmio,0,4,0xa46000,ff ff ff ff
1791530182194,TX,MemRd,cpu0,pcie-mmcfg-mmio,0,4,0xa47000,ff ff ff ff
1791530182194,TX,MemRd,cpu0,pcie-mmcfg-mmio,0,4,0xa48000,ff ff ff ff
1791530182194,TX,MemRd,cpu0,pcie-mmcfg-mmio,0,4,0xa49000,ff ff ff ff
1791530182194,TX,MemRd,cpu0,pcie-mmcfg-mmio,0,4,0xa4a000,ff ff ff ff
1791530182194,TX,MemRd,cpu0,pcie-mmcfg-mmio,0,4,0xa4b000,ff ff ff ff
1791530182194,TX,MemRd,cpu0,pcie-mmcfg-mmio,0,4,0xa4c000,ff ff ff ff
1791530182194,TX,MemRd,cpu0,pcie-mmcfg-mmio,0,4,0xa4d000,ff ff ff ff
1791530182194,TX,MemRd,cpu0,pcie-mmcfg-mmio,0,4,0xa4e000,ff ff ff ff
1791530182194,TX,MemRd,cpu0,pcie-mmcfg-mmio,0,4,0xa4f000,ff ff ff ff
1791530182194,TX,MemRd,cpu0,pcie-mmcfg-mmio,0,4,0xa50000,ff ff ff ff
1791530182194,TX,MemRd,cpu0,pcie-mmcfg-mmio,0,4,0xa51000,ff ff ff ff
1791530182194,TX,MemRd,cpu0,pcie-mmcfg-mmio,0,4,0xa52000,ff ff ff ff
1791530182194,TX,MemRd,cpu0,pcie-mmcfg-mmio,0,4,0xa53000,ff ff ff ff
1791530182194,TX,MemRd,cpu0,pcie-mmcfg-mmio,0,4,0xa54000,ff ff ff ff
1791530182194,TX,MemRd,cpu0,pcie-mmcfg-mmio,0,4,0xa55000,ff ff ff ff
1791530182194,TX,MemRd,cpu0,pcie-mmcfg-mmio,0,4,0xa56000,ff ff ff ff
1791530182194,TX,MemRd,cpu0,pcie-mmcfg-mmio,0,4,0xa57000,ff ff ff ff
1791530182194,TX,MemRd,cpu0,pcie-mmcfg-mmio,0,4,0xa58000,ff ff ff ff
1791530182194,TX,MemRd,cpu0,pcie-mmcfg-mmio,0,4,0xa59000,ff ff ff ff
1791530182194,TX,MemRd,cpu0,pcie-mmcfg-mmio,0,4,0xa5a000,ff ff ff ff
1791530182194,TX,MemRd,cpu0,pcie-mmcfg-mmio,0,4,0xa5b000,ff ff ff ff
1791530182194,TX,MemRd,cpu0,pcie-mmcfg-mmio,0,4,0xa5c000,ff ff ff ff
1791530182194,TX,MemRd,cpu0,pcie-mmcfg-mmio,0,4,0xa5d000,ff ff ff ff
1791530182194,TX,MemRd,cpu0,pcie-mmcfg-mmio,0,4,0xa5e000,ff ff ff ff
1791530182194,TX,MemRd,cpu0,pcie-mmcfg-mmio,0,4,0xa5f000,ff ff ff ff
1791530182194,TX,MemRd,cpu0,pcie-mmcfg-mmio,0,4,0xa60000,ff ff ff ff
1791530182194,TX,MemRd,cpu0,pcie-mmcfg-mmio,0,4,0xa61000,ff ff ff ff
1791530182194,TX,MemRd,cpu0,pcie-mmcfg-mmio,0,4,0xa62000,ff ff ff ff
1791530182194,TX,MemRd,cpu0,pcie-mmcfg-mmio,0,4,0xa63000,ff ff ff ff
1791530182194,TX,MemRd,cpu0,pcie-mmcfg-mmio,0,4,0xa64000,ff ff ff ff
1791530182194,TX,MemRd,cpu0,pcie-mmcfg-mmio,0,4,0xa65000,ff ff ff ff
1791530182194,TX,MemRd,cpu0,pcie-mmcfg-mmio,0,4,0xa66000,ff ff ff ff
1791530182194,TX,MemRd,cpu0,pcie-mmcfg-mmio,0,4,0xa67000,ff ff ff ff
1791530182194,TX,MemRd,cpu0,pcie-mmcfg-mmio,0,4,0xa68000,ff ff ff ff
1791530182194,TX,MemRd,cpu0,pcie-mmcfg-mmio,0,4,0xa69000,ff ff ff ff
1791530182194,TX,MemRd,cpu0,pcie-mmcfg-mmio,0,4,0xa6a000,ff ff ff ff
1791530182194,TX,MemRd,cpu0,pcie-mmcfg-mmio,0,4,0xa6b000,ff ff ff ff
1791530182194,TX,MemRd,cpu0,pcie-mmcfg-mmio,0,4,0xa6c000,ff ff ff ff
1791530182194,TX,MemRd,cpu0,pcie-mmcfg-mmio,0,4,0xa6d000,ff ff ff ff
1791530182194,TX,MemRd,cpu0,pcie-mmcfg-mmio,0,4,0xa6e000,ff ff ff ff
1791530182194,TX,MemRd,cpu0,pcie-mmcfg-mmio,0,4,0xa6f000,ff ff ff ff
1791530182194,TX,MemRd,cpu0,pcie-mmcfg-mmio,0,4,0xa70000,ff ff ff ff
1791530182194,TX,MemRd,cpu0,pcie-mmcfg-mmio,0,4,0xa71000,ff ff ff ff
1791530182194,TX,MemRd,cpu0,pcie-mmcfg-mmio,0,4,0xa72000,ff ff ff ff
1791530182194,TX,MemRd,cpu0,pcie-mmcfg-mmio,0,4,0xa73000,ff ff ff ff
1791530182194,TX,MemRd,cpu0,pcie-mmcfg-mmio,0,4,0xa74000,ff ff ff ff
1791530182194,TX,MemRd,cpu0,pcie-mmcfg-mmio,0,4,0xa75000,ff ff ff ff
1791530182194,TX,MemRd,cpu0,pcie-mmcfg-mmio,0,4,0xa76000,ff ff ff ff
1791530182194,TX,MemRd,cpu0,pcie-mmcfg-mmio,0,4,0xa77000,ff ff ff ff
1791530182194,TX,MemRd,cpu0,pcie-mmcfg-mmio,0,4,0xa78000,ff ff ff ff
1791530182194,TX,MemRd,cpu0,pcie-mmcfg-mmio,0,4,0xa79000,ff ff ff ff
1791530182194,TX,MemRd,cpu0,pcie-mmcfg-mmio,0,4,0xa7a000,ff ff ff ff
1791530182194,TX,MemRd,cpu0,pcie-mmcfg-mmio,0,4,0xa7b000,ff ff ff ff
1791530182194,TX,MemRd,cpu0,pcie-mmcfg-mmio,0,4,0xa7c000,ff ff ff ff
1791530182194,TX,MemRd,cpu0,pcie-mmcfg-mmio,0,4,0xa7d000,ff ff ff ff
1791530182194,TX,MemRd,cpu0,pcie-mmcfg-mmio,0,4,0xa7e000,ff ff ff ff
1791530182194,TX,MemRd,cpu0,pcie-mmcfg-mmio,0,4,0xa7f000,ff ff ff ff
1791530182194,TX,MemRd,cpu0,pcie-mmcfg-mmio,0,4,0xa80000,ff ff ff ff
1791530182194,TX,MemRd,cpu0,pcie-mmcfg-mmio,0,4,0xa81000,ff ff ff ff
1791530182194,TX,MemRd,cpu0,pcie-mmcfg-mmio,0,4,0xa82000,ff ff ff ff
1791530182194,TX,MemRd,cpu0,pcie-mmcfg-mmio,0,4,0xa83000,ff ff ff ff
1791530182194,TX,MemRd,cpu0,pcie-mmcfg-mmio,0,4,0xa84000,ff ff ff ff
1791530182194,TX,MemRd,cpu0,pcie-mmcfg-mmio,0,4,0xa85000,ff ff ff ff
1791530182194,TX,MemRd,cpu0,pcie-mmcfg-mmio,0,4,0xa86000,ff ff ff ff
1791530182194,TX,MemRd,cpu0,pcie-mmcfg-mmio,0,4,0xa87000,ff ff ff ff
1791530182194,TX,MemRd,cpu0,pcie-mmcfg-mmio,0,4,0xa88000,ff ff ff ff
1791530182194,TX,MemRd,cpu0,pcie-mmcfg-mmio,0,4,0xa89000,ff ff ff ff
1791530182194,TX,MemRd,cpu0,pcie-mmcfg-mmio,0,4,0xa8a000,ff ff ff ff
1791530182194,TX,MemRd,cpu0,pcie-mmcfg-mmio,0,4,0xa8b000,ff ff ff ff
1791530182194,TX,MemRd,cpu0,pcie-mmcfg-mmio,0,4,0xa8c000,ff ff ff ff
1791530182194,TX,MemRd,cpu0,pcie-mmcfg-mmio,0,4,0xa8d000,ff ff ff ff
1791530182194,TX,MemRd,cpu0,pcie-mmcfg-mmio,0,4,0xa8e000,ff ff ff ff
1791530182194,TX,MemRd,cpu0,pcie-mmcfg-mmio,0,4,0xa8f000,ff ff ff ff
1791530182194,TX,MemRd,cpu0,pcie-mmcfg-mmio,0,4,0xa90000,ff ff ff ff
1791530182194,TX,MemRd,cpu0,pcie-mmcfg-mmio,0,4,0xa91000,ff ff ff ff
1791530182194,TX,MemRd,cpu0,pcie-mmcfg-mmio,0,4,0xa92000,ff ff ff ff
1791530182194,TX,MemRd,cpu0,pcie-mmcfg-mmio,0,4,0xa93000,ff ff ff ff
1791530182194,TX,MemRd,cpu0,pcie-mmcfg-mmio,0,4,0xa94000,ff ff ff ff
1791530182194,TX,MemRd,cpu0,pcie-mmcfg-mmio,0,4,0xa95000,ff ff ff ff
1791530182194,TX,MemRd,cpu0,pcie-mmcfg-mmio,0,4,0xa96000,ff ff ff ff
1791530182194,TX,MemRd,cpu0,pcie-mmcfg-mmio,0,4,0xa97000,ff ff ff ff
1791530182194,TX,MemRd,cpu0,pcie-mmcfg-mmio,0,4,0xa98000,ff ff ff ff
1791530182194,TX,MemRd,cpu0,pcie-mmcfg-mmio,0,4,0xa99000,ff ff ff ff
1791530182194,TX,MemRd,cpu0,pcie-mmcfg-mmio,0,4,0xa9a000,ff ff ff ff
1791530182194,TX,MemRd,cpu0,pcie-mmcfg-mmio,0,4,0xa9b000,ff ff ff ff
1791530182194,TX,MemRd,cpu0,pcie-mmcfg-mmio,0,4,0xa9c000,ff ff ff ff
1791530182194,TX,MemRd,cpu0,pcie-mmcfg-mmio,0,4,0xa9d000,ff ff ff ff
1791530182194,TX,MemRd,cpu0,pcie-mmcfg-mmio,0,4,0xa9e000,ff ff ff ff
1791530182194,TX,MemRd,cpu0,pcie-mmcfg-mmio,0,4,0xa9f000,ff ff ff ff
1791530182194,TX,MemRd,cpu0,pcie-mmcfg-mmio,0,4,0xaa0000,ff ff ff ff
1791530182194,TX,MemRd,cpu0,pcie-mmcfg-mmio,0,4,0xaa1000,ff ff ff ff
1791530182194,TX,MemRd,cpu0,pcie-mmcfg-mmio,0,4,0xaa2000,ff ff ff ff
1791530182194,TX,MemRd,cpu0,pcie-mmcfg-mmio,0,4,0xaa3000,ff ff ff ff
1791530182194,TX,MemRd,cpu0,pcie-mmcfg-mmio,0,4,0xaa4000,ff ff ff ff
1791530182194,TX,MemRd,cpu0,pcie-mmcfg-mmio,0,4,0xaa5000,ff ff ff ff
1791530182194,TX,MemRd,cpu0,pcie-mmcfg-mmio,0,4,0xaa6000,ff ff ff ff
1791530182194,TX,MemRd,cpu0,pcie-mmcfg-mmio,0,4,0xaa7000,ff ff ff ff
1791530182194,TX,MemRd,cpu0,pcie-mmcfg-mmio,0,4,0xaa8000,ff ff ff ff
1791530182194,TX,MemRd,cpu0,pcie-mmcfg-mmio,0,4,0xaa9000,ff ff ff ff
1791530182194,TX,MemRd,cpu0,pcie-mmcfg-mmio,0,4,0xaaa000,ff ff ff ff
1791530182194,TX,MemRd,cpu0,pcie-mmcfg-mmio,0,4,0xaab000,ff ff ff ff
1791530182194,TX,MemRd,cpu0,pcie-mmcfg-mmio,0,4,0xaac000,ff ff ff ff
1791530182194,TX,MemRd,cpu0,pcie-mmcfg-mmio,0,4,0xaad000,ff ff ff ff
1791530182194,TX,MemRd,cpu0,pcie-mmcfg-mmio,0,4,0xaae000,ff ff ff ff
1791530182194,TX,MemRd,cpu0,pcie-mmcfg-mmio,0,4,0xaaf000,ff ff ff ff
1791530182194,TX,MemRd,cpu0,pcie-mmcfg-mmio,0,4,0xab0000,ff ff ff ff
1791530182194,TX,MemRd,cpu0,pcie-mmcfg-mmio,0,4,0xab1000,ff ff ff ff
1791530182194,TX,MemRd,cpu0,pcie-mmcfg-mmio,0,4,0xab2000,ff ff ff ff
1791530182194,TX,MemRd,cpu0,pcie-mmcfg-mmio,0,4,0xab3000,ff ff ff ff
1791530182194,TX,MemRd,cpu0,pcie-mmcfg-mmio,0,4,0xab4000,ff ff ff ff
1791530182194,TX,MemRd,cpu0,pcie-mmcfg-mmio,0,4,0xab5000,ff ff ff ff
1791530182194,TX,MemRd,cpu0,pcie-mmcfg-mmio,0,4,0xab6000,ff ff ff ff
1791530182194,TX,MemRd,cpu0,pcie-mmcfg-mmio,0,4,0xab7000,ff ff ff ff
1791530182194,TX,MemRd,cpu0,pcie-mmcfg-mmio,0,4,0xab8000,ff ff ff ff
1791530182194,TX,MemRd,cpu0,pcie-mmcfg-mmio,0,4,0xab9000,ff ff ff ff
1791530182194,TX,MemRd,cpu0,pcie-mmcfg-mmio,0,4,0xaba000,ff ff ff ff
1791530182194,TX,MemRd,cpu0,pcie-mmcfg-mmio,0,4,0xabb000,ff ff ff ff
1791530182194,TX,MemRd,cpu0,pcie-mmcfg-mmio,0,4,0xabc000,ff ff ff ff
1791530182194,TX,MemRd,cpu0,pcie-mmcfg-mmio,0,4,0xabd000,ff ff ff ff
1791530182194,TX,MemRd,cpu0,pcie-mmcfg-mmio,0,4,0xabe000,ff ff ff ff
1791530182194,TX,MemRd,cpu0,pcie-mmcfg-mmio,0,4,0xabf000,ff ff ff ff
1791530182194,TX,MemRd,cpu0,pcie-mmcfg-mmio,0,4,0xac0000,ff ff ff ff
1791530182194,TX,MemRd,cpu0,pcie-mmcfg-mmio,0,4,0xac1000,ff ff ff ff
1791530182194,TX,MemRd,cpu0,pcie-mmcfg-mmio,0,4,0xac2000,ff ff ff ff
1791530182194,TX,MemRd,cpu0,pcie-mmcfg-mmio,0,4,0xac3000,ff ff ff ff
1791530182194,TX,MemRd,cpu0,pcie-mmcfg-mmio,0,4,0xac4000,ff ff ff ff
1791530182194,TX,MemRd,cpu0,pcie-mmcfg-mmio,0,4,0xac5000,ff ff ff ff
1791530182194,TX,MemRd,cpu0,pcie-mmcfg-mmio,0,4,0xac6000,ff ff ff ff
1791530182194,TX,MemRd,cpu0,pcie-mmcfg-mmio,0,4,0xac7000,ff ff ff ff
1791530182194,TX,MemRd,cpu0,pcie-mmcfg-mmio,0,4,0xac8000,ff ff ff ff
1791530182195,TX,MemRd,cpu0,pcie-mmcfg-mmio,0,4,0xac9000,ff ff ff ff
1791530182195,TX,MemRd,cpu0,pcie-mmcfg-mmio,0,4,0xaca000,ff ff ff ff
1791530182195,TX,MemRd,cpu0,pcie-mmcfg-mmio,0,4,0xacb000,ff ff ff ff
1791530182195,TX,MemRd,cpu0,pcie-mmcfg-mmio,0,4,0xacc000,ff ff ff ff
1791530182195,TX,MemRd,cpu0,pcie-mmcfg-mmio,0,4,0xacd000,ff ff ff ff
1791530182195,TX,MemRd,cpu0,pcie-mmcfg-mmio,0,4,0xace000,ff ff ff ff
1791530182195,TX,MemRd,cpu0,pcie-mmcfg-mmio,0,4,0xacf000,ff ff ff ff
1791530182195,TX,MemRd,cpu0,pcie-mmcfg-mmio,0,4,0xad0000,ff ff ff ff
1791530182195,TX,MemRd,cpu0,pcie-mmcfg-mmio,0,4,0xad1000,ff ff ff ff
1791530182195,TX,MemRd,cpu0,pcie-mmcfg-mmio,0,4,0xad2000,ff ff ff ff
1791530182195,TX,MemRd,cpu0,pcie-mmcfg-mmio,0,4,0xad3000,ff ff ff ff
1791530182195,TX,MemRd,cpu0,pcie-mmcfg-mmio,0,4,0xad4000,ff ff ff ff
1791530182195,TX,MemRd,cpu0,pcie-mmcfg-mmio,0,4,0xad5000,ff ff ff ff
1791530182195,TX,MemRd,cpu0,pcie-mmcfg-mmio,0,4,0xad6000,ff ff ff ff
1791530182195,TX,MemRd,cpu0,pcie-mmcfg-mmio,0,4,0xad7000,ff ff ff ff
1791530182195,TX,MemRd,cpu0,pcie-mmcfg-mmio,0,4,0xad8000,ff ff ff ff
1791530182195,TX,MemRd,cpu0,pcie-mmcfg-mmio,0,4,0xad9000,ff ff ff ff
1791530182195,TX,MemRd,cpu0,pcie-mmcfg-mmio,0,4,0xada000,ff ff ff ff
1791530182195,TX,MemRd,cpu0,pcie-mmcfg-mmio,0,4,0xadb000,ff ff ff ff
1791530182195,TX,MemRd,cpu0,pcie-mmcfg-mmio,0,4,0xadc000,ff ff ff ff
1791530182195,TX,MemRd,cpu0,pcie-mmcfg-mmio,0,4,0xadd000,ff ff ff ff
1791530182195,TX,MemRd,cpu0,pcie-mmcfg-mmio,0,4,0xade000,ff ff ff ff
1791530182195,TX,MemRd,cpu0,pcie-mmcfg-mmio,0,4,0xadf000,ff ff ff ff
1791530182195,TX,MemRd,cpu0,pcie-mmcfg-mmio,0,4,0xae0000,ff ff ff ff
1791530182195,TX,MemRd,cpu0,pcie-mmcfg-mmio,0,4,0xae1000,ff ff ff ff
1791530182195,TX,MemRd,cpu0,pcie-mmcfg-mmio,0,4,0xae2000,ff ff ff ff
1791530182195,TX,MemRd,cpu0,pcie-mmcfg-mmio,0,4,0xae3000,ff ff ff ff
1791530182195,TX,MemRd,cpu0,pcie-mmcfg-mmio,0,4,0xae4000,ff ff ff ff
1791530182195,TX,MemRd,cpu0,pcie-mmcfg-mmio,0,4,0xae5000,ff ff ff ff
1791530182195,TX,MemRd,cpu0,pcie-mmcfg-mmio,0,4,0xae6000,ff ff ff ff
1791530182195,TX,MemRd,cpu0,pcie-mmcfg-mmio,0,4,0xae7000,ff ff ff ff
1791530182195,TX,MemRd,cpu0,pcie-mmcfg-mmio,0,4,0xae8000,ff ff ff ff
1791530182195,TX,MemRd,cpu0,pcie-mmcfg-mmio,0,4,0xae9000,ff ff ff ff
1791530182195,TX,MemRd,cpu0,pcie-mmcfg-mmio,0,4,0xaea000,ff ff ff ff
1791530182195,TX,MemRd,cpu0,pcie-mmcfg-mmio,0,4,0xaeb000,ff ff ff ff
1791530182195,TX,MemRd,cpu0,pcie-mmcfg-mmio,0,4,0xaec000,ff ff ff ff
1791530182195,TX,MemRd,cpu0,pcie-mmcfg-mmio,0,4,0xaed000,ff ff ff ff
1791530182195,TX,MemRd,cpu0,pcie-mmcfg-mmio,0,4,0xaee000,ff ff ff ff
1791530182195,TX,MemRd,cpu0,pcie-mmcfg-mmio,0,4,0xaef000,ff ff ff ff
1791530182195,TX,MemRd,cpu0,pcie-mmcfg-mmio,0,4,0xaf0000,ff ff ff ff
1791530182195,TX,MemRd,cpu0,pcie-mmcfg-mmio,0,4,0xaf1000,ff ff ff ff
1791530182195,TX,MemRd,cpu0,pcie-mmcfg-mmio,0,4,0xaf2000,ff ff ff ff
1791530182195,TX,MemRd,cpu0,pcie-mmcfg-mmio,0,4,0xaf3000,ff ff ff ff
1791530182195,TX,MemRd,cpu0,pcie-mmcfg-mmio,0,4,0xaf4000,ff ff ff ff
1791530182195,TX,MemRd,cpu0,pcie-mmcfg-mmio,0,4,0xaf5000,ff ff ff ff
1791530182195,TX,MemRd,cpu0,pcie-mmcfg-mmio,0,4,0xaf6000,ff ff ff ff
1791530182195,TX,MemRd,cpu0,pcie-mmcfg-mmio,0,4,0xaf7000,ff ff ff ff
1791530182195,TX,MemRd,cpu0,pcie-mmcfg-mmio,0,4,0xaf8000,ff ff ff ff
1791530182195,TX,MemRd,cpu0,pcie-mmcfg-mmio,0,4,0xaf9000,ff ff ff ff
1791530182195,TX,MemRd,cpu0,pcie-mmcfg-mmio,0,4,0xafa000,ff ff ff ff
1791530182195,TX,MemRd,cpu0,pcie-mmcfg-mmio,0,4,0xafb000,ff ff ff ff
1791530182195,TX,MemRd,cpu0,pcie-mmcfg-mmio,0,4,0xafc000,ff ff ff ff
1791530182195,TX,MemRd,cpu0,pcie-mmcfg-mmio,0,4,0xafd000,ff ff ff ff
1791530182195,TX,MemRd,cpu0,pcie-mmcfg-mmio,0,4,0xafe000,ff ff ff ff
1791530182195,TX,MemRd,cpu0,pcie-mmcfg-mmio,0,4,0xaff000,ff ff ff ff
1791530182195,RX,CfgRd,x3130-upstream,09:00.0,0,4,0x18,09 0a ff 00
1791530182195,TX,MemRd,cpu0,pcie-mmcfg-mmio,0,4,0x900018,09 0a ff 00
1791530182195,TX,MemWr,cpu0,pcie-mmcfg-mmio,0,4,0x900018,09 0a 0c 00
1791530182195,TX,CfgWr,x3130-upstream,09:00.0,0,4,0x18,09 0a 0c 00
1791530182195,RX,CfgRd,x3130-upstream,09:00.0,0,4,0x1c,00 00 00 00
1791530182195,TX,MemRd,cpu0,pcie-mmcfg-mmio,0,4,0x90001c,00 00 00 00
1791530182195,RX,CfgRd,x3130-upstream,09:00.0,0,4,0x30,00 00 00 00
1791530182195,TX,MemRd,cpu0,pcie-mmcfg-mmio,0,4,0x900030,00 00 00 00
1791530182195,TX,MemWr,cpu0,pcie-mmcfg-mmio,0,4,0x90001c,00 00 00 00
1791530182195,TX,CfgWr,x3130-upstream,09:00.0,0,4,0x1c,00 00 00 00
1791530182195,TX,MemWr,cpu0,pcie-mmcfg-mmio,0,4,0x900030,00 00 00 00
1791530182195,TX,CfgWr,x3130-upstream,09:00.0,0,4,0x30,00 00 00 00
1791530182195,RX,CfgRd,x3130-upstream,09:00.0,0,4,0x20,30 10 00 00
1791530182195,TX,MemRd,cpu0,pcie-mmcfg-mmio,0,4,0x900020,30 10 00 00
1791530182195,TX,MemWr,cpu0,pcie-mmcfg-mmio,0,4,0x900020,30 10 2f 10
1791530182195,TX,CfgWr,x3130-upstream,09:00.0,0,4,0x20,30 10 2f 10
1791530182195,RX,CfgRd,x3130-upstream,09:00.0,0,4,0x24,41 00 01 00
1791530182195,TX,MemRd,cpu0,pcie-mmcfg-mmio,0,4,0x900024,41 00 01 00
1791530182195,TX,MemWr,cpu0,pcie-mmcfg-mmio,0,4,0x900024,41 00 5f 00
1791530182195,TX,CfgWr,x3130-upstream,09:00.0,0,4,0x24,41 00 5f 00
1791530182195,TX,MemWr,cpu0,pcie-mmcfg-mmio,0,4,0x90002c,80 00 00 00
1791530182195,TX,CfgWr,x3130-upstream,09:00.0,0,4,0x2c,80 00 00 00
1791530182195,TX,MemRd,cpu0,pcie-mmcfg-mmio,0,4,0x908000,ff ff ff ff
1791530182195,TX,MemRd,cpu0,pcie-mmcfg-mmio,0,4,0x909000,ff ff ff ff
1791530182195,TX,MemRd,cpu0,pcie-mmcfg-mmio,0,4,0x90a000,ff ff ff ff
1791530182195,TX,MemRd,cpu0,pcie-mmcfg-mmio,0,4,0x90b000,ff ff ff ff
1791530182195,TX,MemRd,cpu0,pcie-mmcfg-mmio,0,4,0x90c000,ff ff ff ff
1791530182195,TX,MemRd,cpu0,pcie-mmcfg-mmio,0,4,0x90d000,ff ff ff ff
1791530182195,TX,MemRd,cpu0,pcie-mmcfg-mmio,0,4,0x90e000,ff ff ff ff
1791530182195,TX,MemRd,cpu0,pcie-mmcfg-mmio,0,4,0x90f000,ff ff ff ff
1791530182195,TX,MemRd,cpu0,pcie-mmcfg-mmio,0,4,0x910000,ff ff ff ff
1791530182195,TX,MemRd,cpu0,pcie-mmcfg-mmio,0,4,0x911000,ff ff ff ff
1791530182195,TX,MemRd,cpu0,pcie-mmcfg-mmio,0,4,0x912000,ff ff ff ff
1791530182195,TX,MemRd,cpu0,pcie-mmcfg-mmio,0,4,0x913000,ff ff ff ff
1791530182195,TX,MemRd,cpu0,pcie-mmcfg-mmio,0,4,0x914000,ff ff ff ff
1791530182195,TX,MemRd,cpu0,pcie-mmcfg-mmio,0,4,0x915000,ff ff ff ff
1791530182195,TX,MemRd,cpu0,pcie-mmcfg-mmio,0,4,0x916000,ff ff ff ff
1791530182195,TX,MemRd,cpu0,pcie-mmcfg-mmio,0,4,0x917000,ff ff ff ff
1791530182195,TX,MemRd,cpu0,pcie-mmcfg-mmio,0,4,0x918000,ff ff ff ff
1791530182195,TX,MemRd,cpu0,pcie-mmcfg-mmio,0,4,0x919000,ff ff ff ff
1791530182195,TX,MemRd,cpu0,pcie-mmcfg-mmio,0,4,0x91a000,ff ff ff ff
1791530182195,TX,MemRd,cpu0,pcie-mmcfg-mmio,0,4,0x91b000,ff ff ff ff
1791530182195,TX,MemRd,cpu0,pcie-mmcfg-mmio,0,4,0x91c000,ff ff ff ff
1791530182195,TX,MemRd,cpu0,pcie-mmcfg-mmio,0,4,0x91d000,ff ff ff ff
1791530182195,TX,MemRd,cpu0,pcie-mmcfg-mmio,0,4,0x91e000,ff ff ff ff
1791530182195,TX,MemRd,cpu0,pcie-mmcfg-mmio,0,4,0x91f000,ff ff ff ff
1791530182195,TX,MemRd,cpu0,pcie-mmcfg-mmio,0,4,0x920000,ff ff ff ff
1791530182195,TX,MemRd,cpu0,pcie-mmcfg-mmio,0,4,0x921000,ff ff ff ff
1791530182195,TX,MemRd,cpu0,pcie-mmcfg-mmio,0,4,0x922000,ff ff ff ff
1791530182195,TX,MemRd,cpu0,pcie-mmcfg-mmio,0,4,0x923000,ff ff ff ff
1791530182195,TX,MemRd,cpu0,pcie-mmcfg-mmio,0,4,0x924000,ff ff ff ff
1791530182195,TX,MemRd,cpu0,pcie-mmcfg-mmio,0,4,0x925000,ff ff ff ff
1791530182195,TX,MemRd,cpu0,pcie-mmcfg-mmio,0,4,0x926000,ff ff ff ff
1791530182195,TX,MemRd,cpu0,pcie-mmcfg-mmio,0,4,0x927000,ff ff ff ff
1791530182195,TX,MemRd,cpu0,pcie-mmcfg-mmio,0,4,0x928000,ff ff ff ff
1791530182195,TX,MemRd,cpu0,pcie-mmcfg-mmio,0,4,0x929000,ff ff ff ff
1791530182195,TX,MemRd,cpu0,pcie-mmcfg-mmio,0,4,0x92a000,ff ff ff ff
1791530182195,TX,MemRd,cpu0,pcie-mmcfg-mmio,0,4,0x92b000,ff ff ff ff
1791530182195,TX,MemRd,cpu0,pcie-mmcfg-mmio,0,4,0x92c000,ff ff ff ff
1791530182195,TX,MemRd,cpu0,pcie-mmcfg-mmio,0,4,0x92d000,ff ff ff ff
1791530182195,TX,MemRd,cpu0,pcie-mmcfg-mmio,0,4,0x92e000,ff ff ff ff
1791530182195,TX,MemRd,cpu0,pcie-mmcfg-mmio,0,4,0x92f000,ff ff ff ff
1791530182195,TX,MemRd,cpu0,pcie-mmcfg-mmio,0,4,0x930000,ff ff ff ff
1791530182195,TX,MemRd,cpu0,pcie-mmcfg-mmio,0,4,0x931000,ff ff ff ff
1791530182195,TX,MemRd,cpu0,pcie-mmcfg-mmio,0,4,0x932000,ff ff ff ff
1791530182195,TX,MemRd,cpu0,pcie-mmcfg-mmio,0,4,0x933000,ff ff ff ff
1791530182195,TX,MemRd,cpu0,pcie-mmcfg-mmio,0,4,0x934000,ff ff ff ff
1791530182195,TX,MemRd,cpu0,pcie-mmcfg-mmio,0,4,0x935000,ff ff ff ff
1791530182195,TX,MemRd,cpu0,pcie-mmcfg-mmio,0,4,0x936000,ff ff ff ff
1791530182195,TX,MemRd,cpu0,pcie-mmcfg-mmio,0,4,0x937000,ff ff ff ff
1791530182195,TX,MemRd,cpu0,pcie-mmcfg-mmio,0,4,0x938000,ff ff ff ff
1791530182195,TX,MemRd,cpu0,pcie-mmcfg-mmio,0,4,0x939000,ff ff ff ff
1791530182195,TX,MemRd,cpu0,pcie-mmcfg-mmio,0,4,0x93a000,ff ff ff ff
1791530182195,TX,MemRd,cpu0,pcie-mmcfg-mmio,0,4,0x93b000,ff ff ff ff
1791530182195,TX,MemRd,cpu0,pcie-mmcfg-mmio,0,4,0x93c000,ff ff ff ff
1791530182195,TX,MemRd,cpu0,pcie-mmcfg-mmio,0,4,0x93d000,ff ff ff ff
1791530182195,TX,MemRd,cpu0,pcie-mmcfg-mmio,0,4,0x93e000,ff ff ff ff
1791530182196,TX,MemRd,cpu0,pcie-mmcfg-mmio,0,4,0x93f000,ff ff ff ff
1791530182196,TX,MemRd,cpu0,pcie-mmcfg-mmio,0,4,0x940000,ff ff ff ff
1791530182196,TX,MemRd,cpu0,pcie-mmcfg-mmio,0,4,0x941000,ff ff ff ff
1791530182196,TX,MemRd,cpu0,pcie-mmcfg-mmio,0,4,0x942000,ff ff ff ff
1791530182196,TX,MemRd,cpu0,pcie-mmcfg-mmio,0,4,0x943000,ff ff ff ff
1791530182196,TX,MemRd,cpu0,pcie-mmcfg-mmio,0,4,0x944000,ff ff ff ff
1791530182196,TX,MemRd,cpu0,pcie-mmcfg-mmio,0,4,0x945000,ff ff ff ff
1791530182196,TX,MemRd,cpu0,pcie-mmcfg-mmio,0,4,0x946000,ff ff ff ff
1791530182196,TX,MemRd,cpu0,pcie-mmcfg-mmio,0,4,0x947000,ff ff ff ff
1791530182196,TX,MemRd,cpu0,pcie-mmcfg-mmio,0,4,0x948000,ff ff ff ff
1791530182196,TX,MemRd,cpu0,pcie-mmcfg-mmio,0,4,0x949000,ff ff ff ff
1791530182196,TX,MemRd,cpu0,pcie-mmcfg-mmio,0,4,0x94a000,ff ff ff ff
1791530182196,TX,MemRd,cpu0,pcie-mmcfg-mmio,0,4,0x94b000,ff ff ff ff
1791530182196,TX,MemRd,cpu0,pcie-mmcfg-mmio,0,4,0x94c000,ff ff ff ff
1791530182196,TX,MemRd,cpu0,pcie-mmcfg-mmio,0,4,0x94d000,ff ff ff ff
1791530182196,TX,MemRd,cpu0,pcie-mmcfg-mmio,0,4,0x94e000,ff ff ff ff
1791530182196,TX,MemRd,cpu0,pcie-mmcfg-mmio,0,4,0x94f000,ff ff ff ff
1791530182196,TX,MemRd,cpu0,pcie-mmcfg-mmio,0,4,0x950000,ff ff ff ff
1791530182196,TX,MemRd,cpu0,pcie-mmcfg-mmio,0,4,0x951000,ff ff ff ff
1791530182196,TX,MemRd,cpu0,pcie-mmcfg-mmio,0,4,0x952000,ff ff ff ff
1791530182196,TX,MemRd,cpu0,pcie-mmcfg-mmio,0,4,0x953000,ff ff ff ff
1791530182196,TX,MemRd,cpu0,pcie-mmcfg-mmio,0,4,0x954000,ff ff ff ff
1791530182196,TX,MemRd,cpu0,pcie-mmcfg-mmio,0,4,0x955000,ff ff ff ff
1791530182196,TX,MemRd,cpu0,pcie-mmcfg-mmio,0,4,0x956000,ff ff ff ff
1791530182196,TX,MemRd,cpu0,pcie-mmcfg-mmio,0,4,0x957000,ff ff ff ff
1791530182196,TX,MemRd,cpu0,pcie-mmcfg-mmio,0,4,0x958000,ff ff ff ff
1791530182196,TX,MemRd,cpu0,pcie-mmcfg-mmio,0,4,0x959000,ff ff ff ff
1791530182196,TX,MemRd,cpu0,pcie-mmcfg-mmio,0,4,0x95a000,ff ff ff ff
1791530182196,TX,MemRd,cpu0,pcie-mmcfg-mmio,0,4,0x95b000,ff ff ff ff
1791530182196,TX,MemRd,cpu0,pcie-mmcfg-mmio,0,4,0x95c000,ff ff ff ff
1791530182196,TX,MemRd,cpu0,pcie-mmcfg-mmio,0,4,0x95d000,ff ff ff ff
1791530182196,TX,MemRd,cpu0,pcie-mmcfg-mmio,0,4,0x95e000,ff ff ff ff
1791530182196,TX,MemRd,cpu0,pcie-mmcfg-mmio,0,4,0x95f000,ff ff ff ff
1791530182196,TX,MemRd,cpu0,pcie-mmcfg-mmio,0,4,0x960000,ff ff ff ff
1791530182196,TX,MemRd,cpu0,pcie-mmcfg-mmio,0,4,0x961000,ff ff ff ff
1791530182196,TX,MemRd,cpu0,pcie-mmcfg-mmio,0,4,0x962000,ff ff ff ff
1791530182196,TX,MemRd,cpu0,pcie-mmcfg-mmio,0,4,0x963000,ff ff ff ff
1791530182196,TX,MemRd,cpu0,pcie-mmcfg-mmio,0,4,0x964000,ff ff ff ff
1791530182196,TX,MemRd,cpu0,pcie-mmcfg-mmio,0,4,0x965000,ff ff ff ff
1791530182196,TX,MemRd,cpu0,pcie-mmcfg-mmio,0,4,0x966000,ff ff ff ff
1791530182196,TX,MemRd,cpu0,pcie-mmcfg-mmio,0,4,0x967000,ff ff ff ff
1791530182196,TX,MemRd,cpu0,pcie-mmcfg-mmio,0,4,0x968000,ff ff ff ff
1791530182196,TX,MemRd,cpu0,pcie-mmcfg-mmio,0,4,0x969000,ff ff ff ff
1791530182196,TX,MemRd,cpu0,pcie-mmcfg-mmio,0,4,0x96a000,ff ff ff ff
1791530182196,TX,MemRd,cpu0,pcie-mmcfg-mmio,0,4,0x96b000,ff ff ff ff
1791530182196,TX,MemRd,cpu0,pcie-mmcfg-mmio,0,4,0x96c000,ff ff ff ff
1791530182196,TX,MemRd,cpu0,pcie-mmcfg-mmio,0,4,0x96d000,ff ff ff ff
1791530182196,TX,MemRd,cpu0,pcie-mmcfg-mmio,0,4,0x96e000,ff ff ff ff
1791530182196,TX,MemRd,cpu0,pcie-mmcfg-mmio,0,4,0x96f000,ff ff ff ff
1791530182196,TX,MemRd,cpu0,pcie-mmcfg-mmio,0,4,0x970000,ff ff ff ff
1791530182196,TX,MemRd,cpu0,pcie-mmcfg-mmio,0,4,0x971000,ff ff ff ff
1791530182196,TX,MemRd,cpu0,pcie-mmcfg-mmio,0,4,0x972000,ff ff ff ff
1791530182196,TX,MemRd,cpu0,pcie-mmcfg-mmio,0,4,0x973000,ff ff ff ff
1791530182196,TX,MemRd,cpu0,pcie-mmcfg-mmio,0,4,0x974000,ff ff ff ff
1791530182196,TX,MemRd,cpu0,pcie-mmcfg-mmio,0,4,0x975000,ff ff ff ff
1791530182196,TX,MemRd,cpu0,pcie-mmcfg-mmio,0,4,0x976000,ff ff ff ff
1791530182196,TX,MemRd,cpu0,pcie-mmcfg-mmio,0,4,0x977000,ff ff ff ff
1791530182196,TX,MemRd,cpu0,pcie-mmcfg-mmio,0,4,0x978000,ff ff ff ff
1791530182196,TX,MemRd,cpu0,pcie-mmcfg-mmio,0,4,0x979000,ff ff ff ff
1791530182196,TX,MemRd,cpu0,pcie-mmcfg-mmio,0,4,0x97a000,ff ff ff ff
1791530182196,TX,MemRd,cpu0,pcie-mmcfg-mmio,0,4,0x97b000,ff ff ff ff
1791530182196,TX,MemRd,cpu0,pcie-mmcfg-mmio,0,4,0x97c000,ff ff ff ff
1791530182196,TX,MemRd,cpu0,pcie-mmcfg-mmio,0,4,0x97d000,ff ff ff ff
1791530182196,TX,MemRd,cpu0,pcie-mmcfg-mmio,0,4,0x97e000,ff ff ff ff
1791530182196,TX,MemRd,cpu0,pcie-mmcfg-mmio,0,4,0x97f000,ff ff ff ff
1791530182196,TX,MemRd,cpu0,pcie-mmcfg-mmio,0,4,0x980000,ff ff ff ff
1791530182196,TX,MemRd,cpu0,pcie-mmcfg-mmio,0,4,0x981000,ff ff ff ff
1791530182196,TX,MemRd,cpu0,pcie-mmcfg-mmio,0,4,0x982000,ff ff ff ff
1791530182196,TX,MemRd,cpu0,pcie-mmcfg-mmio,0,4,0x983000,ff ff ff ff
1791530182196,TX,MemRd,cpu0,pcie-mmcfg-mmio,0,4,0x984000,ff ff ff ff
1791530182196,TX,MemRd,cpu0,pcie-mmcfg-mmio,0,4,0x985000,ff ff ff ff
1791530182196,TX,MemRd,cpu0,pcie-mmcfg-mmio,0,4,0x986000,ff ff ff ff
1791530182196,TX,MemRd,cpu0,pcie-mmcfg-mmio,0,4,0x987000,ff ff ff ff
1791530182196,TX,MemRd,cpu0,pcie-mmcfg-mmio,0,4,0x988000,ff ff ff ff
1791530182196,TX,MemRd,cpu0,pcie-mmcfg-mmio,0,4,0x989000,ff ff ff ff
1791530182196,TX,MemRd,cpu0,pcie-mmcfg-mmio,0,4,0x98a000,ff ff ff ff
1791530182196,TX,MemRd,cpu0,pcie-mmcfg-mmio,0,4,0x98b000,ff ff ff ff
1791530182196,TX,MemRd,cpu0,pcie-mmcfg-mmio,0,4,0x98c000,ff ff ff ff
1791530182196,TX,MemRd,cpu0,pcie-mmcfg-mmio,0,4,0x98d000,ff ff ff ff
1791530182196,TX,MemRd,cpu0,pcie-mmcfg-mmio,0,4,0x98e000,ff ff ff ff
1791530182196,TX,MemRd,cpu0,pcie-mmcfg-mmio,0,4,0x98f000,ff ff ff ff
1791530182196,TX,MemRd,cpu0,pcie-mmcfg-mmio,0,4,0x990000,ff ff ff ff
1791530182196,TX,MemRd,cpu0,pcie-mmcfg-mmio,0,4,0x991000,ff ff ff ff
1791530182196,TX,MemRd,cpu0,pcie-mmcfg-mmio,0,4,0x992000,ff ff ff ff
1791530182196,TX,MemRd,cpu0,pcie-mmcfg-mmio,0,4,0x993000,ff ff ff ff
1791530182196,TX,MemRd,cpu0,pcie-mmcfg-mmio,0,4,0x994000,ff ff ff ff
1791530182196,TX,MemRd,cpu0,pcie-mmcfg-mmio,0,4,0x995000,ff ff ff ff
1791530182196,TX,MemRd,cpu0,pcie-mmcfg-mmio,0,4,0x996000,ff ff ff ff
1791530182196,TX,MemRd,cpu0,pcie-mmcfg-mmio,0,4,0x997000,ff ff ff ff
1791530182196,TX,MemRd,cpu0,pcie-mmcfg-mmio,0,4,0x998000,ff ff ff ff
1791530182196,TX,MemRd,cpu0,pcie-mmcfg-mmio,0,4,0x999000,ff ff ff ff
1791530182196,TX,MemRd,cpu0,pcie-mmcfg-mmio,0,4,0x99a000,ff ff ff ff
1791530182196,TX,MemRd,cpu0,pcie-mmcfg-mmio,0,4,0x99b000,ff ff ff ff
1791530182196,TX,MemRd,cpu0,pcie-mmcfg-mmio,0,4,0x99c000,ff ff ff ff
1791530182196,TX,MemRd,cpu0,pcie-mmcfg-mmio,0,4,0x99d000,ff ff ff ff
1791530182196,TX,MemRd,cpu0,pcie-mmcfg-mmio,0,4,0x99e000,ff ff ff ff
1791530182196,TX,MemRd,cpu0,pcie-mmcfg-mmio,0,4,0x99f000,ff ff ff ff
1791530182196,TX,MemRd,cpu0,pcie-mmcfg-mmio,0,4,0x9a0000,ff ff ff ff
1791530182196,TX,MemRd,cpu0,pcie-mmcfg-mmio,0,4,0x9a1000,ff ff ff ff
1791530182196,TX,MemRd,cpu0,pcie-mmcfg-mmio,0,4,0x9a2000,ff ff ff ff
1791530182196,TX,MemRd,cpu0,pcie-mmcfg-mmio,0,4,0x9a3000,ff ff ff ff
1791530182196,TX,MemRd,cpu0,pcie-mmcfg-mmio,0,4,0x9a4000,ff ff ff ff
1791530182196,TX,MemRd,cpu0,pcie-mmcfg-mmio,0,4,0x9a5000,ff ff ff ff
1791530182196,TX,MemRd,cpu0,pcie-mmcfg-mmio,0,4,0x9a6000,ff ff ff ff
1791530182196,TX,MemRd,cpu0,pcie-mmcfg-mmio,0,4,0x9a7000,ff ff ff ff
1791530182196,TX,MemRd,cpu0,pcie-mmcfg-mmio,0,4,0x9a8000,ff ff ff ff
1791530182196,TX,MemRd,cpu0,pcie-mmcfg-mmio,0,4,0x9a9000,ff ff ff ff
1791530182196,TX,MemRd,cpu0,pcie-mmcfg-mmio,0,4,0x9aa000,ff ff ff ff
1791530182196,TX,MemRd,cpu0,pcie-mmcfg-mmio,0,4,0x9ab000,ff ff ff ff
1791530182196,TX,MemRd,cpu0,pcie-mmcfg-mmio,0,4,0x9ac000,ff ff ff ff
1791530182196,TX,MemRd,cpu0,pcie-mmcfg-mmio,0,4,0x9ad000,ff ff ff ff
1791530182196,TX,MemRd,cpu0,pcie-mmcfg-mmio,0,4,0x9ae000,ff ff ff ff
1791530182196,TX,MemRd,cpu0,pcie-mmcfg-mmio,0,4,0x9af000,ff ff ff ff
1791530182196,TX,MemRd,cpu0,pcie-mmcfg-mmio,0,4,0x9b0000,ff ff ff ff
1791530182196,TX,MemRd,cpu0,pcie-mmcfg-mmio,0,4,0x9b1000,ff ff ff ff
1791530182196,TX,MemRd,cpu0,pcie-mmcfg-mmio,0,4,0x9b2000,ff ff ff ff
1791530182196,TX,MemRd,cpu0,pcie-mmcfg-mmio,0,4,0x9b3000,ff ff ff ff
1791530182196,TX,MemRd,cpu0,pcie-mmcfg-mmio,0,4,0x9b4000,ff ff ff ff
1791530182196,TX,MemRd,cpu0,pcie-mmcfg-mmio,0,4,0x9b5000,ff ff ff ff
1791530182196,TX,MemRd,cpu0,pcie-mmcfg-mmio,0,4,0x9b6000,ff ff ff ff
1791530182196,TX,MemRd,cpu0,pcie-mmcfg-mmio,0,4,0x9b7000,ff ff ff ff
1791530182196,TX,MemRd,cpu0,pcie-mmcfg-mmio,0,4,0x9b8000,ff ff ff ff
1791530182196,TX,MemRd,cpu0,pcie-mmcfg-mmio,0,4,0x9b9000,ff ff ff ff
1791530182196,TX,MemRd,cpu0,pcie-mmcfg-mmio,0,4,0x9ba000,ff ff ff ff
1791530182196,TX,MemRd,cpu0,pcie-mmcfg-mmio,0,4,0x9bb000,ff ff ff ff
1791530182196,TX,MemRd,cpu0,pcie-mmcfg-mmio,0,4,0x9bc000,ff ff ff ff
1791530182196,TX,MemRd,cpu0,pcie-mmcfg-mmio,0,4,0x9bd000,ff ff ff ff
1791530182196,TX,MemRd,cpu0,pcie-mmcfg-mmio,0,4,0x9be000,ff ff ff ff
1791530182196,TX,MemRd,cpu0,pcie-mmcfg-mmio,0,4,0x9bf000,ff ff ff ff
1791530182196,TX,MemRd,cpu0,pcie-mmcfg-mmio,0,4,0x9c0000,ff ff ff ff
1791530182196,TX,MemRd,cpu0,pcie-mmcfg-mmio,0,4,0x9c1000,ff ff ff ff
1791530182196,TX,MemRd,cpu0,pcie-mmcfg-mmio,0,4,0x9c2000,ff ff ff ff
1791530182196,TX,MemRd,cpu0,pcie-mmcfg-mmio,0,4,0x9c3000,ff ff ff ff
1791530182196,TX,MemRd,cpu0,pcie-mmcfg-mmio,0,4,0x9c4000,ff ff ff ff
1791530182196,TX,MemRd,cpu0,pcie-mmcfg-mmio,0,4,0x9c5000,ff ff ff ff
1791530182196,TX,MemRd,cpu0,pcie-mmcfg-mmio,0,4,0x9c6000,ff ff ff ff
1791530182196,TX,MemRd,cpu0,pcie-mmcfg-mmio,0,4,0x9c7000,ff ff ff ff
1791530182196,TX,MemRd,cpu0,pcie-mmcfg-mmio,0,4,0x9c8000,ff ff ff ff
1791530182196,TX,MemRd,cpu0,pcie-mmcfg-mmio,0,4,0x9c9000,ff ff ff ff
1791530182196,TX,MemRd,cpu0,pcie-mmcfg-mmio,0,4,0x9ca000,ff ff ff ff
1791530182196,TX,MemRd,cpu0,pcie-mmcfg-mmio,0,4,0x9cb000,ff ff ff ff
1791530182196,TX,MemRd,cpu0,pcie-mmcfg-mmio,0,4,0x9cc000,ff ff ff ff
1791530182197,TX,MemRd,cpu0,pcie-mmcfg-mmio,0,4,0x9cd000,ff ff ff ff
1791530182197,TX,MemRd,cpu0,pcie-mmcfg-mmio,0,4,0x9ce000,ff ff ff ff
1791530182197,TX,MemRd,cpu0,pcie-mmcfg-mmio,0,4,0x9cf000,ff ff ff ff
1791530182197,TX,MemRd,cpu0,pcie-mmcfg-mmio,0,4,0x9d0000,ff ff ff ff
1791530182197,TX,MemRd,cpu0,pcie-mmcfg-mmio,0,4,0x9d1000,ff ff ff ff
1791530182197,TX,MemRd,cpu0,pcie-mmcfg-mmio,0,4,0x9d2000,ff ff ff ff
1791530182197,TX,MemRd,cpu0,pcie-mmcfg-mmio,0,4,0x9d3000,ff ff ff ff
1791530182197,TX,MemRd,cpu0,pcie-mmcfg-mmio,0,4,0x9d4000,ff ff ff ff
1791530182197,TX,MemRd,cpu0,pcie-mmcfg-mmio,0,4,0x9d5000,ff ff ff ff
1791530182197,TX,MemRd,cpu0,pcie-mmcfg-mmio,0,4,0x9d6000,ff ff ff ff
1791530182197,TX,MemRd,cpu0,pcie-mmcfg-mmio,0,4,0x9d7000,ff ff ff ff
1791530182197,TX,MemRd,cpu0,pcie-mmcfg-mmio,0,4,0x9d8000,ff ff ff ff
1791530182197,TX,MemRd,cpu0,pcie-mmcfg-mmio,0,4,0x9d9000,ff ff ff ff
1791530182197,TX,MemRd,cpu0,pcie-mmcfg-mmio,0,4,0x9da000,ff ff ff ff
1791530182197,TX,MemRd,cpu0,pcie-mmcfg-mmio,0,4,0x9db000,ff ff ff ff
1791530182197,TX,MemRd,cpu0,pcie-mmcfg-mmio,0,4,0x9dc000,ff ff ff ff
1791530182197,TX,MemRd,cpu0,pcie-mmcfg-mmio,0,4,0x9dd000,ff ff ff ff
1791530182197,TX,MemRd,cpu0,pcie-mmcfg-mmio,0,4,0x9de000,ff ff ff ff
1791530182197,TX,MemRd,cpu0,pcie-mmcfg-mmio,0,4,0x9df000,ff ff ff ff
1791530182197,TX,MemRd,cpu0,pcie-mmcfg-mmio,0,4,0x9e0000,ff ff ff ff
1791530182197,TX,MemRd,cpu0,pcie-mmcfg-mmio,0,4,0x9e1000,ff ff ff ff
1791530182197,TX,MemRd,cpu0,pcie-mmcfg-mmio,0,4,0x9e2000,ff ff ff ff
1791530182197,TX,MemRd,cpu0,pcie-mmcfg-mmio,0,4,0x9e3000,ff ff ff ff
1791530182197,TX,MemRd,cpu0,pcie-mmcfg-mmio,0,4,0x9e4000,ff ff ff ff
1791530182197,TX,MemRd,cpu0,pcie-mmcfg-mmio,0,4,0x9e5000,ff ff ff ff
1791530182197,TX,MemRd,cpu0,pcie-mmcfg-mmio,0,4,0x9e6000,ff ff ff ff
1791530182197,TX,MemRd,cpu0,pcie-mmcfg-mmio,0,4,0x9e7000,ff ff ff ff
1791530182197,TX,MemRd,cpu0,pcie-mmcfg-mmio,0,4,0x9e8000,ff ff ff ff
1791530182197,TX,MemRd,cpu0,pcie-mmcfg-mmio,0,4,0x9e9000,ff ff ff ff
1791530182197,TX,MemRd,cpu0,pcie-mmcfg-mmio,0,4,0x9ea000,ff ff ff ff
1791530182197,TX,MemRd,cpu0,pcie-mmcfg-mmio,0,4,0x9eb000,ff ff ff ff
1791530182197,TX,MemRd,cpu0,pcie-mmcfg-mmio,0,4,0x9ec000,ff ff ff ff
1791530182197,TX,MemRd,cpu0,pcie-mmcfg-mmio,0,4,0x9ed000,ff ff ff ff
1791530182197,TX,MemRd,cpu0,pcie-mmcfg-mmio,0,4,0x9ee000,ff ff ff ff
1791530182197,TX,MemRd,cpu0,pcie-mmcfg-mmio,0,4,0x9ef000,ff ff ff ff
1791530182197,TX,MemRd,cpu0,pcie-mmcfg-mmio,0,4,0x9f0000,ff ff ff ff
1791530182197,TX,MemRd,cpu0,pcie-mmcfg-mmio,0,4,0x9f1000,ff ff ff ff
1791530182197,TX,MemRd,cpu0,pcie-mmcfg-mmio,0,4,0x9f2000,ff ff ff ff
1791530182197,TX,MemRd,cpu0,pcie-mmcfg-mmio,0,4,0x9f3000,ff ff ff ff
1791530182197,TX,MemRd,cpu0,pcie-mmcfg-mmio,0,4,0x9f4000,ff ff ff ff
1791530182197,TX,MemRd,cpu0,pcie-mmcfg-mmio,0,4,0x9f5000,ff ff ff ff
1791530182197,TX,MemRd,cpu0,pcie-mmcfg-mmio,0,4,0x9f6000,ff ff ff ff
1791530182197,TX,MemRd,cpu0,pcie-mmcfg-mmio,0,4,0x9f7000,ff ff ff ff
1791530182197,TX,MemRd,cpu0,pcie-mmcfg-mmio,0,4,0x9f8000,ff ff ff ff
1791530182197,TX,MemRd,cpu0,pcie-mmcfg-mmio,0,4,0x9f9000,ff ff ff ff
1791530182197,TX,MemRd,cpu0,pcie-mmcfg-mmio,0,4,0x9fa000,ff ff ff ff
1791530182197,TX,MemRd,cpu0,pcie-mmcfg-mmio,0,4,0x9fb000,ff ff ff ff
1791530182197,TX,MemRd,cpu0,pcie-mmcfg-mmio,0,4,0x9fc000,ff ff ff ff
1791530182197,TX,MemRd,cpu0,pcie-mmcfg-mmio,0,4,0x9fd000,ff ff ff ff
1791530182197,TX,MemRd,cpu0,pcie-mmcfg-mmio,0,4,0x9fe000,ff ff ff ff
1791530182197,TX,MemRd,cpu0,pcie-mmcfg-mmio,0,4,0x9ff000,ff ff ff ff
1791530182197,RX,CfgRd,pcie-root-port,00:01.2,0,4,0x18,00 09 ff 00
1791530182197,TX,MemRd,cpu0,pcie-mmcfg-mmio,0,4,0xa018,00 09 ff 00
1791530182197,TX,MemWr,cpu0,pcie-mmcfg-mmio,0,4,0xa018,00 09 0c 00
1791530182197,TX,CfgWr,pcie-root-port,00:01.2,0,4,0x18,00 09 0c 00
1791530182197,RX,CfgRd,pcie-root-port,00:01.2,0,4,0x1c,f0 00 00 00
1791530182197,TX,MemRd,cpu0,pcie-mmcfg-mmio,0,4,0xa01c,f0 00 00 00
1791530182197,RX,CfgRd,pcie-root-port,00:01.2,0,4,0x30,00 00 00 00
1791530182197,TX,MemRd,cpu0,pcie-mmcfg-mmio,0,4,0xa030,00 00 00 00
1791530182197,TX,MemWr,cpu0,pcie-mmcfg-mmio,0,4,0xa01c,f0 00 00 00
1791530182197,TX,CfgWr,pcie-root-port,00:01.2,0,4,0x1c,f0 00 00 00
1791530182197,TX,MemWr,cpu0,pcie-mmcfg-mmio,0,4,0xa030,00 00 00 00
1791530182197,TX,CfgWr,pcie-root-port,00:01.2,0,4,0x30,00 00 00 00
1791530182197,RX,CfgRd,pcie-root-port,00:01.2,0,4,0x20,30 10 00 00
1791530182197,TX,MemRd,cpu0,pcie-mmcfg-mmio,0,4,0xa020,30 10 00 00
1791530182197,TX,MemWr,cpu0,pcie-mmcfg-mmio,0,4,0xa020,30 10 2f 10
1791530182197,TX,CfgWr,pcie-root-port,00:01.2,0,4,0x20,30 10 2f 10
1791530182197,RX,CfgRd,pcie-root-port,00:01.2,0,4,0x24,41 00 01 00
1791530182197,TX,MemRd,cpu0,pcie-mmcfg-mmio,0,4,0xa024,41 00 01 00
1791530182197,TX,MemWr,cpu0,pcie-mmcfg-mmio,0,4,0xa024,41 00 5f 00
1791530182197,TX,CfgWr,pcie-root-port,00:01.2,0,4,0x24,41 00 5f 00
1791530182197,TX,MemWr,cpu0,pcie-mmcfg-mmio,0,4,0xa02c,80 00 00 00
1791530182197,TX,CfgWr,pcie-root-port,00:01.2,0,4,0x2c,80 00 00 00
1791530182197,RX,CfgRd,pcie-root-port,00:01.3,0,4,0x0,36 1b 0c 00
1791530182197,TX,MemRd,cpu0,pcie-mmcfg-mmio,0,4,0xb000,36 1b 0c 00
1791530182197,RX,CfgRd,pcie-root-port,00:01.3,0,4,0x8,00 00 04 06
1791530182197,TX,MemRd,cpu0,pcie-mmcfg-mmio,0,4,0xb008,00 00 04 06
1791530182197,RX,CfgRd,pcie-root-port,00:01.3,0,4,0xc,00 00 01 00
1791530182197,TX,MemRd,cpu0,pcie-mmcfg-mmio,0,4,0xb00c,00 00 01 00
1791530182197,RX,CfgRd,pcie-root-port,00:01.3,0,4,0x8,00 00 04 06
1791530182197,TX,MemRd,cpu0,pcie-mmcfg-mmio,0,4,0xb008,00 00 04 06
1791530182197,RX,CfgRd,pcie-root-port,00:01.3,0,4,0x18,00 00 00 00
1791530182197,TX,MemRd,cpu0,pcie-mmcfg-mmio,0,4,0xb018,00 00 00 00
1791530182197,RX,CfgRd,pcie-root-port,00:01.3,0,4,0x10,00 00 00 00
1791530182197,TX,MemRd,cpu0,pcie-mmcfg-mmio,0,4,0xb010,00 00 00 00
1791530182197,TX,MemWr,cpu0,pcie-mmcfg-mmio,0,4,0xb010,ff ff ff ff
1791530182197,TX,CfgWr,pcie-root-port,00:01.3,0,4,0x10,ff ff ff ff
1791530182197,RX,CfgRd,pcie-root-port,00:01.3,0,4,0x10,00 f0 ff ff
1791530182197,TX,MemRd,cpu0,pcie-mmcfg-mmio,0,4,0xb010,00 f0 ff ff
1791530182197,TX,MemWr,cpu0,pcie-mmcfg-mmio,0,4,0xb010,00 00 00 00
1791530182197,TX,CfgWr,pcie-root-port,00:01.3,0,4,0x10,00 00 00 00
1791530182197,TX,MemWr,cpu0,pcie-mmcfg-mmio,0,4,0xb010,00 00 30 10
1791530182197,TX,CfgWr,pcie-root-port,00:01.3,0,4,0x10,00 00 30 10
1791530182197,RX,CfgRd,pcie-root-port,00:01.3,0,4,0x14,00 00 00 00
1791530182197,TX,MemRd,cpu0,pcie-mmcfg-mmio,0,4,0xb014,00 00 00 00
1791530182197,TX,MemWr,cpu0,pcie-mmcfg-mmio,0,4,0xb014,ff ff ff ff
1791530182197,TX,CfgWr,pcie-root-port,00:01.3,0,4,0x14,ff ff ff ff
1791530182197,RX,CfgRd,pcie-root-port,00:01.3,0,4,0x14,00 00 00 00
1791530182197,TX,MemRd,cpu0,pcie-mmcfg-mmio,0,4,0xb014,00 00 00 00
1791530182197,TX,MemWr,cpu0,pcie-mmcfg-mmio,0,4,0xb014,00 00 00 00
1791530182197,TX,CfgWr,pcie-root-port,00:01.3,0,4,0x14,00 00 00 00
1791530182197,TX,MemWr,cpu0,pcie-mmcfg-mmio,0,4,0xb018,00 0d ff 00
1791530182197,TX,CfgWr,pcie-root-port,00:01.3,0,4,0x18,00 0d ff 00
1791530182197,RX,CfgRd,pcie-root-port,00:01.3,0,4,0x1c,f0 00 00 00
1791530182197,TX,MemRd,cpu0,pcie-mmcfg-mmio,0,4,0xb01c,f0 00 00 00
1791530182197,RX,CfgRd,pcie-root-port,00:01.3,0,4,0x30,00 00 00 00
1791530182197,TX,MemRd,cpu0,pcie-mmcfg-mmio,0,4,0xb030,00 00 00 00
1791530182197,TX,MemWr,cpu0,pcie-mmcfg-mmio,0,4,0xb01c,f0 00 00 00
1791530182197,TX,CfgWr,pcie-root-port,00:01.3,0,4,0x1c,f0 00 00 00
1791530182197,TX,MemWr,cpu0,pcie-mmcfg-mmio,0,4,0xb030,00 00 00 00
1791530182197,TX,CfgWr,pcie-root-port,00:01.3,0,4,0x30,00 00 00 00
1791530182197,RX,CfgRd,pcie-root-port,00:01.3,0,4,0x4,00 00 10 00
1791530182197,TX,MemRd,cpu0,pcie-mmcfg-mmio,0,4,0xb004,00 00 10 00
1791530182197,TX,MemWr,cpu0,pcie-mmcfg-mmio,0,4,0xb004,01 00 10 00
1791530182197,TX,CfgWr,pcie-root-port,00:01.3,0,4,0x4,01 00 10 00
1791530182197,RX,CfgRd,pcie-root-port,00:01.3,0,4,0x20,f0 ff 00 00
1791530182197,TX,MemRd,cpu0,pcie-mmcfg-mmio,0,4,0xb020,f0 ff 00 00
1791530182197,TX,MemWr,cpu0,pcie-mmcfg-mmio,0,4,0xb020,40 10 00 00
1791530182197,TX,CfgWr,pcie-root-port,00:01.3,0,4,0x20,40 10 00 00
1791530182197,RX,CfgRd,pcie-root-port,00:01.3,0,4,0x4,01 00 10 00
1791530182197,TX,MemRd,cpu0,pcie-mmcfg-mmio,0,4,0xb004,01 00 10 00
1791530182197,TX,MemWr,cpu0,pcie-mmcfg-mmio,0,4,0xb004,03 00 10 00
1791530182197,TX,CfgWr,pcie-root-port,00:01.3,0,4,0x4,03 00 10 00
1791530182197,RX,CfgRd,pcie-root-port,00:01.3,0,4,0x24,f1 ff 01 00
1791530182197,TX,MemRd,cpu0,pcie-mmcfg-mmio,0,4,0xb024,f1 ff 01 00
1791530182197,TX,MemWr,cpu0,pcie-mmcfg-mmio,0,4,0xb024,60 00 01 00
1791530182197,TX,CfgWr,pcie-root-port,00:01.3,0,4,0x24,60 00 01 00
1791530182197,TX,MemWr,cpu0,pcie-mmcfg-mmio,0,4,0xb028,80 00 00 00
1791530182197,TX,CfgWr,pcie-root-port,00:01.3,0,4,0x28,80 00 00 00
1791530182197,RX,CfgRd,pcie-root-port,00:01.3,0,4,0x4,03 00 10 00
1791530182197,TX,MemRd,cpu0,pcie-mmcfg-mmio,0,4,0xb004,03 00 10 00
1791530182197,TX,MemWr,cpu0,pcie-mmcfg-mmio,0,4,0xb004,03 00 10 00
1791530182197,TX,CfgWr,pcie-root-port,00:01.3,0,4,0x4,03 00 10 00
1791530182197,RX,CfgRd,pcie-root-port,00:01.3,0,4,0x4,03 00 10 00
1791530182197,TX,MemRd,cpu0,pcie-mmcfg-mmio,0,4,0xb004,03 00 10 00
1791530182197,TX,MemWr,cpu0,pcie-mmcfg-mmio,0,4,0xb004,07 00 10 00
1791530182197,TX,CfgWr,pcie-root-port,00:01.3,0,4,0x4,07 00 10 00
1791530182197,RX,CfgRd,x3130-upstream,0d:00.0,0,4,0x0,4c 10 32 82
1791530182197,TX,MemRd,cpu0,pcie-mmcfg-mmio,0,4,0xd00000,4c 10 32 82
1791530182197,RX,CfgRd,x3130-upstream,0d:00.0,0,4,0x8,02 00 04 06
1791530182197,TX,MemRd,cpu0,pcie-mmcfg-mmio,0,4,0xd00008,02 00 04 06
1791530182197,RX,CfgRd,x3130-upstream,0d:00.0,0,4,0xc,00 00 01 00
1791530182197,TX,MemRd,cpu0,pcie-mmcfg-mmio,0,4,0xd0000c,00 00 01 00
1791530182197,RX,CfgRd,x3130-upstream,0d:00.0,0,4,0x8,02 00 04 06
1791530182197,TX,MemRd,cpu0,pcie-mmcfg-mmio,0,4,0xd00008,02 00 04 06
1791530182197,RX,CfgRd,x3130-upstream,0d:00.0,0,4,0x18,00 00 00 00
1791530182197,TX,MemRd,cpu0,pcie-mmcfg-mmio,0,4,0xd00018,00 00 00 00
1791530182197,RX,CfgRd,x3130-upstream,0d:00.0,0,4,0x10,00 00 00 00
1791530182197,TX,MemRd,cpu0,pcie-mmcfg-mmio,0,4,0xd00010,00 00 00 00
1791530182197,TX,MemWr,cpu0,pcie-mmcfg-mmio,0,4,0xd00010,ff ff ff ff
1791530182197,TX,CfgWr,x3130-upstream,0d:00.0,0,4,0x10,ff ff ff ff
1791530182197,RX,CfgRd,x3130-upstream,0d:00.0,0,4,0x10,00 00 00 00
1791530182197,TX,MemRd,cpu0,pcie-mmcfg-mmio,0,4,0xd00010,00 00 00 00
1791530182197,TX,MemWr,cpu0,pcie-mmcfg-mmio,0,4,0xd00010,00 00 00 00
1791530182197,TX,CfgWr,x3130-upstream,0d:00.0,0,4,0x10,00 00 00 00
1791530182197,RX,CfgRd,x3130-upstream,0d:00.0,0,4,0x14,00 00 00 00
1791530182197,TX,MemRd,cpu0,pcie-mmcfg-mmio,0,4,0xd00014,00 00 00 00
1791530182197,TX,MemWr,cpu0,pcie-mmcfg-mmio,0,4,0xd00014,ff ff ff ff
1791530182197,TX,CfgWr,x3130-upstream,0d:00.0,0,4,0x14,ff ff ff ff
1791530182197,RX,CfgRd,x3130-upstream,0d:00.0,0,4,0x14,00 00 00 00
1791530182197,TX,MemRd,cpu0,pcie-mmcfg-mmio,0,4,0xd00014,00 00 00 00
1791530182197,TX,MemWr,cpu0,pcie-mmcfg-mmio,0,4,0xd00014,00 00 00 00
1791530182197,TX,CfgWr,x3130-upstream,0d:00.0,0,4,0x14,00 00 00 00
1791530182197,TX,MemWr,cpu0,pcie-mmcfg-mmio,0,4,0xd00018,0d 0e ff 00
1791530182197,TX,CfgWr,x3130-upstream,0d:00.0,0,4,0x18,0d 0e ff 00
1791530182197,RX,CfgRd,x3130-upstream,0d:00.0,0,4,0x1c,00 00 00 00
1791530182197,TX,MemRd,cpu0,pcie-mmcfg-mmio,0,4,0xd0001c,00 00 00 00
1791530182197,RX,CfgRd,x3130-upstream,0d:00.0,0,4,0x30,00 00 00 00
1791530182197,TX,MemRd,cpu0,pcie-mmcfg-mmio,0,4,0xd00030,00 00 00 00
1791530182197,TX,MemWr,cpu0,pcie-mmcfg-mmio,0,4,0xd0001c,00 00 00 00
1791530182197,TX,CfgWr,x3130-upstream,0d:00.0,0,4,0x1c,00 00 00 00
1791530182197,TX,MemWr,cpu0,pcie-mmcfg-mmio,0,4,0xd00030,00 00 00 00
1791530182197,TX,CfgWr,x3130-upstream,0d:00.0,0,4,0x30,00 00 00 00
1791530182197,RX,CfgRd,x3130-upstream,0d:00.0,0,4,0x4,00 00 10 00
1791530182197,TX,MemRd,cpu0,pcie-mmcfg-mmio,0,4,0xd00004,00 00 10 00
1791530182197,TX,MemWr,cpu0,pcie-mmcfg-mmio,0,4,0xd00004,01 00 10 00
1791530182197,TX,CfgWr,x3130-upstream,0d:00.0,0,4,0x4,01 00 10 00
1791530182197,RX,CfgRd,x3130-upstream,0d:00.0,0,4,0x20,00 00 00 00
1791530182197,TX,MemRd,cpu0,pcie-mmcfg-mmio,0,4,0xd00020,00 00 00 00
1791530182197,TX,MemWr,cpu0,pcie-mmcfg-mmio,0,4,0xd00020,40 10 00 00
1791530182197,TX,CfgWr,x3130-upstream,0d:00.0,0,4,0x20,40 10 00 00
1791530182197,RX,CfgRd,x3130-upstream,0d:00.0,0,4,0x4,01 00 10 00
1791530182197,TX,MemRd,cpu0,pcie-mmcfg-mmio,0,4,0xd00004,01 00 10 00
1791530182197,TX,MemWr,cpu0,pcie-mmcfg-mmio,0,4,0xd00004,03 00 10 00
1791530182197,TX,CfgWr,x3130-upstream,0d:00.0,0,4,0x4,03 00 10 00
1791530182197,RX,CfgRd,x3130-upstream,0d:00.0,0,4,0x24,01 00 01 00
1791530182197,TX,MemRd,cpu0,pcie-mmcfg-mmio,0,4,0xd00024,01 00 01 00
1791530182197,TX,MemWr,cpu0,pcie-mmcfg-mmio,0,4,0xd00024,60 00 01 00
1791530182197,TX,CfgWr,x3130-upstream,0d:00.0,0,4,0x24,60 00 01 00
1791530182197,TX,MemWr,cpu0,pcie-mmcfg-mmio,0,4,0xd00028,80 00 00 00
1791530182197,TX,CfgWr,x3130-upstream,0d:00.0,0,4,0x28,80 00 00 00
1791530182197,RX,CfgRd,x3130-upstream,0d:00.0,0,4,0x4,03 00 10 00
1791530182197,TX,MemRd,cpu0,pcie-mmcfg-mmio,0,4,0xd00004,03 00 10 00
1791530182197,TX,MemWr,cpu0,pcie-mmcfg-mmio,0,4,0xd00004,03 00 10 00
1791530182197,TX,CfgWr,x3130-upstream,0d:00.0,0,4,0x4,03 00 10 00
1791530182197,RX,CfgRd,x3130-upstream,0d:00.0,0,4,0x4,03 00 10 00
1791530182197,TX,MemRd,cpu0,pcie-mmcfg-mmio,0,4,0xd00004,03 00 10 00
1791530182197,TX,MemWr,cpu0,pcie-mmcfg-mmio,0,4,0xd00004,07 00 10 00
1791530182197,TX,CfgWr,x3130-upstream,0d:00.0,0,4,0x4,07 00 10 00
1791530182197,RX,CfgRd,xio3130-downstream,0e:00.0,0,4,0x0,4c 10 33 82
1791530182197,TX,MemRd,cpu0,pcie-mmcfg-mmio,0,4,0xe00000,4c 10 33 82
1791530182197,RX,CfgRd,xio3130-downstream,0e:00.0,0,4,0x8,01 00 04 06
1791530182198,TX,MemRd,cpu0,pcie-mmcfg-mmio,0,4,0xe00008,01 00 04 06
1791530182198,RX,CfgRd,xio3130-downstream,0e:00.0,0,4,0xc,00 00 81 00
1791530182198,TX,MemRd,cpu0,pcie-mmcfg-mmio,0,4,0xe0000c,00 00 81 00
1791530182198,RX,CfgRd,xio3130-downstream,0e:00.0,0,4,0x8,01 00 04 06
1791530182198,TX,MemRd,cpu0,pcie-mmcfg-mmio,0,4,0xe00008,01 00 04 06
1791530182198,RX,CfgRd,xio3130-downstream,0e:00.0,0,4,0x18,00 00 00 00
1791530182198,TX,MemRd,cpu0,pcie-mmcfg-mmio,0,4,0xe00018,00 00 00 00
1791530182198,RX,CfgRd,xio3130-downstream,0e:00.0,0,4,0x10,00 00 00 00
1791530182198,TX,MemRd,cpu0,pcie-mmcfg-mmio,0,4,0xe00010,00 00 00 00
1791530182198,TX,MemWr,cpu0,pcie-mmcfg-mmio,0,4,0xe00010,ff ff ff ff
1791530182198,TX,CfgWr,xio3130-downstream,0e:00.0,0,4,0x10,ff ff ff ff
1791530182198,RX,CfgRd,xio3130-downstream,0e:00.0,0,4,0x10,00 00 00 00
1791530182198,TX,MemRd,cpu0,pcie-mmcfg-mmio,0,4,0xe00010,00 00 00 00
1791530182198,TX,MemWr,cpu0,pcie-mmcfg-mmio,0,4,0xe00010,00 00 00 00
1791530182198,TX,CfgWr,xio3130-downstream,0e:00.0,0,4,0x10,00 00 00 00
1791530182198,RX,CfgRd,xio3130-downstream,0e:00.0,0,4,0x14,00 00 00 00
1791530182198,TX,MemRd,cpu0,pcie-mmcfg-mmio,0,4,0xe00014,00 00 00 00
1791530182198,TX,MemWr,cpu0,pcie-mmcfg-mmio,0,4,0xe00014,ff ff ff ff
1791530182198,TX,CfgWr,xio3130-downstream,0e:00.0,0,4,0x14,ff ff ff ff
1791530182198,RX,CfgRd,xio3130-downstream,0e:00.0,0,4,0x14,00 00 00 00
1791530182198,TX,MemRd,cpu0,pcie-mmcfg-mmio,0,4,0xe00014,00 00 00 00
1791530182198,TX,MemWr,cpu0,pcie-mmcfg-mmio,0,4,0xe00014,00 00 00 00
1791530182198,TX,CfgWr,xio3130-downstream,0e:00.0,0,4,0x14,00 00 00 00
1791530182198,TX,MemWr,cpu0,pcie-mmcfg-mmio,0,4,0xe00018,0e 0f ff 00
1791530182198,TX,CfgWr,xio3130-downstream,0e:00.0,0,4,0x18,0e 0f ff 00
1791530182198,RX,CfgRd,xio3130-downstream,0e:00.0,0,4,0x1c,00 00 00 00
1791530182198,TX,MemRd,cpu0,pcie-mmcfg-mmio,0,4,0xe0001c,00 00 00 00
1791530182198,RX,CfgRd,xio3130-downstream,0e:00.0,0,4,0x30,00 00 00 00
1791530182198,TX,MemRd,cpu0,pcie-mmcfg-mmio,0,4,0xe00030,00 00 00 00
1791530182198,TX,MemWr,cpu0,pcie-mmcfg-mmio,0,4,0xe0001c,00 00 00 00
1791530182198,TX,CfgWr,xio3130-downstream,0e:00.0,0,4,0x1c,00 00 00 00
1791530182198,TX,MemWr,cpu0,pcie-mmcfg-mmio,0,4,0xe00030,00 00 00 00
1791530182198,TX,CfgWr,xio3130-downstream,0e:00.0,0,4,0x30,00 00 00 00
1791530182198,RX,CfgRd,xio3130-downstream,0e:00.0,0,4,0x4,00 00 10 00
1791530182198,TX,MemRd,cpu0,pcie-mmcfg-mmio,0,4,0xe00004,00 00 10 00
1791530182198,TX,MemWr,cpu0,pcie-mmcfg-mmio,0,4,0xe00004,01 00 10 00
1791530182198,TX,CfgWr,xio3130-downstream,0e:00.0,0,4,0x4,01 00 10 00
1791530182198,RX,CfgRd,xio3130-downstream,0e:00.0,0,4,0x20,00 00 00 00
1791530182198,TX,MemRd,cpu0,pcie-mmcfg-mmio,0,4,0xe00020,00 00 00 00
1791530182198,TX,MemWr,cpu0,pcie-mmcfg-mmio,0,4,0xe00020,40 10 00 00
1791530182198,TX,CfgWr,xio3130-downstream,0e:00.0,0,4,0x20,40 10 00 00
1791530182198,RX,CfgRd,xio3130-downstream,0e:00.0,0,4,0x4,01 00 10 00
1791530182198,TX,MemRd,cpu0,pcie-mmcfg-mmio,0,4,0xe00004,01 00 10 00
1791530182198,TX,MemWr,cpu0,pcie-mmcfg-mmio,0,4,0xe00004,03 00 10 00
1791530182198,TX,CfgWr,xio3130-downstream,0e:00.0,0,4,0x4,03 00 10 00
1791530182198,RX,CfgRd,xio3130-downstream,0e:00.0,0,4,0x24,01 00 01 00
1791530182198,TX,MemRd,cpu0,pcie-mmcfg-mmio,0,4,0xe00024,01 00 01 00
1791530182198,TX,MemWr,cpu0,pcie-mmcfg-mmio,0,4,0xe00024,60 00 01 00
1791530182198,TX,CfgWr,xio3130-downstream,0e:00.0,0,4,0x24,60 00 01 00
1791530182198,TX,MemWr,cpu0,pcie-mmcfg-mmio,0,4,0xe00028,80 00 00 00
1791530182198,TX,CfgWr,xio3130-downstream,0e:00.0,0,4,0x28,80 00 00 00
1791530182198,RX,CfgRd,xio3130-downstream,0e:00.0,0,4,0x4,03 00 10 00
1791530182198,TX,MemRd,cpu0,pcie-mmcfg-mmio,0,4,0xe00004,03 00 10 00
1791530182198,TX,MemWr,cpu0,pcie-mmcfg-mmio,0,4,0xe00004,03 00 10 00
1791530182198,TX,CfgWr,xio3130-downstream,0e:00.0,0,4,0x4,03 00 10 00
1791530182198,RX,CfgRd,xio3130-downstream,0e:00.0,0,4,0x4,03 00 10 00
1791530182198,TX,MemRd,cpu0,pcie-mmcfg-mmio,0,4,0xe00004,03 00 10 00
1791530182198,TX,MemWr,cpu0,pcie-mmcfg-mmio,0,4,0xe00004,07 00 10 00
1791530182198,TX,CfgWr,xio3130-downstream,0e:00.0,0,4,0x4,07 00 10 00
1791530182198,RX,CfgRd,e1000e,0f:00.0,0,4,0x0,86 80 d3 10
1791530182198,TX,MemRd,cpu0,pcie-mmcfg-mmio,0,4,0xf00000,86 80 d3 10
1791530182198,RX,CfgRd,e1000e,0f:00.0,0,4,0x8,00 00 00 02
1791530182198,TX,MemRd,cpu0,pcie-mmcfg-mmio,0,4,0xf00008,00 00 00 02
1791530182198,RX,CfgRd,e1000e,0f:00.0,0,4,0xc,00 00 00 00
1791530182198,TX,MemRd,cpu0,pcie-mmcfg-mmio,0,4,0xf0000c,00 00 00 00
1791530182198,RX,CfgRd,e1000e,0f:00.0,0,4,0x10,00 00 00 00
1791530182198,TX,MemRd,cpu0,pcie-mmcfg-mmio,0,4,0xf00010,00 00 00 00
1791530182198,TX,MemWr,cpu0,pcie-mmcfg-mmio,0,4,0xf00010,ff ff ff ff
1791530182198,TX,CfgWr,e1000e,0f:00.0,0,4,0x10,ff ff ff ff
1791530182198,RX,CfgRd,e1000e,0f:00.0,0,4,0x10,00 00 fe ff
1791530182198,TX,MemRd,cpu0,pcie-mmcfg-mmio,0,4,0xf00010,00 00 fe ff
1791530182198,TX,MemWr,cpu0,pcie-mmcfg-mmio,0,4,0xf00010,00 00 00 00
1791530182198,TX,CfgWr,e1000e,0f:00.0,0,4,0x10,00 00 00 00
1791530182198,TX,MemWr,cpu0,pcie-mmcfg-mmio,0,4,0xf00010,00 00 40 10
1791530182198,TX,CfgWr,e1000e,0f:00.0,0,4,0x10,00 00 40 10
1791530182198,RX,CfgRd,e1000e,0f:00.0,0,4,0x14,00 00 00 00
1791530182198,TX,MemRd,cpu0,pcie-mmcfg-mmio,0,4,0xf00014,00 00 00 00
1791530182198,TX,MemWr,cpu0,pcie-mmcfg-mmio,0,4,0xf00014,ff ff ff ff
1791530182198,TX,CfgWr,e1000e,0f:00.0,0,4,0x14,ff ff ff ff
1791530182198,RX,CfgRd,e1000e,0f:00.0,0,4,0x14,00 00 fe ff
1791530182198,TX,MemRd,cpu0,pcie-mmcfg-mmio,0,4,0xf00014,00 00 fe ff
1791530182198,TX,MemWr,cpu0,pcie-mmcfg-mmio,0,4,0xf00014,00 00 00 00
1791530182198,TX,CfgWr,e1000e,0f:00.0,0,4,0x14,00 00 00 00
1791530182198,TX,MemWr,cpu0,pcie-mmcfg-mmio,0,4,0xf00014,00 00 42 10
1791530182198,TX,CfgWr,e1000e,0f:00.0,0,4,0x14,00 00 42 10
1791530182198,RX,CfgRd,e1000e,0f:00.0,0,4,0x18,01 00 00 00
1791530182198,TX,MemRd,cpu0,pcie-mmcfg-mmio,0,4,0xf00018,01 00 00 00
1791530182198,TX,MemWr,cpu0,pcie-mmcfg-mmio,0,4,0xf00018,ff ff ff ff
1791530182198,TX,CfgWr,e1000e,0f:00.0,0,4,0x18,ff ff ff ff
1791530182198,RX,CfgRd,e1000e,0f:00.0,0,4,0x18,e1 ff ff ff
1791530182198,TX,MemRd,cpu0,pcie-mmcfg-mmio,0,4,0xf00018,e1 ff ff ff
1791530182198,TX,MemWr,cpu0,pcie-mmcfg-mmio,0,4,0xf00018,01 00 00 00
1791530182198,TX,CfgWr,e1000e,0f:00.0,0,4,0x18,01 00 00 00
1791530182198,TX,MemWr,cpu0,pcie-mmcfg-mmio,0,4,0xf00018,00 10 00 00
1791530182198,TX,CfgWr,e1000e,0f:00.0,0,4,0x18,00 10 00 00
1791530182198,RX,CfgRd,e1000e,0f:00.0,0,4,0x1c,00 00 00 00
1791530182198,TX,MemRd,cpu0,pcie-mmcfg-mmio,0,4,0xf0001c,00 00 00 00
1791530182198,TX,MemWr,cpu0,pcie-mmcfg-mmio,0,4,0xf0001c,ff ff ff ff
1791530182198,TX,CfgWr,e1000e,0f:00.0,0,4,0x1c,ff ff ff ff
1791530182198,RX,CfgRd,e1000e,0f:00.0,0,4,0x1c,00 c0 ff ff
1791530182198,TX,MemRd,cpu0,pcie-mmcfg-mmio,0,4,0xf0001c,00 c0 ff ff
1791530182198,TX,MemWr,cpu0,pcie-mmcfg-mmio,0,4,0xf0001c,00 00 00 00
1791530182198,TX,CfgWr,e1000e,0f:00.0,0,4,0x1c,00 00 00 00
1791530182198,TX,MemWr,cpu0,pcie-mmcfg-mmio,0,4,0xf0001c,00 00 44 10
1791530182198,TX,CfgWr,e1000e,0f:00.0,0,4,0x1c,00 00 44 10
1791530182198,RX,CfgRd,e1000e,0f:00.0,0,4,0x20,00 00 00 00
1791530182198,TX,MemRd,cpu0,pcie-mmcfg-mmio,0,4,0xf00020,00 00 00 00
1791530182198,TX,MemWr,cpu0,pcie-mmcfg-mmio,0,4,0xf00020,ff ff ff ff
1791530182198,TX,CfgWr,e1000e,0f:00.0,0,4,0x20,ff ff ff ff
1791530182198,RX,CfgRd,e1000e,0f:00.0,0,4,0x20,00 00 00 00
1791530182198,TX,MemRd,cpu0,pcie-mmcfg-mmio,0,4,0xf00020,00 00 00 00
1791530182198,TX,MemWr,cpu0,pcie-mmcfg-mmio,0,4,0xf00020,00 00 00 00
1791530182198,TX,CfgWr,e1000e,0f:00.0,0,4,0x20,00 00 00 00
1791530182198,RX,CfgRd,e1000e,0f:00.0,0,4,0x24,00 00 00 00
1791530182198,TX,MemRd,cpu0,pcie-mmcfg-mmio,0,4,0xf00024,00 00 00 00
1791530182198,TX,MemWr,cpu0,pcie-mmcfg-mmio,0,4,0xf00024,ff ff ff ff
1791530182198,TX,CfgWr,e1000e,0f:00.0,0,4,0x24,ff ff ff ff
1791530182198,RX,CfgRd,e1000e,0f:00.0,0,4,0x24,00 00 00 00
1791530182198,TX,MemRd,cpu0,pcie-mmcfg-mmio,0,4,0xf00024,00 00 00 00
1791530182198,TX,MemWr,cpu0,pcie-mmcfg-mmio,0,4,0xf00024,00 00 00 00
1791530182198,TX,CfgWr,e1000e,0f:00.0,0,4,0x24,00 00 00 00
1791530182198,TX,MemRd,cpu0,pcie-mmcfg-mmio,0,4,0xf08000,ff ff ff ff
1791530182198,TX,MemRd,cpu0,pcie-mmcfg-mmio,0,4,0xf09000,ff ff ff ff
1791530182198,TX,MemRd,cpu0,pcie-mmcfg-mmio,0,4,0xf0a000,ff ff ff ff
1791530182198,TX,MemRd,cpu0,pcie-mmcfg-mmio,0,4,0xf0b000,ff ff ff ff
1791530182198,TX,MemRd,cpu0,pcie-mmcfg-mmio,0,4,0xf0c000,ff ff ff ff
1791530182198,TX,MemRd,cpu0,pcie-mmcfg-mmio,0,4,0xf0d000,ff ff ff ff
1791530182198,TX,MemRd,cpu0,pcie-mmcfg-mmio,0,4,0xf0e000,ff ff ff ff
1791530182198,TX,MemRd,cpu0,pcie-mmcfg-mmio,0,4,0xf0f000,ff ff ff ff
1791530182198,TX,MemRd,cpu0,pcie-mmcfg-mmio,0,4,0xf10000,ff ff ff ff
1791530182198,TX,MemRd,cpu0,pcie-mmcfg-mmio,0,4,0xf11000,ff ff ff ff
1791530182198,TX,MemRd,cpu0,pcie-mmcfg-mmio,0,4,0xf12000,ff ff ff ff
1791530182198,TX,MemRd,cpu0,pcie-mmcfg-mmio,0,4,0xf13000,ff ff ff ff
1791530182198,TX,MemRd,cpu0,pcie-mmcfg-mmio,0,4,0xf14000,ff ff ff ff
1791530182198,TX,MemRd,cpu0,pcie-mmcfg-mmio,0,4,0xf15000,ff ff ff ff
1791530182198,TX,MemRd,cpu0,pcie-mmcfg-mmio,0,4,0xf16000,ff ff ff ff
1791530182198,TX,MemRd,cpu0,pcie-mmcfg-mmio,0,4,0xf17000,ff ff ff ff
1791530182198,TX,MemRd,cpu0,pcie-mmcfg-mmio,0,4,0xf18000,ff ff ff ff
1791530182198,TX,MemRd,cpu0,pcie-mmcfg-mmio,0,4,0xf19000,ff ff ff ff
1791530182198,TX,MemRd,cpu0,pcie-mmcfg-mmio,0,4,0xf1a000,ff ff ff ff
1791530182198,TX,MemRd,cpu0,pcie-mmcfg-mmio,0,4,0xf1b000,ff ff ff ff
1791530182198,TX,MemRd,cpu0,pcie-mmcfg-mmio,0,4,0xf1c000,ff ff ff ff
1791530182198,TX,MemRd,cpu0,pcie-mmcfg-mmio,0,4,0xf1d000,ff ff ff ff
1791530182198,TX,MemRd,cpu0,pcie-mmcfg-mmio,0,4,0xf1e000,ff ff ff ff
1791530182198,TX,MemRd,cpu0,pcie-mmcfg-mmio,0,4,0xf1f000,ff ff ff ff
1791530182198,TX,MemRd,cpu0,pcie-mmcfg-mmio,0,4,0xf20000,ff ff ff ff
1791530182198,TX,MemRd,cpu0,pcie-mmcfg-mmio,0,4,0xf21000,ff ff ff ff
1791530182198,TX,MemRd,cpu0,pcie-mmcfg-mmio,0,4,0xf22000,ff ff ff ff
1791530182198,TX,MemRd,cpu0,pcie-mmcfg-mmio,0,4,0xf23000,ff ff ff ff
1791530182198,TX,MemRd,cpu0,pcie-mmcfg-mmio,0,4,0xf24000,ff ff ff ff
1791530182198,TX,MemRd,cpu0,pcie-mmcfg-mmio,0,4,0xf25000,ff ff ff ff
1791530182198,TX,MemRd,cpu0,pcie-mmcfg-mmio,0,4,0xf26000,ff ff ff ff
1791530182198,TX,MemRd,cpu0,pcie-mmcfg-mmio,0,4,0xf27000,ff ff ff ff
1791530182198,TX,MemRd,cpu0,pcie-mmcfg-mmio,0,4,0xf28000,ff ff ff ff
1791530182198,TX,MemRd,cpu0,pcie-mmcfg-mmio,0,4,0xf29000,ff ff ff ff
1791530182198,TX,MemRd,cpu0,pcie-mmcfg-mmio,0,4,0xf2a000,ff ff ff ff
1791530182198,TX,MemRd,cpu0,pcie-mmcfg-mmio,0,4,0xf2b000,ff ff ff ff
1791530182198,TX,MemRd,cpu0,pcie-mmcfg-mmio,0,4,0xf2c000,ff ff ff ff
1791530182198,TX,MemRd,cpu0,pcie-mmcfg-mmio,0,4,0xf2d000,ff ff ff ff
1791530182198,TX,MemRd,cpu0,pcie-mmcfg-mmio,0,4,0xf2e000,ff ff ff ff
1791530182198,TX,MemRd,cpu0,pcie-mmcfg-mmio,0,4,0xf2f000,ff ff ff ff
1791530182198,TX,MemRd,cpu0,pcie-mmcfg-mmio,0,4,0xf30000,ff ff ff ff
1791530182198,TX,MemRd,cpu0,pcie-mmcfg-mmio,0,4,0xf31000,ff ff ff ff
1791530182198,TX,MemRd,cpu0,pcie-mmcfg-mmio,0,4,0xf32000,ff ff ff ff
1791530182198,TX,MemRd,cpu0,pcie-mmcfg-mmio,0,4,0xf33000,ff ff ff ff
1791530182198,TX,MemRd,cpu0,pcie-mmcfg-mmio,0,4,0xf34000,ff ff ff ff
1791530182198,TX,MemRd,cpu0,pcie-mmcfg-mmio,0,4,0xf35000,ff ff ff ff
1791530182198,TX,MemRd,cpu0,pcie-mmcfg-mmio,0,4,0xf36000,ff ff ff ff
1791530182198,TX,MemRd,cpu0,pcie-mmcfg-mmio,0,4,0xf37000,ff ff ff ff
1791530182198,TX,MemRd,cpu0,pcie-mmcfg-mmio,0,4,0xf38000,ff ff ff ff
1791530182198,TX,MemRd,cpu0,pcie-mmcfg-mmio,0,4,0xf39000,ff ff ff ff
1791530182198,TX,MemRd,cpu0,pcie-mmcfg-mmio,0,4,0xf3a000,ff ff ff ff
1791530182198,TX,MemRd,cpu0,pcie-mmcfg-mmio,0,4,0xf3b000,ff ff ff ff
1791530182198,TX,MemRd,cpu0,pcie-mmcfg-mmio,0,4,0xf3c000,ff ff ff ff
1791530182198,TX,MemRd,cpu0,pcie-mmcfg-mmio,0,4,0xf3d000,ff ff ff ff
1791530182198,TX,MemRd,cpu0,pcie-mmcfg-mmio,0,4,0xf3e000,ff ff ff ff
1791530182198,TX,MemRd,cpu0,pcie-mmcfg-mmio,0,4,0xf3f000,ff ff ff ff
1791530182198,TX,MemRd,cpu0,pcie-mmcfg-mmio,0,4,0xf40000,ff ff ff ff
1791530182198,TX,MemRd,cpu0,pcie-mmcfg-mmio,0,4,0xf41000,ff ff ff ff
1791530182198,TX,MemRd,cpu0,pcie-mmcfg-mmio,0,4,0xf42000,ff ff ff ff
1791530182198,TX,MemRd,cpu0,pcie-mmcfg-mmio,0,4,0xf43000,ff ff ff ff
1791530182198,TX,MemRd,cpu0,pcie-mmcfg-mmio,0,4,0xf44000,ff ff ff ff
1791530182198,TX,MemRd,cpu0,pcie-mmcfg-mmio,0,4,0xf45000,ff ff ff ff
1791530182198,TX,MemRd,cpu0,pcie-mmcfg-mmio,0,4,0xf46000,ff ff ff ff
1791530182198,TX,MemRd,cpu0,pcie-mmcfg-mmio,0,4,0xf47000,ff ff ff ff
1791530182198,TX,MemRd,cpu0,pcie-mmcfg-mmio,0,4,0xf48000,ff ff ff ff
1791530182198,TX,MemRd,cpu0,pcie-mmcfg-mmio,0,4,0xf49000,ff ff ff ff
1791530182199,TX,MemRd,cpu0,pcie-mmcfg-mmio,0,4,0xf4a000,ff ff ff ff
1791530182199,TX,MemRd,cpu0,pcie-mmcfg-mmio,0,4,0xf4b000,ff ff ff ff
1791530182199,TX,MemRd,cpu0,pcie-mmcfg-mmio,0,4,0xf4c000,ff ff ff ff
1791530182199,TX,MemRd,cpu0,pcie-mmcfg-mmio,0,4,0xf4d000,ff ff ff ff
1791530182199,TX,MemRd,cpu0,pcie-mmcfg-mmio,0,4,0xf4e000,ff ff ff ff
1791530182199,TX,MemRd,cpu0,pcie-mmcfg-mmio,0,4,0xf4f000,ff ff ff ff
1791530182199,TX,MemRd,cpu0,pcie-mmcfg-mmio,0,4,0xf50000,ff ff ff ff
1791530182199,TX,MemRd,cpu0,pcie-mmcfg-mmio,0,4,0xf51000,ff ff ff ff
1791530182199,TX,MemRd,cpu0,pcie-mmcfg-mmio,0,4,0xf52000,ff ff ff ff
1791530182199,TX,MemRd,cpu0,pcie-mmcfg-mmio,0,4,0xf53000,ff ff ff ff
1791530182199,TX,MemRd,cpu0,pcie-mmcfg-mmio,0,4,0xf54000,ff ff ff ff
1791530182199,TX,MemRd,cpu0,pcie-mmcfg-mmio,0,4,0xf55000,ff ff ff ff
1791530182199,TX,MemRd,cpu0,pcie-mmcfg-mmio,0,4,0xf56000,ff ff ff ff
1791530182199,TX,MemRd,cpu0,pcie-mmcfg-mmio,0,4,0xf57000,ff ff ff ff
1791530182199,TX,MemRd,cpu0,pcie-mmcfg-mmio,0,4,0xf58000,ff ff ff ff
1791530182199,TX,MemRd,cpu0,pcie-mmcfg-mmio,0,4,0xf59000,ff ff ff ff
1791530182199,TX,MemRd,cpu0,pcie-mmcfg-mmio,0,4,0xf5a000,ff ff ff ff
1791530182199,TX,MemRd,cpu0,pcie-mmcfg-mmio,0,4,0xf5b000,ff ff ff ff
1791530182199,TX,MemRd,cpu0,pcie-mmcfg-mmio,0,4,0xf5c000,ff ff ff ff
1791530182199,TX,MemRd,cpu0,pcie-mmcfg-mmio,0,4,0xf5d000,ff ff ff ff
1791530182199,TX,MemRd,cpu0,pcie-mmcfg-mmio,0,4,0xf5e000,ff ff ff ff
1791530182199,TX,MemRd,cpu0,pcie-mmcfg-mmio,0,4,0xf5f000,ff ff ff ff
1791530182199,TX,MemRd,cpu0,pcie-mmcfg-mmio,0,4,0xf60000,ff ff ff ff
1791530182199,TX,MemRd,cpu0,pcie-mmcfg-mmio,0,4,0xf61000,ff ff ff ff
1791530182199,TX,MemRd,cpu0,pcie-mmcfg-mmio,0,4,0xf62000,ff ff ff ff
1791530182199,TX,MemRd,cpu0,pcie-mmcfg-mmio,0,4,0xf63000,ff ff ff ff
1791530182199,TX,MemRd,cpu0,pcie-mmcfg-mmio,0,4,0xf64000,ff ff ff ff
1791530182199,TX,MemRd,cpu0,pcie-mmcfg-mmio,0,4,0xf65000,ff ff ff ff
1791530182199,TX,MemRd,cpu0,pcie-mmcfg-mmio,0,4,0xf66000,ff ff ff ff
1791530182199,TX,MemRd,cpu0,pcie-mmcfg-mmio,0,4,0xf67000,ff ff ff ff
1791530182199,TX,MemRd,cpu0,pcie-mmcfg-mmio,0,4,0xf68000,ff ff ff ff
1791530182199,TX,MemRd,cpu0,pcie-mmcfg-mmio,0,4,0xf69000,ff ff ff ff
1791530182199,TX,MemRd,cpu0,pcie-mmcfg-mmio,0,4,0xf6a000,ff ff ff ff
1791530182199,TX,MemRd,cpu0,pcie-mmcfg-mmio,0,4,0xf6b000,ff ff ff ff
1791530182199,TX,MemRd,cpu0,pcie-mmcfg-mmio,0,4,0xf6c000,ff ff ff ff
1791530182199,TX,MemRd,cpu0,pcie-mmcfg-mmio,0,4,0xf6d000,ff ff ff ff
1791530182199,TX,MemRd,cpu0,pcie-mmcfg-mmio,0,4,0xf6e000,ff ff ff ff
1791530182199,TX,MemRd,cpu0,pcie-mmcfg-mmio,0,4,0xf6f000,ff ff ff ff
1791530182199,TX,MemRd,cpu0,pcie-mmcfg-mmio,0,4,0xf70000,ff ff ff ff
1791530182199,TX,MemRd,cpu0,pcie-mmcfg-mmio,0,4,0xf71000,ff ff ff ff
1791530182199,TX,MemRd,cpu0,pcie-mmcfg-mmio,0,4,0xf72000,ff ff ff ff
1791530182199,TX,MemRd,cpu0,pcie-mmcfg-mmio,0,4,0xf73000,ff ff ff ff
1791530182199,TX,MemRd,cpu0,pcie-mmcfg-mmio,0,4,0xf74000,ff ff ff ff
1791530182199,TX,MemRd,cpu0,pcie-mmcfg-mmio,0,4,0xf75000,ff ff ff ff
1791530182199,TX,MemRd,cpu0,pcie-mmcfg-mmio,0,4,0xf76000,ff ff ff ff
1791530182199,TX,MemRd,cpu0,pcie-mmcfg-mmio,0,4,0xf77000,ff ff ff ff
1791530182199,TX,MemRd,cpu0,pcie-mmcfg-mmio,0,4,0xf78000,ff ff ff ff
1791530182199,TX,MemRd,cpu0,pcie-mmcfg-mmio,0,4,0xf79000,ff ff ff ff
1791530182199,TX,MemRd,cpu0,pcie-mmcfg-mmio,0,4,0xf7a000,ff ff ff ff
1791530182199,TX,MemRd,cpu0,pcie-mmcfg-mmio,0,4,0xf7b000,ff ff ff ff
1791530182199,TX,MemRd,cpu0,pcie-mmcfg-mmio,0,4,0xf7c000,ff ff ff ff
1791530182199,TX,MemRd,cpu0,pcie-mmcfg-mmio,0,4,0xf7d000,ff ff ff ff
1791530182199,TX,MemRd,cpu0,pcie-mmcfg-mmio,0,4,0xf7e000,ff ff ff ff
1791530182199,TX,MemRd,cpu0,pcie-mmcfg-mmio,0,4,0xf7f000,ff ff ff ff
1791530182199,TX,MemRd,cpu0,pcie-mmcfg-mmio,0,4,0xf80000,ff ff ff ff
1791530182199,TX,MemRd,cpu0,pcie-mmcfg-mmio,0,4,0xf81000,ff ff ff ff
1791530182199,TX,MemRd,cpu0,pcie-mmcfg-mmio,0,4,0xf82000,ff ff ff ff
1791530182199,TX,MemRd,cpu0,pcie-mmcfg-mmio,0,4,0xf83000,ff ff ff ff
1791530182199,TX,MemRd,cpu0,pcie-mmcfg-mmio,0,4,0xf84000,ff ff ff ff
1791530182199,TX,MemRd,cpu0,pcie-mmcfg-mmio,0,4,0xf85000,ff ff ff ff
1791530182199,TX,MemRd,cpu0,pcie-mmcfg-mmio,0,4,0xf86000,ff ff ff ff
1791530182199,TX,MemRd,cpu0,pcie-mmcfg-mmio,0,4,0xf87000,ff ff ff ff
1791530182199,TX,MemRd,cpu0,pcie-mmcfg-mmio,0,4,0xf88000,ff ff ff ff
1791530182199,TX,MemRd,cpu0,pcie-mmcfg-mmio,0,4,0xf89000,ff ff ff ff
1791530182199,TX,MemRd,cpu0,pcie-mmcfg-mmio,0,4,0xf8a000,ff ff ff ff
1791530182199,TX,MemRd,cpu0,pcie-mmcfg-mmio,0,4,0xf8b000,ff ff ff ff
1791530182199,TX,MemRd,cpu0,pcie-mmcfg-mmio,0,4,0xf8c000,ff ff ff ff
1791530182199,TX,MemRd,cpu0,pcie-mmcfg-mmio,0,4,0xf8d000,ff ff ff ff
1791530182199,TX,MemRd,cpu0,pcie-mmcfg-mmio,0,4,0xf8e000,ff ff ff ff
1791530182199,TX,MemRd,cpu0,pcie-mmcfg-mmio,0,4,0xf8f000,ff ff ff ff
1791530182199,TX,MemRd,cpu0,pcie-mmcfg-mmio,0,4,0xf90000,ff ff ff ff
1791530182199,TX,MemRd,cpu0,pcie-mmcfg-mmio,0,4,0xf91000,ff ff ff ff
1791530182199,TX,MemRd,cpu0,pcie-mmcfg-mmio,0,4,0xf92000,ff ff ff ff
1791530182199,TX,MemRd,cpu0,pcie-mmcfg-mmio,0,4,0xf93000,ff ff ff ff
1791530182199,TX,MemRd,cpu0,pcie-mmcfg-mmio,0,4,0xf94000,ff ff ff ff
1791530182199,TX,MemRd,cpu0,pcie-mmcfg-mmio,0,4,0xf95000,ff ff ff ff
1791530182199,TX,MemRd,cpu0,pcie-mmcfg-mmio,0,4,0xf96000,ff ff ff ff
1791530182199,TX,MemRd,cpu0,pcie-mmcfg-mmio,0,4,0xf97000,ff ff ff ff
1791530182199,TX,MemRd,cpu0,pcie-mmcfg-mmio,0,4,0xf98000,ff ff ff ff
1791530182199,TX,MemRd,cpu0,pcie-mmcfg-mmio,0,4,0xf99000,ff ff ff ff
1791530182199,TX,MemRd,cpu0,pcie-mmcfg-mmio,0,4,0xf9a000,ff ff ff ff
1791530182199,TX,MemRd,cpu0,pcie-mmcfg-mmio,0,4,0xf9b000,ff ff ff ff
1791530182199,TX,MemRd,cpu0,pcie-mmcfg-mmio,0,4,0xf9c000,ff ff ff ff
1791530182199,TX,MemRd,cpu0,pcie-mmcfg-mmio,0,4,0xf9d000,ff ff ff ff
1791530182199,TX,MemRd,cpu0,pcie-mmcfg-mmio,0,4,0xf9e000,ff ff ff ff
1791530182199,TX,MemRd,cpu0,pcie-mmcfg-mmio,0,4,0xf9f000,ff ff ff ff
1791530182199,TX,MemRd,cpu0,pcie-mmcfg-mmio,0,4,0xfa0000,ff ff ff ff
1791530182199,TX,MemRd,cpu0,pcie-mmcfg-mmio,0,4,0xfa1000,ff ff ff ff
1791530182199,TX,MemRd,cpu0,pcie-mmcfg-mmio,0,4,0xfa2000,ff ff ff ff
1791530182199,TX,MemRd,cpu0,pcie-mmcfg-mmio,0,4,0xfa3000,ff ff ff ff
1791530182199,TX,MemRd,cpu0,pcie-mmcfg-mmio,0,4,0xfa4000,ff ff ff ff
1791530182199,TX,MemRd,cpu0,pcie-mmcfg-mmio,0,4,0xfa5000,ff ff ff ff
1791530182199,TX,MemRd,cpu0,pcie-mmcfg-mmio,0,4,0xfa6000,ff ff ff ff
1791530182199,TX,MemRd,cpu0,pcie-mmcfg-mmio,0,4,0xfa7000,ff ff ff ff
1791530182199,TX,MemRd,cpu0,pcie-mmcfg-mmio,0,4,0xfa8000,ff ff ff ff
1791530182199,TX,MemRd,cpu0,pcie-mmcfg-mmio,0,4,0xfa9000,ff ff ff ff
1791530182199,TX,MemRd,cpu0,pcie-mmcfg-mmio,0,4,0xfaa000,ff ff ff ff
1791530182199,TX,MemRd,cpu0,pcie-mmcfg-mmio,0,4,0xfab000,ff ff ff ff
1791530182199,TX,MemRd,cpu0,pcie-mmcfg-mmio,0,4,0xfac000,ff ff ff ff
1791530182199,TX,MemRd,cpu0,pcie-mmcfg-mmio,0,4,0xfad000,ff ff ff ff
1791530182199,TX,MemRd,cpu0,pcie-mmcfg-mmio,0,4,0xfae000,ff ff ff ff
1791530182199,TX,MemRd,cpu0,pcie-mmcfg-mmio,0,4,0xfaf000,ff ff ff ff
1791530182199,TX,MemRd,cpu0,pcie-mmcfg-mmio,0,4,0xfb0000,ff ff ff ff
1791530182199,TX,MemRd,cpu0,pcie-mmcfg-mmio,0,4,0xfb1000,ff ff ff ff
1791530182199,TX,MemRd,cpu0,pcie-mmcfg-mmio,0,4,0xfb2000,ff ff ff ff
1791530182199,TX,MemRd,cpu0,pcie-mmcfg-mmio,0,4,0xfb3000,ff ff ff ff
1791530182199,TX,MemRd,cpu0,pcie-mmcfg-mmio,0,4,0xfb4000,ff ff ff ff
1791530182199,TX,MemRd,cpu0,pcie-mmcfg-mmio,0,4,0xfb5000,ff ff ff ff
1791530182199,TX,MemRd,cpu0,pcie-mmcfg-mmio,0,4,0xfb6000,ff ff ff ff
1791530182199,TX,MemRd,cpu0,pcie-mmcfg-mmio,0,4,0xfb7000,ff ff ff ff
1791530182199,TX,MemRd,cpu0,pcie-mmcfg-mmio,0,4,0xfb8000,ff ff ff ff
1791530182199,TX,MemRd,cpu0,pcie-mmcfg-mmio,0,4,0xfb9000,ff ff ff ff
1791530182199,TX,MemRd,cpu0,pcie-mmcfg-mmio,0,4,0xfba000,ff ff ff ff
1791530182199,TX,MemRd,cpu0,pcie-mmcfg-mmio,0,4,0xfbb000,ff ff ff ff
1791530182199,TX,MemRd,cpu0,pcie-mmcfg-mmio,0,4,0xfbc000,ff ff ff ff
1791530182199,TX,MemRd,cpu0,pcie-mmcfg-mmio,0,4,0xfbd000,ff ff ff ff
1791530182199,TX,MemRd,cpu0,pcie-mmcfg-mmio,0,4,0xfbe000,ff ff ff ff
1791530182199,TX,MemRd,cpu0,pcie-mmcfg-mmio,0,4,0xfbf000,ff ff ff ff
1791530182199,TX,MemRd,cpu0,pcie-mmcfg-mmio,0,4,0xfc0000,ff ff ff ff
1791530182199,TX,MemRd,cpu0,pcie-mmcfg-mmio,0,4,0xfc1000,ff ff ff ff
1791530182199,TX,MemRd,cpu0,pcie-mmcfg-mmio,0,4,0xfc2000,ff ff ff ff
1791530182199,TX,MemRd,cpu0,pcie-mmcfg-mmio,0,4,0xfc3000,ff ff ff ff
1791530182199,TX,MemRd,cpu0,pcie-mmcfg-mmio,0,4,0xfc4000,ff ff ff ff
1791530182199,TX,MemRd,cpu0,pcie-mmcfg-mmio,0,4,0xfc5000,ff ff ff ff
1791530182199,TX,MemRd,cpu0,pcie-mmcfg-mmio,0,4,0xfc6000,ff ff ff ff
1791530182199,TX,MemRd,cpu0,pcie-mmcfg-mmio,0,4,0xfc7000,ff ff ff ff
1791530182199,TX,MemRd,cpu0,pcie-mmcfg-mmio,0,4,0xfc8000,ff ff ff ff
1791530182199,TX,MemRd,cpu0,pcie-mmcfg-mmio,0,4,0xfc9000,ff ff ff ff
1791530182199,TX,MemRd,cpu0,pcie-mmcfg-mmio,0,4,0xfca000,ff ff ff ff
1791530182199,TX,MemRd,cpu0,pcie-mmcfg-mmio,0,4,0xfcb000,ff ff ff ff
1791530182199,TX,MemRd,cpu0,pcie-mmcfg-mmio,0,4,0xfcc000,ff ff ff ff
1791530182199,TX,MemRd,cpu0,pcie-mmcfg-mmio,0,4,0xfcd000,ff ff ff ff
1791530182199,TX,MemRd,cpu0,pcie-mmcfg-mmio,0,4,0xfce000,ff ff ff ff
1791530182199,TX,MemRd,cpu0,pcie-mmcfg-mmio,0,4,0xfcf000,ff ff ff ff
1791530182199,TX,MemRd,cpu0,pcie-mmcfg-mmio,0,4,0xfd0000,ff ff ff ff
1791530182199,TX,MemRd,cpu0,pcie-mmcfg-mmio,0,4,0xfd1000,ff ff ff ff
1791530182199,TX,MemRd,cpu0,pcie-mmcfg-mmio,0,4,0xfd2000,ff ff ff ff
1791530182199,TX,MemRd,cpu0,pcie-mmcfg-mmio,0,4,0xfd3000,ff ff ff ff
1791530182199,TX,MemRd,cpu0,pcie-mmcfg-mmio,0,4,0xfd4000,ff ff ff ff
1791530182199,TX,MemRd,cpu0,pcie-mmcfg-mmio,0,4,0xfd5000,ff ff ff ff
1791530182199,TX,MemRd,cpu0,pcie-mmcfg-mmio,0,4,0xfd6000,ff ff ff ff
1791530182199,TX,MemRd,cpu0,pcie-mmcfg-mmio,0,4,0xfd7000,ff ff ff ff
1791530182199,TX,MemRd,cpu0,pcie-mmcfg-mmio,0,4,0xfd8000,ff ff ff ff
1791530182199,TX,MemRd,cpu0,pcie-mmcfg-mmio,0,4,0xfd9000,ff ff ff ff
1791530182199,TX,MemRd,cpu0,pcie-mmcfg-mmio,0,4,0xfda000,ff ff ff ff
1791530182199,TX,MemRd,cpu0,pcie-mmcfg-mmio,0,4,0xfdb000,ff ff ff ff
1791530182199,TX,MemRd,cpu0,pcie-mmcfg-mmio,0,4,0xfdc000,ff ff ff ff
1791530182199,TX,MemRd,cpu0,pcie-mmcfg-mmio,0,4,0xfdd000,ff ff ff ff
1791530182199,TX,MemRd,cpu0,pcie-mmcfg-mmio,0,4,0xfde000,ff ff ff ff
1791530182199,TX,MemRd,cpu0,pcie-mmcfg-mmio,0,4,0xfdf000,ff ff ff ff
1791530182199,TX,MemRd,cpu0,pcie-mmcfg-mmio,0,4,0xfe0000,ff ff ff ff
1791530182199,TX,MemRd,cpu0,pcie-mmcfg-mmio,0,4,0xfe1000,ff ff ff ff
1791530182199,TX,MemRd,cpu0,pcie-mmcfg-mmio,0,4,0xfe2000,ff ff ff ff
1791530182199,TX,MemRd,cpu0,pcie-mmcfg-mmio,0,4,0xfe3000,ff ff ff ff
1791530182199,TX,MemRd,cpu0,pcie-mmcfg-mmio,0,4,0xfe4000,ff ff ff ff
1791530182199,TX,MemRd,cpu0,pcie-mmcfg-mmio,0,4,0xfe5000,ff ff ff ff
1791530182199,TX,MemRd,cpu0,pcie-mmcfg-mmio,0,4,0xfe6000,ff ff ff ff
1791530182199,TX,MemRd,cpu0,pcie-mmcfg-mmio,0,4,0xfe7000,ff ff ff ff
1791530182199,TX,MemRd,cpu0,pcie-mmcfg-mmio,0,4,0xfe8000,ff ff ff ff
1791530182199,TX,MemRd,cpu0,pcie-mmcfg-mmio,0,4,0xfe9000,ff ff ff ff
1791530182199,TX,MemRd,cpu0,pcie-mmcfg-mmio,0,4,0xfea000,ff ff ff ff
1791530182199,TX,MemRd,cpu0,pcie-mmcfg-mmio,0,4,0xfeb000,ff ff ff ff
1791530182200,TX,MemRd,cpu0,pcie-mmcfg-mmio,0,4,0xfec000,ff ff ff ff
1791530182200,TX,MemRd,cpu0,pcie-mmcfg-mmio,0,4,0xfed000,ff ff ff ff
1791530182200,TX,MemRd,cpu0,pcie-mmcfg-mmio,0,4,0xfee000,ff ff ff ff
1791530182200,TX,MemRd,cpu0,pcie-mmcfg-mmio,0,4,0xfef000,ff ff ff ff
1791530182200,TX,MemRd,cpu0,pcie-mmcfg-mmio,0,4,0xff0000,ff ff ff ff
1791530182200,TX,MemRd,cpu0,pcie-mmcfg-mmio,0,4,0xff1000,ff ff ff ff
1791530182200,TX,MemRd,cpu0,pcie-mmcfg-mmio,0,4,0xff2000,ff ff ff ff
1791530182200,TX,MemRd,cpu0,pcie-mmcfg-mmio,0,4,0xff3000,ff ff ff ff
1791530182200,TX,MemRd,cpu0,pcie-mmcfg-mmio,0,4,0xff4000,ff ff ff ff
1791530182200,TX,MemRd,cpu0,pcie-mmcfg-mmio,0,4,0xff5000,ff ff ff ff
1791530182200,TX,MemRd,cpu0,pcie-mmcfg-mmio,0,4,0xff6000,ff ff ff ff
1791530182200,TX,MemRd,cpu0,pcie-mmcfg-mmio,0,4,0xff7000,ff ff ff ff
1791530182200,TX,MemRd,cpu0,pcie-mmcfg-mmio,0,4,0xff8000,ff ff ff ff
1791530182200,TX,MemRd,cpu0,pcie-mmcfg-mmio,0,4,0xff9000,ff ff ff ff
1791530182200,TX,MemRd,cpu0,pcie-mmcfg-mmio,0,4,0xffa000,ff ff ff ff
1791530182200,TX,MemRd,cpu0,pcie-mmcfg-mmio,0,4,0xffb000,ff ff ff ff
1791530182200,TX,MemRd,cpu0,pcie-mmcfg-mmio,0,4,0xffc000,ff ff ff ff
1791530182200,TX,MemRd,cpu0,pcie-mmcfg-mmio,0,4,0xffd000,ff ff ff ff
1791530182200,TX,MemRd,cpu0,pcie-mmcfg-mmio,0,4,0xffe000,ff ff ff ff
1791530182200,TX,MemRd,cpu0,pcie-mmcfg-mmio,0,4,0xfff000,ff ff ff ff
1791530182200,RX,CfgRd,xio3130-downstream,0e:00.0,0,4,0x18,0e 0f ff 00
1791530182200,TX,MemRd,cpu0,pcie-mmcfg-mmio,0,4,0xe00018,0e 0f ff 00
1791530182200,TX,MemWr,cpu0,pcie-mmcfg-mmio,0,4,0xe00018,0e 0f 0f 00
1791530182200,TX,CfgWr,xio3130-downstream,0e:00.0,0,4,0x18,0e 0f 0f 00
1791530182200,RX,CfgRd,xio3130-downstream,0e:00.0,0,4,0x1c,00 00 00 00
1791530182200,TX,MemRd,cpu0,pcie-mmcfg-mmio,0,4,0xe0001c,00 00 00 00
1791530182200,RX,CfgRd,xio3130-downstream,0e:00.0,0,4,0x30,00 00 00 00
1791530182200,TX,MemRd,cpu0,pcie-mmcfg-mmio,0,4,0xe00030,00 00 00 00
1791530182200,TX,MemWr,cpu0,pcie-mmcfg-mmio,0,4,0xe0001c,00 00 00 00
1791530182200,TX,CfgWr,xio3130-downstream,0e:00.0,0,4,0x1c,00 00 00 00
1791530182200,TX,MemWr,cpu0,pcie-mmcfg-mmio,0,4,0xe00030,00 00 00 00
1791530182200,TX,CfgWr,xio3130-downstream,0e:00.0,0,4,0x30,00 00 00 00
1791530182200,RX,CfgRd,xio3130-downstream,0e:00.0,0,4,0x20,40 10 00 00
1791530182200,TX,MemRd,cpu0,pcie-mmcfg-mmio,0,4,0xe00020,40 10 00 00
1791530182200,TX,MemWr,cpu0,pcie-mmcfg-mmio,0,4,0xe00020,40 10 4f 10
1791530182200,TX,CfgWr,xio3130-downstream,0e:00.0,0,4,0x20,40 10 4f 10
1791530182200,RX,CfgRd,xio3130-downstream,0e:00.0,0,4,0x24,61 00 01 00
1791530182200,TX,MemRd,cpu0,pcie-mmcfg-mmio,0,4,0xe00024,61 00 01 00
1791530182200,TX,MemWr,cpu0,pcie-mmcfg-mmio,0,4,0xe00024,61 00 5f 00
1791530182200,TX,CfgWr,xio3130-downstream,0e:00.0,0,4,0x24,61 00 5f 00
1791530182200,TX,MemWr,cpu0,pcie-mmcfg-mmio,0,4,0xe0002c,80 00 00 00
1791530182200,TX,CfgWr,xio3130-downstream,0e:00.0,0,4,0x2c,80 00 00 00
1791530182200,RX,CfgRd,xio3130-downstream,0e:00.1,0,4,0x0,4c 10 33 82
1791530182200,TX,MemRd,cpu0,pcie-mmcfg-mmio,0,4,0xe01000,4c 10 33 82
1791530182200,RX,CfgRd,xio3130-downstream,0e:00.1,0,4,0x8,01 00 04 06
1791530182200,TX,MemRd,cpu0,pcie-mmcfg-mmio,0,4,0xe01008,01 00 04 06
1791530182200,RX,CfgRd,xio3130-downstream,0e:00.1,0,4,0xc,00 00 01 00
1791530182200,TX,MemRd,cpu0,pcie-mmcfg-mmio,0,4,0xe0100c,00 00 01 00
1791530182200,RX,CfgRd,xio3130-downstream,0e:00.1,0,4,0x8,01 00 04 06
1791530182200,TX,MemRd,cpu0,pcie-mmcfg-mmio,0,4,0xe01008,01 00 04 06
1791530182200,RX,CfgRd,xio3130-downstream,0e:00.1,0,4,0x18,00 00 00 00
1791530182200,TX,MemRd,cpu0,pcie-mmcfg-mmio,0,4,0xe01018,00 00 00 00
1791530182200,RX,CfgRd,xio3130-downstream,0e:00.1,0,4,0x10,00 00 00 00
1791530182200,TX,MemRd,cpu0,pcie-mmcfg-mmio,0,4,0xe01010,00 00 00 00
1791530182200,TX,MemWr,cpu0,pcie-mmcfg-mmio,0,4,0xe01010,ff ff ff ff
1791530182200,TX,CfgWr,xio3130-downstream,0e:00.1,0,4,0x10,ff ff ff ff
1791530182200,RX,CfgRd,xio3130-downstream,0e:00.1,0,4,0x10,00 00 00 00
1791530182200,TX,MemRd,cpu0,pcie-mmcfg-mmio,0,4,0xe01010,00 00 00 00
1791530182200,TX,MemWr,cpu0,pcie-mmcfg-mmio,0,4,0xe01010,00 00 00 00
1791530182200,TX,CfgWr,xio3130-downstream,0e:00.1,0,4,0x10,00 00 00 00
1791530182200,RX,CfgRd,xio3130-downstream,0e:00.1,0,4,0x14,00 00 00 00
1791530182200,TX,MemRd,cpu0,pcie-mmcfg-mmio,0,4,0xe01014,00 00 00 00
1791530182200,TX,MemWr,cpu0,pcie-mmcfg-mmio,0,4,0xe01014,ff ff ff ff
1791530182200,TX,CfgWr,xio3130-downstream,0e:00.1,0,4,0x14,ff ff ff ff
1791530182200,RX,CfgRd,xio3130-downstream,0e:00.1,0,4,0x14,00 00 00 00
1791530182200,TX,MemRd,cpu0,pcie-mmcfg-mmio,0,4,0xe01014,00 00 00 00
1791530182200,TX,MemWr,cpu0,pcie-mmcfg-mmio,0,4,0xe01014,00 00 00 00
1791530182200,TX,CfgWr,xio3130-downstream,0e:00.1,0,4,0x14,00 00 00 00
1791530182200,TX,MemWr,cpu0,pcie-mmcfg-mmio,0,4,0xe01018,0e 10 ff 00
1791530182200,TX,CfgWr,xio3130-downstream,0e:00.1,0,4,0x18,0e 10 ff 00
1791530182200,RX,CfgRd,xio3130-downstream,0e:00.1,0,4,0x1c,00 00 00 00
1791530182200,TX,MemRd,cpu0,pcie-mmcfg-mmio,0,4,0xe0101c,00 00 00 00
1791530182200,RX,CfgRd,xio3130-downstream,0e:00.1,0,4,0x30,00 00 00 00
1791530182200,TX,MemRd,cpu0,pcie-mmcfg-mmio,0,4,0xe01030,00 00 00 00
1791530182200,TX,MemWr,cpu0,pcie-mmcfg-mmio,0,4,0xe0101c,00 00 00 00
1791530182200,TX,CfgWr,xio3130-downstream,0e:00.1,0,4,0x1c,00 00 00 00
1791530182200,TX,MemWr,cpu0,pcie-mmcfg-mmio,0,4,0xe01030,00 00 00 00
1791530182200,TX,CfgWr,xio3130-downstream,0e:00.1,0,4,0x30,00 00 00 00
1791530182200,RX,CfgRd,xio3130-downstream,0e:00.1,0,4,0x4,00 00 10 00
1791530182200,TX,MemRd,cpu0,pcie-mmcfg-mmio,0,4,0xe01004,00 00 10 00
1791530182200,TX,MemWr,cpu0,pcie-mmcfg-mmio,0,4,0xe01004,01 00 10 00
1791530182200,TX,CfgWr,xio3130-downstream,0e:00.1,0,4,0x4,01 00 10 00
1791530182200,RX,CfgRd,xio3130-downstream,0e:00.1,0,4,0x20,00 00 00 00
1791530182200,TX,MemRd,cpu0,pcie-mmcfg-mmio,0,4,0xe01020,00 00 00 00
1791530182200,TX,MemWr,cpu0,pcie-mmcfg-mmio,0,4,0xe01020,50 10 00 00
1791530182200,TX,CfgWr,xio3130-downstream,0e:00.1,0,4,0x20,50 10 00 00
1791530182200,RX,CfgRd,xio3130-downstream,0e:00.1,0,4,0x4,01 00 10 00
1791530182200,TX,MemRd,cpu0,pcie-mmcfg-mmio,0,4,0xe01004,01 00 10 00
1791530182200,TX,MemWr,cpu0,pcie-mmcfg-mmio,0,4,0xe01004,03 00 10 00
1791530182200,TX,CfgWr,xio3130-downstream,0e:00.1,0,4,0x4,03 00 10 00
1791530182200,RX,CfgRd,xio3130-downstream,0e:00.1,0,4,0x24,01 00 01 00
1791530182200,TX,MemRd,cpu0,pcie-mmcfg-mmio,0,4,0xe01024,01 00 01 00
1791530182200,TX,MemWr,cpu0,pcie-mmcfg-mmio,0,4,0xe01024,60 00 01 00
1791530182200,TX,CfgWr,xio3130-downstream,0e:00.1,0,4,0x24,60 00 01 00
1791530182200,TX,MemWr,cpu0,pcie-mmcfg-mmio,0,4,0xe01028,80 00 00 00
1791530182200,TX,CfgWr,xio3130-downstream,0e:00.1,0,4,0x28,80 00 00 00
1791530182200,RX,CfgRd,xio3130-downstream,0e:00.1,0,4,0x4,03 00 10 00
1791530182200,TX,MemRd,cpu0,pcie-mmcfg-mmio,0,4,0xe01004,03 00 10 00
1791530182200,TX,MemWr,cpu0,pcie-mmcfg-mmio,0,4,0xe01004,03 00 10 00
1791530182200,TX,CfgWr,xio3130-downstream,0e:00.1,0,4,0x4,03 00 10 00
1791530182200,RX,CfgRd,xio3130-downstream,0e:00.1,0,4,0x4,03 00 10 00
1791530182200,TX,MemRd,cpu0,pcie-mmcfg-mmio,0,4,0xe01004,03 00 10 00
1791530182200,TX,MemWr,cpu0,pcie-mmcfg-mmio,0,4,0xe01004,07 00 10 00
1791530182200,TX,CfgWr,xio3130-downstream,0e:00.1,0,4,0x4,07 00 10 00
1791530182200,RX,CfgRd,e1000e,10:00.0,0,4,0x0,86 80 d3 10
1791530182200,TX,MemRd,cpu0,pcie-mmcfg-mmio,0,4,0x1000000,86 80 d3 10
1791530182200,RX,CfgRd,e1000e,10:00.0,0,4,0x8,00 00 00 02
1791530182200,TX,MemRd,cpu0,pcie-mmcfg-mmio,0,4,0x1000008,00 00 00 02
1791530182200,RX,CfgRd,e1000e,10:00.0,0,4,0xc,00 00 00 00
1791530182200,TX,MemRd,cpu0,pcie-mmcfg-mmio,0,4,0x100000c,00 00 00 00
1791530182200,RX,CfgRd,e1000e,10:00.0,0,4,0x10,00 00 00 00
1791530182200,TX,MemRd,cpu0,pcie-mmcfg-mmio,0,4,0x1000010,00 00 00 00
1791530182200,TX,MemWr,cpu0,pcie-mmcfg-mmio,0,4,0x1000010,ff ff ff ff
1791530182200,TX,CfgWr,e1000e,10:00.0,0,4,0x10,ff ff ff ff
1791530182200,RX,CfgRd,e1000e,10:00.0,0,4,0x10,00 00 fe ff
1791530182200,TX,MemRd,cpu0,pcie-mmcfg-mmio,0,4,0x1000010,00 00 fe ff
1791530182200,TX,MemWr,cpu0,pcie-mmcfg-mmio,0,4,0x1000010,00 00 00 00
1791530182200,TX,CfgWr,e1000e,10:00.0,0,4,0x10,00 00 00 00
1791530182200,TX,MemWr,cpu0,pcie-mmcfg-mmio,0,4,0x1000010,00 00 50 10
1791530182200,TX,CfgWr,e1000e,10:00.0,0,4,0x10,00 00 50 10
1791530182200,RX,CfgRd,e1000e,10:00.0,0,4,0x14,00 00 00 00
1791530182200,TX,MemRd,cpu0,pcie-mmcfg-mmio,0,4,0x1000014,00 00 00 00
1791530182200,TX,MemWr,cpu0,pcie-mmcfg-mmio,0,4,0x1000014,ff ff ff ff
1791530182200,TX,CfgWr,e1000e,10:00.0,0,4,0x14,ff ff ff ff
1791530182200,RX,CfgRd,e1000e,10:00.0,0,4,0x14,00 00 fe ff
1791530182200,TX,MemRd,cpu0,pcie-mmcfg-mmio,0,4,0x1000014,00 00 fe ff
1791530182200,TX,MemWr,cpu0,pcie-mmcfg-mmio,0,4,0x1000014,00 00 00 00
1791530182200,TX,CfgWr,e1000e,10:00.0,0,4,0x14,00 00 00 00
1791530182200,TX,MemWr,cpu0,pcie-mmcfg-mmio,0,4,0x1000014,00 00 52 10
1791530182200,TX,CfgWr,e1000e,10:00.0,0,4,0x14,00 00 52 10
1791530182200,RX,CfgRd,e1000e,10:00.0,0,4,0x18,01 00 00 00
1791530182200,TX,MemRd,cpu0,pcie-mmcfg-mmio,0,4,0x1000018,01 00 00 00
1791530182200,TX,MemWr,cpu0,pcie-mmcfg-mmio,0,4,0x1000018,ff ff ff ff
1791530182200,TX,CfgWr,e1000e,10:00.0,0,4,0x18,ff ff ff ff
1791530182200,RX,CfgRd,e1000e,10:00.0,0,4,0x18,e1 ff ff ff
1791530182200,TX,MemRd,cpu0,pcie-mmcfg-mmio,0,4,0x1000018,e1 ff ff ff
1791530182200,TX,MemWr,cpu0,pcie-mmcfg-mmio,0,4,0x1000018,01 00 00 00
1791530182200,TX,CfgWr,e1000e,10:00.0,0,4,0x18,01 00 00 00
1791530182200,TX,MemWr,cpu0,pcie-mmcfg-mmio,0,4,0x1000018,00 20 00 00
1791530182200,TX,CfgWr,e1000e,10:00.0,0,4,0x18,00 20 00 00
1791530182200,RX,CfgRd,e1000e,10:00.0,0,4,0x1c,00 00 00 00
1791530182200,TX,MemRd,cpu0,pcie-mmcfg-mmio,0,4,0x100001c,00 00 00 00
1791530182200,TX,MemWr,cpu0,pcie-mmcfg-mmio,0,4,0x100001c,ff ff ff ff
1791530182200,TX,CfgWr,e1000e,10:00.0,0,4,0x1c,ff ff ff ff
1791530182200,RX,CfgRd,e1000e,10:00.0,0,4,0x1c,00 c0 ff ff
1791530182200,TX,MemRd,cpu0,pcie-mmcfg-mmio,0,4,0x100001c,00 c0 ff ff
1791530182200,TX,MemWr,cpu0,pcie-mmcfg-mmio,0,4,0x100001c,00 00 00 00
1791530182200,TX,CfgWr,e1000e,10:00.0,0,4,0x1c,00 00 00 00
1791530182200,TX,MemWr,cpu0,pcie-mmcfg-mmio,0,4,0x100001c,00 00 54 10
1791530182200,TX,CfgWr,e1000e,10:00.0,0,4,0x1c,00 00 54 10
1791530182200,RX,CfgRd,e1000e,10:00.0,0,4,0x20,00 00 00 00
1791530182200,TX,MemRd,cpu0,pcie-mmcfg-mmio,0,4,0x1000020,00 00 00 00
1791530182200,TX,MemWr,cpu0,pcie-mmcfg-mmio,0,4,0x1000020,ff ff ff ff
1791530182200,TX,CfgWr,e1000e,10:00.0,0,4,0x20,ff ff ff ff
1791530182201,RX,CfgRd,e1000e,10:00.0,0,4,0x20,00 00 00 00
1791530182201,TX,MemRd,cpu0,pcie-mmcfg-mmio,0,4,0x1000020,00 00 00 00
1791530182201,TX,MemWr,cpu0,pcie-mmcfg-mmio,0,4,0x1000020,00 00 00 00
1791530182201,TX,CfgWr,e1000e,10:00.0,0,4,0x20,00 00 00 00
1791530182201,RX,CfgRd,e1000e,10:00.0,0,4,0x24,00 00 00 00
1791530182201,TX,MemRd,cpu0,pcie-mmcfg-mmio,0,4,0x1000024,00 00 00 00
1791530182201,TX,MemWr,cpu0,pcie-mmcfg-mmio,0,4,0x1000024,ff ff ff ff
1791530182201,TX,CfgWr,e1000e,10:00.0,0,4,0x24,ff ff ff ff
1791530182201,RX,CfgRd,e1000e,10:00.0,0,4,0x24,00 00 00 00
1791530182201,TX,MemRd,cpu0,pcie-mmcfg-mmio,0,4,0x1000024,00 00 00 00
1791530182201,TX,MemWr,cpu0,pcie-mmcfg-mmio,0,4,0x1000024,00 00 00 00
1791530182201,TX,CfgWr,e1000e,10:00.0,0,4,0x24,00 00 00 00
1791530182201,TX,MemRd,cpu0,pcie-mmcfg-mmio,0,4,0x1008000,ff ff ff ff
1791530182201,TX,MemRd,cpu0,pcie-mmcfg-mmio,0,4,0x1009000,ff ff ff ff
1791530182201,TX,MemRd,cpu0,pcie-mmcfg-mmio,0,4,0x100a000,ff ff ff ff
1791530182201,TX,MemRd,cpu0,pcie-mmcfg-mmio,0,4,0x100b000,ff ff ff ff
1791530182201,TX,MemRd,cpu0,pcie-mmcfg-mmio,0,4,0x100c000,ff ff ff ff
1791530182201,TX,MemRd,cpu0,pcie-mmcfg-mmio,0,4,0x100d000,ff ff ff ff
1791530182201,TX,MemRd,cpu0,pcie-mmcfg-mmio,0,4,0x100e000,ff ff ff ff
1791530182201,TX,MemRd,cpu0,pcie-mmcfg-mmio,0,4,0x100f000,ff ff ff ff
1791530182201,TX,MemRd,cpu0,pcie-mmcfg-mmio,0,4,0x1010000,ff ff ff ff
1791530182201,TX,MemRd,cpu0,pcie-mmcfg-mmio,0,4,0x1011000,ff ff ff ff
1791530182201,TX,MemRd,cpu0,pcie-mmcfg-mmio,0,4,0x1012000,ff ff ff ff
1791530182201,TX,MemRd,cpu0,pcie-mmcfg-mmio,0,4,0x1013000,ff ff ff ff
1791530182201,TX,MemRd,cpu0,pcie-mmcfg-mmio,0,4,0x1014000,ff ff ff ff
1791530182201,TX,MemRd,cpu0,pcie-mmcfg-mmio,0,4,0x1015000,ff ff ff ff
1791530182201,TX,MemRd,cpu0,pcie-mmcfg-mmio,0,4,0x1016000,ff ff ff ff
1791530182201,TX,MemRd,cpu0,pcie-mmcfg-mmio,0,4,0x1017000,ff ff ff ff
1791530182201,TX,MemRd,cpu0,pcie-mmcfg-mmio,0,4,0x1018000,ff ff ff ff
1791530182201,TX,MemRd,cpu0,pcie-mmcfg-mmio,0,4,0x1019000,ff ff ff ff
1791530182201,TX,MemRd,cpu0,pcie-mmcfg-mmio,0,4,0x101a000,ff ff ff ff
1791530182201,TX,MemRd,cpu0,pcie-mmcfg-mmio,0,4,0x101b000,ff ff ff ff
1791530182201,TX,MemRd,cpu0,pcie-mmcfg-mmio,0,4,0x101c000,ff ff ff ff
1791530182201,TX,MemRd,cpu0,pcie-mmcfg-mmio,0,4,0x101d000,ff ff ff ff
1791530182201,TX,MemRd,cpu0,pcie-mmcfg-mmio,0,4,0x101e000,ff ff ff ff
1791530182201,TX,MemRd,cpu0,pcie-mmcfg-mmio,0,4,0x101f000,ff ff ff ff
1791530182201,TX,MemRd,cpu0,pcie-mmcfg-mmio,0,4,0x1020000,ff ff ff ff
1791530182201,TX,MemRd,cpu0,pcie-mmcfg-mmio,0,4,0x1021000,ff ff ff ff
1791530182201,TX,MemRd,cpu0,pcie-mmcfg-mmio,0,4,0x1022000,ff ff ff ff
1791530182201,TX,MemRd,cpu0,pcie-mmcfg-mmio,0,4,0x1023000,ff ff ff ff
1791530182201,TX,MemRd,cpu0,pcie-mmcfg-mmio,0,4,0x1024000,ff ff ff ff
1791530182201,TX,MemRd,cpu0,pcie-mmcfg-mmio,0,4,0x1025000,ff ff ff ff
1791530182201,TX,MemRd,cpu0,pcie-mmcfg-mmio,0,4,0x1026000,ff ff ff ff
1791530182201,TX,MemRd,cpu0,pcie-mmcfg-mmio,0,4,0x1027000,ff ff ff ff
1791530182201,TX,MemRd,cpu0,pcie-mmcfg-mmio,0,4,0x1028000,ff ff ff ff
1791530182201,TX,MemRd,cpu0,pcie-mmcfg-mmio,0,4,0x1029000,ff ff ff ff
1791530182201,TX,MemRd,cpu0,pcie-mmcfg-mmio,0,4,0x102a000,ff ff ff ff
1791530182201,TX,MemRd,cpu0,pcie-mmcfg-mmio,0,4,0x102b000,ff ff ff ff
1791530182201,TX,MemRd,cpu0,pcie-mmcfg-mmio,0,4,0x102c000,ff ff ff ff
1791530182201,TX,MemRd,cpu0,pcie-mmcfg-mmio,0,4,0x102d000,ff ff ff ff
1791530182201,TX,MemRd,cpu0,pcie-mmcfg-mmio,0,4,0x102e000,ff ff ff ff
1791530182201,TX,MemRd,cpu0,pcie-mmcfg-mmio,0,4,0x102f000,ff ff ff ff
1791530182201,TX,MemRd,cpu0,pcie-mmcfg-mmio,0,4,0x1030000,ff ff ff ff
1791530182201,TX,MemRd,cpu0,pcie-mmcfg-mmio,0,4,0x1031000,ff ff ff ff
1791530182201,TX,MemRd,cpu0,pcie-mmcfg-mmio,0,4,0x1032000,ff ff ff ff
1791530182201,TX,MemRd,cpu0,pcie-mmcfg-mmio,0,4,0x1033000,ff ff ff ff
1791530182201,TX,MemRd,cpu0,pcie-mmcfg-mmio,0,4,0x1034000,ff ff ff ff
1791530182201,TX,MemRd,cpu0,pcie-mmcfg-mmio,0,4,0x1035000,ff ff ff ff
1791530182201,TX,MemRd,cpu0,pcie-mmcfg-mmio,0,4,0x1036000,ff ff ff ff
1791530182201,TX,MemRd,cpu0,pcie-mmcfg-mmio,0,4,0x1037000,ff ff ff ff
1791530182201,TX,MemRd,cpu0,pcie-mmcfg-mmio,0,4,0x1038000,ff ff ff ff
1791530182201,TX,MemRd,cpu0,pcie-mmcfg-mmio,0,4,0x1039000,ff ff ff ff
1791530182201,TX,MemRd,cpu0,pcie-mmcfg-mmio,0,4,0x103a000,ff ff ff ff
1791530182201,TX,MemRd,cpu0,pcie-mmcfg-mmio,0,4,0x103b000,ff ff ff ff
1791530182201,TX,MemRd,cpu0,pcie-mmcfg-mmio,0,4,0x103c000,ff ff ff ff
1791530182201,TX,MemRd,cpu0,pcie-mmcfg-mmio,0,4,0x103d000,ff ff ff ff
1791530182201,TX,MemRd,cpu0,pcie-mmcfg-mmio,0,4,0x103e000,ff ff ff ff
1791530182201,TX,MemRd,cpu0,pcie-mmcfg-mmio,0,4,0x103f000,ff ff ff ff
1791530182201,TX,MemRd,cpu0,pcie-mmcfg-mmio,0,4,0x1040000,ff ff ff ff
1791530182201,TX,MemRd,cpu0,pcie-mmcfg-mmio,0,4,0x1041000,ff ff ff ff
1791530182201,TX,MemRd,cpu0,pcie-mmcfg-mmio,0,4,0x1042000,ff ff ff ff
1791530182201,TX,MemRd,cpu0,pcie-mmcfg-mmio,0,4,0x1043000,ff ff ff ff
1791530182201,TX,MemRd,cpu0,pcie-mmcfg-mmio,0,4,0x1044000,ff ff ff ff
1791530182201,TX,MemRd,cpu0,pcie-mmcfg-mmio,0,4,0x1045000,ff ff ff ff
1791530182201,TX,MemRd,cpu0,pcie-mmcfg-mmio,0,4,0x1046000,ff ff ff ff
1791530182201,TX,MemRd,cpu0,pcie-mmcfg-mmio,0,4,0x1047000,ff ff ff ff
1791530182201,TX,MemRd,cpu0,pcie-mmcfg-mmio,0,4,0x1048000,ff ff ff ff
1791530182201,TX,MemRd,cpu0,pcie-mmcfg-mmio,0,4,0x1049000,ff ff ff ff
1791530182201,TX,MemRd,cpu0,pcie-mmcfg-mmio,0,4,0x104a000,ff ff ff ff
1791530182201,TX,MemRd,cpu0,pcie-mmcfg-mmio,0,4,0x104b000,ff ff ff ff
1791530182201,TX,MemRd,cpu0,pcie-mmcfg-mmio,0,4,0x104c000,ff ff ff ff
1791530182201,TX,MemRd,cpu0,pcie-mmcfg-mmio,0,4,0x104d000,ff ff ff ff
1791530182201,TX,MemRd,cpu0,pcie-mmcfg-mmio,0,4,0x104e000,ff ff ff ff
1791530182201,TX,MemRd,cpu0,pcie-mmcfg-mmio,0,4,0x104f000,ff ff ff ff
1791530182201,TX,MemRd,cpu0,pcie-mmcfg-mmio,0,4,0x1050000,ff ff ff ff
1791530182201,TX,MemRd,cpu0,pcie-mmcfg-mmio,0,4,0x1051000,ff ff ff ff
1791530182201,TX,MemRd,cpu0,pcie-mmcfg-mmio,0,4,0x1052000,ff ff ff ff
1791530182201,TX,MemRd,cpu0,pcie-mmcfg-mmio,0,4,0x1053000,ff ff ff ff
1791530182201,TX,MemRd,cpu0,pcie-mmcfg-mmio,0,4,0x1054000,ff ff ff ff
1791530182201,TX,MemRd,cpu0,pcie-mmcfg-mmio,0,4,0x1055000,ff ff ff ff
1791530182201,TX,MemRd,cpu0,pcie-mmcfg-mmio,0,4,0x1056000,ff ff ff ff
1791530182201,TX,MemRd,cpu0,pcie-mmcfg-mmio,0,4,0x1057000,ff ff ff ff
1791530182201,TX,MemRd,cpu0,pcie-mmcfg-mmio,0,4,0x1058000,ff ff ff ff
1791530182201,TX,MemRd,cpu0,pcie-mmcfg-mmio,0,4,0x1059000,ff ff ff ff
1791530182201,TX,MemRd,cpu0,pcie-mmcfg-mmio,0,4,0x105a000,ff ff ff ff
1791530182201,TX,MemRd,cpu0,pcie-mmcfg-mmio,0,4,0x105b000,ff ff ff ff
1791530182201,TX,MemRd,cpu0,pcie-mmcfg-mmio,0,4,0x105c000,ff ff ff ff
1791530182201,TX,MemRd,cpu0,pcie-mmcfg-mmio,0,4,0x105d000,ff ff ff ff
1791530182201,TX,MemRd,cpu0,pcie-mmcfg-mmio,0,4,0x105e000,ff ff ff ff
1791530182201,TX,MemRd,cpu0,pcie-mmcfg-mmio,0,4,0x105f000,ff ff ff ff
1791530182201,TX,MemRd,cpu0,pcie-mmcfg-mmio,0,4,0x1060000,ff ff ff ff
1791530182201,TX,MemRd,cpu0,pcie-mmcfg-mmio,0,4,0x1061000,ff ff ff ff
1791530182201,TX,MemRd,cpu0,pcie-mmcfg-mmio,0,4,0x1062000,ff ff ff ff
1791530182201,TX,MemRd,cpu0,pcie-mmcfg-mmio,0,4,0x1063000,ff ff ff ff
1791530182201,TX,MemRd,cpu0,pcie-mmcfg-mmio,0,4,0x1064000,ff ff ff ff
1791530182201,TX,MemRd,cpu0,pcie-mmcfg-mmio,0,4,0x1065000,ff ff ff ff
1791530182201,TX,MemRd,cpu0,pcie-mmcfg-mmio,0,4,0x1066000,ff ff ff ff
1791530182201,TX,MemRd,cpu0,pcie-mmcfg-mmio,0,4,0x1067000,ff ff ff ff
1791530182201,TX,MemRd,cpu0,pcie-mmcfg-mmio,0,4,0x1068000,ff ff ff ff
1791530182201,TX,MemRd,cpu0,pcie-mmcfg-mmio,0,4,0x1069000,ff ff ff ff
1791530182201,TX,MemRd,cpu0,pcie-mmcfg-mmio,0,4,0x106a000,ff ff ff ff
1791530182201,TX,MemRd,cpu0,pcie-mmcfg-mmio,0,4,0x106b000,ff ff ff ff
1791530182201,TX,MemRd,cpu0,pcie-mmcfg-mmio,0,4,0x106c000,ff ff ff ff
1791530182201,TX,MemRd,cpu0,pcie-mmcfg-mmio,0,4,0x106d000,ff ff ff ff
1791530182201,TX,MemRd,cpu0,pcie-mmcfg-mmio,0,4,0x106e000,ff ff ff ff
1791530182201,TX,MemRd,cpu0,pcie-mmcfg-mmio,0,4,0x106f000,ff ff ff ff
1791530182201,TX,MemRd,cpu0,pcie-mmcfg-mmio,0,4,0x1070000,ff ff ff ff
1791530182201,TX,MemRd,cpu0,pcie-mmcfg-mmio,0,4,0x1071000,ff ff ff ff
1791530182201,TX,MemRd,cpu0,pcie-mmcfg-mmio,0,4,0x1072000,ff ff ff ff
1791530182201,TX,MemRd,cpu0,pcie-mmcfg-mmio,0,4,0x1073000,ff ff ff ff
1791530182201,TX,MemRd,cpu0,pcie-mmcfg-mmio,0,4,0x1074000,ff ff ff ff
1791530182201,TX,MemRd,cpu0,pcie-mmcfg-mmio,0,4,0x1075000,ff ff ff ff
1791530182201,TX,MemRd,cpu0,pcie-mmcfg-mmio,0,4,0x1076000,ff ff ff ff
1791530182201,TX,MemRd,cpu0,pcie-mmcfg-mmio,0,4,0x1077000,ff ff ff ff
1791530182201,TX,MemRd,cpu0,pcie-mmcfg-mmio,0,4,0x1078000,ff ff ff ff
1791530182201,TX,MemRd,cpu0,pcie-mmcfg-mmio,0,4,0x1079000,ff ff ff ff
1791530182201,TX,MemRd,cpu0,pcie-mmcfg-mmio,0,4,0x107a000,ff ff ff ff
1791530182201,TX,MemRd,cpu0,pcie-mmcfg-mmio,0,4,0x107b000,ff ff ff ff
1791530182201,TX,MemRd,cpu0,pcie-mmcfg-mmio,0,4,0x107c000,ff ff ff ff
1791530182201,TX,MemRd,cpu0,pcie-mmcfg-mmio,0,4,0x107d000,ff ff ff ff
1791530182201,TX,MemRd,cpu0,pcie-mmcfg-mmio,0,4,0x107e000,ff ff ff ff
1791530182201,TX,MemRd,cpu0,pcie-mmcfg-mmio,0,4,0x107f000,ff ff ff ff
1791530182201,TX,MemRd,cpu0,pcie-mmcfg-mmio,0,4,0x1080000,ff ff ff ff
1791530182201,TX,MemRd,cpu0,pcie-mmcfg-mmio,0,4,0x1081000,ff ff ff ff
1791530182201,TX,MemRd,cpu0,pcie-mmcfg-mmio,0,4,0x1082000,ff ff ff ff
1791530182201,TX,MemRd,cpu0,pcie-mmcfg-mmio,0,4,0x1083000,ff ff ff ff
1791530182201,TX,MemRd,cpu0,pcie-mmcfg-mmio,0,4,0x1084000,ff ff ff ff
1791530182201,TX,MemRd,cpu0,pcie-mmcfg-mmio,0,4,0x1085000,ff ff ff ff
1791530182201,TX,MemRd,cpu0,pcie-mmcfg-mmio,0,4,0x1086000,ff ff ff ff
1791530182201,TX,MemRd,cpu0,pcie-mmcfg-mmio,0,4,0x1087000,ff ff ff ff
1791530182201,TX,MemRd,cpu0,pcie-mmcfg-mmio,0,4,0x1088000,ff ff ff ff
1791530182201,TX,MemRd,cpu0,pcie-mmcfg-mmio,0,4,0x1089000,ff ff ff ff
1791530182201,TX,MemRd,cpu0,pcie-mmcfg-mmio,0,4,0x108a000,ff ff ff ff
1791530182201,TX,MemRd,cpu0,pcie-mmcfg-mmio,0,4,0x108b000,ff ff ff ff
1791530182201,TX,MemRd,cpu0,pcie-mmcfg-mmio,0,4,0x108c000,ff ff ff ff
1791530182201,TX,MemRd,cpu0,pcie-mmcfg-mmio,0,4,0x108d000,ff ff ff ff
1791530182201,TX,MemRd,cpu0,pcie-mmcfg-mmio,0,4,0x108e000,ff ff ff ff
1791530182201,TX,MemRd,cpu0,pcie-mmcfg-mmio,0,4,0x108f000,ff ff ff ff
1791530182201,TX,MemRd,cpu0,pcie-mmcfg-mmio,0,4,0x1090000,ff ff ff ff
1791530182201,TX,MemRd,cpu0,pcie-mmcfg-mmio,0,4,0x1091000,ff ff ff ff
1791530182201,TX,MemRd,cpu0,pcie-mmcfg-mmio,0,4,0x1092000,ff ff ff ff
1791530182201,TX,MemRd,cpu0,pcie-mmcfg-mmio,0,4,0x1093000,ff ff ff ff
1791530182201,TX,MemRd,cpu0,pcie-mmcfg-mmio,0,4,0x1094000,ff ff ff ff
1791530182201,TX,MemRd,cpu0,pcie-mmcfg-mmio,0,4,0x1095000,ff ff ff ff
1791530182201,TX,MemRd,cpu0,pcie-mmcfg-mmio,0,4,0x1096000,ff ff ff ff
1791530182201,TX,MemRd,cpu0,pcie-mmcfg-mmio,0,4,0x1097000,ff ff ff ff
1791530182201,TX,MemRd,cpu0,pcie-mmcfg-mmio,0,4,0x1098000,ff ff ff ff
1791530182201,TX,MemRd,cpu0,pcie-mmcfg-mmio,0,4,0x1099000,ff ff ff ff
1791530182201,TX,MemRd,cpu0,pcie-mmcfg-mmio,0,4,0x109a000,ff ff ff ff
1791530182201,TX,MemRd,cpu0,pcie-mmcfg-mmio,0,4,0x109b000,ff ff ff ff
1791530182201,TX,MemRd,cpu0,pcie-mmcfg-mmio,0,4,0x109c000,ff ff ff ff
1791530182201,TX,MemRd,cpu0,pcie-mmcfg-mmio,0,4,0x109d000,ff ff ff ff
1791530182201,TX,MemRd,cpu0,pcie-mmcfg-mmio,0,4,0x109e000,ff ff ff ff
1791530182201,TX,MemRd,cpu0,pcie-mmcfg-mmio,0,4,0x109f000,ff ff ff ff
1791530182201,TX,MemRd,cpu0,pcie-mmcfg-mmio,0,4,0x10a0000,ff ff ff ff
1791530182201,TX,MemRd,cpu0,pcie-mmcfg-mmio,0,4,0x10a1000,ff ff ff ff
1791530182201,TX,MemRd,cpu0,pcie-mmcfg-mmio,0,4,0x10a2000,ff ff ff ff
1791530182201,TX,MemRd,cpu0,pcie-mmcfg-mmio,0,4,0x10a3000,ff ff ff ff
1791530182201,TX,MemRd,cpu0,pcie-mmcfg-mmio,0,4,0x10a4000,ff ff ff ff
1791530182201,TX,MemRd,cpu0,pcie-mmcfg-mmio,0,4,0x10a5000,ff ff ff ff
1791530182201,TX,MemRd,cpu0,pcie-mmcfg-mmio,0,4,0x10a6000,ff ff ff ff
1791530182201,TX,MemRd,cpu0,pcie-mmcfg-mmio,0,4,0x10a7000,ff ff ff ff
1791530182202,TX,MemRd,cpu0,pcie-mmcfg-mmio,0,4,0x10a8000,ff ff ff ff
1791530182202,TX,MemRd,cpu0,pcie-mmcfg-mmio,0,4,0x10a9000,ff ff ff ff
1791530182202,TX,MemRd,cpu0,pcie-mmcfg-mmio,0,4,0x10aa000,ff ff ff ff
1791530182202,TX,MemRd,cpu0,pcie-mmcfg-mmio,0,4,0x10ab000,ff ff ff ff
1791530182202,TX,MemRd,cpu0,pcie-mmcfg-mmio,0,4,0x10ac000,ff ff ff ff
1791530182202,TX,MemRd,cpu0,pcie-mmcfg-mmio,0,4,0x10ad000,ff ff ff ff
1791530182202,TX,MemRd,cpu0,pcie-mmcfg-mmio,0,4,0x10ae000,ff ff ff ff
1791530182202,TX,MemRd,cpu0,pcie-mmcfg-mmio,0,4,0x10af000,ff ff ff ff
1791530182202,TX,MemRd,cpu0,pcie-mmcfg-mmio,0,4,0x10b0000,ff ff ff ff
1791530182202,TX,MemRd,cpu0,pcie-mmcfg-mmio,0,4,0x10b1000,ff ff ff ff
1791530182202,TX,MemRd,cpu0,pcie-mmcfg-mmio,0,4,0x10b2000,ff ff ff ff
1791530182202,TX,MemRd,cpu0,pcie-mmcfg-mmio,0,4,0x10b3000,ff ff ff ff
1791530182202,TX,MemRd,cpu0,pcie-mmcfg-mmio,0,4,0x10b4000,ff ff ff ff
1791530182202,TX,MemRd,cpu0,pcie-mmcfg-mmio,0,4,0x10b5000,ff ff ff ff
1791530182202,TX,MemRd,cpu0,pcie-mmcfg-mmio,0,4,0x10b6000,ff ff ff ff
1791530182202,TX,MemRd,cpu0,pcie-mmcfg-mmio,0,4,0x10b7000,ff ff ff ff
1791530182202,TX,MemRd,cpu0,pcie-mmcfg-mmio,0,4,0x10b8000,ff ff ff ff
1791530182202,TX,MemRd,cpu0,pcie-mmcfg-mmio,0,4,0x10b9000,ff ff ff ff
1791530182202,TX,MemRd,cpu0,pcie-mmcfg-mmio,0,4,0x10ba000,ff ff ff ff
1791530182202,TX,MemRd,cpu0,pcie-mmcfg-mmio,0,4,0x10bb000,ff ff ff ff
1791530182202,TX,MemRd,cpu0,pcie-mmcfg-mmio,0,4,0x10bc000,ff ff ff ff
1791530182202,TX,MemRd,cpu0,pcie-mmcfg-mmio,0,4,0x10bd000,ff ff ff ff
1791530182202,TX,MemRd,cpu0,pcie-mmcfg-mmio,0,4,0x10be000,ff ff ff ff
1791530182202,TX,MemRd,cpu0,pcie-mmcfg-mmio,0,4,0x10bf000,ff ff ff ff
1791530182202,TX,MemRd,cpu0,pcie-mmcfg-mmio,0,4,0x10c0000,ff ff ff ff
1791530182202,TX,MemRd,cpu0,pcie-mmcfg-mmio,0,4,0x10c1000,ff ff ff ff
1791530182202,TX,MemRd,cpu0,pcie-mmcfg-mmio,0,4,0x10c2000,ff ff ff ff
1791530182202,TX,MemRd,cpu0,pcie-mmcfg-mmio,0,4,0x10c3000,ff ff ff ff
1791530182202,TX,MemRd,cpu0,pcie-mmcfg-mmio,0,4,0x10c4000,ff ff ff ff
1791530182202,TX,MemRd,cpu0,pcie-mmcfg-mmio,0,4,0x10c5000,ff ff ff ff
1791530182202,TX,MemRd,cpu0,pcie-mmcfg-mmio,0,4,0x10c6000,ff ff ff ff
1791530182202,TX,MemRd,cpu0,pcie-mmcfg-mmio,0,4,0x10c7000,ff ff ff ff
1791530182202,TX,MemRd,cpu0,pcie-mmcfg-mmio,0,4,0x10c8000,ff ff ff ff
1791530182202,TX,MemRd,cpu0,pcie-mmcfg-mmio,0,4,0x10c9000,ff ff ff ff
1791530182202,TX,MemRd,cpu0,pcie-mmcfg-mmio,0,4,0x10ca000,ff ff ff ff
1791530182202,TX,MemRd,cpu0,pcie-mmcfg-mmio,0,4,0x10cb000,ff ff ff ff
1791530182202,TX,MemRd,cpu0,pcie-mmcfg-mmio,0,4,0x10cc000,ff ff ff ff
1791530182202,TX,MemRd,cpu0,pcie-mmcfg-mmio,0,4,0x10cd000,ff ff ff ff
1791530182202,TX,MemRd,cpu0,pcie-mmcfg-mmio,0,4,0x10ce000,ff ff ff ff
1791530182202,TX,MemRd,cpu0,pcie-mmcfg-mmio,0,4,0x10cf000,ff ff ff ff
1791530182202,TX,MemRd,cpu0,pcie-mmcfg-mmio,0,4,0x10d0000,ff ff ff ff
1791530182202,TX,MemRd,cpu0,pcie-mmcfg-mmio,0,4,0x10d1000,ff ff ff ff
1791530182202,TX,MemRd,cpu0,pcie-mmcfg-mmio,0,4,0x10d2000,ff ff ff ff
1791530182202,TX,MemRd,cpu0,pcie-mmcfg-mmio,0,4,0x10d3000,ff ff ff ff
1791530182202,TX,MemRd,cpu0,pcie-mmcfg-mmio,0,4,0x10d4000,ff ff ff ff
1791530182202,TX,MemRd,cpu0,pcie-mmcfg-mmio,0,4,0x10d5000,ff ff ff ff
1791530182202,TX,MemRd,cpu0,pcie-mmcfg-mmio,0,4,0x10d6000,ff ff ff ff
1791530182202,TX,MemRd,cpu0,pcie-mmcfg-mmio,0,4,0x10d7000,ff ff ff ff
1791530182202,TX,MemRd,cpu0,pcie-mmcfg-mmio,0,4,0x10d8000,ff ff ff ff
1791530182202,TX,MemRd,cpu0,pcie-mmcfg-mmio,0,4,0x10d9000,ff ff ff ff
1791530182202,TX,MemRd,cpu0,pcie-mmcfg-mmio,0,4,0x10da000,ff ff ff ff
1791530182202,TX,MemRd,cpu0,pcie-mmcfg-mmio,0,4,0x10db000,ff ff ff ff
1791530182202,TX,MemRd,cpu0,pcie-mmcfg-mmio,0,4,0x10dc000,ff ff ff ff
1791530182202,TX,MemRd,cpu0,pcie-mmcfg-mmio,0,4,0x10dd000,ff ff ff ff
1791530182202,TX,MemRd,cpu0,pcie-mmcfg-mmio,0,4,0x10de000,ff ff ff ff
1791530182202,TX,MemRd,cpu0,pcie-mmcfg-mmio,0,4,0x10df000,ff ff ff ff
1791530182202,TX,MemRd,cpu0,pcie-mmcfg-mmio,0,4,0x10e0000,ff ff ff ff
1791530182202,TX,MemRd,cpu0,pcie-mmcfg-mmio,0,4,0x10e1000,ff ff ff ff
1791530182202,TX,MemRd,cpu0,pcie-mmcfg-mmio,0,4,0x10e2000,ff ff ff ff
1791530182202,TX,MemRd,cpu0,pcie-mmcfg-mmio,0,4,0x10e3000,ff ff ff ff
1791530182202,TX,MemRd,cpu0,pcie-mmcfg-mmio,0,4,0x10e4000,ff ff ff ff
1791530182202,TX,MemRd,cpu0,pcie-mmcfg-mmio,0,4,0x10e5000,ff ff ff ff
1791530182202,TX,MemRd,cpu0,pcie-mmcfg-mmio,0,4,0x10e6000,ff ff ff ff
1791530182202,TX,MemRd,cpu0,pcie-mmcfg-mmio,0,4,0x10e7000,ff ff ff ff
1791530182202,TX,MemRd,cpu0,pcie-mmcfg-mmio,0,4,0x10e8000,ff ff ff ff
1791530182202,TX,MemRd,cpu0,pcie-mmcfg-mmio,0,4,0x10e9000,ff ff ff ff
1791530182202,TX,MemRd,cpu0,pcie-mmcfg-mmio,0,4,0x10ea000,ff ff ff ff
1791530182202,TX,MemRd,cpu0,pcie-mmcfg-mmio,0,4,0x10eb000,ff ff ff ff
1791530182202,TX,MemRd,cpu0,pcie-mmcfg-mmio,0,4,0x10ec000,ff ff ff ff
1791530182202,TX,MemRd,cpu0,pcie-mmcfg-mmio,0,4,0x10ed000,ff ff ff ff
1791530182202,TX,MemRd,cpu0,pcie-mmcfg-mmio,0,4,0x10ee000,ff ff ff ff
1791530182202,TX,MemRd,cpu0,pcie-mmcfg-mmio,0,4,0x10ef000,ff ff ff ff
1791530182202,TX,MemRd,cpu0,pcie-mmcfg-mmio,0,4,0x10f0000,ff ff ff ff
1791530182202,TX,MemRd,cpu0,pcie-mmcfg-mmio,0,4,0x10f1000,ff ff ff ff
1791530182202,TX,MemRd,cpu0,pcie-mmcfg-mmio,0,4,0x10f2000,ff ff ff ff
1791530182202,TX,MemRd,cpu0,pcie-mmcfg-mmio,0,4,0x10f3000,ff ff ff ff
1791530182202,TX,MemRd,cpu0,pcie-mmcfg-mmio,0,4,0x10f4000,ff ff ff ff
1791530182202,TX,MemRd,cpu0,pcie-mmcfg-mmio,0,4,0x10f5000,ff ff ff ff
1791530182202,TX,MemRd,cpu0,pcie-mmcfg-mmio,0,4,0x10f6000,ff ff ff ff
1791530182202,TX,MemRd,cpu0,pcie-mmcfg-mmio,0,4,0x10f7000,ff ff ff ff
1791530182202,TX,MemRd,cpu0,pcie-mmcfg-mmio,0,4,0x10f8000,ff ff ff ff
1791530182202,TX,MemRd,cpu0,pcie-mmcfg-mmio,0,4,0x10f9000,ff ff ff ff
1791530182202,TX,MemRd,cpu0,pcie-mmcfg-mmio,0,4,0x10fa000,ff ff ff ff
1791530182202,TX,MemRd,cpu0,pcie-mmcfg-mmio,0,4,0x10fb000,ff ff ff ff
1791530182202,TX,MemRd,cpu0,pcie-mmcfg-mmio,0,4,0x10fc000,ff ff ff ff
1791530182202,TX,MemRd,cpu0,pcie-mmcfg-mmio,0,4,0x10fd000,ff ff ff ff
1791530182202,TX,MemRd,cpu0,pcie-mmcfg-mmio,0,4,0x10fe000,ff ff ff ff
1791530182202,TX,MemRd,cpu0,pcie-mmcfg-mmio,0,4,0x10ff000,ff ff ff ff
1791530182202,RX,CfgRd,xio3130-downstream,0e:00.1,0,4,0x18,0e 10 ff 00
1791530182202,TX,MemRd,cpu0,pcie-mmcfg-mmio,0,4,0xe01018,0e 10 ff 00
1791530182202,TX,MemWr,cpu0,pcie-mmcfg-mmio,0,4,0xe01018,0e 10 10 00
1791530182202,TX,CfgWr,xio3130-downstream,0e:00.1,0,4,0x18,0e 10 10 00
1791530182202,RX,CfgRd,xio3130-downstream,0e:00.1,0,4,0x1c,00 00 00 00
1791530182202,TX,MemRd,cpu0,pcie-mmcfg-mmio,0,4,0xe0101c,00 00 00 00
1791530182202,RX,CfgRd,xio3130-downstream,0e:00.1,0,4,0x30,00 00 00 00
1791530182202,TX,MemRd,cpu0,pcie-mmcfg-mmio,0,4,0xe01030,00 00 00 00
1791530182202,TX,MemWr,cpu0,pcie-mmcfg-mmio,0,4,0xe0101c,00 00 00 00
1791530182202,TX,CfgWr,xio3130-downstream,0e:00.1,0,4,0x1c,00 00 00 00
1791530182202,TX,MemWr,cpu0,pcie-mmcfg-mmio,0,4,0xe01030,00 00 00 00
1791530182202,TX,CfgWr,xio3130-downstream,0e:00.1,0,4,0x30,00 00 00 00
1791530182202,RX,CfgRd,xio3130-downstream,0e:00.1,0,4,0x20,50 10 00 00
1791530182202,TX,MemRd,cpu0,pcie-mmcfg-mmio,0,4,0xe01020,50 10 00 00
1791530182202,TX,MemWr,cpu0,pcie-mmcfg-mmio,0,4,0xe01020,50 10 5f 10
1791530182202,TX,CfgWr,xio3130-downstream,0e:00.1,0,4,0x20,50 10 5f 10
1791530182202,RX,CfgRd,xio3130-downstream,0e:00.1,0,4,0x24,61 00 01 00
1791530182202,TX,MemRd,cpu0,pcie-mmcfg-mmio,0,4,0xe01024,61 00 01 00
1791530182202,TX,MemWr,cpu0,pcie-mmcfg-mmio,0,4,0xe01024,61 00 5f 00
1791530182202,TX,CfgWr,xio3130-downstream,0e:00.1,0,4,0x24,61 00 5f 00
1791530182202,TX,MemWr,cpu0,pcie-mmcfg-mmio,0,4,0xe0102c,80 00 00 00
1791530182202,TX,CfgWr,xio3130-downstream,0e:00.1,0,4,0x2c,80 00 00 00
1791530182202,TX,MemRd,cpu0,pcie-mmcfg-mmio,0,4,0xe02000,ff ff ff ff
1791530182202,TX,MemRd,cpu0,pcie-mmcfg-mmio,0,4,0xe03000,ff ff ff ff
1791530182203,TX,MemRd,cpu0,pcie-mmcfg-mmio,0,4,0xe04000,ff ff ff ff
1791530182203,TX,MemRd,cpu0,pcie-mmcfg-mmio,0,4,0xe05000,ff ff ff ff
1791530182203,TX,MemRd,cpu0,pcie-mmcfg-mmio,0,4,0xe06000,ff ff ff ff
1791530182203,TX,MemRd,cpu0,pcie-mmcfg-mmio,0,4,0xe07000,ff ff ff ff
1791530182203,TX,MemRd,cpu0,pcie-mmcfg-mmio,0,4,0xe08000,ff ff ff ff
1791530182203,TX,MemRd,cpu0,pcie-mmcfg-mmio,0,4,0xe09000,ff ff ff ff
1791530182203,TX,MemRd,cpu0,pcie-mmcfg-mmio,0,4,0xe0a000,ff ff ff ff
1791530182203,TX,MemRd,cpu0,pcie-mmcfg-mmio,0,4,0xe0b000,ff ff ff ff
1791530182203,TX,MemRd,cpu0,pcie-mmcfg-mmio,0,4,0xe0c000,ff ff ff ff
1791530182203,TX,MemRd,cpu0,pcie-mmcfg-mmio,0,4,0xe0d000,ff ff ff ff
1791530182203,TX,MemRd,cpu0,pcie-mmcfg-mmio,0,4,0xe0e000,ff ff ff ff
1791530182203,TX,MemRd,cpu0,pcie-mmcfg-mmio,0,4,0xe0f000,ff ff ff ff
1791530182203,TX,MemRd,cpu0,pcie-mmcfg-mmio,0,4,0xe10000,ff ff ff ff
1791530182203,TX,MemRd,cpu0,pcie-mmcfg-mmio,0,4,0xe11000,ff ff ff ff
1791530182203,TX,MemRd,cpu0,pcie-mmcfg-mmio,0,4,0xe12000,ff ff ff ff
1791530182203,TX,MemRd,cpu0,pcie-mmcfg-mmio,0,4,0xe13000,ff ff ff ff
1791530182203,TX,MemRd,cpu0,pcie-mmcfg-mmio,0,4,0xe14000,ff ff ff ff
1791530182203,TX,MemRd,cpu0,pcie-mmcfg-mmio,0,4,0xe15000,ff ff ff ff
1791530182203,TX,MemRd,cpu0,pcie-mmcfg-mmio,0,4,0xe16000,ff ff ff ff
1791530182203,TX,MemRd,cpu0,pcie-mmcfg-mmio,0,4,0xe17000,ff ff ff ff
1791530182203,TX,MemRd,cpu0,pcie-mmcfg-mmio,0,4,0xe18000,ff ff ff ff
1791530182203,TX,MemRd,cpu0,pcie-mmcfg-mmio,0,4,0xe19000,ff ff ff ff
1791530182203,TX,MemRd,cpu0,pcie-mmcfg-mmio,0,4,0xe1a000,ff ff ff ff
1791530182203,TX,MemRd,cpu0,pcie-mmcfg-mmio,0,4,0xe1b000,ff ff ff ff
1791530182203,TX,MemRd,cpu0,pcie-mmcfg-mmio,0,4,0xe1c000,ff ff ff ff
1791530182203,TX,MemRd,cpu0,pcie-mmcfg-mmio,0,4,0xe1d000,ff ff ff ff
1791530182203,TX,MemRd,cpu0,pcie-mmcfg-mmio,0,4,0xe1e000,ff ff ff ff
1791530182203,TX,MemRd,cpu0,pcie-mmcfg-mmio,0,4,0xe1f000,ff ff ff ff
1791530182203,TX,MemRd,cpu0,pcie-mmcfg-mmio,0,4,0xe20000,ff ff ff ff
1791530182203,TX,MemRd,cpu0,pcie-mmcfg-mmio,0,4,0xe21000,ff ff ff ff
1791530182203,TX,MemRd,cpu0,pcie-mmcfg-mmio,0,4,0xe22000,ff ff ff ff
1791530182203,TX,MemRd,cpu0,pcie-mmcfg-mmio,0,4,0xe23000,ff ff ff ff
1791530182203,TX,MemRd,cpu0,pcie-mmcfg-mmio,0,4,0xe24000,ff ff ff ff
1791530182203,TX,MemRd,cpu0,pcie-mmcfg-mmio,0,4,0xe25000,ff ff ff ff
1791530182203,TX,MemRd,cpu0,pcie-mmcfg-mmio,0,4,0xe26000,ff ff ff ff
1791530182203,TX,MemRd,cpu0,pcie-mmcfg-mmio,0,4,0xe27000,ff ff ff ff
1791530182203,TX,MemRd,cpu0,pcie-mmcfg-mmio,0,4,0xe28000,ff ff ff ff
1791530182203,TX,MemRd,cpu0,pcie-mmcfg-mmio,0,4,0xe29000,ff ff ff ff
1791530182203,TX,MemRd,cpu0,pcie-mmcfg-mmio,0,4,0xe2a000,ff ff ff ff
1791530182203,TX,MemRd,cpu0,pcie-mmcfg-mmio,0,4,0xe2b000,ff ff ff ff
1791530182203,TX,MemRd,cpu0,pcie-mmcfg-mmio,0,4,0xe2c000,ff ff ff ff
1791530182203,TX,MemRd,cpu0,pcie-mmcfg-mmio,0,4,0xe2d000,ff ff ff ff
1791530182203,TX,MemRd,cpu0,pcie-mmcfg-mmio,0,4,0xe2e000,ff ff ff ff
1791530182203,TX,MemRd,cpu0,pcie-mmcfg-mmio,0,4,0xe2f000,ff ff ff ff
1791530182203,TX,MemRd,cpu0,pcie-mmcfg-mmio,0,4,0xe30000,ff ff ff ff
1791530182203,TX,MemRd,cpu0,pcie-mmcfg-mmio,0,4,0xe31000,ff ff ff ff
1791530182203,TX,MemRd,cpu0,pcie-mmcfg-mmio,0,4,0xe32000,ff ff ff ff
1791530182203,TX,MemRd,cpu0,pcie-mmcfg-mmio,0,4,0xe33000,ff ff ff ff
1791530182203,TX,MemRd,cpu0,pcie-mmcfg-mmio,0,4,0xe34000,ff ff ff ff
1791530182203,TX,MemRd,cpu0,pcie-mmcfg-mmio,0,4,0xe35000,ff ff ff ff
1791530182203,TX,MemRd,cpu0,pcie-mmcfg-mmio,0,4,0xe36000,ff ff ff ff
1791530182203,TX,MemRd,cpu0,pcie-mmcfg-mmio,0,4,0xe37000,ff ff ff ff
1791530182203,TX,MemRd,cpu0,pcie-mmcfg-mmio,0,4,0xe38000,ff ff ff ff
1791530182203,TX,MemRd,cpu0,pcie-mmcfg-mmio,0,4,0xe39000,ff ff ff ff
1791530182203,TX,MemRd,cpu0,pcie-mmcfg-mmio,0,4,0xe3a000,ff ff ff ff
1791530182203,TX,MemRd,cpu0,pcie-mmcfg-mmio,0,4,0xe3b000,ff ff ff ff
1791530182203,TX,MemRd,cpu0,pcie-mmcfg-mmio,0,4,0xe3c000,ff ff ff ff
1791530182203,TX,MemRd,cpu0,pcie-mmcfg-mmio,0,4,0xe3d000,ff ff ff ff
1791530182203,TX,MemRd,cpu0,pcie-mmcfg-mmio,0,4,0xe3e000,ff ff ff ff
1791530182203,TX,MemRd,cpu0,pcie-mmcfg-mmio,0,4,0xe3f000,ff ff ff ff
1791530182203,TX,MemRd,cpu0,pcie-mmcfg-mmio,0,4,0xe40000,ff ff ff ff
1791530182203,TX,MemRd,cpu0,pcie-mmcfg-mmio,0,4,0xe41000,ff ff ff ff
1791530182203,TX,MemRd,cpu0,pcie-mmcfg-mmio,0,4,0xe42000,ff ff ff ff
1791530182203,TX,MemRd,cpu0,pcie-mmcfg-mmio,0,4,0xe43000,ff ff ff ff
1791530182203,TX,MemRd,cpu0,pcie-mmcfg-mmio,0,4,0xe44000,ff ff ff ff
1791530182203,TX,MemRd,cpu0,pcie-mmcfg-mmio,0,4,0xe45000,ff ff ff ff
1791530182203,TX,MemRd,cpu0,pcie-mmcfg-mmio,0,4,0xe46000,ff ff ff ff
1791530182203,TX,MemRd,cpu0,pcie-mmcfg-mmio,0,4,0xe47000,ff ff ff ff
1791530182203,TX,MemRd,cpu0,pcie-mmcfg-mmio,0,4,0xe48000,ff ff ff ff
1791530182203,TX,MemRd,cpu0,pcie-mmcfg-mmio,0,4,0xe49000,ff ff ff ff
1791530182203,TX,MemRd,cpu0,pcie-mmcfg-mmio,0,4,0xe4a000,ff ff ff ff
1791530182203,TX,MemRd,cpu0,pcie-mmcfg-mmio,0,4,0xe4b000,ff ff ff ff
1791530182203,TX,MemRd,cpu0,pcie-mmcfg-mmio,0,4,0xe4c000,ff ff ff ff
1791530182203,TX,MemRd,cpu0,pcie-mmcfg-mmio,0,4,0xe4d000,ff ff ff ff
1791530182203,TX,MemRd,cpu0,pcie-mmcfg-mmio,0,4,0xe4e000,ff ff ff ff
1791530182203,TX,MemRd,cpu0,pcie-mmcfg-mmio,0,4,0xe4f000,ff ff ff ff
1791530182203,TX,MemRd,cpu0,pcie-mmcfg-mmio,0,4,0xe50000,ff ff ff ff
1791530182203,TX,MemRd,cpu0,pcie-mmcfg-mmio,0,4,0xe51000,ff ff ff ff
1791530182203,TX,MemRd,cpu0,pcie-mmcfg-mmio,0,4,0xe52000,ff ff ff ff
1791530182203,TX,MemRd,cpu0,pcie-mmcfg-mmio,0,4,0xe53000,ff ff ff ff
1791530182203,TX,MemRd,cpu0,pcie-mmcfg-mmio,0,4,0xe54000,ff ff ff ff
1791530182203,TX,MemRd,cpu0,pcie-mmcfg-mmio,0,4,0xe55000,ff ff ff ff
1791530182203,TX,MemRd,cpu0,pcie-mmcfg-mmio,0,4,0xe56000,ff ff ff ff
1791530182203,TX,MemRd,cpu0,pcie-mmcfg-mmio,0,4,0xe57000,ff ff ff ff
1791530182203,TX,MemRd,cpu0,pcie-mmcfg-mmio,0,4,0xe58000,ff ff ff ff
1791530182203,TX,MemRd,cpu0,pcie-mmcfg-mmio,0,4,0xe59000,ff ff ff ff
1791530182203,TX,MemRd,cpu0,pcie-mmcfg-mmio,0,4,0xe5a000,ff ff ff ff
1791530182203,TX,MemRd,cpu0,pcie-mmcfg-mmio,0,4,0xe5b000,ff ff ff ff
1791530182203,TX,MemRd,cpu0,pcie-mmcfg-mmio,0,4,0xe5c000,ff ff ff ff
1791530182203,TX,MemRd,cpu0,pcie-mmcfg-mmio,0,4,0xe5d000,ff ff ff ff
1791530182203,TX,MemRd,cpu0,pcie-mmcfg-mmio,0,4,0xe5e000,ff ff ff ff
1791530182203,TX,MemRd,cpu0,pcie-mmcfg-mmio,0,4,0xe5f000,ff ff ff ff
1791530182203,TX,MemRd,cpu0,pcie-mmcfg-mmio,0,4,0xe60000,ff ff ff ff
1791530182203,TX,MemRd,cpu0,pcie-mmcfg-mmio,0,4,0xe61000,ff ff ff ff
1791530182203,TX,MemRd,cpu0,pcie-mmcfg-mmio,0,4,0xe62000,ff ff ff ff
1791530182203,TX,MemRd,cpu0,pcie-mmcfg-mmio,0,4,0xe63000,ff ff ff ff
1791530182203,TX,MemRd,cpu0,pcie-mmcfg-mmio,0,4,0xe64000,ff ff ff ff
1791530182203,TX,MemRd,cpu0,pcie-mmcfg-mmio,0,4,0xe65000,ff ff ff ff
1791530182203,TX,MemRd,cpu0,pcie-mmcfg-mmio,0,4,0xe66000,ff ff ff ff
1791530182203,TX,MemRd,cpu0,pcie-mmcfg-mmio,0,4,0xe67000,ff ff ff ff
1791530182203,TX,MemRd,cpu0,pcie-mmcfg-mmio,0,4,0xe68000,ff ff ff ff
1791530182203,TX,MemRd,cpu0,pcie-mmcfg-mmio,0,4,0xe69000,ff ff ff ff
1791530182203,TX,MemRd,cpu0,pcie-mmcfg-mmio,0,4,0xe6a000,ff ff ff ff
1791530182203,TX,MemRd,cpu0,pcie-mmcfg-mmio,0,4,0xe6b000,ff ff ff ff
1791530182203,TX,MemRd,cpu0,pcie-mmcfg-mmio,0,4,0xe6c000,ff ff ff ff
1791530182203,TX,MemRd,cpu0,pcie-mmcfg-mmio,0,4,0xe6d000,ff ff ff ff
1791530182203,TX,MemRd,cpu0,pcie-mmcfg-mmio,0,4,0xe6e000,ff ff ff ff
1791530182203,TX,MemRd,cpu0,pcie-mmcfg-mmio,0,4,0xe6f000,ff ff ff ff
1791530182203,TX,MemRd,cpu0,pcie-mmcfg-mmio,0,4,0xe70000,ff ff ff ff
1791530182203,TX,MemRd,cpu0,pcie-mmcfg-mmio,0,4,0xe71000,ff ff ff ff
1791530182203,TX,MemRd,cpu0,pcie-mmcfg-mmio,0,4,0xe72000,ff ff ff ff
1791530182203,TX,MemRd,cpu0,pcie-mmcfg-mmio,0,4,0xe73000,ff ff ff ff
1791530182203,TX,MemRd,cpu0,pcie-mmcfg-mmio,0,4,0xe74000,ff ff ff ff
1791530182203,TX,MemRd,cpu0,pcie-mmcfg-mmio,0,4,0xe75000,ff ff ff ff
1791530182203,TX,MemRd,cpu0,pcie-mmcfg-mmio,0,4,0xe76000,ff ff ff ff
1791530182203,TX,MemRd,cpu0,pcie-mmcfg-mmio,0,4,0xe77000,ff ff ff ff
1791530182203,TX,MemRd,cpu0,pcie-mmcfg-mmio,0,4,0xe78000,ff ff ff ff
1791530182203,TX,MemRd,cpu0,pcie-mmcfg-mmio,0,4,0xe79000,ff ff ff ff
1791530182203,TX,MemRd,cpu0,pcie-mmcfg-mmio,0,4,0xe7a000,ff ff ff ff
1791530182203,TX,MemRd,cpu0,pcie-mmcfg-mmio,0,4,0xe7b000,ff ff ff ff
1791530182203,TX,MemRd,cpu0,pcie-mmcfg-mmio,0,4,0xe7c000,ff ff ff ff
1791530182203,TX,MemRd,cpu0,pcie-mmcfg-mmio,0,4,0xe7d000,ff ff ff ff
1791530182203,TX,MemRd,cpu0,pcie-mmcfg-mmio,0,4,0xe7e000,ff ff ff ff
1791530182203,TX,MemRd,cpu0,pcie-mmcfg-mmio,0,4,0xe7f000,ff ff ff ff
1791530182203,TX,MemRd,cpu0,pcie-mmcfg-mmio,0,4,0xe80000,ff ff ff ff
1791530182203,TX,MemRd,cpu0,pcie-mmcfg-mmio,0,4,0xe81000,ff ff ff ff
1791530182203,TX,MemRd,cpu0,pcie-mmcfg-mmio,0,4,0xe82000,ff ff ff ff
1791530182203,TX,MemRd,cpu0,pcie-mmcfg-mmio,0,4,0xe83000,ff ff ff ff
1791530182203,TX,MemRd,cpu0,pcie-mmcfg-mmio,0,4,0xe84000,ff ff ff ff
1791530182203,TX,MemRd,cpu0,pcie-mmcfg-mmio,0,4,0xe85000,ff ff ff ff
1791530182203,TX,MemRd,cpu0,pcie-mmcfg-mmio,0,4,0xe86000,ff ff ff ff
1791530182203,TX,MemRd,cpu0,pcie-mmcfg-mmio,0,4,0xe87000,ff ff ff ff
1791530182203,TX,MemRd,cpu0,pcie-mmcfg-mmio,0,4,0xe88000,ff ff ff ff
1791530182203,TX,MemRd,cpu0,pcie-mmcfg-mmio,0,4,0xe89000,ff ff ff ff
1791530182203,TX,MemRd,cpu0,pcie-mmcfg-mmio,0,4,0xe8a000,ff ff ff ff
1791530182203,TX,MemRd,cpu0,pcie-mmcfg-mmio,0,4,0xe8b000,ff ff ff ff
1791530182203,TX,MemRd,cpu0,pcie-mmcfg-mmio,0,4,0xe8c000,ff ff ff ff
1791530182203,TX,MemRd,cpu0,pcie-mmcfg-mmio,0,4,0xe8d000,ff ff ff ff
1791530182203,TX,MemRd,cpu0,pcie-mmcfg-mmio,0,4,0xe8e000,ff ff ff ff
1791530182203,TX,MemRd,cpu0,pcie-mmcfg-mmio,0,4,0xe8f000,ff ff ff ff
1791530182203,TX,MemRd,cpu0,pcie-mmcfg-mmio,0,4,0xe90000,ff ff ff ff
1791530182203,TX,MemRd,cpu0,pcie-mmcfg-mmio,0,4,0xe91000,ff ff ff ff
1791530182203,TX,MemRd,cpu0,pcie-mmcfg-mmio,0,4,0xe92000,ff ff ff ff
1791530182203,TX,MemRd,cpu0,pcie-mmcfg-mmio,0,4,0xe93000,ff ff ff ff
1791530182203,TX,MemRd,cpu0,pcie-mmcfg-mmio,0,4,0xe94000,ff ff ff ff
1791530182203,TX,MemRd,cpu0,pcie-mmcfg-mmio,0,4,0xe95000,ff ff ff ff
1791530182203,TX,MemRd,cpu0,pcie-mmcfg-mmio,0,4,0xe96000,ff ff ff ff
1791530182203,TX,MemRd,cpu0,pcie-mmcfg-mmio,0,4,0xe97000,ff ff ff ff
1791530182203,TX,MemRd,cpu0,pcie-mmcfg-mmio,0,4,0xe98000,ff ff ff ff
1791530182203,TX,MemRd,cpu0,pcie-mmcfg-mmio,0,4,0xe99000,ff ff ff ff
1791530182203,TX,MemRd,cpu0,pcie-mmcfg-mmio,0,4,0xe9a000,ff ff ff ff
1791530182203,TX,MemRd,cpu0,pcie-mmcfg-mmio,0,4,0xe9b000,ff ff ff ff
1791530182204,TX,MemRd,cpu0,pcie-mmcfg-mmio,0,4,0xe9c000,ff ff ff ff
1791530182204,TX,MemRd,cpu0,pcie-mmcfg-mmio,0,4,0xe9d000,ff ff ff ff
1791530182204,TX,MemRd,cpu0,pcie-mmcfg-mmio,0,4,0xe9e000,ff ff ff ff
1791530182204,TX,MemRd,cpu0,pcie-mmcfg-mmio,0,4,0xe9f000,ff ff ff ff
1791530182204,TX,MemRd,cpu0,pcie-mmcfg-mmio,0,4,0xea0000,ff ff ff ff
1791530182204,TX,MemRd,cpu0,pcie-mmcfg-mmio,0,4,0xea1000,ff ff ff ff
1791530182204,TX,MemRd,cpu0,pcie-mmcfg-mmio,0,4,0xea2000,ff ff ff ff
1791530182204,TX,MemRd,cpu0,pcie-mmcfg-mmio,0,4,0xea3000,ff ff ff ff
1791530182204,TX,MemRd,cpu0,pcie-mmcfg-mmio,0,4,0xea4000,ff ff ff ff
1791530182204,TX,MemRd,cpu0,pcie-mmcfg-mmio,0,4,0xea5000,ff ff ff ff
1791530182204,TX,MemRd,cpu0,pcie-mmcfg-mmio,0,4,0xea6000,ff ff ff ff
1791530182204,TX,MemRd,cpu0,pcie-mmcfg-mmio,0,4,0xea7000,ff ff ff ff
1791530182204,TX,MemRd,cpu0,pcie-mmcfg-mmio,0,4,0xea8000,ff ff ff ff
1791530182204,TX,MemRd,cpu0,pcie-mmcfg-mmio,0,4,0xea9000,ff ff ff ff
1791530182204,TX,MemRd,cpu0,pcie-mmcfg-mmio,0,4,0xeaa000,ff ff ff ff
1791530182204,TX,MemRd,cpu0,pcie-mmcfg-mmio,0,4,0xeab000,ff ff ff ff
1791530182204,TX,MemRd,cpu0,pcie-mmcfg-mmio,0,4,0xeac000,ff ff ff ff
1791530182204,TX,MemRd,cpu0,pcie-mmcfg-mmio,0,4,0xead000,ff ff ff ff
1791530182204,TX,MemRd,cpu0,pcie-mmcfg-mmio,0,4,0xeae000,ff ff ff ff
1791530182204,TX,MemRd,cpu0,pcie-mmcfg-mmio,0,4,0xeaf000,ff ff ff ff
1791530182204,TX,MemRd,cpu0,pcie-mmcfg-mmio,0,4,0xeb0000,ff ff ff ff
1791530182204,TX,MemRd,cpu0,pcie-mmcfg-mmio,0,4,0xeb1000,ff ff ff ff
1791530182204,TX,MemRd,cpu0,pcie-mmcfg-mmio,0,4,0xeb2000,ff ff ff ff
1791530182204,TX,MemRd,cpu0,pcie-mmcfg-mmio,0,4,0xeb3000,ff ff ff ff
1791530182204,TX,MemRd,cpu0,pcie-mmcfg-mmio,0,4,0xeb4000,ff ff ff ff
1791530182204,TX,MemRd,cpu0,pcie-mmcfg-mmio,0,4,0xeb5000,ff ff ff ff
1791530182204,TX,MemRd,cpu0,pcie-mmcfg-mmio,0,4,0xeb6000,ff ff ff ff
1791530182204,TX,MemRd,cpu0,pcie-mmcfg-mmio,0,4,0xeb7000,ff ff ff ff
1791530182204,TX,MemRd,cpu0,pcie-mmcfg-mmio,0,4,0xeb8000,ff ff ff ff
1791530182204,TX,MemRd,cpu0,pcie-mmcfg-mmio,0,4,0xeb9000,ff ff ff ff
1791530182204,TX,MemRd,cpu0,pcie-mmcfg-mmio,0,4,0xeba000,ff ff ff ff
1791530182204,TX,MemRd,cpu0,pcie-mmcfg-mmio,0,4,0xebb000,ff ff ff ff
1791530182204,TX,MemRd,cpu0,pcie-mmcfg-mmio,0,4,0xebc000,ff ff ff ff
1791530182204,TX,MemRd,cpu0,pcie-mmcfg-mmio,0,4,0xebd000,ff ff ff ff
1791530182204,TX,MemRd,cpu0,pcie-mmcfg-mmio,0,4,0xebe000,ff ff ff ff
1791530182204,TX,MemRd,cpu0,pcie-mmcfg-mmio,0,4,0xebf000,ff ff ff ff
1791530182204,TX,MemRd,cpu0,pcie-mmcfg-mmio,0,4,0xec0000,ff ff ff ff
1791530182204,TX,MemRd,cpu0,pcie-mmcfg-mmio,0,4,0xec1000,ff ff ff ff
1791530182204,TX,MemRd,cpu0,pcie-mmcfg-mmio,0,4,0xec2000,ff ff ff ff
1791530182204,TX,MemRd,cpu0,pcie-mmcfg-mmio,0,4,0xec3000,ff ff ff ff
1791530182204,TX,MemRd,cpu0,pcie-mmcfg-mmio,0,4,0xec4000,ff ff ff ff
1791530182204,TX,MemRd,cpu0,pcie-mmcfg-mmio,0,4,0xec5000,ff ff ff ff
1791530182204,TX,MemRd,cpu0,pcie-mmcfg-mmio,0,4,0xec6000,ff ff ff ff
1791530182204,TX,MemRd,cpu0,pcie-mmcfg-mmio,0,4,0xec7000,ff ff ff ff
1791530182204,TX,MemRd,cpu0,pcie-mmcfg-mmio,0,4,0xec8000,ff ff ff ff
1791530182204,TX,MemRd,cpu0,pcie-mmcfg-mmio,0,4,0xec9000,ff ff ff ff
1791530182204,TX,MemRd,cpu0,pcie-mmcfg-mmio,0,4,0xeca000,ff ff ff ff
1791530182204,TX,MemRd,cpu0,pcie-mmcfg-mmio,0,4,0xecb000,ff ff ff ff
1791530182204,TX,MemRd,cpu0,pcie-mmcfg-mmio,0,4,0xecc000,ff ff ff ff
1791530182204,TX,MemRd,cpu0,pcie-mmcfg-mmio,0,4,0xecd000,ff ff ff ff
1791530182204,TX,MemRd,cpu0,pcie-mmcfg-mmio,0,4,0xece000,ff ff ff ff
1791530182204,TX,MemRd,cpu0,pcie-mmcfg-mmio,0,4,0xecf000,ff ff ff ff
1791530182204,TX,MemRd,cpu0,pcie-mmcfg-mmio,0,4,0xed0000,ff ff ff ff
1791530182204,TX,MemRd,cpu0,pcie-mmcfg-mmio,0,4,0xed1000,ff ff ff ff
1791530182204,TX,MemRd,cpu0,pcie-mmcfg-mmio,0,4,0xed2000,ff ff ff ff
1791530182204,TX,MemRd,cpu0,pcie-mmcfg-mmio,0,4,0xed3000,ff ff ff ff
1791530182204,TX,MemRd,cpu0,pcie-mmcfg-mmio,0,4,0xed4000,ff ff ff ff
1791530182204,TX,MemRd,cpu0,pcie-mmcfg-mmio,0,4,0xed5000,ff ff ff ff
1791530182204,TX,MemRd,cpu0,pcie-mmcfg-mmio,0,4,0xed6000,ff ff ff ff
1791530182204,TX,MemRd,cpu0,pcie-mmcfg-mmio,0,4,0xed7000,ff ff ff ff
1791530182204,TX,MemRd,cpu0,pcie-mmcfg-mmio,0,4,0xed8000,ff ff ff ff
1791530182204,TX,MemRd,cpu0,pcie-mmcfg-mmio,0,4,0xed9000,ff ff ff ff
1791530182204,TX,MemRd,cpu0,pcie-mmcfg-mmio,0,4,0xeda000,ff ff ff ff
1791530182204,TX,MemRd,cpu0,pcie-mmcfg-mmio,0,4,0xedb000,ff ff ff ff
1791530182204,TX,MemRd,cpu0,pcie-mmcfg-mmio,0,4,0xedc000,ff ff ff ff
1791530182204,TX,MemRd,cpu0,pcie-mmcfg-mmio,0,4,0xedd000,ff ff ff ff
1791530182204,TX,MemRd,cpu0,pcie-mmcfg-mmio,0,4,0xede000,ff ff ff ff
1791530182204,TX,MemRd,cpu0,pcie-mmcfg-mmio,0,4,0xedf000,ff ff ff ff
1791530182204,TX,MemRd,cpu0,pcie-mmcfg-mmio,0,4,0xee0000,ff ff ff ff
1791530182204,TX,MemRd,cpu0,pcie-mmcfg-mmio,0,4,0xee1000,ff ff ff ff
1791530182204,TX,MemRd,cpu0,pcie-mmcfg-mmio,0,4,0xee2000,ff ff ff ff
1791530182204,TX,MemRd,cpu0,pcie-mmcfg-mmio,0,4,0xee3000,ff ff ff ff
1791530182204,TX,MemRd,cpu0,pcie-mmcfg-mmio,0,4,0xee4000,ff ff ff ff
1791530182204,TX,MemRd,cpu0,pcie-mmcfg-mmio,0,4,0xee5000,ff ff ff ff
1791530182204,TX,MemRd,cpu0,pcie-mmcfg-mmio,0,4,0xee6000,ff ff ff ff
1791530182204,TX,MemRd,cpu0,pcie-mmcfg-mmio,0,4,0xee7000,ff ff ff ff
1791530182204,TX,MemRd,cpu0,pcie-mmcfg-mmio,0,4,0xee8000,ff ff ff ff
1791530182204,TX,MemRd,cpu0,pcie-mmcfg-mmio,0,4,0xee9000,ff ff ff ff
1791530182204,TX,MemRd,cpu0,pcie-mmcfg-mmio,0,4,0xeea000,ff ff ff ff
1791530182204,TX,MemRd,cpu0,pcie-mmcfg-mmio,0,4,0xeeb000,ff ff ff ff
1791530182204,TX,MemRd,cpu0,pcie-mmcfg-mmio,0,4,0xeec000,ff ff ff ff
1791530182204,TX,MemRd,cpu0,pcie-mmcfg-mmio,0,4,0xeed000,ff ff ff ff
1791530182204,TX,MemRd,cpu0,pcie-mmcfg-mmio,0,4,0xeee000,ff ff ff ff
1791530182204,TX,MemRd,cpu0,pcie-mmcfg-mmio,0,4,0xeef000,ff ff ff ff
1791530182204,TX,MemRd,cpu0,pcie-mmcfg-mmio,0,4,0xef0000,ff ff ff ff
1791530182204,TX,MemRd,cpu0,pcie-mmcfg-mmio,0,4,0xef1000,ff ff ff ff
1791530182204,TX,MemRd,cpu0,pcie-mmcfg-mmio,0,4,0xef2000,ff ff ff ff
1791530182204,TX,MemRd,cpu0,pcie-mmcfg-mmio,0,4,0xef3000,ff ff ff ff
1791530182204,TX,MemRd,cpu0,pcie-mmcfg-mmio,0,4,0xef4000,ff ff ff ff
1791530182204,TX,MemRd,cpu0,pcie-mmcfg-mmio,0,4,0xef5000,ff ff ff ff
1791530182204,TX,MemRd,cpu0,pcie-mmcfg-mmio,0,4,0xef6000,ff ff ff ff
1791530182204,TX,MemRd,cpu0,pcie-mmcfg-mmio,0,4,0xef7000,ff ff ff ff
1791530182204,TX,MemRd,cpu0,pcie-mmcfg-mmio,0,4,0xef8000,ff ff ff ff
1791530182204,TX,MemRd,cpu0,pcie-mmcfg-mmio,0,4,0xef9000,ff ff ff ff
1791530182204,TX,MemRd,cpu0,pcie-mmcfg-mmio,0,4,0xefa000,ff ff ff ff
1791530182204,TX,MemRd,cpu0,pcie-mmcfg-mmio,0,4,0xefb000,ff ff ff ff
1791530182204,TX,MemRd,cpu0,pcie-mmcfg-mmio,0,4,0xefc000,ff ff ff ff
1791530182204,TX,MemRd,cpu0,pcie-mmcfg-mmio,0,4,0xefd000,ff ff ff ff
1791530182204,TX,MemRd,cpu0,pcie-mmcfg-mmio,0,4,0xefe000,ff ff ff ff
1791530182204,TX,MemRd,cpu0,pcie-mmcfg-mmio,0,4,0xeff000,ff ff ff ff
1791530182204,RX,CfgRd,x3130-upstream,0d:00.0,0,4,0x18,0d 0e ff 00
1791530182204,TX,MemRd,cpu0,pcie-mmcfg-mmio,0,4,0xd00018,0d 0e ff 00
1791530182204,TX,MemWr,cpu0,pcie-mmcfg-mmio,0,4,0xd00018,0d 0e 10 00
1791530182204,TX,CfgWr,x3130-upstream,0d:00.0,0,4,0x18,0d 0e 10 00
1791530182204,RX,CfgRd,x3130-upstream,0d:00.0,0,4,0x1c,00 00 00 00
1791530182204,TX,MemRd,cpu0,pcie-mmcfg-mmio,0,4,0xd0001c,00 00 00 00
1791530182204,RX,CfgRd,x3130-upstream,0d:00.0,0,4,0x30,00 00 00 00
1791530182204,TX,MemRd,cpu0,pcie-mmcfg-mmio,0,4,0xd00030,00 00 00 00
1791530182204,TX,MemWr,cpu0,pcie-mmcfg-mmio,0,4,0xd0001c,00 00 00 00
1791530182204,TX,CfgWr,x3130-upstream,0d:00.0,0,4,0x1c,00 00 00 00
1791530182204,TX,MemWr,cpu0,pcie-mmcfg-mmio,0,4,0xd00030,00 00 00 00
1791530182204,TX,CfgWr,x3130-upstream,0d:00.0,0,4,0x30,00 00 00 00
1791530182204,RX,CfgRd,x3130-upstream,0d:00.0,0,4,0x20,40 10 00 00
1791530182204,TX,MemRd,cpu0,pcie-mmcfg-mmio,0,4,0xd00020,40 10 00 00
1791530182204,TX,MemWr,cpu0,pcie-mmcfg-mmio,0,4,0xd00020,40 10 5f 10
1791530182204,TX,CfgWr,x3130-upstream,0d:00.0,0,4,0x20,40 10 5f 10
1791530182204,RX,CfgRd,x3130-upstream,0d:00.0,0,4,0x24,61 00 01 00
1791530182204,TX,MemRd,cpu0,pcie-mmcfg-mmio,0,4,0xd00024,61 00 01 00
1791530182204,TX,MemWr,cpu0,pcie-mmcfg-mmio,0,4,0xd00024,61 00 5f 00
1791530182204,TX,CfgWr,x3130-upstream,0d:00.0,0,4,0x24,61 00 5f 00
1791530182204,TX,MemWr,cpu0,pcie-mmcfg-mmio,0,4,0xd0002c,80 00 00 00
1791530182204,TX,CfgWr,x3130-upstream,0d:00.0,0,4,0x2c,80 00 00 00
1791530182204,TX,MemRd,cpu0,pcie-mmcfg-mmio,0,4,0xd08000,ff ff ff ff
1791530182204,TX,MemRd,cpu0,pcie-mmcfg-mmio,0,4,0xd09000,ff ff ff ff
1791530182204,TX,MemRd,cpu0,pcie-mmcfg-mmio,0,4,0xd0a000,ff ff ff ff
1791530182204,TX,MemRd,cpu0,pcie-mmcfg-mmio,0,4,0xd0b000,ff ff ff ff
1791530182204,TX,MemRd,cpu0,pcie-mmcfg-mmio,0,4,0xd0c000,ff ff ff ff
1791530182204,TX,MemRd,cpu0,pcie-mmcfg-mmio,0,4,0xd0d000,ff ff ff ff
1791530182204,TX,MemRd,cpu0,pcie-mmcfg-mmio,0,4,0xd0e000,ff ff ff ff
1791530182204,TX,MemRd,cpu0,pcie-mmcfg-mmio,0,4,0xd0f000,ff ff ff ff
1791530182204,TX,MemRd,cpu0,pcie-mmcfg-mmio,0,4,0xd10000,ff ff ff ff
1791530182204,TX,MemRd,cpu0,pcie-mmcfg-mmio,0,4,0xd11000,ff ff ff ff
1791530182204,TX,MemRd,cpu0,pcie-mmcfg-mmio,0,4,0xd12000,ff ff ff ff
1791530182204,TX,MemRd,cpu0,pcie-mmcfg-mmio,0,4,0xd13000,ff ff ff ff
1791530182204,TX,MemRd,cpu0,pcie-mmcfg-mmio,0,4,0xd14000,ff ff ff ff
1791530182204,TX,MemRd,cpu0,pcie-mmcfg-mmio,0,4,0xd15000,ff ff ff ff
1791530182204,TX,MemRd,cpu0,pcie-mmcfg-mmio,0,4,0xd16000,ff ff ff ff
1791530182204,TX,MemRd,cpu0,pcie-mmcfg-mmio,0,4,0xd17000,ff ff ff ff
1791530182204,TX,MemRd,cpu0,pcie-mmcfg-mmio,0,4,0xd18000,ff ff ff ff
1791530182204,TX,MemRd,cpu0,pcie-mmcfg-mmio,0,4,0xd19000,ff ff ff ff
1791530182204,TX,MemRd,cpu0,pcie-mmcfg-mmio,0,4,0xd1a000,ff ff ff ff
1791530182204,TX,MemRd,cpu0,pcie-mmcfg-mmio,0,4,0xd1b000,ff ff ff ff
1791530182204,TX,MemRd,cpu0,pcie-mmcfg-mmio,0,4,0xd1c000,ff ff ff ff
1791530182204,TX,MemRd,cpu0,pcie-mmcfg-mmio,0,4,0xd1d000,ff ff ff ff
1791530182204,TX,MemRd,cpu0,pcie-mmcfg-mmio,0,4,0xd1e000,ff ff ff ff
1791530182204,TX,MemRd,cpu0,pcie-mmcfg-mmio,0,4,0xd1f000,ff ff ff ff
1791530182204,TX,MemRd,cpu0,pcie-mmcfg-mmio,0,4,0xd20000,ff ff ff ff
1791530182204,TX,MemRd,cpu0,pcie-mmcfg-mmio,0,4,0xd21000,ff ff ff ff
1791530182204,TX,MemRd,cpu0,pcie-mmcfg-mmio,0,4,0xd22000,ff ff ff ff
1791530182204,TX,MemRd,cpu0,pcie-mmcfg-mmio,0,4,0xd23000,ff ff ff ff
1791530182204,TX,MemRd,cpu0,pcie-mmcfg-mmio,0,4,0xd24000,ff ff ff ff
1791530182204,TX,MemRd,cpu0,pcie-mmcfg-mmio,0,4,0xd25000,ff ff ff ff
1791530182204,TX,MemRd,cpu0,pcie-mmcfg-mmio,0,4,0xd26000,ff ff ff ff
1791530182204,TX,MemRd,cpu0,pcie-mmcfg-mmio,0,4,0xd27000,ff ff ff ff
1791530182204,TX,MemRd,cpu0,pcie-mmcfg-mmio,0,4,0xd28000,ff ff ff ff
1791530182204,TX,MemRd,cpu0,pcie-mmcfg-mmio,0,4,0xd29000,ff ff ff ff
1791530182204,TX,MemRd,cpu0,pcie-mmcfg-mmio,0,4,0xd2a000,ff ff ff ff
1791530182204,TX,MemRd,cpu0,pcie-mmcfg-mmio,0,4,0xd2b000,ff ff ff ff
1791530182204,TX,MemRd,cpu0,pcie-mmcfg-mmio,0,4,0xd2c000,ff ff ff ff
1791530182204,TX,MemRd,cpu0,pcie-mmcfg-mmio,0,4,0xd2d000,ff ff ff ff
1791530182204,TX,MemRd,cpu0,pcie-mmcfg-mmio,0,4,0xd2e000,ff ff ff ff
1791530182204,TX,MemRd,cpu0,pcie-mmcfg-mmio,0,4,0xd2f000,ff ff ff ff
1791530182204,TX,MemRd,cpu0,pcie-mmcfg-mmio,0,4,0xd30000,ff ff ff ff
1791530182204,TX,MemRd,cpu0,pcie-mmcfg-mmio,0,4,0xd31000,ff ff ff ff
1791530182204,TX,MemRd,cpu0,pcie-mmcfg-mmio,0,4,0xd32000,ff ff ff ff
1791530182204,TX,MemRd,cpu0,pcie-mmcfg-mmio,0,4,0xd33000,ff ff ff ff
1791530182204,TX,MemRd,cpu0,pcie-mmcfg-mmio,0,4,0xd34000,ff ff ff ff
1791530182204,TX,MemRd,cpu0,pcie-mmcfg-mmio,0,4,0xd35000,ff ff ff ff
1791530182204,TX,MemRd,cpu0,pcie-mmcfg-mmio,0,4,0xd36000,ff ff ff ff
1791530182204,TX,MemRd,cpu0,pcie-mmcfg-mmio,0,4,0xd37000,ff ff ff ff
1791530182204,TX,MemRd,cpu0,pcie-mmcfg-mmio,0,4,0xd38000,ff ff ff ff
1791530182204,TX,MemRd,cpu0,pcie-mmcfg-mmio,0,4,0xd39000,ff ff ff ff
1791530182204,TX,MemRd,cpu0,pcie-mmcfg-mmio,0,4,0xd3a000,ff ff ff ff
1791530182204,TX,MemRd,cpu0,pcie-mmcfg-mmio,0,4,0xd3b000,ff ff ff ff
1791530182204,TX,MemRd,cpu0,pcie-mmcfg-mmio,0,4,0xd3c000,ff ff ff ff
1791530182204,TX,MemRd,cpu0,pcie-mmcfg-mmio,0,4,0xd3d000,ff ff ff ff
1791530182204,TX,MemRd,cpu0,pcie-mmcfg-mmio,0,4,0xd3e000,ff ff ff ff
1791530182204,TX,MemRd,cpu0,pcie-mmcfg-mmio,0,4,0xd3f000,ff ff ff ff
1791530182204,TX,MemRd,cpu0,pcie-mmcfg-mmio,0,4,0xd40000,ff ff ff ff
1791530182204,TX,MemRd,cpu0,pcie-mmcfg-mmio,0,4,0xd41000,ff ff ff ff
1791530182204,TX,MemRd,cpu0,pcie-mmcfg-mmio,0,4,0xd42000,ff ff ff ff
1791530182204,TX,MemRd,cpu0,pcie-mmcfg-mmio,0,4,0xd43000,ff ff ff ff
1791530182204,TX,MemRd,cpu0,pcie-mmcfg-mmio,0,4,0xd44000,ff ff ff ff
1791530182204,TX,MemRd,cpu0,pcie-mmcfg-mmio,0,4,0xd45000,ff ff ff ff
1791530182204,TX,MemRd,cpu0,pcie-mmcfg-mmio,0,4,0xd46000,ff ff ff ff
1791530182204,TX,MemRd,cpu0,pcie-mmcfg-mmio,0,4,0xd47000,ff ff ff ff
1791530182204,TX,MemRd,cpu0,pcie-mmcfg-mmio,0,4,0xd48000,ff ff ff ff
1791530182204,TX,MemRd,cpu0,pcie-mmcfg-mmio,0,4,0xd49000,ff ff ff ff
1791530182204,TX,MemRd,cpu0,pcie-mmcfg-mmio,0,4,0xd4a000,ff ff ff ff
1791530182204,TX,MemRd,cpu0,pcie-mmcfg-mmio,0,4,0xd4b000,ff ff ff ff
1791530182204,TX,MemRd,cpu0,pcie-mmcfg-mmio,0,4,0xd4c000,ff ff ff ff
1791530182204,TX,MemRd,cpu0,pcie-mmcfg-mmio,0,4,0xd4d000,ff ff ff ff
1791530182204,TX,MemRd,cpu0,pcie-mmcfg-mmio,0,4,0xd4e000,ff ff ff ff
1791530182204,TX,MemRd,cpu0,pcie-mmcfg-mmio,0,4,0xd4f000,ff ff ff ff
1791530182204,TX,MemRd,cpu0,pcie-mmcfg-mmio,0,4,0xd50000,ff ff ff ff
1791530182204,TX,MemRd,cpu0,pcie-mmcfg-mmio,0,4,0xd51000,ff ff ff ff
1791530182204,TX,MemRd,cpu0,pcie-mmcfg-mmio,0,4,0xd52000,ff ff ff ff
1791530182204,TX,MemRd,cpu0,pcie-mmcfg-mmio,0,4,0xd53000,ff ff ff ff
1791530182204,TX,MemRd,cpu0,pcie-mmcfg-mmio,0,4,0xd54000,ff ff ff ff
1791530182205,TX,MemRd,cpu0,pcie-mmcfg-mmio,0,4,0xd55000,ff ff ff ff
1791530182205,TX,MemRd,cpu0,pcie-mmcfg-mmio,0,4,0xd56000,ff ff ff ff
1791530182205,TX,MemRd,cpu0,pcie-mmcfg-mmio,0,4,0xd57000,ff ff ff ff
1791530182205,TX,MemRd,cpu0,pcie-mmcfg-mmio,0,4,0xd58000,ff ff ff ff
1791530182205,TX,MemRd,cpu0,pcie-mmcfg-mmio,0,4,0xd59000,ff ff ff ff
1791530182205,TX,MemRd,cpu0,pcie-mmcfg-mmio,0,4,0xd5a000,ff ff ff ff
1791530182205,TX,MemRd,cpu0,pcie-mmcfg-mmio,0,4,0xd5b000,ff ff ff ff
1791530182205,TX,MemRd,cpu0,pcie-mmcfg-mmio,0,4,0xd5c000,ff ff ff ff
1791530182205,TX,MemRd,cpu0,pcie-mmcfg-mmio,0,4,0xd5d000,ff ff ff ff
1791530182205,TX,MemRd,cpu0,pcie-mmcfg-mmio,0,4,0xd5e000,ff ff ff ff
1791530182205,TX,MemRd,cpu0,pcie-mmcfg-mmio,0,4,0xd5f000,ff ff ff ff
1791530182205,TX,MemRd,cpu0,pcie-mmcfg-mmio,0,4,0xd60000,ff ff ff ff
1791530182205,TX,MemRd,cpu0,pcie-mmcfg-mmio,0,4,0xd61000,ff ff ff ff
1791530182205,TX,MemRd,cpu0,pcie-mmcfg-mmio,0,4,0xd62000,ff ff ff ff
1791530182205,TX,MemRd,cpu0,pcie-mmcfg-mmio,0,4,0xd63000,ff ff ff ff
1791530182205,TX,MemRd,cpu0,pcie-mmcfg-mmio,0,4,0xd64000,ff ff ff ff
1791530182205,TX,MemRd,cpu0,pcie-mmcfg-mmio,0,4,0xd65000,ff ff ff ff
1791530182205,TX,MemRd,cpu0,pcie-mmcfg-mmio,0,4,0xd66000,ff ff ff ff
1791530182205,TX,MemRd,cpu0,pcie-mmcfg-mmio,0,4,0xd67000,ff ff ff ff
1791530182205,TX,MemRd,cpu0,pcie-mmcfg-mmio,0,4,0xd68000,ff ff ff ff
1791530182205,TX,MemRd,cpu0,pcie-mmcfg-mmio,0,4,0xd69000,ff ff ff ff
1791530182205,TX,MemRd,cpu0,pcie-mmcfg-mmio,0,4,0xd6a000,ff ff ff ff
1791530182205,TX,MemRd,cpu0,pcie-mmcfg-mmio,0,4,0xd6b000,ff ff ff ff
1791530182205,TX,MemRd,cpu0,pcie-mmcfg-mmio,0,4,0xd6c000,ff ff ff ff
1791530182205,TX,MemRd,cpu0,pcie-mmcfg-mmio,0,4,0xd6d000,ff ff ff ff
1791530182205,TX,MemRd,cpu0,pcie-mmcfg-mmio,0,4,0xd6e000,ff ff ff ff
1791530182205,TX,MemRd,cpu0,pcie-mmcfg-mmio,0,4,0xd6f000,ff ff ff ff
1791530182205,TX,MemRd,cpu0,pcie-mmcfg-mmio,0,4,0xd70000,ff ff ff ff
1791530182205,TX,MemRd,cpu0,pcie-mmcfg-mmio,0,4,0xd71000,ff ff ff ff
1791530182205,TX,MemRd,cpu0,pcie-mmcfg-mmio,0,4,0xd72000,ff ff ff ff
1791530182205,TX,MemRd,cpu0,pcie-mmcfg-mmio,0,4,0xd73000,ff ff ff ff
1791530182205,TX,MemRd,cpu0,pcie-mmcfg-mmio,0,4,0xd74000,ff ff ff ff
1791530182205,TX,MemRd,cpu0,pcie-mmcfg-mmio,0,4,0xd75000,ff ff ff ff
1791530182205,TX,MemRd,cpu0,pcie-mmcfg-mmio,0,4,0xd76000,ff ff ff ff
1791530182205,TX,MemRd,cpu0,pcie-mmcfg-mmio,0,4,0xd77000,ff ff ff ff
1791530182205,TX,MemRd,cpu0,pcie-mmcfg-mmio,0,4,0xd78000,ff ff ff ff
1791530182205,TX,MemRd,cpu0,pcie-mmcfg-mmio,0,4,0xd79000,ff ff ff ff
1791530182205,TX,MemRd,cpu0,pcie-mmcfg-mmio,0,4,0xd7a000,ff ff ff ff
1791530182205,TX,MemRd,cpu0,pcie-mmcfg-mmio,0,4,0xd7b000,ff ff ff ff
1791530182205,TX,MemRd,cpu0,pcie-mmcfg-mmio,0,4,0xd7c000,ff ff ff ff
1791530182205,TX,MemRd,cpu0,pcie-mmcfg-mmio,0,4,0xd7d000,ff ff ff ff
1791530182205,TX,MemRd,cpu0,pcie-mmcfg-mmio,0,4,0xd7e000,ff ff ff ff
1791530182205,TX,MemRd,cpu0,pcie-mmcfg-mmio,0,4,0xd7f000,ff ff ff ff
1791530182205,TX,MemRd,cpu0,pcie-mmcfg-mmio,0,4,0xd80000,ff ff ff ff
1791530182205,TX,MemRd,cpu0,pcie-mmcfg-mmio,0,4,0xd81000,ff ff ff ff
1791530182205,TX,MemRd,cpu0,pcie-mmcfg-mmio,0,4,0xd82000,ff ff ff ff
1791530182205,TX,MemRd,cpu0,pcie-mmcfg-mmio,0,4,0xd83000,ff ff ff ff
1791530182205,TX,MemRd,cpu0,pcie-mmcfg-mmio,0,4,0xd84000,ff ff ff ff
1791530182205,TX,MemRd,cpu0,pcie-mmcfg-mmio,0,4,0xd85000,ff ff ff ff
1791530182205,TX,MemRd,cpu0,pcie-mmcfg-mmio,0,4,0xd86000,ff ff ff ff
1791530182205,TX,MemRd,cpu0,pcie-mmcfg-mmio,0,4,0xd87000,ff ff ff ff
1791530182205,TX,MemRd,cpu0,pcie-mmcfg-mmio,0,4,0xd88000,ff ff ff ff
1791530182205,TX,MemRd,cpu0,pcie-mmcfg-mmio,0,4,0xd89000,ff ff ff ff
1791530182205,TX,MemRd,cpu0,pcie-mmcfg-mmio,0,4,0xd8a000,ff ff ff ff
1791530182205,TX,MemRd,cpu0,pcie-mmcfg-mmio,0,4,0xd8b000,ff ff ff ff
1791530182205,TX,MemRd,cpu0,pcie-mmcfg-mmio,0,4,0xd8c000,ff ff ff ff
1791530182205,TX,MemRd,cpu0,pcie-mmcfg-mmio,0,4,0xd8d000,ff ff ff ff
1791530182205,TX,MemRd,cpu0,pcie-mmcfg-mmio,0,4,0xd8e000,ff ff ff ff
1791530182205,TX,MemRd,cpu0,pcie-mmcfg-mmio,0,4,0xd8f000,ff ff ff ff
1791530182205,TX,MemRd,cpu0,pcie-mmcfg-mmio,0,4,0xd90000,ff ff ff ff
1791530182205,TX,MemRd,cpu0,pcie-mmcfg-mmio,0,4,0xd91000,ff ff ff ff
1791530182205,TX,MemRd,cpu0,pcie-mmcfg-mmio,0,4,0xd92000,ff ff ff ff
1791530182205,TX,MemRd,cpu0,pcie-mmcfg-mmio,0,4,0xd93000,ff ff ff ff
1791530182205,TX,MemRd,cpu0,pcie-mmcfg-mmio,0,4,0xd94000,ff ff ff ff
1791530182205,TX,MemRd,cpu0,pcie-mmcfg-mmio,0,4,0xd95000,ff ff ff ff
1791530182205,TX,MemRd,cpu0,pcie-mmcfg-mmio,0,4,0xd96000,ff ff ff ff
1791530182205,TX,MemRd,cpu0,pcie-mmcfg-mmio,0,4,0xd97000,ff ff ff ff
1791530182205,TX,MemRd,cpu0,pcie-mmcfg-mmio,0,4,0xd98000,ff ff ff ff
1791530182205,TX,MemRd,cpu0,pcie-mmcfg-mmio,0,4,0xd99000,ff ff ff ff
1791530182205,TX,MemRd,cpu0,pcie-mmcfg-mmio,0,4,0xd9a000,ff ff ff ff
1791530182205,TX,MemRd,cpu0,pcie-mmcfg-mmio,0,4,0xd9b000,ff ff ff ff
1791530182205,TX,MemRd,cpu0,pcie-mmcfg-mmio,0,4,0xd9c000,ff ff ff ff
1791530182205,TX,MemRd,cpu0,pcie-mmcfg-mmio,0,4,0xd9d000,ff ff ff ff
1791530182205,TX,MemRd,cpu0,pcie-mmcfg-mmio,0,4,0xd9e000,ff ff ff ff
1791530182205,TX,MemRd,cpu0,pcie-mmcfg-mmio,0,4,0xd9f000,ff ff ff ff
1791530182205,TX,MemRd,cpu0,pcie-mmcfg-mmio,0,4,0xda0000,ff ff ff ff
1791530182205,TX,MemRd,cpu0,pcie-mmcfg-mmio,0,4,0xda1000,ff ff ff ff
1791530182205,TX,MemRd,cpu0,pcie-mmcfg-mmio,0,4,0xda2000,ff ff ff ff
1791530182205,TX,MemRd,cpu0,pcie-mmcfg-mmio,0,4,0xda3000,ff ff ff ff
1791530182205,TX,MemRd,cpu0,pcie-mmcfg-mmio,0,4,0xda4000,ff ff ff ff
1791530182205,TX,MemRd,cpu0,pcie-mmcfg-mmio,0,4,0xda5000,ff ff ff ff
1791530182205,TX,MemRd,cpu0,pcie-mmcfg-mmio,0,4,0xda6000,ff ff ff ff
1791530182205,TX,MemRd,cpu0,pcie-mmcfg-mmio,0,4,0xda7000,ff ff ff ff
1791530182205,TX,MemRd,cpu0,pcie-mmcfg-mmio,0,4,0xda8000,ff ff ff ff
1791530182205,TX,MemRd,cpu0,pcie-mmcfg-mmio,0,4,0xda9000,ff ff ff ff
1791530182205,TX,MemRd,cpu0,pcie-mmcfg-mmio,0,4,0xdaa000,ff ff ff ff
1791530182205,TX,MemRd,cpu0,pcie-mmcfg-mmio,0,4,0xdab000,ff ff ff ff
1791530182205,TX,MemRd,cpu0,pcie-mmcfg-mmio,0,4,0xdac000,ff ff ff ff
1791530182205,TX,MemRd,cpu0,pcie-mmcfg-mmio,0,4,0xdad000,ff ff ff ff
1791530182205,TX,MemRd,cpu0,pcie-mmcfg-mmio,0,4,0xdae000,ff ff ff ff
1791530182205,TX,MemRd,cpu0,pcie-mmcfg-mmio,0,4,0xdaf000,ff ff ff ff
1791530182205,TX,MemRd,cpu0,pcie-mmcfg-mmio,0,4,0xdb0000,ff ff ff ff
1791530182205,TX,MemRd,cpu0,pcie-mmcfg-mmio,0,4,0xdb1000,ff ff ff ff
1791530182205,TX,MemRd,cpu0,pcie-mmcfg-mmio,0,4,0xdb2000,ff ff ff ff
1791530182205,TX,MemRd,cpu0,pcie-mmcfg-mmio,0,4,0xdb3000,ff ff ff ff
1791530182205,TX,MemRd,cpu0,pcie-mmcfg-mmio,0,4,0xdb4000,ff ff ff ff
1791530182205,TX,MemRd,cpu0,pcie-mmcfg-mmio,0,4,0xdb5000,ff ff ff ff
1791530182205,TX,MemRd,cpu0,pcie-mmcfg-mmio,0,4,0xdb6000,ff ff ff ff
1791530182205,TX,MemRd,cpu0,pcie-mmcfg-mmio,0,4,0xdb7000,ff ff ff ff
1791530182205,TX,MemRd,cpu0,pcie-mmcfg-mmio,0,4,0xdb8000,ff ff ff ff
1791530182205,TX,MemRd,cpu0,pcie-mmcfg-mmio,0,4,0xdb9000,ff ff ff ff
1791530182205,TX,MemRd,cpu0,pcie-mmcfg-mmio,0,4,0xdba000,ff ff ff ff
1791530182205,TX,MemRd,cpu0,pcie-mmcfg-mmio,0,4,0xdbb000,ff ff ff ff
1791530182205,TX,MemRd,cpu0,pcie-mmcfg-mmio,0,4,0xdbc000,ff ff ff ff
1791530182205,TX,MemRd,cpu0,pcie-mmcfg-mmio,0,4,0xdbd000,ff ff ff ff
1791530182205,TX,MemRd,cpu0,pcie-mmcfg-mmio,0,4,0xdbe000,ff ff ff ff
1791530182205,TX,MemRd,cpu0,pcie-mmcfg-mmio,0,4,0xdbf000,ff ff ff ff
1791530182205,TX,MemRd,cpu0,pcie-mmcfg-mmio,0,4,0xdc0000,ff ff ff ff
1791530182205,TX,MemRd,cpu0,pcie-mmcfg-mmio,0,4,0xdc1000,ff ff ff ff
1791530182205,TX,MemRd,cpu0,pcie-mmcfg-mmio,0,4,0xdc2000,ff ff ff ff
1791530182205,TX,MemRd,cpu0,pcie-mmcfg-mmio,0,4,0xdc3000,ff ff ff ff
1791530182205,TX,MemRd,cpu0,pcie-mmcfg-mmio,0,4,0xdc4000,ff ff ff ff
1791530182205,TX,MemRd,cpu0,pcie-mmcfg-mmio,0,4,0xdc5000,ff ff ff ff
1791530182205,TX,MemRd,cpu0,pcie-mmcfg-mmio,0,4,0xdc6000,ff ff ff ff
1791530182205,TX,MemRd,cpu0,pcie-mmcfg-mmio,0,4,0xdc7000,ff ff ff ff
1791530182205,TX,MemRd,cpu0,pcie-mmcfg-mmio,0,4,0xdc8000,ff ff ff ff
1791530182205,TX,MemRd,cpu0,pcie-mmcfg-mmio,0,4,0xdc9000,ff ff ff ff
1791530182205,TX,MemRd,cpu0,pcie-mmcfg-mmio,0,4,0xdca000,ff ff ff ff
1791530182205,TX,MemRd,cpu0,pcie-mmcfg-mmio,0,4,0xdcb000,ff ff ff ff
1791530182205,TX,MemRd,cpu0,pcie-mmcfg-mmio,0,4,0xdcc000,ff ff ff ff
1791530182205,TX,MemRd,cpu0,pcie-mmcfg-mmio,0,4,0xdcd000,ff ff ff ff
1791530182205,TX,MemRd,cpu0,pcie-mmcfg-mmio,0,4,0xdce000,ff ff ff ff
1791530182205,TX,MemRd,cpu0,pcie-mmcfg-mmio,0,4,0xdcf000,ff ff ff ff
1791530182205,TX,MemRd,cpu0,pcie-mmcfg-mmio,0,4,0xdd0000,ff ff ff ff
1791530182205,TX,MemRd,cpu0,pcie-mmcfg-mmio,0,4,0xdd1000,ff ff ff ff
1791530182205,TX,MemRd,cpu0,pcie-mmcfg-mmio,0,4,0xdd2000,ff ff ff ff
1791530182205,TX,MemRd,cpu0,pcie-mmcfg-mmio,0,4,0xdd3000,ff ff ff ff
1791530182205,TX,MemRd,cpu0,pcie-mmcfg-mmio,0,4,0xdd4000,ff ff ff ff
1791530182205,TX,MemRd,cpu0,pcie-mmcfg-mmio,0,4,0xdd5000,ff ff ff ff
1791530182205,TX,MemRd,cpu0,pcie-mmcfg-mmio,0,4,0xdd6000,ff ff ff ff
1791530182205,TX,MemRd,cpu0,pcie-mmcfg-mmio,0,4,0xdd7000,ff ff ff ff
1791530182205,TX,MemRd,cpu0,pcie-mmcfg-mmio,0,4,0xdd8000,ff ff ff ff
1791530182205,TX,MemRd,cpu0,pcie-mmcfg-mmio,0,4,0xdd9000,ff ff ff ff
1791530182205,TX,MemRd,cpu0,pcie-mmcfg-mmio,0,4,0xdda000,ff ff ff ff
1791530182205,TX,MemRd,cpu0,pcie-mmcfg-mmio,0,4,0xddb000,ff ff ff ff
1791530182205,TX,MemRd,cpu0,pcie-mmcfg-mmio,0,4,0xddc000,ff ff ff ff
1791530182205,TX,MemRd,cpu0,pcie-mmcfg-mmio,0,4,0xddd000,ff ff ff ff
1791530182205,TX,MemRd,cpu0,pcie-mmcfg-mmio,0,4,0xdde000,ff ff ff ff
1791530182205,TX,MemRd,cpu0,pcie-mmcfg-mmio,0,4,0xddf000,ff ff ff ff
1791530182205,TX,MemRd,cpu0,pcie-mmcfg-mmio,0,4,0xde0000,ff ff ff ff
1791530182205,TX,MemRd,cpu0,pcie-mmcfg-mmio,0,4,0xde1000,ff ff ff ff
1791530182205,TX,MemRd,cpu0,pcie-mmcfg-mmio,0,4,0xde2000,ff ff ff ff
1791530182205,TX,MemRd,cpu0,pcie-mmcfg-mmio,0,4,0xde3000,ff ff ff ff
1791530182205,TX,MemRd,cpu0,pcie-mmcfg-mmio,0,4,0xde4000,ff ff ff ff
1791530182205,TX,MemRd,cpu0,pcie-mmcfg-mmio,0,4,0xde5000,ff ff ff ff
1791530182205,TX,MemRd,cpu0,pcie-mmcfg-mmio,0,4,0xde6000,ff ff ff ff
1791530182205,TX,MemRd,cpu0,pcie-mmcfg-mmio,0,4,0xde7000,ff ff ff ff
1791530182205,TX,MemRd,cpu0,pcie-mmcfg-mmio,0,4,0xde8000,ff ff ff ff
1791530182205,TX,MemRd,cpu0,pcie-mmcfg-mmio,0,4,0xde9000,ff ff ff ff
1791530182205,TX,MemRd,cpu0,pcie-mmcfg-mmio,0,4,0xdea000,ff ff ff ff
1791530182205,TX,MemRd,cpu0,pcie-mmcfg-mmio,0,4,0xdeb000,ff ff ff ff
1791530182205,TX,MemRd,cpu0,pcie-mmcfg-mmio,0,4,0xdec000,ff ff ff ff
1791530182205,TX,MemRd,cpu0,pcie-mmcfg-mmio,0,4,0xded000,ff ff ff ff
1791530182205,TX,MemRd,cpu0,pcie-mmcfg-mmio,0,4,0xdee000,ff ff ff ff
1791530182205,TX,MemRd,cpu0,pcie-mmcfg-mmio,0,4,0xdef000,ff ff ff ff
1791530182205,TX,MemRd,cpu0,pcie-mmcfg-mmio,0,4,0xdf0000,ff ff ff ff
1791530182205,TX,MemRd,cpu0,pcie-mmcfg-mmio,0,4,0xdf1000,ff ff ff ff
1791530182205,TX,MemRd,cpu0,pcie-mmcfg-mmio,0,4,0xdf2000,ff ff ff ff
1791530182205,TX,MemRd,cpu0,pcie-mmcfg-mmio,0,4,0xdf3000,ff ff ff ff
1791530182205,TX,MemRd,cpu0,pcie-mmcfg-mmio,0,4,0xdf4000,ff ff ff ff
1791530182205,TX,MemRd,cpu0,pcie-mmcfg-mmio,0,4,0xdf5000,ff ff ff ff
1791530182205,TX,MemRd,cpu0,pcie-mmcfg-mmio,0,4,0xdf6000,ff ff ff ff
1791530182205,TX,MemRd,cpu0,pcie-mmcfg-mmio,0,4,0xdf7000,ff ff ff ff
1791530182205,TX,MemRd,cpu0,pcie-mmcfg-mmio,0,4,0xdf8000,ff ff ff ff
1791530182205,TX,MemRd,cpu0,pcie-mmcfg-mmio,0,4,0xdf9000,ff ff ff ff
1791530182205,TX,MemRd,cpu0,pcie-mmcfg-mmio,0,4,0xdfa000,ff ff ff ff
1791530182205,TX,MemRd,cpu0,pcie-mmcfg-mmio,0,4,0xdfb000,ff ff ff ff
1791530182205,TX,MemRd,cpu0,pcie-mmcfg-mmio,0,4,0xdfc000,ff ff ff ff
1791530182205,TX,MemRd,cpu0,pcie-mmcfg-mmio,0,4,0xdfd000,ff ff ff ff
1791530182205,TX,MemRd,cpu0,pcie-mmcfg-mmio,0,4,0xdfe000,ff ff ff ff
1791530182205,TX,MemRd,cpu0,pcie-mmcfg-mmio,0,4,0xdff000,ff ff ff ff
1791530182205,RX,CfgRd,pcie-root-port,00:01.3,0,4,0x18,00 0d ff 00
1791530182205,TX,MemRd,cpu0,pcie-mmcfg-mmio,0,4,0xb018,00 0d ff 00
1791530182205,TX,MemWr,cpu0,pcie-mmcfg-mmio,0,4,0xb018,00 0d 10 00
1791530182205,TX,CfgWr,pcie-root-port,00:01.3,0,4,0x18,00 0d 10 00
1791530182205,RX,CfgRd,pcie-root-port,00:01.3,0,4,0x1c,f0 00 00 00
1791530182205,TX,MemRd,cpu0,pcie-mmcfg-mmio,0,4,0xb01c,f0 00 00 00
1791530182205,RX,CfgRd,pcie-root-port,00:01.3,0,4,0x30,00 00 00 00
1791530182205,TX,MemRd,cpu0,pcie-mmcfg-mmio,0,4,0xb030,00 00 00 00
1791530182205,TX,MemWr,cpu0,pcie-mmcfg-mmio,0,4,0xb01c,f0 00 00 00
1791530182205,TX,CfgWr,pcie-root-port,00:01.3,0,4,0x1c,f0 00 00 00
1791530182205,TX,MemWr,cpu0,pcie-mmcfg-mmio,0,4,0xb030,00 00 00 00
1791530182205,TX,CfgWr,pcie-root-port,00:01.3,0,4,0x30,00 00 00 00
1791530182205,RX,CfgRd,pcie-root-port,00:01.3,0,4,0x20,40 10 00 00
1791530182205,TX,MemRd,cpu0,pcie-mmcfg-mmio,0,4,0xb020,40 10 00 00
1791530182205,TX,MemWr,cpu0,pcie-mmcfg-mmio,0,4,0xb020,40 10 5f 10
1791530182205,TX,CfgWr,pcie-root-port,00:01.3,0,4,0x20,40 10 5f 10
1791530182205,RX,CfgRd,pcie-root-port,00:01.3,0,4,0x24,61 00 01 00
1791530182205,TX,MemRd,cpu0,pcie-mmcfg-mmio,0,4,0xb024,61 00 01 00
1791530182205,TX,MemWr,cpu0,pcie-mmcfg-mmio,0,4,0xb024,61 00 5f 00
1791530182205,TX,CfgWr,pcie-root-port,00:01.3,0,4,0x24,61 00 5f 00
1791530182205,TX,MemWr,cpu0,pcie-mmcfg-mmio,0,4,0xb02c,80 00 00 00
1791530182205,TX,CfgWr,pcie-root-port,00:01.3,0,4,0x2c,80 00 00 00
1791530182205,TX,MemRd,cpu0,pcie-mmcfg-mmio,0,4,0xc000,ff ff ff ff
1791530182205,TX,MemRd,cpu0,pcie-mmcfg-mmio,0,4,0xd000,ff ff ff ff
1791530182205,TX,MemRd,cpu0,pcie-mmcfg-mmio,0,4,0xe000,ff ff ff ff
1791530182205,TX,MemRd,cpu0,pcie-mmcfg-mmio,0,4,0xf000,ff ff ff ff
1791530182205,TX,MemRd,cpu0,pcie-mmcfg-mmio,0,4,0x10000,ff ff ff ff
1791530182205,TX,MemRd,cpu0,pcie-mmcfg-mmio,0,4,0x11000,ff ff ff ff
1791530182206,TX,MemRd,cpu0,pcie-mmcfg-mmio,0,4,0x12000,ff ff ff ff
1791530182206,TX,MemRd,cpu0,pcie-mmcfg-mmio,0,4,0x13000,ff ff ff ff
1791530182206,TX,MemRd,cpu0,pcie-mmcfg-mmio,0,4,0x14000,ff ff ff ff
1791530182206,TX,MemRd,cpu0,pcie-mmcfg-mmio,0,4,0x15000,ff ff ff ff
1791530182206,TX,MemRd,cpu0,pcie-mmcfg-mmio,0,4,0x16000,ff ff ff ff
1791530182206,TX,MemRd,cpu0,pcie-mmcfg-mmio,0,4,0x17000,ff ff ff ff
1791530182206,TX,MemRd,cpu0,pcie-mmcfg-mmio,0,4,0x18000,ff ff ff ff
1791530182206,TX,MemRd,cpu0,pcie-mmcfg-mmio,0,4,0x19000,ff ff ff ff
1791530182206,TX,MemRd,cpu0,pcie-mmcfg-mmio,0,4,0x1a000,ff ff ff ff
1791530182206,TX,MemRd,cpu0,pcie-mmcfg-mmio,0,4,0x1b000,ff ff ff ff
1791530182206,TX,MemRd,cpu0,pcie-mmcfg-mmio,0,4,0x1c000,ff ff ff ff
1791530182206,TX,MemRd,cpu0,pcie-mmcfg-mmio,0,4,0x1d000,ff ff ff ff
1791530182206,TX,MemRd,cpu0,pcie-mmcfg-mmio,0,4,0x1e000,ff ff ff ff
1791530182206,TX,MemRd,cpu0,pcie-mmcfg-mmio,0,4,0x1f000,ff ff ff ff
1791530182206,TX,MemRd,cpu0,pcie-mmcfg-mmio,0,4,0x20000,ff ff ff ff
1791530182206,TX,MemRd,cpu0,pcie-mmcfg-mmio,0,4,0x21000,ff ff ff ff
1791530182206,TX,MemRd,cpu0,pcie-mmcfg-mmio,0,4,0x22000,ff ff ff ff
1791530182206,TX,MemRd,cpu0,pcie-mmcfg-mmio,0,4,0x23000,ff ff ff ff
1791530182206,TX,MemRd,cpu0,pcie-mmcfg-mmio,0,4,0x24000,ff ff ff ff
1791530182206,TX,MemRd,cpu0,pcie-mmcfg-mmio,0,4,0x25000,ff ff ff ff
1791530182206,TX,MemRd,cpu0,pcie-mmcfg-mmio,0,4,0x26000,ff ff ff ff
1791530182206,TX,MemRd,cpu0,pcie-mmcfg-mmio,0,4,0x27000,ff ff ff ff
1791530182206,TX,MemRd,cpu0,pcie-mmcfg-mmio,0,4,0x28000,ff ff ff ff
1791530182206,TX,MemRd,cpu0,pcie-mmcfg-mmio,0,4,0x29000,ff ff ff ff
1791530182206,TX,MemRd,cpu0,pcie-mmcfg-mmio,0,4,0x2a000,ff ff ff ff
1791530182206,TX,MemRd,cpu0,pcie-mmcfg-mmio,0,4,0x2b000,ff ff ff ff
1791530182206,TX,MemRd,cpu0,pcie-mmcfg-mmio,0,4,0x2c000,ff ff ff ff
1791530182206,TX,MemRd,cpu0,pcie-mmcfg-mmio,0,4,0x2d000,ff ff ff ff
1791530182206,TX,MemRd,cpu0,pcie-mmcfg-mmio,0,4,0x2e000,ff ff ff ff
1791530182206,TX,MemRd,cpu0,pcie-mmcfg-mmio,0,4,0x2f000,ff ff ff ff
1791530182206,TX,MemRd,cpu0,pcie-mmcfg-mmio,0,4,0x30000,ff ff ff ff
1791530182206,TX,MemRd,cpu0,pcie-mmcfg-mmio,0,4,0x31000,ff ff ff ff
1791530182206,TX,MemRd,cpu0,pcie-mmcfg-mmio,0,4,0x32000,ff ff ff ff
1791530182206,TX,MemRd,cpu0,pcie-mmcfg-mmio,0,4,0x33000,ff ff ff ff
1791530182206,TX,MemRd,cpu0,pcie-mmcfg-mmio,0,4,0x34000,ff ff ff ff
1791530182206,TX,MemRd,cpu0,pcie-mmcfg-mmio,0,4,0x35000,ff ff ff ff
1791530182206,TX,MemRd,cpu0,pcie-mmcfg-mmio,0,4,0x36000,ff ff ff ff
1791530182206,TX,MemRd,cpu0,pcie-mmcfg-mmio,0,4,0x37000,ff ff ff ff
1791530182206,TX,MemRd,cpu0,pcie-mmcfg-mmio,0,4,0x38000,ff ff ff ff
1791530182206,TX,MemRd,cpu0,pcie-mmcfg-mmio,0,4,0x39000,ff ff ff ff
1791530182206,TX,MemRd,cpu0,pcie-mmcfg-mmio,0,4,0x3a000,ff ff ff ff
1791530182206,TX,MemRd,cpu0,pcie-mmcfg-mmio,0,4,0x3b000,ff ff ff ff
1791530182206,TX,MemRd,cpu0,pcie-mmcfg-mmio,0,4,0x3c000,ff ff ff ff
1791530182206,TX,MemRd,cpu0,pcie-mmcfg-mmio,0,4,0x3d000,ff ff ff ff
1791530182206,TX,MemRd,cpu0,pcie-mmcfg-mmio,0,4,0x3e000,ff ff ff ff
1791530182206,TX,MemRd,cpu0,pcie-mmcfg-mmio,0,4,0x3f000,ff ff ff ff
1791530182206,TX,MemRd,cpu0,pcie-mmcfg-mmio,0,4,0x40000,ff ff ff ff
1791530182206,TX,MemRd,cpu0,pcie-mmcfg-mmio,0,4,0x41000,ff ff ff ff
1791530182206,TX,MemRd,cpu0,pcie-mmcfg-mmio,0,4,0x42000,ff ff ff ff
1791530182206,TX,MemRd,cpu0,pcie-mmcfg-mmio,0,4,0x43000,ff ff ff ff
1791530182206,TX,MemRd,cpu0,pcie-mmcfg-mmio,0,4,0x44000,ff ff ff ff
1791530182206,TX,MemRd,cpu0,pcie-mmcfg-mmio,0,4,0x45000,ff ff ff ff
1791530182206,TX,MemRd,cpu0,pcie-mmcfg-mmio,0,4,0x46000,ff ff ff ff
1791530182206,TX,MemRd,cpu0,pcie-mmcfg-mmio,0,4,0x47000,ff ff ff ff
1791530182206,TX,MemRd,cpu0,pcie-mmcfg-mmio,0,4,0x48000,ff ff ff ff
1791530182206,TX,MemRd,cpu0,pcie-mmcfg-mmio,0,4,0x49000,ff ff ff ff
1791530182206,TX,MemRd,cpu0,pcie-mmcfg-mmio,0,4,0x4a000,ff ff ff ff
1791530182206,TX,MemRd,cpu0,pcie-mmcfg-mmio,0,4,0x4b000,ff ff ff ff
1791530182206,TX,MemRd,cpu0,pcie-mmcfg-mmio,0,4,0x4c000,ff ff ff ff
1791530182206,TX,MemRd,cpu0,pcie-mmcfg-mmio,0,4,0x4d000,ff ff ff ff
1791530182206,TX,MemRd,cpu0,pcie-mmcfg-mmio,0,4,0x4e000,ff ff ff ff
1791530182206,TX,MemRd,cpu0,pcie-mmcfg-mmio,0,4,0x4f000,ff ff ff ff
1791530182206,TX,MemRd,cpu0,pcie-mmcfg-mmio,0,4,0x50000,ff ff ff ff
1791530182206,TX,MemRd,cpu0,pcie-mmcfg-mmio,0,4,0x51000,ff ff ff ff
1791530182206,TX,MemRd,cpu0,pcie-mmcfg-mmio,0,4,0x52000,ff ff ff ff
1791530182206,TX,MemRd,cpu0,pcie-mmcfg-mmio,0,4,0x53000,ff ff ff ff
1791530182206,TX,MemRd,cpu0,pcie-mmcfg-mmio,0,4,0x54000,ff ff ff ff
1791530182206,TX,MemRd,cpu0,pcie-mmcfg-mmio,0,4,0x55000,ff ff ff ff
1791530182206,TX,MemRd,cpu0,pcie-mmcfg-mmio,0,4,0x56000,ff ff ff ff
1791530182206,TX,MemRd,cpu0,pcie-mmcfg-mmio,0,4,0x57000,ff ff ff ff
1791530182206,TX,MemRd,cpu0,pcie-mmcfg-mmio,0,4,0x58000,ff ff ff ff
1791530182206,TX,MemRd,cpu0,pcie-mmcfg-mmio,0,4,0x59000,ff ff ff ff
1791530182206,TX,MemRd,cpu0,pcie-mmcfg-mmio,0,4,0x5a000,ff ff ff ff
1791530182206,TX,MemRd,cpu0,pcie-mmcfg-mmio,0,4,0x5b000,ff ff ff ff
1791530182206,TX,MemRd,cpu0,pcie-mmcfg-mmio,0,4,0x5c000,ff ff ff ff
1791530182206,TX,MemRd,cpu0,pcie-mmcfg-mmio,0,4,0x5d000,ff ff ff ff
1791530182206,TX,MemRd,cpu0,pcie-mmcfg-mmio,0,4,0x5e000,ff ff ff ff
1791530182206,TX,MemRd,cpu0,pcie-mmcfg-mmio,0,4,0x5f000,ff ff ff ff
1791530182206,TX,MemRd,cpu0,pcie-mmcfg-mmio,0,4,0x60000,ff ff ff ff
1791530182206,TX,MemRd,cpu0,pcie-mmcfg-mmio,0,4,0x61000,ff ff ff ff
1791530182206,TX,MemRd,cpu0,pcie-mmcfg-mmio,0,4,0x62000,ff ff ff ff
1791530182206,TX,MemRd,cpu0,pcie-mmcfg-mmio,0,4,0x63000,ff ff ff ff
1791530182206,TX,MemRd,cpu0,pcie-mmcfg-mmio,0,4,0x64000,ff ff ff ff
1791530182206,TX,MemRd,cpu0,pcie-mmcfg-mmio,0,4,0x65000,ff ff ff ff
1791530182206,TX,MemRd,cpu0,pcie-mmcfg-mmio,0,4,0x66000,ff ff ff ff
1791530182206,TX,MemRd,cpu0,pcie-mmcfg-mmio,0,4,0x67000,ff ff ff ff
1791530182206,TX,MemRd,cpu0,pcie-mmcfg-mmio,0,4,0x68000,ff ff ff ff
1791530182206,TX,MemRd,cpu0,pcie-mmcfg-mmio,0,4,0x69000,ff ff ff ff
1791530182206,TX,MemRd,cpu0,pcie-mmcfg-mmio,0,4,0x6a000,ff ff ff ff
1791530182206,TX,MemRd,cpu0,pcie-mmcfg-mmio,0,4,0x6b000,ff ff ff ff
1791530182206,TX,MemRd,cpu0,pcie-mmcfg-mmio,0,4,0x6c000,ff ff ff ff
1791530182206,TX,MemRd,cpu0,pcie-mmcfg-mmio,0,4,0x6d000,ff ff ff ff
1791530182206,TX,MemRd,cpu0,pcie-mmcfg-mmio,0,4,0x6e000,ff ff ff ff
1791530182206,TX,MemRd,cpu0,pcie-mmcfg-mmio,0,4,0x6f000,ff ff ff ff
1791530182206,TX,MemRd,cpu0,pcie-mmcfg-mmio,0,4,0x70000,ff ff ff ff
1791530182206,TX,MemRd,cpu0,pcie-mmcfg-mmio,0,4,0x71000,ff ff ff ff
1791530182206,TX,MemRd,cpu0,pcie-mmcfg-mmio,0,4,0x72000,ff ff ff ff
1791530182206,TX,MemRd,cpu0,pcie-mmcfg-mmio,0,4,0x73000,ff ff ff ff
1791530182206,TX,MemRd,cpu0,pcie-mmcfg-mmio,0,4,0x74000,ff ff ff ff
1791530182206,TX,MemRd,cpu0,pcie-mmcfg-mmio,0,4,0x75000,ff ff ff ff
1791530182206,TX,MemRd,cpu0,pcie-mmcfg-mmio,0,4,0x76000,ff ff ff ff
1791530182206,TX,MemRd,cpu0,pcie-mmcfg-mmio,0,4,0x77000,ff ff ff ff
1791530182206,TX,MemRd,cpu0,pcie-mmcfg-mmio,0,4,0x78000,ff ff ff ff
1791530182206,TX,MemRd,cpu0,pcie-mmcfg-mmio,0,4,0x79000,ff ff ff ff
1791530182206,TX,MemRd,cpu0,pcie-mmcfg-mmio,0,4,0x7a000,ff ff ff ff
1791530182206,TX,MemRd,cpu0,pcie-mmcfg-mmio,0,4,0x7b000,ff ff ff ff
1791530182206,TX,MemRd,cpu0,pcie-mmcfg-mmio,0,4,0x7c000,ff ff ff ff
1791530182206,TX,MemRd,cpu0,pcie-mmcfg-mmio,0,4,0x7d000,ff ff ff ff
1791530182206,TX,MemRd,cpu0,pcie-mmcfg-mmio,0,4,0x7e000,ff ff ff ff
1791530182206,TX,MemRd,cpu0,pcie-mmcfg-mmio,0,4,0x7f000,ff ff ff ff
1791530182206,TX,MemRd,cpu0,pcie-mmcfg-mmio,0,4,0x80000,ff ff ff ff
1791530182206,TX,MemRd,cpu0,pcie-mmcfg-mmio,0,4,0x81000,ff ff ff ff
1791530182206,TX,MemRd,cpu0,pcie-mmcfg-mmio,0,4,0x82000,ff ff ff ff
1791530182206,TX,MemRd,cpu0,pcie-mmcfg-mmio,0,4,0x83000,ff ff ff ff
1791530182206,TX,MemRd,cpu0,pcie-mmcfg-mmio,0,4,0x84000,ff ff ff ff
1791530182206,TX,MemRd,cpu0,pcie-mmcfg-mmio,0,4,0x85000,ff ff ff ff
1791530182206,TX,MemRd,cpu0,pcie-mmcfg-mmio,0,4,0x86000,ff ff ff ff
1791530182206,TX,MemRd,cpu0,pcie-mmcfg-mmio,0,4,0x87000,ff ff ff ff
1791530182206,TX,MemRd,cpu0,pcie-mmcfg-mmio,0,4,0x88000,ff ff ff ff
1791530182206,TX,MemRd,cpu0,pcie-mmcfg-mmio,0,4,0x89000,ff ff ff ff
1791530182206,TX,MemRd,cpu0,pcie-mmcfg-mmio,0,4,0x8a000,ff ff ff ff
1791530182206,TX,MemRd,cpu0,pcie-mmcfg-mmio,0,4,0x8b000,ff ff ff ff
1791530182206,TX,MemRd,cpu0,pcie-mmcfg-mmio,0,4,0x8c000,ff ff ff ff
1791530182206,TX,MemRd,cpu0,pcie-mmcfg-mmio,0,4,0x8d000,ff ff ff ff
1791530182206,TX,MemRd,cpu0,pcie-mmcfg-mmio,0,4,0x8e000,ff ff ff ff
1791530182206,TX,MemRd,cpu0,pcie-mmcfg-mmio,0,4,0x8f000,ff ff ff ff
1791530182206,TX,MemRd,cpu0,pcie-mmcfg-mmio,0,4,0x90000,ff ff ff ff
1791530182206,TX,MemRd,cpu0,pcie-mmcfg-mmio,0,4,0x91000,ff ff ff ff
1791530182206,TX,MemRd,cpu0,pcie-mmcfg-mmio,0,4,0x92000,ff ff ff ff
1791530182206,TX,MemRd,cpu0,pcie-mmcfg-mmio,0,4,0x93000,ff ff ff ff
1791530182206,TX,MemRd,cpu0,pcie-mmcfg-mmio,0,4,0x94000,ff ff ff ff
1791530182206,TX,MemRd,cpu0,pcie-mmcfg-mmio,0,4,0x95000,ff ff ff ff
1791530182206,TX,MemRd,cpu0,pcie-mmcfg-mmio,0,4,0x96000,ff ff ff ff
1791530182206,TX,MemRd,cpu0,pcie-mmcfg-mmio,0,4,0x97000,ff ff ff ff
1791530182206,TX,MemRd,cpu0,pcie-mmcfg-mmio,0,4,0x98000,ff ff ff ff
1791530182206,TX,MemRd,cpu0,pcie-mmcfg-mmio,0,4,0x99000,ff ff ff ff
1791530182206,TX,MemRd,cpu0,pcie-mmcfg-mmio,0,4,0x9a000,ff ff ff ff
1791530182206,TX,MemRd,cpu0,pcie-mmcfg-mmio,0,4,0x9b000,ff ff ff ff
1791530182206,TX,MemRd,cpu0,pcie-mmcfg-mmio,0,4,0x9c000,ff ff ff ff
1791530182206,TX,MemRd,cpu0,pcie-mmcfg-mmio,0,4,0x9d000,ff ff ff ff
1791530182206,TX,MemRd,cpu0,pcie-mmcfg-mmio,0,4,0x9e000,ff ff ff ff
1791530182206,TX,MemRd,cpu0,pcie-mmcfg-mmio,0,4,0x9f000,ff ff ff ff
1791530182206,TX,MemRd,cpu0,pcie-mmcfg-mmio,0,4,0xa0000,ff ff ff ff
1791530182206,TX,MemRd,cpu0,pcie-mmcfg-mmio,0,4,0xa1000,ff ff ff ff
1791530182206,TX,MemRd,cpu0,pcie-mmcfg-mmio,0,4,0xa2000,ff ff ff ff
1791530182206,TX,MemRd,cpu0,pcie-mmcfg-mmio,0,4,0xa3000,ff ff ff ff
1791530182206,TX,MemRd,cpu0,pcie-mmcfg-mmio,0,4,0xa4000,ff ff ff ff
1791530182206,TX,MemRd,cpu0,pcie-mmcfg-mmio,0,4,0xa5000,ff ff ff ff
1791530182206,TX,MemRd,cpu0,pcie-mmcfg-mmio,0,4,0xa6000,ff ff ff ff
1791530182206,TX,MemRd,cpu0,pcie-mmcfg-mmio,0,4,0xa7000,ff ff ff ff
1791530182206,TX,MemRd,cpu0,pcie-mmcfg-mmio,0,4,0xa8000,ff ff ff ff
1791530182206,TX,MemRd,cpu0,pcie-mmcfg-mmio,0,4,0xa9000,ff ff ff ff
1791530182206,TX,MemRd,cpu0,pcie-mmcfg-mmio,0,4,0xaa000,ff ff ff ff
1791530182206,TX,MemRd,cpu0,pcie-mmcfg-mmio,0,4,0xab000,ff ff ff ff
1791530182206,TX,MemRd,cpu0,pcie-mmcfg-mmio,0,4,0xac000,ff ff ff ff
1791530182206,TX,MemRd,cpu0,pcie-mmcfg-mmio,0,4,0xad000,ff ff ff ff
1791530182206,TX,MemRd,cpu0,pcie-mmcfg-mmio,0,4,0xae000,ff ff ff ff
1791530182206,TX,MemRd,cpu0,pcie-mmcfg-mmio,0,4,0xaf000,ff ff ff ff
1791530182206,TX,MemRd,cpu0,pcie-mmcfg-mmio,0,4,0xb0000,ff ff ff ff
1791530182206,TX,MemRd,cpu0,pcie-mmcfg-mmio,0,4,0xb1000,ff ff ff ff
1791530182206,TX,MemRd,cpu0,pcie-mmcfg-mmio,0,4,0xb2000,ff ff ff ff
1791530182206,TX,MemRd,cpu0,pcie-mmcfg-mmio,0,4,0xb3000,ff ff ff ff
1791530182206,TX,MemRd,cpu0,pcie-mmcfg-mmio,0,4,0xb4000,ff ff ff ff
1791530182206,TX,MemRd,cpu0,pcie-mmcfg-mmio,0,4,0xb5000,ff ff ff ff
1791530182206,TX,MemRd,cpu0,pcie-mmcfg-mmio,0,4,0xb6000,ff ff ff ff
1791530182206,TX,MemRd,cpu0,pcie-mmcfg-mmio,0,4,0xb7000,ff ff ff ff
1791530182206,TX,MemRd,cpu0,pcie-mmcfg-mmio,0,4,0xb8000,ff ff ff ff
1791530182206,TX,MemRd,cpu0,pcie-mmcfg-mmio,0,4,0xb9000,ff ff ff ff
1791530182206,TX,MemRd,cpu0,pcie-mmcfg-mmio,0,4,0xba000,ff ff ff ff
1791530182206,TX,MemRd,cpu0,pcie-mmcfg-mmio,0,4,0xbb000,ff ff ff ff
1791530182206,TX,MemRd,cpu0,pcie-mmcfg-mmio,0,4,0xbc000,ff ff ff ff
1791530182206,TX,MemRd,cpu0,pcie-mmcfg-mmio,0,4,0xbd000,ff ff ff ff
1791530182206,TX,MemRd,cpu0,pcie-mmcfg-mmio,0,4,0xbe000,ff ff ff ff
1791530182206,TX,MemRd,cpu0,pcie-mmcfg-mmio,0,4,0xbf000,ff ff ff ff
1791530182206,TX,MemRd,cpu0,pcie-mmcfg-mmio,0,4,0xc0000,ff ff ff ff
1791530182206,TX,MemRd,cpu0,pcie-mmcfg-mmio,0,4,0xc1000,ff ff ff ff
1791530182206,TX,MemRd,cpu0,pcie-mmcfg-mmio,0,4,0xc2000,ff ff ff ff
1791530182206,TX,MemRd,cpu0,pcie-mmcfg-mmio,0,4,0xc3000,ff ff ff ff
1791530182206,TX,MemRd,cpu0,pcie-mmcfg-mmio,0,4,0xc4000,ff ff ff ff
1791530182206,TX,MemRd,cpu0,pcie-mmcfg-mmio,0,4,0xc5000,ff ff ff ff
1791530182206,TX,MemRd,cpu0,pcie-mmcfg-mmio,0,4,0xc6000,ff ff ff ff
1791530182206,TX,MemRd,cpu0,pcie-mmcfg-mmio,0,4,0xc7000,ff ff ff ff
1791530182206,TX,MemRd,cpu0,pcie-mmcfg-mmio,0,4,0xc8000,ff ff ff ff
1791530182206,TX,MemRd,cpu0,pcie-mmcfg-mmio,0,4,0xc9000,ff ff ff ff
1791530182206,TX,MemRd,cpu0,pcie-mmcfg-mmio,0,4,0xca000,ff ff ff ff
1791530182206,TX,MemRd,cpu0,pcie-mmcfg-mmio,0,4,0xcb000,ff ff ff ff
1791530182206,TX,MemRd,cpu0,pcie-mmcfg-mmio,0,4,0xcc000,ff ff ff ff
1791530182206,TX,MemRd,cpu0,pcie-mmcfg-mmio,0,4,0xcd000,ff ff ff ff
1791530182206,TX,MemRd,cpu0,pcie-mmcfg-mmio,0,4,0xce000,ff ff ff ff
1791530182206,TX,MemRd,cpu0,pcie-mmcfg-mmio,0,4,0xcf000,ff ff ff ff
1791530182206,TX,MemRd,cpu0,pcie-mmcfg-mmio,0,4,0xd0000,ff ff ff ff
1791530182206,TX,MemRd,cpu0,pcie-mmcfg-mmio,0,4,0xd1000,ff ff ff ff
1791530182206,TX,MemRd,cpu0,pcie-mmcfg-mmio,0,4,0xd2000,ff ff ff ff
1791530182206,TX,MemRd,cpu0,pcie-mmcfg-mmio,0,4,0xd3000,ff ff ff ff
1791530182206,TX,MemRd,cpu0,pcie-mmcfg-mmio,0,4,0xd4000,ff ff ff ff
1791530182206,TX,MemRd,cpu0,pcie-mmcfg-mmio,0,4,0xd5000,ff ff ff ff
1791530182206,TX,MemRd,cpu0,pcie-mmcfg-mmio,0,4,0xd6000,ff ff ff ff
1791530182206,TX,MemRd,cpu0,pcie-mmcfg-mmio,0,4,0xd7000,ff ff ff ff
1791530182206,TX,MemRd,cpu0,pcie-mmcfg-mmio,0,4,0xd8000,ff ff ff ff
1791530182206,TX,MemRd,cpu0,pcie-mmcfg-mmio,0,4,0xd9000,ff ff ff ff
1791530182206,TX,MemRd,cpu0,pcie-mmcfg-mmio,0,4,0xda000,ff ff ff ff
1791530182206,TX,MemRd,cpu0,pcie-mmcfg-mmio,0,4,0xdb000,ff ff ff ff
1791530182206,TX,MemRd,cpu0,pcie-mmcfg-mmio,0,4,0xdc000,ff ff ff ff
1791530182207,TX,MemRd,cpu0,pcie-mmcfg-mmio,0,4,0xdd000,ff ff ff ff
1791530182207,TX,MemRd,cpu0,pcie-mmcfg-mmio,0,4,0xde000,ff ff ff ff
1791530182207,TX,MemRd,cpu0,pcie-mmcfg-mmio,0,4,0xdf000,ff ff ff ff
1791530182207,TX,MemRd,cpu0,pcie-mmcfg-mmio,0,4,0xe0000,ff ff ff ff
1791530182207,TX,MemRd,cpu0,pcie-mmcfg-mmio,0,4,0xe1000,ff ff ff ff
1791530182207,TX,MemRd,cpu0,pcie-mmcfg-mmio,0,4,0xe2000,ff ff ff ff
1791530182207,TX,MemRd,cpu0,pcie-mmcfg-mmio,0,4,0xe3000,ff ff ff ff
1791530182207,TX,MemRd,cpu0,pcie-mmcfg-mmio,0,4,0xe4000,ff ff ff ff
1791530182207,TX,MemRd,cpu0,pcie-mmcfg-mmio,0,4,0xe5000,ff ff ff ff
1791530182207,TX,MemRd,cpu0,pcie-mmcfg-mmio,0,4,0xe6000,ff ff ff ff
1791530182207,TX,MemRd,cpu0,pcie-mmcfg-mmio,0,4,0xe7000,ff ff ff ff
1791530182207,TX,MemRd,cpu0,pcie-mmcfg-mmio,0,4,0xe8000,ff ff ff ff
1791530182207,TX,MemRd,cpu0,pcie-mmcfg-mmio,0,4,0xe9000,ff ff ff ff
1791530182207,TX,MemRd,cpu0,pcie-mmcfg-mmio,0,4,0xea000,ff ff ff ff
1791530182207,TX,MemRd,cpu0,pcie-mmcfg-mmio,0,4,0xeb000,ff ff ff ff
1791530182207,TX,MemRd,cpu0,pcie-mmcfg-mmio,0,4,0xec000,ff ff ff ff
1791530182207,TX,MemRd,cpu0,pcie-mmcfg-mmio,0,4,0xed000,ff ff ff ff
1791530182207,TX,MemRd,cpu0,pcie-mmcfg-mmio,0,4,0xee000,ff ff ff ff
1791530182207,TX,MemRd,cpu0,pcie-mmcfg-mmio,0,4,0xef000,ff ff ff ff
1791530182207,TX,MemRd,cpu0,pcie-mmcfg-mmio,0,4,0xf0000,ff ff ff ff
1791530182207,TX,MemRd,cpu0,pcie-mmcfg-mmio,0,4,0xf1000,ff ff ff ff
1791530182207,TX,MemRd,cpu0,pcie-mmcfg-mmio,0,4,0xf2000,ff ff ff ff
1791530182207,TX,MemRd,cpu0,pcie-mmcfg-mmio,0,4,0xf3000,ff ff ff ff
1791530182207,TX,MemRd,cpu0,pcie-mmcfg-mmio,0,4,0xf4000,ff ff ff ff
1791530182207,TX,MemRd,cpu0,pcie-mmcfg-mmio,0,4,0xf5000,ff ff ff ff
1791530182207,TX,MemRd,cpu0,pcie-mmcfg-mmio,0,4,0xf6000,ff ff ff ff
1791530182207,TX,MemRd,cpu0,pcie-mmcfg-mmio,0,4,0xf7000,ff ff ff ff
1791530182207,TX,MemRd,cpu0,pcie-mmcfg-mmio,0,4,0xf8000,ff ff ff ff
1791530182207,TX,MemRd,cpu0,pcie-mmcfg-mmio,0,4,0xf9000,ff ff ff ff
1791530182207,TX,MemRd,cpu0,pcie-mmcfg-mmio,0,4,0xfa000,ff ff ff ff
1791530182207,TX,MemRd,cpu0,pcie-mmcfg-mmio,0,4,0xfb000,ff ff ff ff
1791530182207,TX,MemRd,cpu0,pcie-mmcfg-mmio,0,4,0xfc000,ff ff ff ff
1791530182207,TX,MemRd,cpu0,pcie-mmcfg-mmio,0,4,0xfd000,ff ff ff ff
1791530182207,TX,MemRd,cpu0,pcie-mmcfg-mmio,0,4,0xfe000,ff ff ff ff
1791530182207,TX,MemRd,cpu0,pcie-mmcfg-mmio,0,4,0xff000,ff ff ff ff
1791530182207,TX,MemRd,cpu0,pl011,0,4,0x9000030,00 03 00 00
1791530182207,TX,MemWr,cpu0,pl011,0,4,0x9000030,00 03 00 00
1791530182207,TX,MemRd,cpu0,pl011,0,4,0x900002c,00 00 00 00
1791530182207,TX,MemWr,cpu0,pl011,0,4,0x900002c,00 00 00 00
1791530182207,TX,MemRd,cpu0,pl011,0,4,0x900002c,00 00 00 00
1791530182207,TX,MemRd,cpu0,pl011,0,4,0x9000030,00 03 00 00
1791530182207,TX,MemWr,cpu0,pl011,0,4,0x9000030,00 03 00 00
1791530182207,TX,MemWr,cpu0,pl011,0,4,0x9000024,0d 00 00 00
1791530182207,TX,MemWr,cpu0,pl011,0,4,0x9000028,01 00 00 00
1791530182207,TX,MemRd,cpu0,pl011,0,4,0x900002c,00 00 00 00
1791530182207,TX,MemWr,cpu0,pl011,0,4,0x900002c,00 00 00 00
1791530182207,TX,MemWr,cpu0,pl011,0,4,0x900002c,60 00 00 00
1791530182207,TX,MemWr,cpu0,pl011,0,4,0x9000034,10 00 00 00
1791530182207,TX,MemRd,cpu0,pl011,0,4,0x900002c,60 00 00 00
1791530182207,TX,MemWr,cpu0,pl011,0,4,0x900002c,70 00 00 00
1791530182207,TX,MemWr,cpu0,pl011,0,4,0x9000038,00 00 00 00
1791530182207,TX,MemWr,cpu0,pl011,0,4,0x9000044,ff 07 00 00
1791530182207,TX,MemWr,cpu0,pl011,0,4,0x9000048,00 00 00 00
1791530182207,TX,MemRd,cpu0,pl011,0,4,0x9000030,00 03 00 00
1791530182207,TX,MemWr,cpu0,pl011,0,4,0x9000030,00 03 00 00
1791530182207,TX,MemRd,cpu0,pl011,0,4,0x9000030,00 03 00 00
1791530182207,TX,MemWr,cpu0,pl011,0,4,0x9000030,00 03 00 00
1791530182207,TX,MemWr,cpu0,gicv3_dist,0,4,0x8000184,02 00 00 00
1791530182207,TX,MemRd,cpu0,gicv3_dist,0,4,0x8000000,34 00 00 00
1791530182207,TX,MemWr,cpu0,gicv3_dist,0,1,0x8000421,00
1791530182207,TX,MemRd,cpu0,gicv3_dist,0,4,0x8000c08,00 00 00 00
1791530182207,TX,MemWr,cpu0,gicv3_dist,0,4,0x8000c08,00 00 00 00
1791530182207,TX,MemWr,cpu0,gicv3_dist,0,4,0x8000104,02 00 00 00
1791530182207,TX,MemRd,cpu0,pl011,0,4,0x9000030,00 03 00 00
1791530182207,TX,MemWr,cpu0,pl011,0,4,0x9000030,01 03 00 00
1791530182207,TX,MemWr,cpu0,gicv3_redist_region[0],0,4,0x80b0180,00 00 00 08
1791530182207,TX,MemRd,cpu0,gicv3_redist_region[0],0,4,0x80a0000,02 00 00 00
1791530182207,TX,MemWr,cpu0,gicv3_redist_region[0],0,1,0x80b041b,a0
1791530182207,TX,MemRd,cpu0,gicv3_redist_region[0],0,4,0x80b0c04,00 00 00 00
1791530182207,TX,MemWr,cpu0,gicv3_redist_region[0],0,4,0x80b0c04,00 00 00 00
1791530182207,TX,MemWr,cpu0,gicv3_redist_region[0],0,4,0x80b0100,00 00 00 08
1791530182207,TX,MemRd,cpu0,pl011,0,4,0x9000038,00 00 00 00
1791530182207,TX,MemWr,cpu0,pl011,0,4,0x9000038,50 00 00 00
1791530182207,RX,CfgRd,gpex-root,00:00.0,0,4,0xc,00 00 00 00
1791530182207,TX,MemRd,cpu0,pcie-mmcfg-mmio,0,4,0xc,00 00 00 00
1791530182207,RX,CfgRd,gpex-root,00:00.0,0,4,0x0,36 1b 08 00
1791530182207,TX,MemRd,cpu0,pcie-mmcfg-mmio,0,4,0x0,36 1b 08 00
1791530182207,RX,CfgRd,gpex-root,00:00.0,0,4,0xc,00 00 00 00
1791530182207,TX,MemRd,cpu0,pcie-mmcfg-mmio,0,4,0xc,00 00 00 00
1791530182207,RX,CfgRd,gpex-root,00:00.0,0,4,0x10,00 00 00 00
1791530182207,TX,MemRd,cpu0,pcie-mmcfg-mmio,0,4,0x10,00 00 00 00
1791530182207,RX,CfgRd,gpex-root,00:00.0,0,4,0x4,00 00 00 00
1791530182207,TX,MemRd,cpu0,pcie-mmcfg-mmio,0,4,0x4,00 00 00 00
1791530182207,TX,MemWr,cpu0,pcie-mmcfg-mmio,0,4,0x4,00 00 00 00
1791530182207,TX,CfgWr,gpex-root,00:00.0,0,4,0x4,00 00 00 00
1791530182207,TX,MemWr,cpu0,pcie-mmcfg-mmio,0,4,0x10,ff ff ff ff
1791530182207,TX,CfgWr,gpex-root,00:00.0,0,4,0x10,ff ff ff ff
1791530182207,RX,CfgRd,gpex-root,00:00.0,0,4,0x10,00 00 00 00
1791530182207,TX,MemRd,cpu0,pcie-mmcfg-mmio,0,4,0x10,00 00 00 00
1791530182207,TX,MemWr,cpu0,pcie-mmcfg-mmio,0,4,0x10,00 00 00 00
1791530182207,TX,CfgWr,gpex-root,00:00.0,0,4,0x10,00 00 00 00
1791530182207,TX,MemWr,cpu0,pcie-mmcfg-mmio,0,4,0x4,00 00 00 00
1791530182207,TX,CfgWr,gpex-root,00:00.0,0,4,0x4,00 00 00 00
1791530182207,RX,CfgRd,gpex-root,00:00.0,0,4,0x10,00 00 00 00
1791530182207,TX,MemRd,cpu0,pcie-mmcfg-mmio,0,4,0x10,00 00 00 00
1791530182207,RX,CfgRd,gpex-root,00:00.0,0,4,0x4,00 00 00 00
1791530182207,TX,MemRd,cpu0,pcie-mmcfg-mmio,0,4,0x4,00 00 00 00
1791530182207,TX,MemWr,cpu0,pcie-mmcfg-mmio,0,4,0x4,00 00 00 00
1791530182207,TX,CfgWr,gpex-root,00:00.0,0,4,0x4,00 00 00 00
1791530182207,TX,MemWr,cpu0,pcie-mmcfg-mmio,0,4,0x10,ff ff ff ff
1791530182207,TX,CfgWr,gpex-root,00:00.0,0,4,0x10,ff ff ff ff
1791530182207,RX,CfgRd,gpex-root,00:00.0,0,4,0x10,00 00 00 00
1791530182207,TX,MemRd,cpu0,pcie-mmcfg-mmio,0,4,0x10,00 00 00 00
1791530182207,TX,MemWr,cpu0,pcie-mmcfg-mmio,0,4,0x10,00 00 00 00
1791530182207,TX,CfgWr,gpex-root,00:00.0,0,4,0x10,00 00 00 00
1791530182207,TX,MemWr,cpu0,pcie-mmcfg-mmio,0,4,0x4,00 00 00 00
1791530182207,TX,CfgWr,gpex-root,00:00.0,0,4,0x4,00 00 00 00
1791530182207,RX,CfgRd,gpex-root,00:00.0,0,4,0x10,00 00 00 00
1791530182207,TX,MemRd,cpu0,pcie-mmcfg-mmio,0,4,0x10,00 00 00 00
1791530182207,RX,CfgRd,gpex-root,00:00.0,0,4,0x14,00 00 00 00
1791530182207,TX,MemRd,cpu0,pcie-mmcfg-mmio,0,4,0x14,00 00 00 00
1791530182207,RX,CfgRd,gpex-root,00:00.0,0,4,0x4,00 00 00 00
1791530182207,TX,MemRd,cpu0,pcie-mmcfg-mmio,0,4,0x4,00 00 00 00
1791530182207,TX,MemWr,cpu0,pcie-mmcfg-mmio,0,4,0x4,00 00 00 00
1791530182207,TX,CfgWr,gpex-root,00:00.0,0,4,0x4,00 00 00 00
1791530182207,TX,MemWr,cpu0,pcie-mmcfg-mmio,0,4,0x14,ff ff ff ff
1791530182207,TX,CfgWr,gpex-root,00:00.0,0,4,0x14,ff ff ff ff
1791530182207,RX,CfgRd,gpex-root,00:00.0,0,4,0x14,00 00 00 00
1791530182207,TX,MemRd,cpu0,pcie-mmcfg-mmio,0,4,0x14,00 00 00 00
1791530182207,TX,MemWr,cpu0,pcie-mmcfg-mmio,0,4,0x14,00 00 00 00
1791530182207,TX,CfgWr,gpex-root,00:00.0,0,4,0x14,00 00 00 00
1791530182207,TX,MemWr,cpu0,pcie-mmcfg-mmio,0,4,0x4,00 00 00 00
1791530182207,TX,CfgWr,gpex-root,00:00.0,0,4,0x4,00 00 00 00
1791530182207,RX,CfgRd,gpex-root,00:00.0,0,4,0x10,00 00 00 00
1791530182207,TX,MemRd,cpu0,pcie-mmcfg-mmio,0,4,0x10,00 00 00 00
1791530182207,RX,CfgRd,gpex-root,00:00.0,0,4,0x14,00 00 00 00
1791530182207,TX,MemRd,cpu0,pcie-mmcfg-mmio,0,4,0x14,00 00 00 00
1791530182207,RX,CfgRd,gpex-root,00:00.0,0,4,0x4,00 00 00 00
1791530182207,TX,MemRd,cpu0,pcie-mmcfg-mmio,0,4,0x4,00 00 00 00
1791530182207,TX,MemWr,cpu0,pcie-mmcfg-mmio,0,4,0x4,00 00 00 00
1791530182207,TX,CfgWr,gpex-root,00:00.0,0,4,0x4,00 00 00 00
1791530182207,TX,MemWr,cpu0,pcie-mmcfg-mmio,0,4,0x14,ff ff ff ff
1791530182207,TX,CfgWr,gpex-root,00:00.0,0,4,0x14,ff ff ff ff
1791530182207,RX,CfgRd,gpex-root,00:00.0,0,4,0x14,00 00 00 00
1791530182207,TX,MemRd,cpu0,pcie-mmcfg-mmio,0,4,0x14,00 00 00 00
1791530182207,TX,MemWr,cpu0,pcie-mmcfg-mmio,0,4,0x14,00 00 00 00
1791530182207,TX,CfgWr,gpex-root,00:00.0,0,4,0x14,00 00 00 00
1791530182207,TX,MemWr,cpu0,pcie-mmcfg-mmio,0,4,0x4,00 00 00 00
1791530182207,TX,CfgWr,gpex-root,00:00.0,0,4,0x4,00 00 00 00
1791530182207,RX,CfgRd,gpex-root,00:00.0,0,4,0x10,00 00 00 00
1791530182207,TX,MemRd,cpu0,pcie-mmcfg-mmio,0,4,0x10,00 00 00 00
1791530182207,RX,CfgRd,gpex-root,00:00.0,0,4,0x14,00 00 00 00
1791530182207,TX,MemRd,cpu0,pcie-mmcfg-mmio,0,4,0x14,00 00 00 00
1791530182207,RX,CfgRd,gpex-root,00:00.0,0,4,0x18,00 00 00 00
1791530182207,TX,MemRd,cpu0,pcie-mmcfg-mmio,0,4,0x18,00 00 00 00
1791530182207,RX,CfgRd,gpex-root,00:00.0,0,4,0x4,00 00 00 00
1791530182207,TX,MemRd,cpu0,pcie-mmcfg-mmio,0,4,0x4,00 00 00 00
1791530182207,TX,MemWr,cpu0,pcie-mmcfg-mmio,0,4,0x4,00 00 00 00
1791530182207,TX,CfgWr,gpex-root,00:00.0,0,4,0x4,00 00 00 00
1791530182207,TX,MemWr,cpu0,pcie-mmcfg-mmio,0,4,0x18,ff ff ff ff
1791530182207,TX,CfgWr,gpex-root,00:00.0,0,4,0x18,ff ff ff ff
1791530182207,RX,CfgRd,gpex-root,00:00.0,0,4,0x18,00 00 00 00
1791530182207,TX,MemRd,cpu0,pcie-mmcfg-mmio,0,4,0x18,00 00 00 00
1791530182207,TX,MemWr,cpu0,pcie-mmcfg-mmio,0,4,0x18,00 00 00 00
1791530182207,TX,CfgWr,gpex-root,00:00.0,0,4,0x18,00 00 00 00
1791530182207,TX,MemWr,cpu0,pcie-mmcfg-mmio,0,4,0x4,00 00 00 00
1791530182207,TX,CfgWr,gpex-root,00:00.0,0,4,0x4,00 00 00 00
1791530182207,RX,CfgRd,gpex-root,00:00.0,0,4,0x10,00 00 00 00
1791530182207,TX,MemRd,cpu0,pcie-mmcfg-mmio,0,4,0x10,00 00 00 00
1791530182207,RX,CfgRd,gpex-root,00:00.0,0,4,0x14,00 00 00 00
1791530182207,TX,MemRd,cpu0,pcie-mmcfg-mmio,0,4,0x14,00 00 00 00
1791530182207,RX,CfgRd,gpex-root,00:00.0,0,4,0x18,00 00 00 00
1791530182207,TX,MemRd,cpu0,pcie-mmcfg-mmio,0,4,0x18,00 00 00 00
1791530182207,RX,CfgRd,gpex-root,00:00.0,0,4,0x4,00 00 00 00
1791530182207,TX,MemRd,cpu0,pcie-mmcfg-mmio,0,4,0x4,00 00 00 00
1791530182207,TX,MemWr,cpu0,pcie-mmcfg-mmio,0,4,0x4,00 00 00 00
1791530182207,TX,CfgWr,gpex-root,00:00.0,0,4,0x4,00 00 00 00
1791530182207,TX,MemWr,cpu0,pcie-mmcfg-mmio,0,4,0x18,ff ff ff ff
1791530182207,TX,CfgWr,gpex-root,00:00.0,0,4,0x18,ff ff ff ff
1791530182207,RX,CfgRd,gpex-root,00:00.0,0,4,0x18,00 00 00 00
1791530182207,TX,MemRd,cpu0,pcie-mmcfg-mmio,0,4,0x18,00 00 00 00
1791530182207,TX,MemWr,cpu0,pcie-mmcfg-mmio,0,4,0x18,00 00 00 00
1791530182207,TX,CfgWr,gpex-root,00:00.0,0,4,0x18,00 00 00 00
1791530182207,TX,MemWr,cpu0,pcie-mmcfg-mmio,0,4,0x4,00 00 00 00
1791530182207,TX,CfgWr,gpex-root,00:00.0,0,4,0x4,00 00 00 00
1791530182207,RX,CfgRd,gpex-root,00:00.0,0,4,0x10,00 00 00 00
1791530182207,TX,MemRd,cpu0,pcie-mmcfg-mmio,0,4,0x10,00 00 00 00
1791530182207,RX,CfgRd,gpex-root,00:00.0,0,4,0x14,00 00 00 00
1791530182207,TX,MemRd,cpu0,pcie-mmcfg-mmio,0,4,0x14,00 00 00 00
1791530182207,RX,CfgRd,gpex-root,00:00.0,0,4,0x18,00 00 00 00
1791530182207,TX,MemRd,cpu0,pcie-mmcfg-mmio,0,4,0x18,00 00 00 00
1791530182207,RX,CfgRd,gpex-root,00:00.0,0,4,0x1c,00 00 00 00
1791530182207,TX,MemRd,cpu0,pcie-mmcfg-mmio,0,4,0x1c,00 00 00 00
1791530182207,RX,CfgRd,gpex-root,00:00.0,0,4,0x4,00 00 00 00
1791530182207,TX,MemRd,cpu0,pcie-mmcfg-mmio,0,4,0x4,00 00 00 00
1791530182207,TX,MemWr,cpu0,pcie-mmcfg-mmio,0,4,0x4,00 00 00 00
1791530182207,TX,CfgWr,gpex-root,00:00.0,0,4,0x4,00 00 00 00
1791530182207,TX,MemWr,cpu0,pcie-mmcfg-mmio,0,4,0x1c,ff ff ff ff
1791530182207,TX,CfgWr,gpex-root,00:00.0,0,4,0x1c,ff ff ff ff
1791530182207,RX,CfgRd,gpex-root,00:00.0,0,4,0x1c,00 00 00 00
1791530182207,TX,MemRd,cpu0,pcie-mmcfg-mmio,0,4,0x1c,00 00 00 00
1791530182207,TX,MemWr,cpu0,pcie-mmcfg-mmio,0,4,0x1c,00 00 00 00
1791530182207,TX,CfgWr,gpex-root,00:00.0,0,4,0x1c,00 00 00 00
1791530182207,TX,MemWr,cpu0,pcie-mmcfg-mmio,0,4,0x4,00 00 00 00
1791530182207,TX,CfgWr,gpex-root,00:00.0,0,4,0x4,00 00 00 00
1791530182207,RX,CfgRd,gpex-root,00:00.0,0,4,0x10,00 00 00 00
1791530182207,TX,MemRd,cpu0,pcie-mmcfg-mmio,0,4,0x10,00 00 00 00
1791530182207,RX,CfgRd,gpex-root,00:00.0,0,4,0x14,00 00 00 00
1791530182207,TX,MemRd,cpu0,pcie-mmcfg-mmio,0,4,0x14,00 00 00 00
1791530182207,RX,CfgRd,gpex-root,00:00.0,0,4,0x18,00 00 00 00
1791530182207,TX,MemRd,cpu0,pcie-mmcfg-mmio,0,4,0x18,00 00 00 00
1791530182207,RX,CfgRd,gpex-root,00:00.0,0,4,0x1c,00 00 00 00
1791530182207,TX,MemRd,cpu0,pcie-mmcfg-mmio,0,4,0x1c,00 00 00 00
1791530182207,RX,CfgRd,gpex-root,00:00.0,0,4,0x4,00 00 00 00
1791530182207,TX,MemRd,cpu0,pcie-mmcfg-mmio,0,4,0x4,00 00 00 00
1791530182207,TX,MemWr,cpu0,pcie-mmcfg-mmio,0,4,0x4,00 00 00 00
1791530182207,TX,CfgWr,gpex-root,00:00.0,0,4,0x4,00 00 00 00
1791530182207,TX,MemWr,cpu0,pcie-mmcfg-mmio,0,4,0x1c,ff ff ff ff
1791530182207,TX,CfgWr,gpex-root,00:00.0,0,4,0x1c,ff ff ff ff
1791530182207,RX,CfgRd,gpex-root,00:00.0,0,4,0x1c,00 00 00 00
1791530182207,TX,MemRd,cpu0,pcie-mmcfg-mmio,0,4,0x1c,00 00 00 00
1791530182208,TX,MemWr,cpu0,pcie-mmcfg-mmio,0,4,0x1c,00 00 00 00
1791530182208,TX,CfgWr,gpex-root,00:00.0,0,4,0x1c,00 00 00 00
1791530182208,TX,MemWr,cpu0,pcie-mmcfg-mmio,0,4,0x4,00 00 00 00
1791530182208,TX,CfgWr,gpex-root,00:00.0,0,4,0x4,00 00 00 00
1791530182208,RX,CfgRd,gpex-root,00:00.0,0,4,0x10,00 00 00 00
1791530182208,TX,MemRd,cpu0,pcie-mmcfg-mmio,0,4,0x10,00 00 00 00
1791530182208,RX,CfgRd,gpex-root,00:00.0,0,4,0x14,00 00 00 00
1791530182208,TX,MemRd,cpu0,pcie-mmcfg-mmio,0,4,0x14,00 00 00 00
1791530182208,RX,CfgRd,gpex-root,00:00.0,0,4,0x18,00 00 00 00
1791530182208,TX,MemRd,cpu0,pcie-mmcfg-mmio,0,4,0x18,00 00 00 00
1791530182208,RX,CfgRd,gpex-root,00:00.0,0,4,0x1c,00 00 00 00
1791530182208,TX,MemRd,cpu0,pcie-mmcfg-mmio,0,4,0x1c,00 00 00 00
1791530182208,RX,CfgRd,gpex-root,00:00.0,0,4,0x20,00 00 00 00
1791530182208,TX,MemRd,cpu0,pcie-mmcfg-mmio,0,4,0x20,00 00 00 00
1791530182208,RX,CfgRd,gpex-root,00:00.0,0,4,0x4,00 00 00 00
1791530182208,TX,MemRd,cpu0,pcie-mmcfg-mmio,0,4,0x4,00 00 00 00
1791530182208,TX,MemWr,cpu0,pcie-mmcfg-mmio,0,4,0x4,00 00 00 00
1791530182208,TX,CfgWr,gpex-root,00:00.0,0,4,0x4,00 00 00 00
1791530182208,TX,MemWr,cpu0,pcie-mmcfg-mmio,0,4,0x20,ff ff ff ff
1791530182208,TX,CfgWr,gpex-root,00:00.0,0,4,0x20,ff ff ff ff
1791530182208,RX,CfgRd,gpex-root,00:00.0,0,4,0x20,00 00 00 00
1791530182208,TX,MemRd,cpu0,pcie-mmcfg-mmio,0,4,0x20,00 00 00 00
1791530182208,TX,MemWr,cpu0,pcie-mmcfg-mmio,0,4,0x20,00 00 00 00
1791530182208,TX,CfgWr,gpex-root,00:00.0,0,4,0x20,00 00 00 00
1791530182208,TX,MemWr,cpu0,pcie-mmcfg-mmio,0,4,0x4,00 00 00 00
1791530182208,TX,CfgWr,gpex-root,00:00.0,0,4,0x4,00 00 00 00
1791530182208,RX,CfgRd,gpex-root,00:00.0,0,4,0x10,00 00 00 00
1791530182208,TX,MemRd,cpu0,pcie-mmcfg-mmio,0,4,0x10,00 00 00 00
1791530182208,RX,CfgRd,gpex-root,00:00.0,0,4,0x14,00 00 00 00
1791530182208,TX,MemRd,cpu0,pcie-mmcfg-mmio,0,4,0x14,00 00 00 00
1791530182208,RX,CfgRd,gpex-root,00:00.0,0,4,0x18,00 00 00 00
1791530182208,TX,MemRd,cpu0,pcie-mmcfg-mmio,0,4,0x18,00 00 00 00
1791530182208,RX,CfgRd,gpex-root,00:00.0,0,4,0x1c,00 00 00 00
1791530182208,TX,MemRd,cpu0,pcie-mmcfg-mmio,0,4,0x1c,00 00 00 00
1791530182208,RX,CfgRd,gpex-root,00:00.0,0,4,0x20,00 00 00 00
1791530182208,TX,MemRd,cpu0,pcie-mmcfg-mmio,0,4,0x20,00 00 00 00
1791530182208,RX,CfgRd,gpex-root,00:00.0,0,4,0x4,00 00 00 00
1791530182208,TX,MemRd,cpu0,pcie-mmcfg-mmio,0,4,0x4,00 00 00 00
1791530182208,TX,MemWr,cpu0,pcie-mmcfg-mmio,0,4,0x4,00 00 00 00
1791530182208,TX,CfgWr,gpex-root,00:00.0,0,4,0x4,00 00 00 00
1791530182208,TX,MemWr,cpu0,pcie-mmcfg-mmio,0,4,0x20,ff ff ff ff
1791530182208,TX,CfgWr,gpex-root,00:00.0,0,4,0x20,ff ff ff ff
1791530182208,RX,CfgRd,gpex-root,00:00.0,0,4,0x20,00 00 00 00
1791530182208,TX,MemRd,cpu0,pcie-mmcfg-mmio,0,4,0x20,00 00 00 00
1791530182208,TX,MemWr,cpu0,pcie-mmcfg-mmio,0,4,0x20,00 00 00 00
1791530182208,TX,CfgWr,gpex-root,00:00.0,0,4,0x20,00 00 00 00
1791530182208,TX,MemWr,cpu0,pcie-mmcfg-mmio,0,4,0x4,00 00 00 00
1791530182208,TX,CfgWr,gpex-root,00:00.0,0,4,0x4,00 00 00 00
1791530182208,RX,CfgRd,gpex-root,00:00.0,0,4,0x10,00 00 00 00
1791530182208,TX,MemRd,cpu0,pcie-mmcfg-mmio,0,4,0x10,00 00 00 00
1791530182208,RX,CfgRd,gpex-root,00:00.0,0,4,0x14,00 00 00 00
1791530182208,TX,MemRd,cpu0,pcie-mmcfg-mmio,0,4,0x14,00 00 00 00
1791530182208,RX,CfgRd,gpex-root,00:00.0,0,4,0x18,00 00 00 00
1791530182208,TX,MemRd,cpu0,pcie-mmcfg-mmio,0,4,0x18,00 00 00 00
1791530182208,RX,CfgRd,gpex-root,00:00.0,0,4,0x1c,00 00 00 00
1791530182208,TX,MemRd,cpu0,pcie-mmcfg-mmio,0,4,0x1c,00 00 00 00
1791530182208,RX,CfgRd,gpex-root,00:00.0,0,4,0x20,00 00 00 00
1791530182208,TX,MemRd,cpu0,pcie-mmcfg-mmio,0,4,0x20,00 00 00 00
1791530182208,RX,CfgRd,gpex-root,00:00.0,0,4,0x24,00 00 00 00
1791530182208,TX,MemRd,cpu0,pcie-mmcfg-mmio,0,4,0x24,00 00 00 00
1791530182208,RX,CfgRd,gpex-root,00:00.0,0,4,0x4,00 00 00 00
1791530182208,TX,MemRd,cpu0,pcie-mmcfg-mmio,0,4,0x4,00 00 00 00
1791530182208,TX,MemWr,cpu0,pcie-mmcfg-mmio,0,4,0x4,00 00 00 00
1791530182208,TX,CfgWr,gpex-root,00:00.0,0,4,0x4,00 00 00 00
1791530182208,TX,MemWr,cpu0,pcie-mmcfg-mmio,0,4,0x24,ff ff ff ff
1791530182208,TX,CfgWr,gpex-root,00:00.0,0,4,0x24,ff ff ff ff
1791530182208,RX,CfgRd,gpex-root,00:00.0,0,4,0x24,00 00 00 00
1791530182208,TX,MemRd,cpu0,pcie-mmcfg-mmio,0,4,0x24,00 00 00 00
1791530182208,TX,MemWr,cpu0,pcie-mmcfg-mmio,0,4,0x24,00 00 00 00
1791530182208,TX,CfgWr,gpex-root,00:00.0,0,4,0x24,00 00 00 00
1791530182208,TX,MemWr,cpu0,pcie-mmcfg-mmio,0,4,0x4,00 00 00 00
1791530182208,TX,CfgWr,gpex-root,00:00.0,0,4,0x4,00 00 00 00
1791530182208,RX,CfgRd,gpex-root,00:00.0,0,4,0x10,00 00 00 00
1791530182208,TX,MemRd,cpu0,pcie-mmcfg-mmio,0,4,0x10,00 00 00 00
1791530182208,RX,CfgRd,gpex-root,00:00.0,0,4,0x14,00 00 00 00
1791530182208,TX,MemRd,cpu0,pcie-mmcfg-mmio,0,4,0x14,00 00 00 00
1791530182208,RX,CfgRd,gpex-root,00:00.0,0,4,0x18,00 00 00 00
1791530182208,TX,MemRd,cpu0,pcie-mmcfg-mmio,0,4,0x18,00 00 00 00
1791530182208,RX,CfgRd,gpex-root,00:00.0,0,4,0x1c,00 00 00 00
1791530182208,TX,MemRd,cpu0,pcie-mmcfg-mmio,0,4,0x1c,00 00 00 00
1791530182208,RX,CfgRd,gpex-root,00:00.0,0,4,0x20,00 00 00 00
1791530182208,TX,MemRd,cpu0,pcie-mmcfg-mmio,0,4,0x20,00 00 00 00
1791530182208,RX,CfgRd,gpex-root,00:00.0,0,4,0x24,00 00 00 00
1791530182208,TX,MemRd,cpu0,pcie-mmcfg-mmio,0,4,0x24,00 00 00 00
1791530182208,RX,CfgRd,gpex-root,00:00.0,0,4,0x4,00 00 00 00
1791530182208,TX,MemRd,cpu0,pcie-mmcfg-mmio,0,4,0x4,00 00 00 00
1791530182208,TX,MemWr,cpu0,pcie-mmcfg-mmio,0,4,0x4,00 00 00 00
1791530182208,TX,CfgWr,gpex-root,00:00.0,0,4,0x4,00 00 00 00
1791530182208,TX,MemWr,cpu0,pcie-mmcfg-mmio,0,4,0x24,ff ff ff ff
1791530182208,TX,CfgWr,gpex-root,00:00.0,0,4,0x24,ff ff ff ff
1791530182208,RX,CfgRd,gpex-root,00:00.0,0,4,0x24,00 00 00 00
1791530182208,TX,MemRd,cpu0,pcie-mmcfg-mmio,0,4,0x24,00 00 00 00
1791530182208,TX,MemWr,cpu0,pcie-mmcfg-mmio,0,4,0x24,00 00 00 00
1791530182208,TX,CfgWr,gpex-root,00:00.0,0,4,0x24,00 00 00 00
1791530182208,TX,MemWr,cpu0,pcie-mmcfg-mmio,0,4,0x4,00 00 00 00
1791530182208,TX,CfgWr,gpex-root,00:00.0,0,4,0x4,00 00 00 00
1791530182208,RX,CfgRd,gpex-root,00:00.0,0,4,0x4,00 00 00 00
1791530182208,TX,MemRd,cpu0,pcie-mmcfg-mmio,0,4,0x4,00 00 00 00
1791530182208,TX,MemRd,cpu0,pcie-mmcfg-mmio,0,4,0x100,ff ff ff ff
1791530182208,RX,CfgRd,gpex-root,00:00.0,0,4,0x4,00 00 00 00
1791530182208,TX,MemRd,cpu0,pcie-mmcfg-mmio,0,4,0x4,00 00 00 00
1791530182208,TX,MemWr,cpu0,pcie-mmcfg-mmio,0,4,0x4,06 00 00 00
1791530182208,TX,CfgWr,gpex-root,00:00.0,0,4,0x4,06 00 00 00
1791530182208,RX,CfgRd,gpex-root,00:00.0,0,4,0x4,06 00 00 00
1791530182208,TX,MemRd,cpu0,pcie-mmcfg-mmio,0,4,0x4,06 00 00 00
1791530182208,RX,CfgRd,gpex-root,00:00.0,0,4,0x4,06 00 00 00
1791530182208,TX,MemRd,cpu0,pcie-mmcfg-mmio,0,4,0x4,06 00 00 00
1791530182208,TX,MemWr,cpu0,pcie-mmcfg-mmio,0,4,0x4,00 00 00 00
1791530182208,TX,CfgWr,gpex-root,00:00.0,0,4,0x4,00 00 00 00
1791530182208,RX,CfgRd,gpex-root,00:00.0,0,4,0x3c,00 00 00 00
1791530182208,TX,MemRd,cpu0,pcie-mmcfg-mmio,0,4,0x3c,00 00 00 00
1791530182208,TX,MemWr,cpu0,gicv3_redist_region[0],0,4,0x80b0100,01 00 00 00
1791530182208,RX,CfgRd,pcie-root-port,00:01.0,0,4,0x0,36 1b 0c 00
1791530182208,TX,MemRd,cpu0,pcie-mmcfg-mmio,0,4,0x8000,36 1b 0c 00
1791530182208,RX,CfgRd,pcie-root-port,00:01.0,0,4,0xc,00 00 81 00
1791530182208,TX,MemRd,cpu0,pcie-mmcfg-mmio,0,4,0x800c,00 00 81 00
1791530182208,RX,CfgRd,pcie-root-port,00:01.0,0,4,0x18,00 01 04 00
1791530182208,TX,MemRd,cpu0,pcie-mmcfg-mmio,0,4,0x8018,00 01 04 00
1791530182208,RX,CfgRd,pcie-root-port,00:01.0,0,4,0x10,00 00 00 10
1791530182208,TX,MemRd,cpu0,pcie-mmcfg-mmio,0,4,0x8010,00 00 00 10
1791530182208,RX,CfgRd,pcie-root-port,00:01.0,0,4,0x4,07 00 10 00
1791530182208,TX,MemRd,cpu0,pcie-mmcfg-mmio,0,4,0x8004,07 00 10 00
1791530182208,TX,MemWr,cpu0,pcie-mmcfg-mmio,0,4,0x8004,04 00 10 00
1791530182208,TX,CfgWr,pcie-root-port,00:01.0,0,4,0x4,04 00 10 00
1791530182208,TX,MemWr,cpu0,pcie-mmcfg-mmio,0,4,0x8010,ff ff ff ff
1791530182208,TX,CfgWr,pcie-root-port,00:01.0,0,4,0x10,ff ff ff ff
1791530182208,RX,CfgRd,pcie-root-port,00:01.0,0,4,0x10,00 f0 ff ff
1791530182208,TX,MemRd,cpu0,pcie-mmcfg-mmio,0,4,0x8010,00 f0 ff ff
1791530182208,TX,MemWr,cpu0,pcie-mmcfg-mmio,0,4,0x8010,00 00 00 10
1791530182208,TX,CfgWr,pcie-root-port,00:01.0,0,4,0x10,00 00 00 10
1791530182208,TX,MemWr,cpu0,pcie-mmcfg-mmio,0,4,0x8004,07 00 10 00
1791530182208,TX,CfgWr,pcie-root-port,00:01.0,0,4,0x4,07 00 10 00
1791530182208,RX,CfgRd,pcie-root-port,00:01.0,0,4,0x10,00 00 00 10
1791530182208,TX,MemRd,cpu0,pcie-mmcfg-mmio,0,4,0x8010,00 00 00 10
1791530182208,RX,CfgRd,pcie-root-port,00:01.0,0,4,0x4,07 00 10 00
1791530182208,TX,MemRd,cpu0,pcie-mmcfg-mmio,0,4,0x8004,07 00 10 00
1791530182208,TX,MemWr,cpu0,pcie-mmcfg-mmio,0,4,0x8004,04 00 10 00
1791530182208,TX,CfgWr,pcie-root-port,00:01.0,0,4,0x4,04 00 10 00
1791530182208,TX,MemWr,cpu0,pcie-mmcfg-mmio,0,4,0x8010,ff ff ff ff
1791530182208,TX,CfgWr,pcie-root-port,00:01.0,0,4,0x10,ff ff ff ff
1791530182208,RX,CfgRd,pcie-root-port,00:01.0,0,4,0x10,00 f0 ff ff
1791530182208,TX,MemRd,cpu0,pcie-mmcfg-mmio,0,4,0x8010,00 f0 ff ff
1791530182208,TX,MemWr,cpu0,pcie-mmcfg-mmio,0,4,0x8010,00 00 00 10
1791530182208,TX,CfgWr,pcie-root-port,00:01.0,0,4,0x10,00 00 00 10
1791530182208,TX,MemWr,cpu0,pcie-mmcfg-mmio,0,4,0x8004,07 00 10 00
1791530182208,TX,CfgWr,pcie-root-port,00:01.0,0,4,0x4,07 00 10 00
1791530182208,RX,CfgRd,pcie-root-port,00:01.0,0,4,0x10,00 00 00 10
1791530182208,TX,MemRd,cpu0,pcie-mmcfg-mmio,0,4,0x8010,00 00 00 10
1791530182208,RX,CfgRd,pcie-root-port,00:01.0,0,4,0x4,07 00 10 00
1791530182208,TX,MemRd,cpu0,pcie-mmcfg-mmio,0,4,0x8004,07 00 10 00
1791530182208,TX,MemWr,cpu0,pcie-mmcfg-mmio,0,4,0x8004,04 00 10 00
1791530182208,TX,CfgWr,pcie-root-port,00:01.0,0,4,0x4,04 00 10 00
1791530182208,TX,MemWr,cpu0,pcie-mmcfg-mmio,0,4,0x8010,ff ff ff ff
1791530182208,TX,CfgWr,pcie-root-port,00:01.0,0,4,0x10,ff ff ff ff
1791530182208,RX,CfgRd,pcie-root-port,00:01.0,0,4,0x10,00 f0 ff ff
1791530182208,TX,MemRd,cpu0,pcie-mmcfg-mmio,0,4,0x8010,00 f0 ff ff
1791530182208,TX,MemWr,cpu0,pcie-mmcfg-mmio,0,4,0x8010,00 00 00 10
1791530182208,TX,CfgWr,pcie-root-port,00:01.0,0,4,0x10,00 00 00 10
1791530182208,TX,MemWr,cpu0,pcie-mmcfg-mmio,0,4,0x8004,07 00 10 00
1791530182208,TX,CfgWr,pcie-root-port,00:01.0,0,4,0x4,07 00 10 00
1791530182208,RX,CfgRd,pcie-root-port,00:01.0,0,4,0x10,00 00 00 10
1791530182208,TX,MemRd,cpu0,pcie-mmcfg-mmio,0,4,0x8010,00 00 00 10
1791530182208,RX,CfgRd,pcie-root-port,00:01.0,0,4,0x4,07 00 10 00
1791530182208,TX,MemRd,cpu0,pcie-mmcfg-mmio,0,4,0x8004,07 00 10 00
1791530182208,TX,MemWr,cpu0,pcie-mmcfg-mmio,0,4,0x8004,04 00 10 00
1791530182208,TX,CfgWr,pcie-root-port,00:01.0,0,4,0x4,04 00 10 00
1791530182208,TX,MemWr,cpu0,pcie-mmcfg-mmio,0,4,0x8010,ff ff ff ff
1791530182208,TX,CfgWr,pcie-root-port,00:01.0,0,4,0x10,ff ff ff ff
1791530182208,RX,CfgRd,pcie-root-port,00:01.0,0,4,0x10,00 f0 ff ff
1791530182208,TX,MemRd,cpu0,pcie-mmcfg-mmio,0,4,0x8010,00 f0 ff ff
1791530182208,TX,MemWr,cpu0,pcie-mmcfg-mmio,0,4,0x8010,00 00 00 10
1791530182208,TX,CfgWr,pcie-root-port,00:01.0,0,4,0x10,00 00 00 10
1791530182208,TX,MemWr,cpu0,pcie-mmcfg-mmio,0,4,0x8004,07 00 10 00
1791530182208,TX,CfgWr,pcie-root-port,00:01.0,0,4,0x4,07 00 10 00
1791530182208,RX,CfgRd,pcie-root-port,00:01.0,0,4,0x10,00 00 00 10
1791530182208,TX,MemRd,cpu0,pcie-mmcfg-mmio,0,4,0x8010,00 00 00 10
1791530182208,RX,CfgRd,pcie-root-port,00:01.0,0,4,0x14,00 00 00 00
1791530182208,TX,MemRd,cpu0,pcie-mmcfg-mmio,0,4,0x8014,00 00 00 00
1791530182208,RX,CfgRd,pcie-root-port,00:01.0,0,4,0x4,07 00 10 00
1791530182208,TX,MemRd,cpu0,pcie-mmcfg-mmio,0,4,0x8004,07 00 10 00
1791530182208,TX,MemWr,cpu0,pcie-mmcfg-mmio,0,4,0x8004,04 00 10 00
1791530182208,TX,CfgWr,pcie-root-port,00:01.0,0,4,0x4,04 00 10 00
1791530182208,TX,MemWr,cpu0,pcie-mmcfg-mmio,0,4,0x8014,ff ff ff ff
1791530182208,TX,CfgWr,pcie-root-port,00:01.0,0,4,0x14,ff ff ff ff
1791530182208,RX,CfgRd,pcie-root-port,00:01.0,0,4,0x14,00 00 00 00
1791530182208,TX,MemRd,cpu0,pcie-mmcfg-mmio,0,4,0x8014,00 00 00 00
1791530182208,TX,MemWr,cpu0,pcie-mmcfg-mmio,0,4,0x8014,00 00 00 00
1791530182208,TX,CfgWr,pcie-root-port,00:01.0,0,4,0x14,00 00 00 00
1791530182208,TX,MemWr,cpu0,pcie-mmcfg-mmio,0,4,0x8004,07 00 10 00
1791530182208,TX,CfgWr,pcie-root-port,00:01.0,0,4,0x4,07 00 10 00
1791530182208,RX,CfgRd,pcie-root-port,00:01.0,0,4,0x10,00 00 00 10
1791530182208,TX,MemRd,cpu0,pcie-mmcfg-mmio,0,4,0x8010,00 00 00 10
1791530182208,RX,CfgRd,pcie-root-port,00:01.0,0,4,0x14,00 00 00 00
1791530182208,TX,MemRd,cpu0,pcie-mmcfg-mmio,0,4,0x8014,00 00 00 00
1791530182208,RX,CfgRd,pcie-root-port,00:01.0,0,4,0x4,07 00 10 00
1791530182208,TX,MemRd,cpu0,pcie-mmcfg-mmio,0,4,0x8004,07 00 10 00
1791530182208,TX,MemWr,cpu0,pcie-mmcfg-mmio,0,4,0x8004,04 00 10 00
1791530182208,TX,CfgWr,pcie-root-port,00:01.0,0,4,0x4,04 00 10 00
1791530182208,TX,MemWr,cpu0,pcie-mmcfg-mmio,0,4,0x8014,ff ff ff ff
1791530182208,TX,CfgWr,pcie-root-port,00:01.0,0,4,0x14,ff ff ff ff
1791530182208,RX,CfgRd,pcie-root-port,00:01.0,0,4,0x14,00 00 00 00
1791530182208,TX,MemRd,cpu0,pcie-mmcfg-mmio,0,4,0x8014,00 00 00 00
1791530182208,TX,MemWr,cpu0,pcie-mmcfg-mmio,0,4,0x8014,00 00 00 00
1791530182208,TX,CfgWr,pcie-root-port,00:01.0,0,4,0x14,00 00 00 00
1791530182208,TX,MemWr,cpu0,pcie-mmcfg-mmio,0,4,0x8004,07 00 10 00
1791530182208,TX,CfgWr,pcie-root-port,00:01.0,0,4,0x4,07 00 10 00
1791530182208,RX,CfgRd,pcie-root-port,00:01.0,0,4,0x10,00 00 00 10
1791530182208,TX,MemRd,cpu0,pcie-mmcfg-mmio,0,4,0x8010,00 00 00 10
1791530182208,RX,CfgRd,pcie-root-port,00:01.0,0,4,0x14,00 00 00 00
1791530182208,TX,MemRd,cpu0,pcie-mmcfg-mmio,0,4,0x8014,00 00 00 00
1791530182208,RX,CfgRd,pcie-root-port,00:01.0,0,4,0x18,00 01 04 00
1791530182208,TX,MemRd,cpu0,pcie-mmcfg-mmio,0,4,0x8018,00 01 04 00
1791530182208,RX,CfgRd,pcie-root-port,00:01.0,0,4,0x4,07 00 10 00
1791530182208,TX,MemRd,cpu0,pcie-mmcfg-mmio,0,4,0x8004,07 00 10 00
1791530182208,TX,MemWr,cpu0,pcie-mmcfg-mmio,0,4,0x8004,04 00 10 00
1791530182208,TX,CfgWr,pcie-root-port,00:01.0,0,4,0x4,04 00 10 00
1791530182208,TX,MemWr,cpu0,pcie-mmcfg-mmio,0,4,0x8018,ff ff ff ff
1791530182208,TX,CfgWr,pcie-root-port,00:01.0,0,4,0x18,ff ff ff ff
1791530182208,RX,CfgRd,pcie-root-port,00:01.0,0,4,0x18,ff ff ff 00
1791530182208,TX,MemRd,cpu0,pcie-mmcfg-mmio,0,4,0x8018,ff ff ff 00
1791530182208,TX,MemWr,cpu0,pcie-mmcfg-mmio,0,4,0x8018,00 01 04 00
1791530182208,TX,CfgWr,pcie-root-port,00:01.0,0,4,0x18,00 01 04 00
1791530182208,TX,MemWr,cpu0,pcie-mmcfg-mmio,0,4,0x8004,07 00 10 00
1791530182208,TX,CfgWr,pcie-root-port,00:01.0,0,4,0x4,07 00 10 00
1791530182208,RX,CfgRd,pcie-root-port,00:01.0,0,4,0x18,00 01 04 00
1791530182208,TX,MemRd,cpu0,pcie-mmcfg-mmio,0,4,0x8018,00 01 04 00
1791530182208,RX,CfgRd,pcie-root-port,00:01.0,0,4,0x4,07 00 10 00
1791530182208,TX,MemRd,cpu0,pcie-mmcfg-mmio,0,4,0x8004,07 00 10 00
1791530182208,TX,MemWr,cpu0,pcie-mmcfg-mmio,0,4,0x8004,04 00 10 00
1791530182208,TX,CfgWr,pcie-root-port,00:01.0,0,4,0x4,04 00 10 00
1791530182208,TX,MemWr,cpu0,pcie-mmcfg-mmio,0,4,0x8018,ff ff ff ff
1791530182208,TX,CfgWr,pcie-root-port,00:01.0,0,4,0x18,ff ff ff ff
1791530182209,RX,CfgRd,pcie-root-port,00:01.0,0,4,0x18,ff ff ff 00
1791530182209,TX,MemRd,cpu0,pcie-mmcfg-mmio,0,4,0x8018,ff ff ff 00
1791530182209,TX,MemWr,cpu0,pcie-mmcfg-mmio,0,4,0x8018,00 01 04 00
1791530182209,TX,CfgWr,pcie-root-port,00:01.0,0,4,0x18,00 01 04 00
1791530182209,TX,MemWr,cpu0,pcie-mmcfg-mmio,0,4,0x8004,07 00 10 00
1791530182209,TX,CfgWr,pcie-root-port,00:01.0,0,4,0x4,07 00 10 00
1791530182209,RX,CfgRd,pcie-root-port,00:01.0,0,4,0x10,00 00 00 10
1791530182209,TX,MemRd,cpu0,pcie-mmcfg-mmio,0,4,0x8010,00 00 00 10
1791530182209,RX,CfgRd,pcie-root-port,00:01.0,0,4,0x14,00 00 00 00
1791530182209,TX,MemRd,cpu0,pcie-mmcfg-mmio,0,4,0x8014,00 00 00 00
1791530182209,RX,CfgRd,pcie-root-port,00:01.0,0,4,0x18,00 01 04 00
1791530182209,TX,MemRd,cpu0,pcie-mmcfg-mmio,0,4,0x8018,00 01 04 00
1791530182209,RX,CfgRd,pcie-root-port,00:01.0,0,4,0x4,07 00 10 00
1791530182209,TX,MemRd,cpu0,pcie-mmcfg-mmio,0,4,0x8004,07 00 10 00
1791530182209,TX,MemWr,cpu0,pcie-mmcfg-mmio,0,4,0x8004,04 00 10 00
1791530182209,TX,CfgWr,pcie-root-port,00:01.0,0,4,0x4,04 00 10 00
1791530182209,TX,MemWr,cpu0,pcie-mmcfg-mmio,0,4,0x8018,ff ff ff ff
1791530182209,TX,CfgWr,pcie-root-port,00:01.0,0,4,0x18,ff ff ff ff
1791530182209,RX,CfgRd,pcie-root-port,00:01.0,0,4,0x18,ff ff ff 00
1791530182209,TX,MemRd,cpu0,pcie-mmcfg-mmio,0,4,0x8018,ff ff ff 00
1791530182209,TX,MemWr,cpu0,pcie-mmcfg-mmio,0,4,0x8018,00 01 04 00
1791530182209,TX,CfgWr,pcie-root-port,00:01.0,0,4,0x18,00 01 04 00
1791530182209,TX,MemWr,cpu0,pcie-mmcfg-mmio,0,4,0x8004,07 00 10 00
1791530182209,TX,CfgWr,pcie-root-port,00:01.0,0,4,0x4,07 00 10 00
1791530182209,RX,CfgRd,pcie-root-port,00:01.0,0,4,0x18,00 01 04 00
1791530182209,TX,MemRd,cpu0,pcie-mmcfg-mmio,0,4,0x8018,00 01 04 00
1791530182209,RX,CfgRd,pcie-root-port,00:01.0,0,4,0x4,07 00 10 00
1791530182209,TX,MemRd,cpu0,pcie-mmcfg-mmio,0,4,0x8004,07 00 10 00
1791530182209,TX,MemWr,cpu0,pcie-mmcfg-mmio,0,4,0x8004,04 00 10 00
1791530182209,TX,CfgWr,pcie-root-port,00:01.0,0,4,0x4,04 00 10 00
1791530182209,TX,MemWr,cpu0,pcie-mmcfg-mmio,0,4,0x8018,ff ff ff ff
1791530182209,TX,CfgWr,pcie-root-port,00:01.0,0,4,0x18,ff ff ff ff
1791530182209,RX,CfgRd,pcie-root-port,00:01.0,0,4,0x18,ff ff ff 00
1791530182209,TX,MemRd,cpu0,pcie-mmcfg-mmio,0,4,0x8018,ff ff ff 00
1791530182209,TX,MemWr,cpu0,pcie-mmcfg-mmio,0,4,0x8018,00 01 04 00
1791530182209,TX,CfgWr,pcie-root-port,00:01.0,0,4,0x18,00 01 04 00
1791530182209,TX,MemWr,cpu0,pcie-mmcfg-mmio,0,4,0x8004,07 00 10 00
1791530182209,TX,CfgWr,pcie-root-port,00:01.0,0,4,0x4,07 00 10 00
1791530182209,RX,CfgRd,pcie-root-port,00:01.0,0,4,0x10,00 00 00 10
1791530182209,TX,MemRd,cpu0,pcie-mmcfg-mmio,0,4,0x8010,00 00 00 10
1791530182209,RX,CfgRd,pcie-root-port,00:01.0,0,4,0x14,00 00 00 00
1791530182209,TX,MemRd,cpu0,pcie-mmcfg-mmio,0,4,0x8014,00 00 00 00
1791530182209,RX,CfgRd,pcie-root-port,00:01.0,0,4,0x18,00 01 04 00
1791530182209,TX,MemRd,cpu0,pcie-mmcfg-mmio,0,4,0x8018,00 01 04 00
1791530182209,RX,CfgRd,pcie-root-port,00:01.0,0,4,0x1c,f0 00 00 00
1791530182209,TX,MemRd,cpu0,pcie-mmcfg-mmio,0,4,0x801c,f0 00 00 00
1791530182209,RX,CfgRd,pcie-root-port,00:01.0,0,4,0x4,07 00 10 00
1791530182209,TX,MemRd,cpu0,pcie-mmcfg-mmio,0,4,0x8004,07 00 10 00
1791530182209,TX,MemWr,cpu0,pcie-mmcfg-mmio,0,4,0x8004,04 00 10 00
1791530182209,TX,CfgWr,pcie-root-port,00:01.0,0,4,0x4,04 00 10 00
1791530182209,TX,MemWr,cpu0,pcie-mmcfg-mmio,0,4,0x801c,ff ff ff ff
1791530182209,TX,CfgWr,pcie-root-port,00:01.0,0,4,0x1c,ff ff ff ff
1791530182209,RX,CfgRd,pcie-root-port,00:01.0,0,4,0x1c,f0 f0 00 00
1791530182209,TX,MemRd,cpu0,pcie-mmcfg-mmio,0,4,0x801c,f0 f0 00 00
1791530182209,TX,MemWr,cpu0,pcie-mmcfg-mmio,0,4,0x801c,f0 00 00 00
1791530182209,TX,CfgWr,pcie-root-port,00:01.0,0,4,0x1c,f0 00 00 00
1791530182209,TX,MemWr,cpu0,pcie-mmcfg-mmio,0,4,0x8004,07 00 10 00
1791530182209,TX,CfgWr,pcie-root-port,00:01.0,0,4,0x4,07 00 10 00
1791530182209,RX,CfgRd,pcie-root-port,00:01.0,0,4,0x1c,f0 00 00 00
1791530182209,TX,MemRd,cpu0,pcie-mmcfg-mmio,0,4,0x801c,f0 00 00 00
1791530182209,RX,CfgRd,pcie-root-port,00:01.0,0,4,0x4,07 00 10 00
1791530182209,TX,MemRd,cpu0,pcie-mmcfg-mmio,0,4,0x8004,07 00 10 00
1791530182209,TX,MemWr,cpu0,pcie-mmcfg-mmio,0,4,0x8004,04 00 10 00
1791530182209,TX,CfgWr,pcie-root-port,00:01.0,0,4,0x4,04 00 10 00
1791530182209,TX,MemWr,cpu0,pcie-mmcfg-mmio,0,4,0x801c,ff ff ff ff
1791530182209,TX,CfgWr,pcie-root-port,00:01.0,0,4,0x1c,ff ff ff ff
1791530182209,RX,CfgRd,pcie-root-port,00:01.0,0,4,0x1c,f0 f0 00 00
1791530182209,TX,MemRd,cpu0,pcie-mmcfg-mmio,0,4,0x801c,f0 f0 00 00
1791530182209,TX,MemWr,cpu0,pcie-mmcfg-mmio,0,4,0x801c,f0 00 00 00
1791530182209,TX,CfgWr,pcie-root-port,00:01.0,0,4,0x1c,f0 00 00 00
1791530182209,TX,MemWr,cpu0,pcie-mmcfg-mmio,0,4,0x8004,07 00 10 00
1791530182209,TX,CfgWr,pcie-root-port,00:01.0,0,4,0x4,07 00 10 00
1791530182209,RX,CfgRd,pcie-root-port,00:01.0,0,4,0x10,00 00 00 10
1791530182209,TX,MemRd,cpu0,pcie-mmcfg-mmio,0,4,0x8010,00 00 00 10
1791530182209,RX,CfgRd,pcie-root-port,00:01.0,0,4,0x14,00 00 00 00
1791530182209,TX,MemRd,cpu0,pcie-mmcfg-mmio,0,4,0x8014,00 00 00 00
1791530182209,RX,CfgRd,pcie-root-port,00:01.0,0,4,0x18,00 01 04 00
1791530182209,TX,MemRd,cpu0,pcie-mmcfg-mmio,0,4,0x8018,00 01 04 00
1791530182209,RX,CfgRd,pcie-root-port,00:01.0,0,4,0x1c,f0 00 00 00
1791530182209,TX,MemRd,cpu0,pcie-mmcfg-mmio,0,4,0x801c,f0 00 00 00
1791530182209,RX,CfgRd,pcie-root-port,00:01.0,0,4,0x4,07 00 10 00
1791530182209,TX,MemRd,cpu0,pcie-mmcfg-mmio,0,4,0x8004,07 00 10 00
1791530182209,TX,MemWr,cpu0,pcie-mmcfg-mmio,0,4,0x8004,04 00 10 00
1791530182209,TX,CfgWr,pcie-root-port,00:01.0,0,4,0x4,04 00 10 00
1791530182209,TX,MemWr,cpu0,pcie-mmcfg-mmio,0,4,0x801c,ff ff ff ff
1791530182209,TX,CfgWr,pcie-root-port,00:01.0,0,4,0x1c,ff ff ff ff
1791530182209,RX,CfgRd,pcie-root-port,00:01.0,0,4,0x1c,f0 f0 00 00
1791530182209,TX,MemRd,cpu0,pcie-mmcfg-mmio,0,4,0x801c,f0 f0 00 00
1791530182209,TX,MemWr,cpu0,pcie-mmcfg-mmio,0,4,0x801c,f0 00 00 00
1791530182209,TX,CfgWr,pcie-root-port,00:01.0,0,4,0x1c,f0 00 00 00
1791530182209,TX,MemWr,cpu0,pcie-mmcfg-mmio,0,4,0x8004,07 00 10 00
1791530182209,TX,CfgWr,pcie-root-port,00:01.0,0,4,0x4,07 00 10 00
1791530182209,RX,CfgRd,pcie-root-port,00:01.0,0,4,0x1c,f0 00 00 00
1791530182209,TX,MemRd,cpu0,pcie-mmcfg-mmio,0,4,0x801c,f0 00 00 00
1791530182209,RX,CfgRd,pcie-root-port,00:01.0,0,4,0x4,07 00 10 00
1791530182209,TX,MemRd,cpu0,pcie-mmcfg-mmio,0,4,0x8004,07 00 10 00
1791530182209,TX,MemWr,cpu0,pcie-mmcfg-mmio,0,4,0x8004,04 00 10 00
1791530182209,TX,CfgWr,pcie-root-port,00:01.0,0,4,0x4,04 00 10 00
1791530182209,TX,MemWr,cpu0,pcie-mmcfg-mmio,0,4,0x801c,ff ff ff ff
1791530182209,TX,CfgWr,pcie-root-port,00:01.0,0,4,0x1c,ff ff ff ff
1791530182209,RX,CfgRd,pcie-root-port,00:01.0,0,4,0x1c,f0 f0 00 00
1791530182209,TX,MemRd,cpu0,pcie-mmcfg-mmio,0,4,0x801c,f0 f0 00 00
1791530182209,TX,MemWr,cpu0,pcie-mmcfg-mmio,0,4,0x801c,f0 00 00 00
1791530182209,TX,CfgWr,pcie-root-port,00:01.0,0,4,0x1c,f0 00 00 00
1791530182209,TX,MemWr,cpu0,pcie-mmcfg-mmio,0,4,0x8004,07 00 10 00
1791530182209,TX,CfgWr,pcie-root-port,00:01.0,0,4,0x4,07 00 10 00
1791530182209,RX,CfgRd,pcie-root-port,00:01.0,0,4,0x10,00 00 00 10
1791530182209,TX,MemRd,cpu0,pcie-mmcfg-mmio,0,4,0x8010,00 00 00 10
1791530182209,RX,CfgRd,pcie-root-port,00:01.0,0,4,0x14,00 00 00 00
1791530182209,TX,MemRd,cpu0,pcie-mmcfg-mmio,0,4,0x8014,00 00 00 00
1791530182209,RX,CfgRd,pcie-root-port,00:01.0,0,4,0x18,00 01 04 00
1791530182209,TX,MemRd,cpu0,pcie-mmcfg-mmio,0,4,0x8018,00 01 04 00
1791530182209,RX,CfgRd,pcie-root-port,00:01.0,0,4,0x1c,f0 00 00 00
1791530182209,TX,MemRd,cpu0,pcie-mmcfg-mmio,0,4,0x801c,f0 00 00 00
1791530182209,RX,CfgRd,pcie-root-port,00:01.0,0,4,0x20,10 10 00 10
1791530182209,TX,MemRd,cpu0,pcie-mmcfg-mmio,0,4,0x8020,10 10 00 10
1791530182209,RX,CfgRd,pcie-root-port,00:01.0,0,4,0x4,07 00 10 00
1791530182209,TX,MemRd,cpu0,pcie-mmcfg-mmio,0,4,0x8004,07 00 10 00
1791530182209,TX,MemWr,cpu0,pcie-mmcfg-mmio,0,4,0x8004,04 00 10 00
1791530182209,TX,CfgWr,pcie-root-port,00:01.0,0,4,0x4,04 00 10 00
1791530182209,TX,MemWr,cpu0,pcie-mmcfg-mmio,0,4,0x8020,ff ff ff ff
1791530182209,TX,CfgWr,pcie-root-port,00:01.0,0,4,0x20,ff ff ff ff
1791530182209,RX,CfgRd,pcie-root-port,00:01.0,0,4,0x20,f0 ff f0 ff
1791530182209,TX,MemRd,cpu0,pcie-mmcfg-mmio,0,4,0x8020,f0 ff f0 ff
1791530182209,TX,MemWr,cpu0,pcie-mmcfg-mmio,0,4,0x8020,10 10 00 10
1791530182209,TX,CfgWr,pcie-root-port,00:01.0,0,4,0x20,10 10 00 10
1791530182209,TX,MemWr,cpu0,pcie-mmcfg-mmio,0,4,0x8004,07 00 10 00
1791530182209,TX,CfgWr,pcie-root-port,00:01.0,0,4,0x4,07 00 10 00
1791530182209,RX,CfgRd,pcie-root-port,00:01.0,0,4,0x20,10 10 00 10
1791530182209,TX,MemRd,cpu0,pcie-mmcfg-mmio,0,4,0x8020,10 10 00 10
1791530182210,RX,CfgRd,pcie-root-port,00:01.0,0,4,0x4,07 00 10 00
1791530182210,TX,MemRd,cpu0,pcie-mmcfg-mmio,0,4,0x8004,07 00 10 00
1791530182210,TX,MemWr,cpu0,pcie-mmcfg-mmio,0,4,0x8004,04 00 10 00
1791530182210,TX,CfgWr,pcie-root-port,00:01.0,0,4,0x4,04 00 10 00
1791530182210,TX,MemWr,cpu0,pcie-mmcfg-mmio,0,4,0x8020,ff ff ff ff
1791530182210,TX,CfgWr,pcie-root-port,00:01.0,0,4,0x20,ff ff ff ff
1791530182210,RX,CfgRd,pcie-root-port,00:01.0,0,4,0x20,f0 ff f0 ff
1791530182210,TX,MemRd,cpu0,pcie-mmcfg-mmio,0,4,0x8020,f0 ff f0 ff
1791530182210,TX,MemWr,cpu0,pcie-mmcfg-mmio,0,4,0x8020,10 10 00 10
1791530182210,TX,CfgWr,pcie-root-port,00:01.0,0,4,0x20,10 10 00 10
1791530182210,TX,MemWr,cpu0,pcie-mmcfg-mmio,0,4,0x8004,07 00 10 00
1791530182210,TX,CfgWr,pcie-root-port,00:01.0,0,4,0x4,07 00 10 00
1791530182210,RX,CfgRd,pcie-root-port,00:01.0,0,4,0x10,00 00 00 10
1791530182210,TX,MemRd,cpu0,pcie-mmcfg-mmio,0,4,0x8010,00 00 00 10
1791530182210,RX,CfgRd,pcie-root-port,00:01.0,0,4,0x14,00 00 00 00
1791530182210,TX,MemRd,cpu0,pcie-mmcfg-mmio,0,4,0x8014,00 00 00 00
1791530182210,RX,CfgRd,pcie-root-port,00:01.0,0,4,0x18,00 01 04 00
1791530182210,TX,MemRd,cpu0,pcie-mmcfg-mmio,0,4,0x8018,00 01 04 00
1791530182210,RX,CfgRd,pcie-root-port,00:01.0,0,4,0x1c,f0 00 00 00
1791530182210,TX,MemRd,cpu0,pcie-mmcfg-mmio,0,4,0x801c,f0 00 00 00
1791530182210,RX,CfgRd,pcie-root-port,00:01.0,0,4,0x20,10 10 00 10
1791530182210,TX,MemRd,cpu0,pcie-mmcfg-mmio,0,4,0x8020,10 10 00 10
1791530182210,RX,CfgRd,pcie-root-port,00:01.0,0,4,0x4,07 00 10 00
1791530182210,TX,MemRd,cpu0,pcie-mmcfg-mmio,0,4,0x8004,07 00 10 00
1791530182210,TX,MemWr,cpu0,pcie-mmcfg-mmio,0,4,0x8004,04 00 10 00
1791530182210,TX,CfgWr,pcie-root-port,00:01.0,0,4,0x4,04 00 10 00
1791530182210,TX,MemWr,cpu0,pcie-mmcfg-mmio,0,4,0x8020,ff ff ff ff
1791530182210,TX,CfgWr,pcie-root-port,00:01.0,0,4,0x20,ff ff ff ff
1791530182210,RX,CfgRd,pcie-root-port,00:01.0,0,4,0x20,f0 ff f0 ff
1791530182210,TX,MemRd,cpu0,pcie-mmcfg-mmio,0,4,0x8020,f0 ff f0 ff
1791530182210,TX,MemWr,cpu0,pcie-mmcfg-mmio,0,4,0x8020,10 10 00 10
1791530182210,TX,CfgWr,pcie-root-port,00:01.0,0,4,0x20,10 10 00 10
1791530182210,TX,MemWr,cpu0,pcie-mmcfg-mmio,0,4,0x8004,07 00 10 00
1791530182210,TX,CfgWr,pcie-root-port,00:01.0,0,4,0x4,07 00 10 00
1791530182210,RX,CfgRd,pcie-root-port,00:01.0,0,4,0x20,10 10 00 10
1791530182210,TX,MemRd,cpu0,pcie-mmcfg-mmio,0,4,0x8020,10 10 00 10
1791530182210,RX,CfgRd,pcie-root-port,00:01.0,0,4,0x4,07 00 10 00
1791530182210,TX,MemRd,cpu0,pcie-mmcfg-mmio,0,4,0x8004,07 00 10 00
1791530182210,TX,MemWr,cpu0,pcie-mmcfg-mmio,0,4,0x8004,04 00 10 00
1791530182210,TX,CfgWr,pcie-root-port,00:01.0,0,4,0x4,04 00 10 00
1791530182210,TX,MemWr,cpu0,pcie-mmcfg-mmio,0,4,0x8020,ff ff ff ff
1791530182210,TX,CfgWr,pcie-root-port,00:01.0,0,4,0x20,ff ff ff ff
1791530182210,RX,CfgRd,pcie-root-port,00:01.0,0,4,0x20,f0 ff f0 ff
1791530182210,TX,MemRd,cpu0,pcie-mmcfg-mmio,0,4,0x8020,f0 ff f0 ff
1791530182210,TX,MemWr,cpu0,pcie-mmcfg-mmio,0,4,0x8020,10 10 00 10
1791530182210,TX,CfgWr,pcie-root-port,00:01.0,0,4,0x20,10 10 00 10
1791530182210,TX,MemWr,cpu0,pcie-mmcfg-mmio,0,4,0x8004,07 00 10 00
1791530182210,TX,CfgWr,pcie-root-port,00:01.0,0,4,0x4,07 00 10 00
1791530182210,RX,CfgRd,pcie-root-port,00:01.0,0,4,0x10,00 00 00 10
1791530182210,TX,MemRd,cpu0,pcie-mmcfg-mmio,0,4,0x8010,00 00 00 10
1791530182210,RX,CfgRd,pcie-root-port,00:01.0,0,4,0x14,00 00 00 00
1791530182210,TX,MemRd,cpu0,pcie-mmcfg-mmio,0,4,0x8014,00 00 00 00
1791530182210,RX,CfgRd,pcie-root-port,00:01.0,0,4,0x18,00 01 04 00
1791530182210,TX,MemRd,cpu0,pcie-mmcfg-mmio,0,4,0x8018,00 01 04 00
1791530182210,RX,CfgRd,pcie-root-port,00:01.0,0,4,0x1c,f0 00 00 00
1791530182210,TX,MemRd,cpu0,pcie-mmcfg-mmio,0,4,0x801c,f0 00 00 00
1791530182210,RX,CfgRd,pcie-root-port,00:01.0,0,4,0x20,10 10 00 10
1791530182210,TX,MemRd,cpu0,pcie-mmcfg-mmio,0,4,0x8020,10 10 00 10
1791530182210,RX,CfgRd,pcie-root-port,00:01.0,0,4,0x24,01 00 11 00
1791530182210,TX,MemRd,cpu0,pcie-mmcfg-mmio,0,4,0x8024,01 00 11 00
1791530182210,RX,CfgRd,pcie-root-port,00:01.0,0,4,0x4,07 00 10 00
1791530182210,TX,MemRd,cpu0,pcie-mmcfg-mmio,0,4,0x8004,07 00 10 00
1791530182210,TX,MemWr,cpu0,pcie-mmcfg-mmio,0,4,0x8004,04 00 10 00
1791530182210,TX,CfgWr,pcie-root-port,00:01.0,0,4,0x4,04 00 10 00
1791530182210,TX,MemWr,cpu0,pcie-mmcfg-mmio,0,4,0x8024,ff ff ff ff
1791530182210,TX,CfgWr,pcie-root-port,00:01.0,0,4,0x24,ff ff ff ff
1791530182210,RX,CfgRd,pcie-root-port,00:01.0,0,4,0x24,f1 ff f1 ff
1791530182210,TX,MemRd,cpu0,pcie-mmcfg-mmio,0,4,0x8024,f1 ff f1 ff
1791530182210,TX,MemWr,cpu0,pcie-mmcfg-mmio,0,4,0x8024,01 00 11 00
1791530182210,TX,CfgWr,pcie-root-port,00:01.0,0,4,0x24,01 00 11 00
1791530182210,TX,MemWr,cpu0,pcie-mmcfg-mmio,0,4,0x8004,07 00 10 00
1791530182210,TX,CfgWr,pcie-root-port,00:01.0,0,4,0x4,07 00 10 00
1791530182210,RX,CfgRd,pcie-root-port,00:01.0,0,4,0x24,01 00 11 00
1791530182210,TX,MemRd,cpu0,pcie-mmcfg-mmio,0,4,0x8024,01 00 11 00
1791530182210,RX,CfgRd,pcie-root-port,00:01.0,0,4,0x4,07 00 10 00
1791530182210,TX,MemRd,cpu0,pcie-mmcfg-mmio,0,4,0x8004,07 00 10 00
1791530182210,TX,MemWr,cpu0,pcie-mmcfg-mmio,0,4,0x8004,04 00 10 00
1791530182210,TX,CfgWr,pcie-root-port,00:01.0,0,4,0x4,04 00 10 00
1791530182210,TX,MemWr,cpu0,pcie-mmcfg-mmio,0,4,0x8024,ff ff ff ff
1791530182210,TX,CfgWr,pcie-root-port,00:01.0,0,4,0x24,ff ff ff ff
1791530182210,RX,CfgRd,pcie-root-port,00:01.0,0,4,0x24,f1 ff f1 ff
1791530182210,TX,MemRd,cpu0,pcie-mmcfg-mmio,0,4,0x8024,f1 ff f1 ff
1791530182210,TX,MemWr,cpu0,pcie-mmcfg-mmio,0,4,0x8024,01 00 11 00
1791530182210,TX,CfgWr,pcie-root-port,00:01.0,0,4,0x24,01 00 11 00
1791530182210,TX,MemWr,cpu0,pcie-mmcfg-mmio,0,4,0x8004,07 00 10 00
1791530182210,TX,CfgWr,pcie-root-port,00:01.0,0,4,0x4,07 00 10 00
1791530182210,RX,CfgRd,pcie-root-port,00:01.0,0,4,0x10,00 00 00 10
1791530182210,TX,MemRd,cpu0,pcie-mmcfg-mmio,0,4,0x8010,00 00 00 10
1791530182210,RX,CfgRd,pcie-root-port,00:01.0,0,4,0x14,00 00 00 00
1791530182210,TX,MemRd,cpu0,pcie-mmcfg-mmio,0,4,0x8014,00 00 00 00
1791530182210,RX,CfgRd,pcie-root-port,00:01.0,0,4,0x18,00 01 04 00
1791530182210,TX,MemRd,cpu0,pcie-mmcfg-mmio,0,4,0x8018,00 01 04 00
1791530182210,RX,CfgRd,pcie-root-port,00:01.0,0,4,0x1c,f0 00 00 00
1791530182210,TX,MemRd,cpu0,pcie-mmcfg-mmio,0,4,0x801c,f0 00 00 00
1791530182210,RX,CfgRd,pcie-root-port,00:01.0,0,4,0x20,10 10 00 10
1791530182210,TX,MemRd,cpu0,pcie-mmcfg-mmio,0,4,0x8020,10 10 00 10
1791530182210,RX,CfgRd,pcie-root-port,00:01.0,0,4,0x24,01 00 11 00
1791530182210,TX,MemRd,cpu0,pcie-mmcfg-mmio,0,4,0x8024,01 00 11 00
1791530182210,RX,CfgRd,pcie-root-port,00:01.0,0,4,0x4,07 00 10 00
1791530182210,TX,MemRd,cpu0,pcie-mmcfg-mmio,0,4,0x8004,07 00 10 00
1791530182210,TX,MemWr,cpu0,pcie-mmcfg-mmio,0,4,0x8004,04 00 10 00
1791530182210,TX,CfgWr,pcie-root-port,00:01.0,0,4,0x4,04 00 10 00
1791530182210,TX,MemWr,cpu0,pcie-mmcfg-mmio,0,4,0x8024,ff ff ff ff
1791530182210,TX,CfgWr,pcie-root-port,00:01.0,0,4,0x24,ff ff ff ff
1791530182210,RX,CfgRd,pcie-root-port,00:01.0,0,4,0x24,f1 ff f1 ff
1791530182210,TX,MemRd,cpu0,pcie-mmcfg-mmio,0,4,0x8024,f1 ff f1 ff
1791530182210,TX,MemWr,cpu0,pcie-mmcfg-mmio,0,4,0x8024,01 00 11 00
1791530182210,TX,CfgWr,pcie-root-port,00:01.0,0,4,0x24,01 00 11 00
1791530182210,TX,MemWr,cpu0,pcie-mmcfg-mmio,0,4,0x8004,07 00 10 00
1791530182210,TX,CfgWr,pcie-root-port,00:01.0,0,4,0x4,07 00 10 00
1791530182210,RX,CfgRd,pcie-root-port,00:01.0,0,4,0x24,01 00 11 00
1791530182210,TX,MemRd,cpu0,pcie-mmcfg-mmio,0,4,0x8024,01 00 11 00
1791530182210,RX,CfgRd,pcie-root-port,00:01.0,0,4,0x4,07 00 10 00
1791530182210,TX,MemRd,cpu0,pcie-mmcfg-mmio,0,4,0x8004,07 00 10 00
1791530182210,TX,MemWr,cpu0,pcie-mmcfg-mmio,0,4,0x8004,04 00 10 00
1791530182210,TX,CfgWr,pcie-root-port,00:01.0,0,4,0x4,04 00 10 00
1791530182210,TX,MemWr,cpu0,pcie-mmcfg-mmio,0,4,0x8024,ff ff ff ff
1791530182210,TX,CfgWr,pcie-root-port,00:01.0,0,4,0x24,ff ff ff ff
1791530182210,RX,CfgRd,pcie-root-port,00:01.0,0,4,0x24,f1 ff f1 ff
1791530182210,TX,MemRd,cpu0,pcie-mmcfg-mmio,0,4,0x8024,f1 ff f1 ff
1791530182210,TX,MemWr,cpu0,pcie-mmcfg-mmio,0,4,0x8024,01 00 11 00
1791530182210,TX,CfgWr,pcie-root-port,00:01.0,0,4,0x24,01 00 11 00
1791530182210,TX,MemWr,cpu0,pcie-mmcfg-mmio,0,4,0x8004,07 00 10 00
1791530182210,TX,CfgWr,pcie-root-port,00:01.0,0,4,0x4,07 00 10 00
1791530182210,RX,CfgRd,pcie-root-port,00:01.0,0,4,0x4,07 00 10 00
1791530182210,TX,MemRd,cpu0,pcie-mmcfg-mmio,0,4,0x8004,07 00 10 00
1791530182210,RX,CfgRd,pcie-root-port,00:01.0,0,4,0x34,54 00 00 00
1791530182210,TX,MemRd,cpu0,pcie-mmcfg-mmio,0,4,0x8034,54 00 00 00
1791530182210,RX,CfgRd,pcie-root-port,00:01.0,0,4,0x54,10 48 42 01
1791530182210,TX,MemRd,cpu0,pcie-mmcfg-mmio,0,4,0x8054,10 48 42 01
1791530182210,RX,CfgRd,pcie-root-port,00:01.0,0,4,0x48,11 40 00 00
1791530182210,TX,MemRd,cpu0,pcie-mmcfg-mmio,0,4,0x8048,11 40 00 00
1791530182210,RX,CfgRd,pcie-root-port,00:01.0,0,4,0x40,0d 00 00 00
1791530182210,TX,MemRd,cpu0,pcie-mmcfg-mmio,0,4,0x8040,0d 00 00 00
1791530182210,RX,CfgRd,pcie-root-port,00:01.0,0,4,0x100,01 00 82 14
1791530182210,TX,MemRd,cpu0,pcie-mmcfg-mmio,0,4,0x8100,01 00 82 14
1791530182210,RX,CfgRd,pcie-root-port,00:01.0,0,4,0x4,07 00 10 00
1791530182210,TX,MemRd,cpu0,pcie-mmcfg-mmio,0,4,0x8004,07 00 10 00
1791530182210,TX,MemWr,cpu0,pcie-mmcfg-mmio,0,4,0x8004,07 00 10 00
1791530182210,TX,CfgWr,pcie-root-port,00:01.0,0,4,0x4,07 00 10 00
1791530182210,RX,CfgRd,pcie-root-port,00:01.0,0,4,0x4,07 00 10 00
1791530182210,TX,MemRd,cpu0,pcie-mmcfg-mmio,0,4,0x8004,07 00 10 00
1791530182210,RX,CfgRd,pcie-root-port,00:01.0,0,4,0x4,07 00 10 00
1791530182210,TX,MemRd,cpu0,pcie-mmcfg-mmio,0,4,0x8004,07 00 10 00
1791530182210,TX,MemWr,cpu0,pcie-mmcfg-mmio,0,4,0x8004,01 00 10 00
1791530182210,TX,CfgWr,pcie-root-port,00:01.0,0,4,0x4,01 00 10 00
1791530182210,RX,CfgRd,pcie-root-port,00:01.0,0,4,0x3c,00 01 00 00
1791530182210,TX,MemRd,cpu0,pcie-mmcfg-mmio,0,4,0x803c,00 01 00 00
1791530182210,TX,MemWr,cpu0,gicv3_redist_region[0],0,4,0x80b0100,01 00 00 00
1791530182210,RX,CfgRd,x3130-upstream,01:00.0,0,4,0x0,4c 10 32 82
1791530182210,TX,MemRd,cpu0,pcie-mmcfg-mmio,0,4,0x100000,4c 10 32 82
1791530182210,RX,CfgRd,x3130-upstream,01:00.0,0,4,0xc,00 00 01 00
1791530182210,TX,MemRd,cpu0,pcie-mmcfg-mmio,0,4,0x10000c,00 00 01 00
1791530182210,RX,CfgRd,x3130-upstream,01:00.0,0,4,0x18,01 02 04 00
1791530182210,TX,MemRd,cpu0,pcie-mmcfg-mmio,0,4,0x100018,01 02 04 00
1791530182210,RX,CfgRd,x3130-upstream,01:00.0,0,4,0x10,00 00 00 00
1791530182210,TX,MemRd,cpu0,pcie-mmcfg-mmio,0,4,0x100010,00 00 00 00
1791530182210,RX,CfgRd,x3130-upstream,01:00.0,0,4,0x4,07 00 10 00
1791530182210,TX,MemRd,cpu0,pcie-mmcfg-mmio,0,4,0x100004,07 00 10 00
1791530182210,TX,MemWr,cpu0,pcie-mmcfg-mmio,0,4,0x100004,04 00 10 00
1791530182210,TX,CfgWr,x3130-upstream,01:00.0,0,4,0x4,04 00 10 00
1791530182210,TX,MemWr,cpu0,pcie-mmcfg-mmio,0,4,0x100010,ff ff ff ff
1791530182210,TX,CfgWr,x3130-upstream,01:00.0,0,4,0x10,ff ff ff ff
1791530182210,RX,CfgRd,x3130-upstream,01:00.0,0,4,0x10,00 00 00 00
1791530182210,TX,MemRd,cpu0,pcie-mmcfg-mmio,0,4,0x100010,00 00 00 00
1791530182210,TX,MemWr,cpu0,pcie-mmcfg-mmio,0,4,0x100010,00 00 00 00
1791530182210,TX,CfgWr,x3130-upstream,01:00.0,0,4,0x10,00 00 00 00
1791530182210,TX,MemWr,cpu0,pcie-mmcfg-mmio,0,4,0x100004,07 00 10 00
1791530182210,TX,CfgWr,x3130-upstream,01:00.0,0,4,0x4,07 00 10 00
1791530182210,RX,CfgRd,x3130-upstream,01:00.0,0,4,0x10,00 00 00 00
1791530182210,TX,MemRd,cpu0,pcie-mmcfg-mmio,0,4,0x100010,00 00 00 00
1791530182210,RX,CfgRd,x3130-upstream,01:00.0,0,4,0x4,07 00 10 00
1791530182210,TX,MemRd,cpu0,pcie-mmcfg-mmio,0,4,0x100004,07 00 10 00
1791530182210,TX,MemWr,cpu0,pcie-mmcfg-mmio,0,4,0x100004,04 00 10 00
1791530182210,TX,CfgWr,x3130-upstream,01:00.0,0,4,0x4,04 00 10 00
1791530182210,TX,MemWr,cpu0,pcie-mmcfg-mmio,0,4,0x100010,ff ff ff ff
1791530182210,TX,CfgWr,x3130-upstream,01:00.0,0,4,0x10,ff ff ff ff
1791530182210,RX,CfgRd,x3130-upstream,01:00.0,0,4,0x10,00 00 00 00
1791530182210,TX,MemRd,cpu0,pcie-mmcfg-mmio,0,4,0x100010,00 00 00 00
1791530182210,TX,MemWr,cpu0,pcie-mmcfg-mmio,0,4,0x100010,00 00 00 00
1791530182210,TX,CfgWr,x3130-upstream,01:00.0,0,4,0x10,00 00 00 00
1791530182210,TX,MemWr,cpu0,pcie-mmcfg-mmio,0,4,0x100004,07 00 10 00
1791530182210,TX,CfgWr,x3130-upstream,01:00.0,0,4,0x4,07 00 10 00
1791530182210,RX,CfgRd,x3130-upstream,01:00.0,0,4,0x10,00 00 00 00
1791530182210,TX,MemRd,cpu0,pcie-mmcfg-mmio,0,4,0x100010,00 00 00 00
1791530182210,RX,CfgRd,x3130-upstream,01:00.0,0,4,0x14,00 00 00 00
1791530182210,TX,MemRd,cpu0,pcie-mmcfg-mmio,0,4,0x100014,00 00 00 00
1791530182210,RX,CfgRd,x3130-upstream,01:00.0,0,4,0x4,07 00 10 00
1791530182210,TX,MemRd,cpu0,pcie-mmcfg-mmio,0,4,0x100004,07 00 10 00
1791530182210,TX,MemWr,cpu0,pcie-mmcfg-mmio,0,4,0x100004,04 00 10 00
1791530182210,TX,CfgWr,x3130-upstream,01:00.0,0,4,0x4,04 00 10 00
1791530182210,TX,MemWr,cpu0,pcie-mmcfg-mmio,0,4,0x100014,ff ff ff ff
1791530182210,TX,CfgWr,x3130-upstream,01:00.0,0,4,0x14,ff ff ff ff
1791530182210,RX,CfgRd,x3130-upstream,01:00.0,0,4,0x14,00 00 00 00
1791530182210,TX,MemRd,cpu0,pcie-mmcfg-mmio,0,4,0x100014,00 00 00 00
1791530182210,TX,MemWr,cpu0,pcie-mmcfg-mmio,0,4,0x100014,00 00 00 00
1791530182210,TX,CfgWr,x3130-upstream,01:00.0,0,4,0x14,00 00 00 00
1791530182210,TX,MemWr,cpu0,pcie-mmcfg-mmio,0,4,0x100004,07 00 10 00
1791530182210,TX,CfgWr,x3130-upstream,01:00.0,0,4,0x4,07 00 10 00
1791530182210,RX,CfgRd,x3130-upstream,01:00.0,0,4,0x10,00 00 00 00
1791530182210,TX,MemRd,cpu0,pcie-mmcfg-mmio,0,4,0x100010,00 00 00 00
1791530182210,RX,CfgRd,x3130-upstream,01:00.0,0,4,0x14,00 00 00 00
1791530182210,TX,MemRd,cpu0,pcie-mmcfg-mmio,0,4,0x100014,00 00 00 00
1791530182210,RX,CfgRd,x3130-upstream,01:00.0,0,4,0x4,07 00 10 00
1791530182210,TX,MemRd,cpu0,pcie-mmcfg-mmio,0,4,0x100004,07 00 10 00
1791530182210,TX,MemWr,cpu0,pcie-mmcfg-mmio,0,4,0x100004,04 00 10 00
1791530182210,TX,CfgWr,x3130-upstream,01:00.0,0,4,0x4,04 00 10 00
1791530182210,TX,MemWr,cpu0,pcie-mmcfg-mmio,0,4,0x100014,ff ff ff ff
1791530182210,TX,CfgWr,x3130-upstream,01:00.0,0,4,0x14,ff ff ff ff
1791530182210,RX,CfgRd,x3130-upstream,01:00.0,0,4,0x14,00 00 00 00
1791530182210,TX,MemRd,cpu0,pcie-mmcfg-mmio,0,4,0x100014,00 00 00 00
1791530182210,TX,MemWr,cpu0,pcie-mmcfg-mmio,0,4,0x100014,00 00 00 00
1791530182210,TX,CfgWr,x3130-upstream,01:00.0,0,4,0x14,00 00 00 00
1791530182210,TX,MemWr,cpu0,pcie-mmcfg-mmio,0,4,0x100004,07 00 10 00
1791530182210,TX,CfgWr,x3130-upstream,01:00.0,0,4,0x4,07 00 10 00
1791530182210,RX,CfgRd,x3130-upstream,01:00.0,0,4,0x10,00 00 00 00
1791530182210,TX,MemRd,cpu0,pcie-mmcfg-mmio,0,4,0x100010,00 00 00 00
1791530182210,RX,CfgRd,x3130-upstream,01:00.0,0,4,0x14,00 00 00 00
1791530182210,TX,MemRd,cpu0,pcie-mmcfg-mmio,0,4,0x100014,00 00 00 00
1791530182210,RX,CfgRd,x3130-upstream,01:00.0,0,4,0x18,01 02 04 00
1791530182210,TX,MemRd,cpu0,pcie-mmcfg-mmio,0,4,0x100018,01 02 04 00
1791530182210,RX,CfgRd,x3130-upstream,01:00.0,0,4,0x4,07 00 10 00
1791530182210,TX,MemRd,cpu0,pcie-mmcfg-mmio,0,4,0x100004,07 00 10 00
1791530182210,TX,MemWr,cpu0,pcie-mmcfg-mmio,0,4,0x100004,04 00 10 00
1791530182211,TX,CfgWr,x3130-upstream,01:00.0,0,4,0x4,04 00 10 00
1791530182211,TX,MemWr,cpu0,pcie-mmcfg-mmio,0,4,0x100018,ff ff ff ff
1791530182211,TX,CfgWr,x3130-upstream,01:00.0,0,4,0x18,ff ff ff ff
1791530182211,RX,CfgRd,x3130-upstream,01:00.0,0,4,0x18,ff ff ff 00
1791530182211,TX,MemRd,cpu0,pcie-mmcfg-mmio,0,4,0x100018,ff ff ff 00
1791530182211,TX,MemWr,cpu0,pcie-mmcfg-mmio,0,4,0x100018,01 02 04 00
1791530182211,TX,CfgWr,x3130-upstream,01:00.0,0,4,0x18,01 02 04 00
1791530182211,TX,MemWr,cpu0,pcie-mmcfg-mmio,0,4,0x100004,07 00 10 00
1791530182211,TX,CfgWr,x3130-upstream,01:00.0,0,4,0x4,07 00 10 00
1791530182211,RX,CfgRd,x3130-upstream,01:00.0,0,4,0x18,01 02 04 00
1791530182211,TX,MemRd,cpu0,pcie-mmcfg-mmio,0,4,0x100018,01 02 04 00
1791530182211,RX,CfgRd,x3130-upstream,01:00.0,0,4,0x4,07 00 10 00
1791530182211,TX,MemRd,cpu0,pcie-mmcfg-mmio,0,4,0x100004,07 00 10 00
1791530182211,TX,MemWr,cpu0,pcie-mmcfg-mmio,0,4,0x100004,04 00 10 00
1791530182211,TX,CfgWr,x3130-upstream,01:00.0,0,4,0x4,04 00 10 00
1791530182211,TX,MemWr,cpu0,pcie-mmcfg-mmio,0,4,0x100018,ff ff ff ff
1791530182211,TX,CfgWr,x3130-upstream,01:00.0,0,4,0x18,ff ff ff ff
1791530182211,RX,CfgRd,x3130-upstream,01:00.0,0,4,0x18,ff ff ff 00
1791530182211,TX,MemRd,cpu0,pcie-mmcfg-mmio,0,4,0x100018,ff ff ff 00
1791530182211,TX,MemWr,cpu0,pcie-mmcfg-mmio,0,4,0x100018,01 02 04 00
1791530182211,TX,CfgWr,x3130-upstream,01:00.0,0,4,0x18,01 02 04 00
1791530182211,TX,MemWr,cpu0,pcie-mmcfg-mmio,0,4,0x100004,07 00 10 00
1791530182211,TX,CfgWr,x3130-upstream,01:00.0,0,4,0x4,07 00 10 00
1791530182211,RX,CfgRd,x3130-upstream,01:00.0,0,4,0x10,00 00 00 00
1791530182211,TX,MemRd,cpu0,pcie-mmcfg-mmio,0,4,0x100010,00 00 00 00
1791530182211,RX,CfgRd,x3130-upstream,01:00.0,0,4,0x14,00 00 00 00
1791530182211,TX,MemRd,cpu0,pcie-mmcfg-mmio,0,4,0x100014,00 00 00 00
1791530182211,RX,CfgRd,x3130-upstream,01:00.0,0,4,0x18,01 02 04 00
1791530182211,TX,MemRd,cpu0,pcie-mmcfg-mmio,0,4,0x100018,01 02 04 00
1791530182211,RX,CfgRd,x3130-upstream,01:00.0,0,4,0x4,07 00 10 00
1791530182211,TX,MemRd,cpu0,pcie-mmcfg-mmio,0,4,0x100004,07 00 10 00
1791530182211,TX,MemWr,cpu0,pcie-mmcfg-mmio,0,4,0x100004,04 00 10 00
1791530182211,TX,CfgWr,x3130-upstream,01:00.0,0,4,0x4,04 00 10 00
1791530182211,TX,MemWr,cpu0,pcie-mmcfg-mmio,0,4,0x100018,ff ff ff ff
1791530182211,TX,CfgWr,x3130-upstream,01:00.0,0,4,0x18,ff ff ff ff
1791530182211,RX,CfgRd,x3130-upstream,01:00.0,0,4,0x18,ff ff ff 00
1791530182211,TX,MemRd,cpu0,pcie-mmcfg-mmio,0,4,0x100018,ff ff ff 00
1791530182211,TX,MemWr,cpu0,pcie-mmcfg-mmio,0,4,0x100018,01 02 04 00
1791530182211,TX,CfgWr,x3130-upstream,01:00.0,0,4,0x18,01 02 04 00
1791530182211,TX,MemWr,cpu0,pcie-mmcfg-mmio,0,4,0x100004,07 00 10 00
1791530182211,TX,CfgWr,x3130-upstream,01:00.0,0,4,0x4,07 00 10 00
1791530182211,RX,CfgRd,x3130-upstream,01:00.0,0,4,0x18,01 02 04 00
1791530182211,TX,MemRd,cpu0,pcie-mmcfg-mmio,0,4,0x100018,01 02 04 00
1791530182211,RX,CfgRd,x3130-upstream,01:00.0,0,4,0x4,07 00 10 00
1791530182211,TX,MemRd,cpu0,pcie-mmcfg-mmio,0,4,0x100004,07 00 10 00
1791530182211,TX,MemWr,cpu0,pcie-mmcfg-mmio,0,4,0x100004,04 00 10 00
1791530182211,TX,CfgWr,x3130-upstream,01:00.0,0,4,0x4,04 00 10 00
1791530182211,TX,MemWr,cpu0,pcie-mmcfg-mmio,0,4,0x100018,ff ff ff ff
1791530182211,TX,CfgWr,x3130-upstream,01:00.0,0,4,0x18,ff ff ff ff
1791530182211,RX,CfgRd,x3130-upstream,01:00.0,0,4,0x18,ff ff ff 00
1791530182211,TX,MemRd,cpu0,pcie-mmcfg-mmio,0,4,0x100018,ff ff ff 00
1791530182211,TX,MemWr,cpu0,pcie-mmcfg-mmio,0,4,0x100018,01 02 04 00
1791530182211,TX,CfgWr,x3130-upstream,01:00.0,0,4,0x18,01 02 04 00
1791530182211,TX,MemWr,cpu0,pcie-mmcfg-mmio,0,4,0x100004,07 00 10 00
1791530182211,TX,CfgWr,x3130-upstream,01:00.0,0,4,0x4,07 00 10 00
1791530182211,RX,CfgRd,x3130-upstream,01:00.0,0,4,0x10,00 00 00 00
1791530182211,TX,MemRd,cpu0,pcie-mmcfg-mmio,0,4,0x100010,00 00 00 00
1791530182211,RX,CfgRd,x3130-upstream,01:00.0,0,4,0x14,00 00 00 00
1791530182211,TX,MemRd,cpu0,pcie-mmcfg-mmio,0,4,0x100014,00 00 00 00
1791530182211,RX,CfgRd,x3130-upstream,01:00.0,0,4,0x18,01 02 04 00
1791530182211,TX,MemRd,cpu0,pcie-mmcfg-mmio,0,4,0x100018,01 02 04 00
1791530182211,RX,CfgRd,x3130-upstream,01:00.0,0,4,0x1c,00 00 00 00
1791530182211,TX,MemRd,cpu0,pcie-mmcfg-mmio,0,4,0x10001c,00 00 00 00
1791530182211,RX,CfgRd,x3130-upstream,01:00.0,0,4,0x4,07 00 10 00
1791530182211,TX,MemRd,cpu0,pcie-mmcfg-mmio,0,4,0x100004,07 00 10 00
1791530182211,TX,MemWr,cpu0,pcie-mmcfg-mmio,0,4,0x100004,04 00 10 00
1791530182211,TX,CfgWr,x3130-upstream,01:00.0,0,4,0x4,04 00 10 00
1791530182211,TX,MemWr,cpu0,pcie-mmcfg-mmio,0,4,0x10001c,ff ff ff ff
1791530182211,TX,CfgWr,x3130-upstream,01:00.0,0,4,0x1c,ff ff ff ff
1791530182211,RX,CfgRd,x3130-upstream,01:00.0,0,4,0x1c,f0 f0 00 00
1791530182211,TX,MemRd,cpu0,pcie-mmcfg-mmio,0,4,0x10001c,f0 f0 00 00
1791530182211,TX,MemWr,cpu0,pcie-mmcfg-mmio,0,4,0x10001c,00 00 00 00
1791530182211,TX,CfgWr,x3130-upstream,01:00.0,0,4,0x1c,00 00 00 00
1791530182211,TX,MemWr,cpu0,pcie-mmcfg-mmio,0,4,0x100004,07 00 10 00
1791530182211,TX,CfgWr,x3130-upstream,01:00.0,0,4,0x4,07 00 10 00
1791530182211,RX,CfgRd,x3130-upstream,01:00.0,0,4,0x10,00 00 00 00
1791530182211,TX,MemRd,cpu0,pcie-mmcfg-mmio,0,4,0x100010,00 00 00 00
1791530182211,RX,CfgRd,x3130-upstream,01:00.0,0,4,0x14,00 00 00 00
1791530182211,TX,MemRd,cpu0,pcie-mmcfg-mmio,0,4,0x100014,00 00 00 00
1791530182211,RX,CfgRd,x3130-upstream,01:00.0,0,4,0x18,01 02 04 00
1791530182211,TX,MemRd,cpu0,pcie-mmcfg-mmio,0,4,0x100018,01 02 04 00
1791530182211,RX,CfgRd,x3130-upstream,01:00.0,0,4,0x1c,00 00 00 00
1791530182211,TX,MemRd,cpu0,pcie-mmcfg-mmio,0,4,0x10001c,00 00 00 00
1791530182211,RX,CfgRd,x3130-upstream,01:00.0,0,4,0x4,07 00 10 00
1791530182211,TX,MemRd,cpu0,pcie-mmcfg-mmio,0,4,0x100004,07 00 10 00
1791530182211,TX,MemWr,cpu0,pcie-mmcfg-mmio,0,4,0x100004,04 00 10 00
1791530182211,TX,CfgWr,x3130-upstream,01:00.0,0,4,0x4,04 00 10 00
1791530182211,TX,MemWr,cpu0,pcie-mmcfg-mmio,0,4,0x10001c,ff ff ff ff
1791530182211,TX,CfgWr,x3130-upstream,01:00.0,0,4,0x1c,ff ff ff ff
1791530182211,RX,CfgRd,x3130-upstream,01:00.0,0,4,0x1c,f0 f0 00 00
1791530182211,TX,MemRd,cpu0,pcie-mmcfg-mmio,0,4,0x10001c,f0 f0 00 00
1791530182211,TX,MemWr,cpu0,pcie-mmcfg-mmio,0,4,0x10001c,00 00 00 00
1791530182211,TX,CfgWr,x3130-upstream,01:00.0,0,4,0x1c,00 00 00 00
1791530182211,TX,MemWr,cpu0,pcie-mmcfg-mmio,0,4,0x100004,07 00 10 00
1791530182211,TX,CfgWr,x3130-upstream,01:00.0,0,4,0x4,07 00 10 00
1791530182211,RX,CfgRd,x3130-upstream,01:00.0,0,4,0x10,00 00 00 00
1791530182211,TX,MemRd,cpu0,pcie-mmcfg-mmio,0,4,0x100010,00 00 00 00
1791530182211,RX,CfgRd,x3130-upstream,01:00.0,0,4,0x14,00 00 00 00
1791530182211,TX,MemRd,cpu0,pcie-mmcfg-mmio,0,4,0x100014,00 00 00 00
1791530182211,RX,CfgRd,x3130-upstream,01:00.0,0,4,0x18,01 02 04 00
1791530182211,TX,MemRd,cpu0,pcie-mmcfg-mmio,0,4,0x100018,01 02 04 00
1791530182211,RX,CfgRd,x3130-upstream,01:00.0,0,4,0x1c,00 00 00 00
1791530182211,TX,MemRd,cpu0,pcie-mmcfg-mmio,0,4,0x10001c,00 00 00 00
1791530182211,RX,CfgRd,x3130-upstream,01:00.0,0,4,0x20,10 10 00 10
1791530182211,TX,MemRd,cpu0,pcie-mmcfg-mmio,0,4,0x100020,10 10 00 10
1791530182211,RX,CfgRd,x3130-upstream,01:00.0,0,4,0x4,07 00 10 00
1791530182211,TX,MemRd,cpu0,pcie-mmcfg-mmio,0,4,0x100004,07 00 10 00
1791530182211,TX,MemWr,cpu0,pcie-mmcfg-mmio,0,4,0x100004,04 00 10 00
1791530182211,TX,CfgWr,x3130-upstream,01:00.0,0,4,0x4,04 00 10 00
1791530182211,TX,MemWr,cpu0,pcie-mmcfg-mmio,0,4,0x100020,ff ff ff ff
1791530182211,TX,CfgWr,x3130-upstream,01:00.0,0,4,0x20,ff ff ff ff
1791530182211,RX,CfgRd,x3130-upstream,01:00.0,0,4,0x20,f0 ff f0 ff
1791530182211,TX,MemRd,cpu0,pcie-mmcfg-mmio,0,4,0x100020,f0 ff f0 ff
1791530182211,TX,MemWr,cpu0,pcie-mmcfg-mmio,0,4,0x100020,10 10 00 10
1791530182211,TX,CfgWr,x3130-upstream,01:00.0,0,4,0x20,10 10 00 10
1791530182211,TX,MemWr,cpu0,pcie-mmcfg-mmio,0,4,0x100004,07 00 10 00
1791530182211,TX,CfgWr,x3130-upstream,01:00.0,0,4,0x4,07 00 10 00
1791530182211,RX,CfgRd,x3130-upstream,01:00.0,0,4,0x20,10 10 00 10
1791530182211,TX,MemRd,cpu0,pcie-mmcfg-mmio,0,4,0x100020,10 10 00 10
1791530182211,RX,CfgRd,x3130-upstream,01:00.0,0,4,0x4,07 00 10 00
1791530182211,TX,MemRd,cpu0,pcie-mmcfg-mmio,0,4,0x100004,07 00 10 00
1791530182211,TX,MemWr,cpu0,pcie-mmcfg-mmio,0,4,0x100004,04 00 10 00
1791530182211,TX,CfgWr,x3130-upstream,01:00.0,0,4,0x4,04 00 10 00
1791530182211,TX,MemWr,cpu0,pcie-mmcfg-mmio,0,4,0x100020,ff ff ff ff
1791530182211,TX,CfgWr,x3130-upstream,01:00.0,0,4,0x20,ff ff ff ff
1791530182211,RX,CfgRd,x3130-upstream,01:00.0,0,4,0x20,f0 ff f0 ff
1791530182211,TX,MemRd,cpu0,pcie-mmcfg-mmio,0,4,0x100020,f0 ff f0 ff
1791530182211,TX,MemWr,cpu0,pcie-mmcfg-mmio,0,4,0x100020,10 10 00 10
1791530182211,TX,CfgWr,x3130-upstream,01:00.0,0,4,0x20,10 10 00 10
1791530182211,TX,MemWr,cpu0,pcie-mmcfg-mmio,0,4,0x100004,07 00 10 00
1791530182211,TX,CfgWr,x3130-upstream,01:00.0,0,4,0x4,07 00 10 00
1791530182211,RX,CfgRd,x3130-upstream,01:00.0,0,4,0x10,00 00 00 00
1791530182211,TX,MemRd,cpu0,pcie-mmcfg-mmio,0,4,0x100010,00 00 00 00
1791530182211,RX,CfgRd,x3130-upstream,01:00.0,0,4,0x14,00 00 00 00
1791530182211,TX,MemRd,cpu0,pcie-mmcfg-mmio,0,4,0x100014,00 00 00 00
1791530182211,RX,CfgRd,x3130-upstream,01:00.0,0,4,0x18,01 02 04 00
1791530182211,TX,MemRd,cpu0,pcie-mmcfg-mmio,0,4,0x100018,01 02 04 00
1791530182211,RX,CfgRd,x3130-upstream,01:00.0,0,4,0x1c,00 00 00 00
1791530182211,TX,MemRd,cpu0,pcie-mmcfg-mmio,0,4,0x10001c,00 00 00 00
1791530182211,RX,CfgRd,x3130-upstream,01:00.0,0,4,0x20,10 10 00 10
1791530182211,TX,MemRd,cpu0,pcie-mmcfg-mmio,0,4,0x100020,10 10 00 10
1791530182211,RX,CfgRd,x3130-upstream,01:00.0,0,4,0x4,07 00 10 00
1791530182211,TX,MemRd,cpu0,pcie-mmcfg-mmio,0,4,0x100004,07 00 10 00
1791530182211,TX,MemWr,cpu0,pcie-mmcfg-mmio,0,4,0x100004,04 00 10 00
1791530182211,TX,CfgWr,x3130-upstream,01:00.0,0,4,0x4,04 00 10 00
1791530182211,TX,MemWr,cpu0,pcie-mmcfg-mmio,0,4,0x100020,ff ff ff ff
1791530182211,TX,CfgWr,x3130-upstream,01:00.0,0,4,0x20,ff ff ff ff
1791530182211,RX,CfgRd,x3130-upstream,01:00.0,0,4,0x20,f0 ff f0 ff
1791530182211,TX,MemRd,cpu0,pcie-mmcfg-mmio,0,4,0x100020,f0 ff f0 ff
1791530182211,TX,MemWr,cpu0,pcie-mmcfg-mmio,0,4,0x100020,10 10 00 10
1791530182211,TX,CfgWr,x3130-upstream,01:00.0,0,4,0x20,10 10 00 10
1791530182211,TX,MemWr,cpu0,pcie-mmcfg-mmio,0,4,0x100004,07 00 10 00
1791530182211,TX,CfgWr,x3130-upstream,01:00.0,0,4,0x4,07 00 10 00
1791530182211,RX,CfgRd,x3130-upstream,01:00.0,0,4,0x20,10 10 00 10
1791530182211,TX,MemRd,cpu0,pcie-mmcfg-mmio,0,4,0x100020,10 10 00 10
1791530182211,RX,CfgRd,x3130-upstream,01:00.0,0,4,0x4,07 00 10 00
1791530182211,TX,MemRd,cpu0,pcie-mmcfg-mmio,0,4,0x100004,07 00 10 00
1791530182211,TX,MemWr,cpu0,pcie-mmcfg-mmio,0,4,0x100004,04 00 10 00
1791530182211,TX,CfgWr,x3130-upstream,01:00.0,0,4,0x4,04 00 10 00
1791530182211,TX,MemWr,cpu0,pcie-mmcfg-mmio,0,4,0x100020,ff ff ff ff
1791530182211,TX,CfgWr,x3130-upstream,01:00.0,0,4,0x20,ff ff ff ff
1791530182211,RX,CfgRd,x3130-upstream,01:00.0,0,4,0x20,f0 ff f0 ff
1791530182211,TX,MemRd,cpu0,pcie-mmcfg-mmio,0,4,0x100020,f0 ff f0 ff
1791530182211,TX,MemWr,cpu0,pcie-mmcfg-mmio,0,4,0x100020,10 10 00 10
1791530182211,TX,CfgWr,x3130-upstream,01:00.0,0,4,0x20,10 10 00 10
1791530182211,TX,MemWr,cpu0,pcie-mmcfg-mmio,0,4,0x100004,07 00 10 00
1791530182211,TX,CfgWr,x3130-upstream,01:00.0,0,4,0x4,07 00 10 00
1791530182211,RX,CfgRd,x3130-upstream,01:00.0,0,4,0x10,00 00 00 00
1791530182211,TX,MemRd,cpu0,pcie-mmcfg-mmio,0,4,0x100010,00 00 00 00
1791530182211,RX,CfgRd,x3130-upstream,01:00.0,0,4,0x14,00 00 00 00
1791530182211,TX,MemRd,cpu0,pcie-mmcfg-mmio,0,4,0x100014,00 00 00 00
1791530182212,RX,CfgRd,x3130-upstream,01:00.0,0,4,0x18,01 02 04 00
1791530182212,TX,MemRd,cpu0,pcie-mmcfg-mmio,0,4,0x100018,01 02 04 00
1791530182212,RX,CfgRd,x3130-upstream,01:00.0,0,4,0x1c,00 00 00 00
1791530182212,TX,MemRd,cpu0,pcie-mmcfg-mmio,0,4,0x10001c,00 00 00 00
1791530182212,RX,CfgRd,x3130-upstream,01:00.0,0,4,0x20,10 10 00 10
1791530182212,TX,MemRd,cpu0,pcie-mmcfg-mmio,0,4,0x100020,10 10 00 10
1791530182212,RX,CfgRd,x3130-upstream,01:00.0,0,4,0x24,01 00 11 00
1791530182212,TX,MemRd,cpu0,pcie-mmcfg-mmio,0,4,0x100024,01 00 11 00
1791530182212,RX,CfgRd,x3130-upstream,01:00.0,0,4,0x4,07 00 10 00
1791530182212,TX,MemRd,cpu0,pcie-mmcfg-mmio,0,4,0x100004,07 00 10 00
1791530182212,TX,MemWr,cpu0,pcie-mmcfg-mmio,0,4,0x100004,04 00 10 00
1791530182212,TX,CfgWr,x3130-upstream,01:00.0,0,4,0x4,04 00 10 00
1791530182212,TX,MemWr,cpu0,pcie-mmcfg-mmio,0,4,0x100024,ff ff ff ff
1791530182212,TX,CfgWr,x3130-upstream,01:00.0,0,4,0x24,ff ff ff ff
1791530182212,RX,CfgRd,x3130-upstream,01:00.0,0,4,0x24,f1 ff f1 ff
1791530182212,TX,MemRd,cpu0,pcie-mmcfg-mmio,0,4,0x100024,f1 ff f1 ff
1791530182212,TX,MemWr,cpu0,pcie-mmcfg-mmio,0,4,0x100024,01 00 11 00
1791530182212,TX,CfgWr,x3130-upstream,01:00.0,0,4,0x24,01 00 11 00
1791530182212,TX,MemWr,cpu0,pcie-mmcfg-mmio,0,4,0x100004,07 00 10 00
1791530182212,TX,CfgWr,x3130-upstream,01:00.0,0,4,0x4,07 00 10 00
1791530182212,RX,CfgRd,x3130-upstream,01:00.0,0,4,0x24,01 00 11 00
1791530182212,TX,MemRd,cpu0,pcie-mmcfg-mmio,0,4,0x100024,01 00 11 00
1791530182212,RX,CfgRd,x3130-upstream,01:00.0,0,4,0x4,07 00 10 00
1791530182212,TX,MemRd,cpu0,pcie-mmcfg-mmio,0,4,0x100004,07 00 10 00
1791530182212,TX,MemWr,cpu0,pcie-mmcfg-mmio,0,4,0x100004,04 00 10 00
1791530182212,TX,CfgWr,x3130-upstream,01:00.0,0,4,0x4,04 00 10 00
1791530182212,TX,MemWr,cpu0,pcie-mmcfg-mmio,0,4,0x100024,ff ff ff ff
1791530182212,TX,CfgWr,x3130-upstream,01:00.0,0,4,0x24,ff ff ff ff
1791530182212,RX,CfgRd,x3130-upstream,01:00.0,0,4,0x24,f1 ff f1 ff
1791530182212,TX,MemRd,cpu0,pcie-mmcfg-mmio,0,4,0x100024,f1 ff f1 ff
1791530182212,TX,MemWr,cpu0,pcie-mmcfg-mmio,0,4,0x100024,01 00 11 00
1791530182212,TX,CfgWr,x3130-upstream,01:00.0,0,4,0x24,01 00 11 00
1791530182212,TX,MemWr,cpu0,pcie-mmcfg-mmio,0,4,0x100004,07 00 10 00
1791530182212,TX,CfgWr,x3130-upstream,01:00.0,0,4,0x4,07 00 10 00
1791530182212,RX,CfgRd,x3130-upstream,01:00.0,0,4,0x10,00 00 00 00
1791530182212,TX,MemRd,cpu0,pcie-mmcfg-mmio,0,4,0x100010,00 00 00 00
1791530182212,RX,CfgRd,x3130-upstream,01:00.0,0,4,0x14,00 00 00 00
1791530182212,TX,MemRd,cpu0,pcie-mmcfg-mmio,0,4,0x100014,00 00 00 00
1791530182212,RX,CfgRd,x3130-upstream,01:00.0,0,4,0x18,01 02 04 00
1791530182212,TX,MemRd,cpu0,pcie-mmcfg-mmio,0,4,0x100018,01 02 04 00
1791530182212,RX,CfgRd,x3130-upstream,01:00.0,0,4,0x1c,00 00 00 00
1791530182212,TX,MemRd,cpu0,pcie-mmcfg-mmio,0,4,0x10001c,00 00 00 00
1791530182212,RX,CfgRd,x3130-upstream,01:00.0,0,4,0x20,10 10 00 10
1791530182212,TX,MemRd,cpu0,pcie-mmcfg-mmio,0,4,0x100020,10 10 00 10
1791530182212,RX,CfgRd,x3130-upstream,01:00.0,0,4,0x24,01 00 11 00
1791530182212,TX,MemRd,cpu0,pcie-mmcfg-mmio,0,4,0x100024,01 00 11 00
1791530182212,RX,CfgRd,x3130-upstream,01:00.0,0,4,0x4,07 00 10 00
1791530182212,TX,MemRd,cpu0,pcie-mmcfg-mmio,0,4,0x100004,07 00 10 00
1791530182212,TX,MemWr,cpu0,pcie-mmcfg-mmio,0,4,0x100004,04 00 10 00
1791530182212,TX,CfgWr,x3130-upstream,01:00.0,0,4,0x4,04 00 10 00
1791530182212,TX,MemWr,cpu0,pcie-mmcfg-mmio,0,4,0x100024,ff ff ff ff
1791530182212,TX,CfgWr,x3130-upstream,01:00.0,0,4,0x24,ff ff ff ff
1791530182212,RX,CfgRd,x3130-upstream,01:00.0,0,4,0x24,f1 ff f1 ff
1791530182212,TX,MemRd,cpu0,pcie-mmcfg-mmio,0,4,0x100024,f1 ff f1 ff
1791530182212,TX,MemWr,cpu0,pcie-mmcfg-mmio,0,4,0x100024,01 00 11 00
1791530182212,TX,CfgWr,x3130-upstream,01:00.0,0,4,0x24,01 00 11 00
1791530182212,TX,MemWr,cpu0,pcie-mmcfg-mmio,0,4,0x100004,07 00 10 00
1791530182212,TX,CfgWr,x3130-upstream,01:00.0,0,4,0x4,07 00 10 00
1791530182212,RX,CfgRd,x3130-upstream,01:00.0,0,4,0x24,01 00 11 00
1791530182212,TX,MemRd,cpu0,pcie-mmcfg-mmio,0,4,0x100024,01 00 11 00
1791530182212,RX,CfgRd,x3130-upstream,01:00.0,0,4,0x4,07 00 10 00
1791530182212,TX,MemRd,cpu0,pcie-mmcfg-mmio,0,4,0x100004,07 00 10 00
1791530182212,TX,MemWr,cpu0,pcie-mmcfg-mmio,0,4,0x100004,04 00 10 00
1791530182212,TX,CfgWr,x3130-upstream,01:00.0,0,4,0x4,04 00 10 00
1791530182212,TX,MemWr,cpu0,pcie-mmcfg-mmio,0,4,0x100024,ff ff ff ff
1791530182212,TX,CfgWr,x3130-upstream,01:00.0,0,4,0x24,ff ff ff ff
1791530182212,RX,CfgRd,x3130-upstream,01:00.0,0,4,0x24,f1 ff f1 ff
1791530182212,TX,MemRd,cpu0,pcie-mmcfg-mmio,0,4,0x100024,f1 ff f1 ff
1791530182212,TX,MemWr,cpu0,pcie-mmcfg-mmio,0,4,0x100024,01 00 11 00
1791530182212,TX,CfgWr,x3130-upstream,01:00.0,0,4,0x24,01 00 11 00
1791530182212,TX,MemWr,cpu0,pcie-mmcfg-mmio,0,4,0x100004,07 00 10 00
1791530182212,TX,CfgWr,x3130-upstream,01:00.0,0,4,0x4,07 00 10 00
1791530182212,RX,CfgRd,x3130-upstream,01:00.0,0,4,0x4,07 00 10 00
1791530182212,TX,MemRd,cpu0,pcie-mmcfg-mmio,0,4,0x100004,07 00 10 00
1791530182212,RX,CfgRd,x3130-upstream,01:00.0,0,4,0x34,90 00 00 00
1791530182212,TX,MemRd,cpu0,pcie-mmcfg-mmio,0,4,0x100034,90 00 00 00
1791530182212,RX,CfgRd,x3130-upstream,01:00.0,0,4,0x90,10 80 52 00
1791530182212,TX,MemRd,cpu0,pcie-mmcfg-mmio,0,4,0x100090,10 80 52 00
1791530182212,RX,CfgRd,x3130-upstream,01:00.0,0,4,0x80,0d 70 00 00
1791530182212,TX,MemRd,cpu0,pcie-mmcfg-mmio,0,4,0x100080,0d 70 00 00
1791530182212,RX,CfgRd,x3130-upstream,01:00.0,0,4,0x70,05 00 80 00
1791530182212,TX,MemRd,cpu0,pcie-mmcfg-mmio,0,4,0x100070,05 00 80 00
1791530182212,RX,CfgRd,x3130-upstream,01:00.0,0,4,0x100,01 00 02 00
1791530182212,TX,MemRd,cpu0,pcie-mmcfg-mmio,0,4,0x100100,01 00 02 00
1791530182212,RX,CfgRd,x3130-upstream,01:00.0,0,4,0x4,07 00 10 00
1791530182212,TX,MemRd,cpu0,pcie-mmcfg-mmio,0,4,0x100004,07 00 10 00
1791530182212,TX,MemWr,cpu0,pcie-mmcfg-mmio,0,4,0x100004,07 00 10 00
1791530182212,TX,CfgWr,x3130-upstream,01:00.0,0,4,0x4,07 00 10 00
1791530182212,RX,CfgRd,x3130-upstream,01:00.0,0,4,0x4,07 00 10 00
1791530182212,TX,MemRd,cpu0,pcie-mmcfg-mmio,0,4,0x100004,07 00 10 00
1791530182212,RX,CfgRd,x3130-upstream,01:00.0,0,4,0x4,07 00 10 00
1791530182212,TX,MemRd,cpu0,pcie-mmcfg-mmio,0,4,0x100004,07 00 10 00
1791530182212,TX,MemWr,cpu0,pcie-mmcfg-mmio,0,4,0x100004,01 00 10 00
1791530182212,TX,CfgWr,x3130-upstream,01:00.0,0,4,0x4,01 00 10 00
1791530182212,RX,CfgRd,x3130-upstream,01:00.0,0,4,0x3c,00 00 00 00
1791530182212,TX,MemRd,cpu0,pcie-mmcfg-mmio,0,4,0x10003c,00 00 00 00
1791530182212,TX,MemWr,cpu0,gicv3_redist_region[0],0,4,0x80b0100,01 00 00 00
1791530182212,RX,CfgRd,xio3130-downstream,02:00.0,0,4,0x0,4c 10 33 82
1791530182212,TX,MemRd,cpu0,pcie-mmcfg-mmio,0,4,0x200000,4c 10 33 82
1791530182212,RX,CfgRd,xio3130-downstream,02:00.0,0,4,0xc,00 00 81 00
1791530182212,TX,MemRd,cpu0,pcie-mmcfg-mmio,0,4,0x20000c,00 00 81 00
1791530182212,RX,CfgRd,xio3130-downstream,02:00.0,0,4,0x18,02 03 03 00
1791530182212,TX,MemRd,cpu0,pcie-mmcfg-mmio,0,4,0x200018,02 03 03 00
1791530182212,RX,CfgRd,xio3130-downstream,02:00.0,0,4,0x10,00 00 00 00
1791530182212,TX,MemRd,cpu0,pcie-mmcfg-mmio,0,4,0x200010,00 00 00 00
1791530182212,RX,CfgRd,xio3130-downstream,02:00.0,0,4,0x4,07 00 10 00
1791530182212,TX,MemRd,cpu0,pcie-mmcfg-mmio,0,4,0x200004,07 00 10 00
1791530182212,TX,MemWr,cpu0,pcie-mmcfg-mmio,0,4,0x200004,04 00 10 00
1791530182212,TX,CfgWr,xio3130-downstream,02:00.0,0,4,0x4,04 00 10 00
1791530182212,TX,MemWr,cpu0,pcie-mmcfg-mmio,0,4,0x200010,ff ff ff ff
1791530182212,TX,CfgWr,xio3130-downstream,02:00.0,0,4,0x10,ff ff ff ff
1791530182212,RX,CfgRd,xio3130-downstream,02:00.0,0,4,0x10,00 00 00 00
1791530182212,TX,MemRd,cpu0,pcie-mmcfg-mmio,0,4,0x200010,00 00 00 00
1791530182212,TX,MemWr,cpu0,pcie-mmcfg-mmio,0,4,0x200010,00 00 00 00
1791530182212,TX,CfgWr,xio3130-downstream,02:00.0,0,4,0x10,00 00 00 00
1791530182212,TX,MemWr,cpu0,pcie-mmcfg-mmio,0,4,0x200004,07 00 10 00
1791530182212,TX,CfgWr,xio3130-downstream,02:00.0,0,4,0x4,07 00 10 00
1791530182212,RX,CfgRd,xio3130-downstream,02:00.0,0,4,0x10,00 00 00 00
1791530182212,TX,MemRd,cpu0,pcie-mmcfg-mmio,0,4,0x200010,00 00 00 00
1791530182212,RX,CfgRd,xio3130-downstream,02:00.0,0,4,0x4,07 00 10 00
1791530182212,TX,MemRd,cpu0,pcie-mmcfg-mmio,0,4,0x200004,07 00 10 00
1791530182212,TX,MemWr,cpu0,pcie-mmcfg-mmio,0,4,0x200004,04 00 10 00
1791530182212,TX,CfgWr,xio3130-downstream,02:00.0,0,4,0x4,04 00 10 00
1791530182212,TX,MemWr,cpu0,pcie-mmcfg-mmio,0,4,0x200010,ff ff ff ff
1791530182212,TX,CfgWr,xio3130-downstream,02:00.0,0,4,0x10,ff ff ff ff
1791530182212,RX,CfgRd,xio3130-downstream,02:00.0,0,4,0x10,00 00 00 00
1791530182212,TX,MemRd,cpu0,pcie-mmcfg-mmio,0,4,0x200010,00 00 00 00
1791530182212,TX,MemWr,cpu0,pcie-mmcfg-mmio,0,4,0x200010,00 00 00 00
1791530182212,TX,CfgWr,xio3130-downstream,02:00.0,0,4,0x10,00 00 00 00
1791530182212,TX,MemWr,cpu0,pcie-mmcfg-mmio,0,4,0x200004,07 00 10 00
1791530182212,TX,CfgWr,xio3130-downstream,02:00.0,0,4,0x4,07 00 10 00
1791530182212,RX,CfgRd,xio3130-downstream,02:00.0,0,4,0x10,00 00 00 00
1791530182212,TX,MemRd,cpu0,pcie-mmcfg-mmio,0,4,0x200010,00 00 00 00
1791530182212,RX,CfgRd,xio3130-downstream,02:00.0,0,4,0x14,00 00 00 00
1791530182212,TX,MemRd,cpu0,pcie-mmcfg-mmio,0,4,0x200014,00 00 00 00
1791530182212,RX,CfgRd,xio3130-downstream,02:00.0,0,4,0x4,07 00 10 00
1791530182212,TX,MemRd,cpu0,pcie-mmcfg-mmio,0,4,0x200004,07 00 10 00
1791530182212,TX,MemWr,cpu0,pcie-mmcfg-mmio,0,4,0x200004,04 00 10 00
1791530182212,TX,CfgWr,xio3130-downstream,02:00.0,0,4,0x4,04 00 10 00
1791530182212,TX,MemWr,cpu0,pcie-mmcfg-mmio,0,4,0x200014,ff ff ff ff
1791530182212,TX,CfgWr,xio3130-downstream,02:00.0,0,4,0x14,ff ff ff ff
1791530182212,RX,CfgRd,xio3130-downstream,02:00.0,0,4,0x14,00 00 00 00
1791530182212,TX,MemRd,cpu0,pcie-mmcfg-mmio,0,4,0x200014,00 00 00 00
1791530182212,TX,MemWr,cpu0,pcie-mmcfg-mmio,0,4,0x200014,00 00 00 00
1791530182212,TX,CfgWr,xio3130-downstream,02:00.0,0,4,0x14,00 00 00 00
1791530182212,TX,MemWr,cpu0,pcie-mmcfg-mmio,0,4,0x200004,07 00 10 00
1791530182212,TX,CfgWr,xio3130-downstream,02:00.0,0,4,0x4,07 00 10 00
1791530182212,RX,CfgRd,xio3130-downstream,02:00.0,0,4,0x10,00 00 00 00
1791530182212,TX,MemRd,cpu0,pcie-mmcfg-mmio,0,4,0x200010,00 00 00 00
1791530182212,RX,CfgRd,xio3130-downstream,02:00.0,0,4,0x14,00 00 00 00
1791530182212,TX,MemRd,cpu0,pcie-mmcfg-mmio,0,4,0x200014,00 00 00 00
1791530182212,RX,CfgRd,xio3130-downstream,02:00.0,0,4,0x4,07 00 10 00
1791530182212,TX,MemRd,cpu0,pcie-mmcfg-mmio,0,4,0x200004,07 00 10 00
1791530182212,TX,MemWr,cpu0,pcie-mmcfg-mmio,0,4,0x200004,04 00 10 00
1791530182212,TX,CfgWr,xio3130-downstream,02:00.0,0,4,0x4,04 00 10 00
1791530182212,TX,MemWr,cpu0,pcie-mmcfg-mmio,0,4,0x200014,ff ff ff ff
1791530182212,TX,CfgWr,xio3130-downstream,02:00.0,0,4,0x14,ff ff ff ff
1791530182212,RX,CfgRd,xio3130-downstream,02:00.0,0,4,0x14,00 00 00 00
1791530182212,TX,MemRd,cpu0,pcie-mmcfg-mmio,0,4,0x200014,00 00 00 00
1791530182212,TX,MemWr,cpu0,pcie-mmcfg-mmio,0,4,0x200014,00 00 00 00
1791530182212,TX,CfgWr,xio3130-downstream,02:00.0,0,4,0x14,00 00 00 00
1791530182212,TX,MemWr,cpu0,pcie-mmcfg-mmio,0,4,0x200004,07 00 10 00
1791530182212,TX,CfgWr,xio3130-downstream,02:00.0,0,4,0x4,07 00 10 00
1791530182212,RX,CfgRd,xio3130-downstream,02:00.0,0,4,0x10,00 00 00 00
1791530182212,TX,MemRd,cpu0,pcie-mmcfg-mmio,0,4,0x200010,00 00 00 00
1791530182212,RX,CfgRd,xio3130-downstream,02:00.0,0,4,0x14,00 00 00 00
1791530182212,TX,MemRd,cpu0,pcie-mmcfg-mmio,0,4,0x200014,00 00 00 00
1791530182212,RX,CfgRd,xio3130-downstream,02:00.0,0,4,0x18,02 03 03 00
1791530182212,TX,MemRd,cpu0,pcie-mmcfg-mmio,0,4,0x200018,02 03 03 00
1791530182212,RX,CfgRd,xio3130-downstream,02:00.0,0,4,0x10,00 00 00 00
1791530182212,TX,MemRd,cpu0,pcie-mmcfg-mmio,0,4,0x200010,00 00 00 00
1791530182212,RX,CfgRd,xio3130-downstream,02:00.0,0,4,0x14,00 00 00 00
1791530182212,TX,MemRd,cpu0,pcie-mmcfg-mmio,0,4,0x200014,00 00 00 00
1791530182212,RX,CfgRd,xio3130-downstream,02:00.0,0,4,0x18,02 03 03 00
1791530182212,TX,MemRd,cpu0,pcie-mmcfg-mmio,0,4,0x200018,02 03 03 00
1791530182212,RX,CfgRd,xio3130-downstream,02:00.0,0,4,0x10,00 00 00 00
1791530182212,TX,MemRd,cpu0,pcie-mmcfg-mmio,0,4,0x200010,00 00 00 00
1791530182212,RX,CfgRd,xio3130-downstream,02:00.0,0,4,0x14,00 00 00 00
1791530182212,TX,MemRd,cpu0,pcie-mmcfg-mmio,0,4,0x200014,00 00 00 00
1791530182212,RX,CfgRd,xio3130-downstream,02:00.0,0,4,0x18,02 03 03 00
1791530182212,TX,MemRd,cpu0,pcie-mmcfg-mmio,0,4,0x200018,02 03 03 00
1791530182212,RX,CfgRd,xio3130-downstream,02:00.0,0,4,0x1c,00 00 00 00
1791530182212,TX,MemRd,cpu0,pcie-mmcfg-mmio,0,4,0x20001c,00 00 00 00
1791530182212,RX,CfgRd,xio3130-downstream,02:00.0,0,4,0x4,07 00 10 00
1791530182212,TX,MemRd,cpu0,pcie-mmcfg-mmio,0,4,0x200004,07 00 10 00
1791530182212,TX,MemWr,cpu0,pcie-mmcfg-mmio,0,4,0x200004,04 00 10 00
1791530182212,TX,CfgWr,xio3130-downstream,02:00.0,0,4,0x4,04 00 10 00
1791530182212,TX,MemWr,cpu0,pcie-mmcfg-mmio,0,4,0x20001c,ff ff ff ff
1791530182212,TX,CfgWr,xio3130-downstream,02:00.0,0,4,0x1c,ff ff ff ff
1791530182212,RX,CfgRd,xio3130-downstream,02:00.0,0,4,0x1c,f0 f0 00 00
1791530182212,TX,MemRd,cpu0,pcie-mmcfg-mmio,0,4,0x20001c,f0 f0 00 00
1791530182212,TX,MemWr,cpu0,pcie-mmcfg-mmio,0,4,0x20001c,00 00 00 00
1791530182212,TX,CfgWr,xio3130-downstream,02:00.0,0,4,0x1c,00 00 00 00
1791530182212,TX,MemWr,cpu0,pcie-mmcfg-mmio,0,4,0x200004,07 00 10 00
1791530182212,TX,CfgWr,xio3130-downstream,02:00.0,0,4,0x4,07 00 10 00
1791530182212,RX,CfgRd,xio3130-downstream,02:00.0,0,4,0x10,00 00 00 00
1791530182212,TX,MemRd,cpu0,pcie-mmcfg-mmio,0,4,0x200010,00 00 00 00
1791530182212,RX,CfgRd,xio3130-downstream,02:00.0,0,4,0x14,00 00 00 00
1791530182212,TX,MemRd,cpu0,pcie-mmcfg-mmio,0,4,0x200014,00 00 00 00
1791530182212,RX,CfgRd,xio3130-downstream,02:00.0,0,4,0x18,02 03 03 00
1791530182212,TX,MemRd,cpu0,pcie-mmcfg-mmio,0,4,0x200018,02 03 03 00
1791530182212,RX,CfgRd,xio3130-downstream,02:00.0,0,4,0x1c,00 00 00 00
1791530182212,TX,MemRd,cpu0,pcie-mmcfg-mmio,0,4,0x20001c,00 00 00 00
1791530182212,RX,CfgRd,xio3130-downstream,02:00.0,0,4,0x4,07 00 10 00
1791530182212,TX,MemRd,cpu0,pcie-mmcfg-mmio,0,4,0x200004,07 00 10 00
1791530182212,TX,MemWr,cpu0,pcie-mmcfg-mmio,0,4,0x200004,04 00 10 00
1791530182212,TX,CfgWr,xio3130-downstream,02:00.0,0,4,0x4,04 00 10 00
1791530182212,TX,MemWr,cpu0,pcie-mmcfg-mmio,0,4,0x20001c,ff ff ff ff
1791530182212,TX,CfgWr,xio3130-downstream,02:00.0,0,4,0x1c,ff ff ff ff
1791530182212,RX,CfgRd,xio3130-downstream,02:00.0,0,4,0x1c,f0 f0 00 00
1791530182212,TX,MemRd,cpu0,pcie-mmcfg-mmio,0,4,0x20001c,f0 f0 00 00
1791530182212,TX,MemWr,cpu0,pcie-mmcfg-mmio,0,4,0x20001c,00 00 00 00
1791530182212,TX,CfgWr,xio3130-downstream,02:00.0,0,4,0x1c,00 00 00 00
1791530182212,TX,MemWr,cpu0,pcie-mmcfg-mmio,0,4,0x200004,07 00 10 00
1791530182212,TX,CfgWr,xio3130-downstream,02:00.0,0,4,0x4,07 00 10 00
1791530182212,RX,CfgRd,xio3130-downstream,02:00.0,0,4,0x10,00 00 00 00
1791530182212,TX,MemRd,cpu0,pcie-mmcfg-mmio,0,4,0x200010,00 00 00 00
1791530182212,RX,CfgRd,xio3130-downstream,02:00.0,0,4,0x14,00 00 00 00
1791530182212,TX,MemRd,cpu0,pcie-mmcfg-mmio,0,4,0x200014,00 00 00 00
1791530182212,RX,CfgRd,xio3130-downstream,02:00.0,0,4,0x18,02 03 03 00
1791530182213,TX,MemRd,cpu0,pcie-mmcfg-mmio,0,4,0x200018,02 03 03 00
1791530182213,RX,CfgRd,xio3130-downstream,02:00.0,0,4,0x1c,00 00 00 00
1791530182213,TX,MemRd,cpu0,pcie-mmcfg-mmio,0,4,0x20001c,00 00 00 00
1791530182213,RX,CfgRd,xio3130-downstream,02:00.0,0,4,0x20,10 10 00 10
1791530182213,TX,MemRd,cpu0,pcie-mmcfg-mmio,0,4,0x200020,10 10 00 10
1791530182213,RX,CfgRd,xio3130-downstream,02:00.0,0,4,0x4,07 00 10 00
1791530182213,TX,MemRd,cpu0,pcie-mmcfg-mmio,0,4,0x200004,07 00 10 00
1791530182213,TX,MemWr,cpu0,pcie-mmcfg-mmio,0,4,0x200004,04 00 10 00
1791530182213,TX,CfgWr,xio3130-downstream,02:00.0,0,4,0x4,04 00 10 00
1791530182213,TX,MemWr,cpu0,pcie-mmcfg-mmio,0,4,0x200020,ff ff ff ff
1791530182213,TX,CfgWr,xio3130-downstream,02:00.0,0,4,0x20,ff ff ff ff
1791530182213,RX,CfgRd,xio3130-downstream,02:00.0,0,4,0x20,f0 ff f0 ff
1791530182213,TX,MemRd,cpu0,pcie-mmcfg-mmio,0,4,0x200020,f0 ff f0 ff
1791530182213,TX,MemWr,cpu0,pcie-mmcfg-mmio,0,4,0x200020,10 10 00 10
1791530182213,TX,CfgWr,xio3130-downstream,02:00.0,0,4,0x20,10 10 00 10
1791530182213,TX,MemWr,cpu0,pcie-mmcfg-mmio,0,4,0x200004,07 00 10 00
1791530182213,TX,CfgWr,xio3130-downstream,02:00.0,0,4,0x4,07 00 10 00
1791530182213,RX,CfgRd,xio3130-downstream,02:00.0,0,4,0x20,10 10 00 10
1791530182213,TX,MemRd,cpu0,pcie-mmcfg-mmio,0,4,0x200020,10 10 00 10
1791530182213,RX,CfgRd,xio3130-downstream,02:00.0,0,4,0x4,07 00 10 00
1791530182213,TX,MemRd,cpu0,pcie-mmcfg-mmio,0,4,0x200004,07 00 10 00
1791530182213,TX,MemWr,cpu0,pcie-mmcfg-mmio,0,4,0x200004,04 00 10 00
1791530182213,TX,CfgWr,xio3130-downstream,02:00.0,0,4,0x4,04 00 10 00
1791530182213,TX,MemWr,cpu0,pcie-mmcfg-mmio,0,4,0x200020,ff ff ff ff
1791530182213,TX,CfgWr,xio3130-downstream,02:00.0,0,4,0x20,ff ff ff ff
1791530182213,RX,CfgRd,xio3130-downstream,02:00.0,0,4,0x20,f0 ff f0 ff
1791530182213,TX,MemRd,cpu0,pcie-mmcfg-mmio,0,4,0x200020,f0 ff f0 ff
1791530182213,TX,MemWr,cpu0,pcie-mmcfg-mmio,0,4,0x200020,10 10 00 10
1791530182213,TX,CfgWr,xio3130-downstream,02:00.0,0,4,0x20,10 10 00 10
1791530182213,TX,MemWr,cpu0,pcie-mmcfg-mmio,0,4,0x200004,07 00 10 00
1791530182213,TX,CfgWr,xio3130-downstream,02:00.0,0,4,0x4,07 00 10 00
1791530182213,RX,CfgRd,xio3130-downstream,02:00.0,0,4,0x10,00 00 00 00
1791530182213,TX,MemRd,cpu0,pcie-mmcfg-mmio,0,4,0x200010,00 00 00 00
1791530182213,RX,CfgRd,xio3130-downstream,02:00.0,0,4,0x14,00 00 00 00
1791530182213,TX,MemRd,cpu0,pcie-mmcfg-mmio,0,4,0x200014,00 00 00 00
1791530182213,RX,CfgRd,xio3130-downstream,02:00.0,0,4,0x18,02 03 03 00
1791530182213,TX,MemRd,cpu0,pcie-mmcfg-mmio,0,4,0x200018,02 03 03 00
1791530182213,RX,CfgRd,xio3130-downstream,02:00.0,0,4,0x1c,00 00 00 00
1791530182213,TX,MemRd,cpu0,pcie-mmcfg-mmio,0,4,0x20001c,00 00 00 00
1791530182213,RX,CfgRd,xio3130-downstream,02:00.0,0,4,0x20,10 10 00 10
1791530182213,TX,MemRd,cpu0,pcie-mmcfg-mmio,0,4,0x200020,10 10 00 10
1791530182213,RX,CfgRd,xio3130-downstream,02:00.0,0,4,0x4,07 00 10 00
1791530182213,TX,MemRd,cpu0,pcie-mmcfg-mmio,0,4,0x200004,07 00 10 00
1791530182213,TX,MemWr,cpu0,pcie-mmcfg-mmio,0,4,0x200004,04 00 10 00
1791530182213,TX,CfgWr,xio3130-downstream,02:00.0,0,4,0x4,04 00 10 00
1791530182213,TX,MemWr,cpu0,pcie-mmcfg-mmio,0,4,0x200020,ff ff ff ff
1791530182213,TX,CfgWr,xio3130-downstream,02:00.0,0,4,0x20,ff ff ff ff
1791530182213,RX,CfgRd,xio3130-downstream,02:00.0,0,4,0x20,f0 ff f0 ff
1791530182213,TX,MemRd,cpu0,pcie-mmcfg-mmio,0,4,0x200020,f0 ff f0 ff
1791530182213,TX,MemWr,cpu0,pcie-mmcfg-mmio,0,4,0x200020,10 10 00 10
1791530182213,TX,CfgWr,xio3130-downstream,02:00.0,0,4,0x20,10 10 00 10
1791530182213,TX,MemWr,cpu0,pcie-mmcfg-mmio,0,4,0x200004,07 00 10 00
1791530182213,TX,CfgWr,xio3130-downstream,02:00.0,0,4,0x4,07 00 10 00
1791530182213,RX,CfgRd,xio3130-downstream,02:00.0,0,4,0x20,10 10 00 10
1791530182213,TX,MemRd,cpu0,pcie-mmcfg-mmio,0,4,0x200020,10 10 00 10
1791530182213,RX,CfgRd,xio3130-downstream,02:00.0,0,4,0x4,07 00 10 00
1791530182213,TX,MemRd,cpu0,pcie-mmcfg-mmio,0,4,0x200004,07 00 10 00
1791530182213,TX,MemWr,cpu0,pcie-mmcfg-mmio,0,4,0x200004,04 00 10 00
1791530182213,TX,CfgWr,xio3130-downstream,02:00.0,0,4,0x4,04 00 10 00
1791530182213,TX,MemWr,cpu0,pcie-mmcfg-mmio,0,4,0x200020,ff ff ff ff
1791530182213,TX,CfgWr,xio3130-downstream,02:00.0,0,4,0x20,ff ff ff ff
1791530182213,RX,CfgRd,xio3130-downstream,02:00.0,0,4,0x20,f0 ff f0 ff
1791530182213,TX,MemRd,cpu0,pcie-mmcfg-mmio,0,4,0x200020,f0 ff f0 ff
1791530182213,TX,MemWr,cpu0,pcie-mmcfg-mmio,0,4,0x200020,10 10 00 10
1791530182213,TX,CfgWr,xio3130-downstream,02:00.0,0,4,0x20,10 10 00 10
1791530182213,TX,MemWr,cpu0,pcie-mmcfg-mmio,0,4,0x200004,07 00 10 00
1791530182213,TX,CfgWr,xio3130-downstream,02:00.0,0,4,0x4,07 00 10 00
1791530182213,RX,CfgRd,xio3130-downstream,02:00.0,0,4,0x10,00 00 00 00
1791530182213,TX,MemRd,cpu0,pcie-mmcfg-mmio,0,4,0x200010,00 00 00 00
1791530182213,RX,CfgRd,xio3130-downstream,02:00.0,0,4,0x14,00 00 00 00
1791530182213,TX,MemRd,cpu0,pcie-mmcfg-mmio,0,4,0x200014,00 00 00 00
1791530182213,RX,CfgRd,xio3130-downstream,02:00.0,0,4,0x18,02 03 03 00
1791530182213,TX,MemRd,cpu0,pcie-mmcfg-mmio,0,4,0x200018,02 03 03 00
1791530182213,RX,CfgRd,xio3130-downstream,02:00.0,0,4,0x1c,00 00 00 00
1791530182213,TX,MemRd,cpu0,pcie-mmcfg-mmio,0,4,0x20001c,00 00 00 00
1791530182213,RX,CfgRd,xio3130-downstream,02:00.0,0,4,0x20,10 10 00 10
1791530182213,TX,MemRd,cpu0,pcie-mmcfg-mmio,0,4,0x200020,10 10 00 10
1791530182213,RX,CfgRd,xio3130-downstream,02:00.0,0,4,0x24,01 00 01 00
1791530182213,TX,MemRd,cpu0,pcie-mmcfg-mmio,0,4,0x200024,01 00 01 00
1791530182213,RX,CfgRd,xio3130-downstream,02:00.0,0,4,0x4,07 00 10 00
1791530182213,TX,MemRd,cpu0,pcie-mmcfg-mmio,0,4,0x200004,07 00 10 00
1791530182213,TX,MemWr,cpu0,pcie-mmcfg-mmio,0,4,0x200004,04 00 10 00
1791530182213,TX,CfgWr,xio3130-downstream,02:00.0,0,4,0x4,04 00 10 00
1791530182213,TX,MemWr,cpu0,pcie-mmcfg-mmio,0,4,0x200024,ff ff ff ff
1791530182213,TX,CfgWr,xio3130-downstream,02:00.0,0,4,0x24,ff ff ff ff
1791530182213,RX,CfgRd,xio3130-downstream,02:00.0,0,4,0x24,f1 ff f1 ff
1791530182213,TX,MemRd,cpu0,pcie-mmcfg-mmio,0,4,0x200024,f1 ff f1 ff
1791530182213,TX,MemWr,cpu0,pcie-mmcfg-mmio,0,4,0x200024,01 00 01 00
1791530182213,TX,CfgWr,xio3130-downstream,02:00.0,0,4,0x24,01 00 01 00
1791530182213,TX,MemWr,cpu0,pcie-mmcfg-mmio,0,4,0x200004,07 00 10 00
1791530182213,TX,CfgWr,xio3130-downstream,02:00.0,0,4,0x4,07 00 10 00
1791530182213,RX,CfgRd,xio3130-downstream,02:00.0,0,4,0x24,01 00 01 00
1791530182213,TX,MemRd,cpu0,pcie-mmcfg-mmio,0,4,0x200024,01 00 01 00
1791530182213,RX,CfgRd,xio3130-downstream,02:00.0,0,4,0x4,07 00 10 00
1791530182213,TX,MemRd,cpu0,pcie-mmcfg-mmio,0,4,0x200004,07 00 10 00
1791530182213,TX,MemWr,cpu0,pcie-mmcfg-mmio,0,4,0x200004,04 00 10 00
1791530182213,TX,CfgWr,xio3130-downstream,02:00.0,0,4,0x4,04 00 10 00
1791530182213,TX,MemWr,cpu0,pcie-mmcfg-mmio,0,4,0x200024,ff ff ff ff
1791530182213,TX,CfgWr,xio3130-downstream,02:00.0,0,4,0x24,ff ff ff ff
1791530182213,RX,CfgRd,xio3130-downstream,02:00.0,0,4,0x24,f1 ff f1 ff
1791530182213,TX,MemRd,cpu0,pcie-mmcfg-mmio,0,4,0x200024,f1 ff f1 ff
1791530182213,TX,MemWr,cpu0,pcie-mmcfg-mmio,0,4,0x200024,01 00 01 00
1791530182213,TX,CfgWr,xio3130-downstream,02:00.0,0,4,0x24,01 00 01 00
1791530182213,TX,MemWr,cpu0,pcie-mmcfg-mmio,0,4,0x200004,07 00 10 00
1791530182213,TX,CfgWr,xio3130-downstream,02:00.0,0,4,0x4,07 00 10 00
1791530182213,RX,CfgRd,xio3130-downstream,02:00.0,0,4,0x10,00 00 00 00
1791530182213,TX,MemRd,cpu0,pcie-mmcfg-mmio,0,4,0x200010,00 00 00 00
1791530182213,RX,CfgRd,xio3130-downstream,02:00.0,0,4,0x14,00 00 00 00
1791530182213,TX,MemRd,cpu0,pcie-mmcfg-mmio,0,4,0x200014,00 00 00 00
1791530182213,RX,CfgRd,xio3130-downstream,02:00.0,0,4,0x18,02 03 03 00
1791530182213,TX,MemRd,cpu0,pcie-mmcfg-mmio,0,4,0x200018,02 03 03 00
1791530182213,RX,CfgRd,xio3130-downstream,02:00.0,0,4,0x1c,00 00 00 00
1791530182213,TX,MemRd,cpu0,pcie-mmcfg-mmio,0,4,0x20001c,00 00 00 00
1791530182213,RX,CfgRd,xio3130-downstream,02:00.0,0,4,0x20,10 10 00 10
1791530182213,TX,MemRd,cpu0,pcie-mmcfg-mmio,0,4,0x200020,10 10 00 10
1791530182213,RX,CfgRd,xio3130-downstream,02:00.0,0,4,0x24,01 00 01 00
1791530182213,TX,MemRd,cpu0,pcie-mmcfg-mmio,0,4,0x200024,01 00 01 00
1791530182213,RX,CfgRd,xio3130-downstream,02:00.0,0,4,0x4,07 00 10 00
1791530182213,TX,MemRd,cpu0,pcie-mmcfg-mmio,0,4,0x200004,07 00 10 00
1791530182213,TX,MemWr,cpu0,pcie-mmcfg-mmio,0,4,0x200004,04 00 10 00
1791530182213,TX,CfgWr,xio3130-downstream,02:00.0,0,4,0x4,04 00 10 00
1791530182213,TX,MemWr,cpu0,pcie-mmcfg-mmio,0,4,0x200024,ff ff ff ff
1791530182213,TX,CfgWr,xio3130-downstream,02:00.0,0,4,0x24,ff ff ff ff
1791530182213,RX,CfgRd,xio3130-downstream,02:00.0,0,4,0x24,f1 ff f1 ff
1791530182213,TX,MemRd,cpu0,pcie-mmcfg-mmio,0,4,0x200024,f1 ff f1 ff
1791530182213,TX,MemWr,cpu0,pcie-mmcfg-mmio,0,4,0x200024,01 00 01 00
1791530182213,TX,CfgWr,xio3130-downstream,02:00.0,0,4,0x24,01 00 01 00
1791530182213,TX,MemWr,cpu0,pcie-mmcfg-mmio,0,4,0x200004,07 00 10 00
1791530182213,TX,CfgWr,xio3130-downstream,02:00.0,0,4,0x4,07 00 10 00
1791530182213,RX,CfgRd,xio3130-downstream,02:00.0,0,4,0x24,01 00 01 00
1791530182213,TX,MemRd,cpu0,pcie-mmcfg-mmio,0,4,0x200024,01 00 01 00
1791530182213,RX,CfgRd,xio3130-downstream,02:00.0,0,4,0x4,07 00 10 00
1791530182213,TX,MemRd,cpu0,pcie-mmcfg-mmio,0,4,0x200004,07 00 10 00
1791530182213,TX,MemWr,cpu0,pcie-mmcfg-mmio,0,4,0x200004,04 00 10 00
1791530182213,TX,CfgWr,xio3130-downstream,02:00.0,0,4,0x4,04 00 10 00
1791530182213,TX,MemWr,cpu0,pcie-mmcfg-mmio,0,4,0x200024,ff ff ff ff
1791530182213,TX,CfgWr,xio3130-downstream,02:00.0,0,4,0x24,ff ff ff ff
1791530182213,RX,CfgRd,xio3130-downstream,02:00.0,0,4,0x24,f1 ff f1 ff
1791530182213,TX,MemRd,cpu0,pcie-mmcfg-mmio,0,4,0x200024,f1 ff f1 ff
1791530182213,TX,MemWr,cpu0,pcie-mmcfg-mmio,0,4,0x200024,01 00 01 00
1791530182213,TX,CfgWr,xio3130-downstream,02:00.0,0,4,0x24,01 00 01 00
1791530182213,TX,MemWr,cpu0,pcie-mmcfg-mmio,0,4,0x200004,07 00 10 00
1791530182213,TX,CfgWr,xio3130-downstream,02:00.0,0,4,0x4,07 00 10 00
1791530182213,RX,CfgRd,xio3130-downstream,02:00.0,0,4,0x4,07 00 10 00
1791530182213,TX,MemRd,cpu0,pcie-mmcfg-mmio,0,4,0x200004,07 00 10 00
1791530182213,RX,CfgRd,xio3130-downstream,02:00.0,0,4,0x34,90 00 00 00
1791530182213,TX,MemRd,cpu0,pcie-mmcfg-mmio,0,4,0x200034,90 00 00 00
1791530182213,RX,CfgRd,xio3130-downstream,02:00.0,0,4,0x90,10 80 62 01
1791530182213,TX,MemRd,cpu0,pcie-mmcfg-mmio,0,4,0x200090,10 80 62 01
1791530182213,RX,CfgRd,xio3130-downstream,02:00.0,0,4,0x80,0d 70 00 00
1791530182213,TX,MemRd,cpu0,pcie-mmcfg-mmio,0,4,0x200080,0d 70 00 00
1791530182213,RX,CfgRd,xio3130-downstream,02:00.0,0,4,0x70,05 00 80 00
1791530182213,TX,MemRd,cpu0,pcie-mmcfg-mmio,0,4,0x200070,05 00 80 00
1791530182213,RX,CfgRd,xio3130-downstream,02:00.0,0,4,0x100,01 00 02 00
1791530182213,TX,MemRd,cpu0,pcie-mmcfg-mmio,0,4,0x200100,01 00 02 00
1791530182213,RX,CfgRd,xio3130-downstream,02:00.0,0,4,0x4,07 00 10 00
1791530182213,TX,MemRd,cpu0,pcie-mmcfg-mmio,0,4,0x200004,07 00 10 00
1791530182213,TX,MemWr,cpu0,pcie-mmcfg-mmio,0,4,0x200004,07 00 10 00
1791530182213,TX,CfgWr,xio3130-downstream,02:00.0,0,4,0x4,07 00 10 00
1791530182213,RX,CfgRd,xio3130-downstream,02:00.0,0,4,0x4,07 00 10 00
1791530182213,TX,MemRd,cpu0,pcie-mmcfg-mmio,0,4,0x200004,07 00 10 00
1791530182213,RX,CfgRd,xio3130-downstream,02:00.0,0,4,0x4,07 00 10 00
1791530182213,TX,MemRd,cpu0,pcie-mmcfg-mmio,0,4,0x200004,07 00 10 00
1791530182213,TX,MemWr,cpu0,pcie-mmcfg-mmio,0,4,0x200004,01 00 10 00
1791530182213,TX,CfgWr,xio3130-downstream,02:00.0,0,4,0x4,01 00 10 00
1791530182213,RX,CfgRd,xio3130-downstream,02:00.0,0,4,0x3c,00 00 00 00
1791530182213,TX,MemRd,cpu0,pcie-mmcfg-mmio,0,4,0x20003c,00 00 00 00
1791530182213,TX,MemWr,cpu0,gicv3_redist_region[0],0,4,0x80b0100,01 00 00 00
1791530182213,RX,CfgRd,nvme,03:00.0,0,4,0x0,36 1b 10 00
1791530182213,TX,MemRd,cpu0,pcie-mmcfg-mmio,0,4,0x300000,36 1b 10 00
1791530182213,RX,CfgRd,nvme,03:00.0,0,4,0xc,00 00 00 00
1791530182213,TX,MemRd,cpu0,pcie-mmcfg-mmio,0,4,0x30000c,00 00 00 00
1791530182213,RX,CfgRd,nvme,03:00.0,0,4,0x10,04 00 00 00
1791530182213,TX,MemRd,cpu0,pcie-mmcfg-mmio,0,4,0x300010,04 00 00 00
1791530182213,RX,CfgRd,nvme,03:00.0,0,4,0x4,00 00 10 00
1791530182213,TX,MemRd,cpu0,pcie-mmcfg-mmio,0,4,0x300004,00 00 10 00
1791530182213,TX,MemWr,cpu0,pcie-mmcfg-mmio,0,4,0x300004,00 00 10 00
1791530182213,TX,CfgWr,nvme,03:00.0,0,4,0x4,00 00 10 00
1791530182213,TX,MemWr,cpu0,pcie-mmcfg-mmio,0,4,0x300010,ff ff ff ff
1791530182213,TX,CfgWr,nvme,03:00.0,0,4,0x10,ff ff ff ff
1791530182213,RX,CfgRd,nvme,03:00.0,0,4,0x10,04 c0 ff ff
1791530182213,TX,MemRd,cpu0,pcie-mmcfg-mmio,0,4,0x300010,04 c0 ff ff
1791530182213,TX,MemWr,cpu0,pcie-mmcfg-mmio,0,4,0x300010,04 00 00 00
1791530182213,TX,CfgWr,nvme,03:00.0,0,4,0x10,04 00 00 00
1791530182213,RX,CfgRd,nvme,03:00.0,0,4,0x14,80 00 00 00
1791530182213,TX,MemRd,cpu0,pcie-mmcfg-mmio,0,4,0x300014,80 00 00 00
1791530182213,TX,MemWr,cpu0,pcie-mmcfg-mmio,0,4,0x300014,ff ff ff ff
1791530182213,TX,CfgWr,nvme,03:00.0,0,4,0x14,ff ff ff ff
1791530182213,RX,CfgRd,nvme,03:00.0,0,4,0x14,ff ff ff ff
1791530182213,TX,MemRd,cpu0,pcie-mmcfg-mmio,0,4,0x300014,ff ff ff ff
1791530182213,TX,MemWr,cpu0,pcie-mmcfg-mmio,0,4,0x300014,80 00 00 00
1791530182213,TX,CfgWr,nvme,03:00.0,0,4,0x14,80 00 00 00
1791530182213,TX,MemWr,cpu0,pcie-mmcfg-mmio,0,4,0x300004,00 00 10 00
1791530182213,TX,CfgWr,nvme,03:00.0,0,4,0x4,00 00 10 00
1791530182213,RX,CfgRd,nvme,03:00.0,0,4,0x10,04 00 00 00
1791530182213,TX,MemRd,cpu0,pcie-mmcfg-mmio,0,4,0x300010,04 00 00 00
1791530182213,RX,CfgRd,nvme,03:00.0,0,4,0x4,00 00 10 00
1791530182213,TX,MemRd,cpu0,pcie-mmcfg-mmio,0,4,0x300004,00 00 10 00
1791530182213,TX,MemWr,cpu0,pcie-mmcfg-mmio,0,4,0x300004,00 00 10 00
1791530182213,TX,CfgWr,nvme,03:00.0,0,4,0x4,00 00 10 00
1791530182213,TX,MemWr,cpu0,pcie-mmcfg-mmio,0,4,0x300010,ff ff ff ff
1791530182213,TX,CfgWr,nvme,03:00.0,0,4,0x10,ff ff ff ff
1791530182213,RX,CfgRd,nvme,03:00.0,0,4,0x10,04 c0 ff ff
1791530182213,TX,MemRd,cpu0,pcie-mmcfg-mmio,0,4,0x300010,04 c0 ff ff
1791530182213,TX,MemWr,cpu0,pcie-mmcfg-mmio,0,4,0x300010,04 00 00 00
1791530182213,TX,CfgWr,nvme,03:00.0,0,4,0x10,04 00 00 00
1791530182213,RX,CfgRd,nvme,03:00.0,0,4,0x14,80 00 00 00
1791530182213,TX,MemRd,cpu0,pcie-mmcfg-mmio,0,4,0x300014,80 00 00 00
1791530182213,TX,MemWr,cpu0,pcie-mmcfg-mmio,0,4,0x300014,ff ff ff ff
1791530182213,TX,CfgWr,nvme,03:00.0,0,4,0x14,ff ff ff ff
1791530182213,RX,CfgRd,nvme,03:00.0,0,4,0x14,ff ff ff ff
1791530182213,TX,MemRd,cpu0,pcie-mmcfg-mmio,0,4,0x300014,ff ff ff ff
1791530182213,TX,MemWr,cpu0,pcie-mmcfg-mmio,0,4,0x300014,80 00 00 00
1791530182213,TX,CfgWr,nvme,03:00.0,0,4,0x14,80 00 00 00
1791530182213,TX,MemWr,cpu0,pcie-mmcfg-mmio,0,4,0x300004,00 00 10 00
1791530182213,TX,CfgWr,nvme,03:00.0,0,4,0x4,00 00 10 00
1791530182214,RX,CfgRd,nvme,03:00.0,0,4,0x10,04 00 00 00
1791530182214,TX,MemRd,cpu0,pcie-mmcfg-mmio,0,4,0x300010,04 00 00 00
1791530182214,RX,CfgRd,nvme,03:00.0,0,4,0x4,00 00 10 00
1791530182214,TX,MemRd,cpu0,pcie-mmcfg-mmio,0,4,0x300004,00 00 10 00
1791530182214,TX,MemWr,cpu0,pcie-mmcfg-mmio,0,4,0x300004,00 00 10 00
1791530182214,TX,CfgWr,nvme,03:00.0,0,4,0x4,00 00 10 00
1791530182214,TX,MemWr,cpu0,pcie-mmcfg-mmio,0,4,0x300010,ff ff ff ff
1791530182214,TX,CfgWr,nvme,03:00.0,0,4,0x10,ff ff ff ff
1791530182214,RX,CfgRd,nvme,03:00.0,0,4,0x10,04 c0 ff ff
1791530182214,TX,MemRd,cpu0,pcie-mmcfg-mmio,0,4,0x300010,04 c0 ff ff
1791530182214,TX,MemWr,cpu0,pcie-mmcfg-mmio,0,4,0x300010,04 00 00 00
1791530182214,TX,CfgWr,nvme,03:00.0,0,4,0x10,04 00 00 00
1791530182214,RX,CfgRd,nvme,03:00.0,0,4,0x14,80 00 00 00
1791530182214,TX,MemRd,cpu0,pcie-mmcfg-mmio,0,4,0x300014,80 00 00 00
1791530182214,TX,MemWr,cpu0,pcie-mmcfg-mmio,0,4,0x300014,ff ff ff ff
1791530182214,TX,CfgWr,nvme,03:00.0,0,4,0x14,ff ff ff ff
1791530182214,RX,CfgRd,nvme,03:00.0,0,4,0x14,ff ff ff ff
1791530182214,TX,MemRd,cpu0,pcie-mmcfg-mmio,0,4,0x300014,ff ff ff ff
1791530182214,TX,MemWr,cpu0,pcie-mmcfg-mmio,0,4,0x300014,80 00 00 00
1791530182214,TX,CfgWr,nvme,03:00.0,0,4,0x14,80 00 00 00
1791530182214,TX,MemWr,cpu0,pcie-mmcfg-mmio,0,4,0x300004,00 00 10 00
1791530182214,TX,CfgWr,nvme,03:00.0,0,4,0x4,00 00 10 00
1791530182214,RX,CfgRd,nvme,03:00.0,0,4,0x10,04 00 00 00
1791530182214,TX,MemRd,cpu0,pcie-mmcfg-mmio,0,4,0x300010,04 00 00 00
1791530182214,RX,CfgRd,nvme,03:00.0,0,4,0x4,00 00 10 00
1791530182214,TX,MemRd,cpu0,pcie-mmcfg-mmio,0,4,0x300004,00 00 10 00
1791530182214,TX,MemWr,cpu0,pcie-mmcfg-mmio,0,4,0x300004,00 00 10 00
1791530182214,TX,CfgWr,nvme,03:00.0,0,4,0x4,00 00 10 00
1791530182214,TX,MemWr,cpu0,pcie-mmcfg-mmio,0,4,0x300010,ff ff ff ff
1791530182214,TX,CfgWr,nvme,03:00.0,0,4,0x10,ff ff ff ff
1791530182214,RX,CfgRd,nvme,03:00.0,0,4,0x10,04 c0 ff ff
1791530182214,TX,MemRd,cpu0,pcie-mmcfg-mmio,0,4,0x300010,04 c0 ff ff
1791530182214,TX,MemWr,cpu0,pcie-mmcfg-mmio,0,4,0x300010,04 00 00 00
1791530182214,TX,CfgWr,nvme,03:00.0,0,4,0x10,04 00 00 00
1791530182214,RX,CfgRd,nvme,03:00.0,0,4,0x14,80 00 00 00
1791530182214,TX,MemRd,cpu0,pcie-mmcfg-mmio,0,4,0x300014,80 00 00 00
1791530182214,TX,MemWr,cpu0,pcie-mmcfg-mmio,0,4,0x300014,ff ff ff ff
1791530182214,TX,CfgWr,nvme,03:00.0,0,4,0x14,ff ff ff ff
1791530182214,RX,CfgRd,nvme,03:00.0,0,4,0x14,ff ff ff ff
1791530182214,TX,MemRd,cpu0,pcie-mmcfg-mmio,0,4,0x300014,ff ff ff ff
1791530182214,TX,MemWr,cpu0,pcie-mmcfg-mmio,0,4,0x300014,80 00 00 00
1791530182214,TX,CfgWr,nvme,03:00.0,0,4,0x14,80 00 00 00
1791530182214,TX,MemWr,cpu0,pcie-mmcfg-mmio,0,4,0x300004,00 00 10 00
1791530182214,TX,CfgWr,nvme,03:00.0,0,4,0x4,00 00 10 00
1791530182214,RX,CfgRd,nvme,03:00.0,0,4,0x10,04 00 00 00
1791530182214,TX,MemRd,cpu0,pcie-mmcfg-mmio,0,4,0x300010,04 00 00 00
1791530182214,RX,CfgRd,nvme,03:00.0,0,4,0x18,00 00 00 00
1791530182214,TX,MemRd,cpu0,pcie-mmcfg-mmio,0,4,0x300018,00 00 00 00
1791530182214,RX,CfgRd,nvme,03:00.0,0,4,0x4,00 00 10 00
1791530182214,TX,MemRd,cpu0,pcie-mmcfg-mmio,0,4,0x300004,00 00 10 00
1791530182214,TX,MemWr,cpu0,pcie-mmcfg-mmio,0,4,0x300004,00 00 10 00
1791530182214,TX,CfgWr,nvme,03:00.0,0,4,0x4,00 00 10 00
1791530182214,TX,MemWr,cpu0,pcie-mmcfg-mmio,0,4,0x300018,ff ff ff ff
1791530182214,TX,CfgWr,nvme,03:00.0,0,4,0x18,ff ff ff ff
1791530182214,RX,CfgRd,nvme,03:00.0,0,4,0x18,00 00 00 00
1791530182214,TX,MemRd,cpu0,pcie-mmcfg-mmio,0,4,0x300018,00 00 00 00
1791530182214,TX,MemWr,cpu0,pcie-mmcfg-mmio,0,4,0x300018,00 00 00 00
1791530182214,TX,CfgWr,nvme,03:00.0,0,4,0x18,00 00 00 00
1791530182214,TX,MemWr,cpu0,pcie-mmcfg-mmio,0,4,0x300004,00 00 10 00
1791530182214,TX,CfgWr,nvme,03:00.0,0,4,0x4,00 00 10 00
1791530182214,RX,CfgRd,nvme,03:00.0,0,4,0x10,04 00 00 00
1791530182214,TX,MemRd,cpu0,pcie-mmcfg-mmio,0,4,0x300010,04 00 00 00
1791530182214,RX,CfgRd,nvme,03:00.0,0,4,0x18,00 00 00 00
1791530182214,TX,MemRd,cpu0,pcie-mmcfg-mmio,0,4,0x300018,00 00 00 00
1791530182214,RX,CfgRd,nvme,03:00.0,0,4,0x4,00 00 10 00
1791530182214,TX,MemRd,cpu0,pcie-mmcfg-mmio,0,4,0x300004,00 00 10 00
1791530182214,TX,MemWr,cpu0,pcie-mmcfg-mmio,0,4,0x300004,00 00 10 00
1791530182214,TX,CfgWr,nvme,03:00.0,0,4,0x4,00 00 10 00
1791530182214,TX,MemWr,cpu0,pcie-mmcfg-mmio,0,4,0x300018,ff ff ff ff
1791530182214,TX,CfgWr,nvme,03:00.0,0,4,0x18,ff ff ff ff
1791530182214,RX,CfgRd,nvme,03:00.0,0,4,0x18,00 00 00 00
1791530182214,TX,MemRd,cpu0,pcie-mmcfg-mmio,0,4,0x300018,00 00 00 00
1791530182214,TX,MemWr,cpu0,pcie-mmcfg-mmio,0,4,0x300018,00 00 00 00
1791530182214,TX,CfgWr,nvme,03:00.0,0,4,0x18,00 00 00 00
1791530182214,TX,MemWr,cpu0,pcie-mmcfg-mmio,0,4,0x300004,00 00 10 00
1791530182214,TX,CfgWr,nvme,03:00.0,0,4,0x4,00 00 10 00
1791530182214,RX,CfgRd,nvme,03:00.0,0,4,0x10,04 00 00 00
1791530182214,TX,MemRd,cpu0,pcie-mmcfg-mmio,0,4,0x300010,04 00 00 00
1791530182214,RX,CfgRd,nvme,03:00.0,0,4,0x18,00 00 00 00
1791530182214,TX,MemRd,cpu0,pcie-mmcfg-mmio,0,4,0x300018,00 00 00 00
1791530182214,RX,CfgRd,nvme,03:00.0,0,4,0x1c,00 00 00 00
1791530182214,TX,MemRd,cpu0,pcie-mmcfg-mmio,0,4,0x30001c,00 00 00 00
1791530182214,RX,CfgRd,nvme,03:00.0,0,4,0x4,00 00 10 00
1791530182214,TX,MemRd,cpu0,pcie-mmcfg-mmio,0,4,0x300004,00 00 10 00
1791530182214,TX,MemWr,cpu0,pcie-mmcfg-mmio,0,4,0x300004,00 00 10 00
1791530182214,TX,CfgWr,nvme,03:00.0,0,4,0x4,00 00 10 00
1791530182214,TX,MemWr,cpu0,pcie-mmcfg-mmio,0,4,0x30001c,ff ff ff ff
1791530182214,TX,CfgWr,nvme,03:00.0,0,4,0x1c,ff ff ff ff
1791530182214,RX,CfgRd,nvme,03:00.0,0,4,0x1c,00 00 00 00
1791530182214,TX,MemRd,cpu0,pcie-mmcfg-mmio,0,4,0x30001c,00 00 00 00
1791530182214,TX,MemWr,cpu0,pcie-mmcfg-mmio,0,4,0x30001c,00 00 00 00
1791530182214,TX,CfgWr,nvme,03:00.0,0,4,0x1c,00 00 00 00
1791530182214,TX,MemWr,cpu0,pcie-mmcfg-mmio,0,4,0x300004,00 00 10 00
1791530182214,TX,CfgWr,nvme,03:00.0,0,4,0x4,00 00 10 00
1791530182214,RX,CfgRd,nvme,03:00.0,0,4,0x10,04 00 00 00
1791530182214,TX,MemRd,cpu0,pcie-mmcfg-mmio,0,4,0x300010,04 00 00 00
1791530182214,RX,CfgRd,nvme,03:00.0,0,4,0x18,00 00 00 00
1791530182214,TX,MemRd,cpu0,pcie-mmcfg-mmio,0,4,0x300018,00 00 00 00
1791530182214,RX,CfgRd,nvme,03:00.0,0,4,0x1c,00 00 00 00
1791530182214,TX,MemRd,cpu0,pcie-mmcfg-mmio,0,4,0x30001c,00 00 00 00
1791530182214,RX,CfgRd,nvme,03:00.0,0,4,0x4,00 00 10 00
1791530182214,TX,MemRd,cpu0,pcie-mmcfg-mmio,0,4,0x300004,00 00 10 00
1791530182214,TX,MemWr,cpu0,pcie-mmcfg-mmio,0,4,0x300004,00 00 10 00
1791530182214,TX,CfgWr,nvme,03:00.0,0,4,0x4,00 00 10 00
1791530182214,TX,MemWr,cpu0,pcie-mmcfg-mmio,0,4,0x30001c,ff ff ff ff
1791530182214,TX,CfgWr,nvme,03:00.0,0,4,0x1c,ff ff ff ff
1791530182214,RX,CfgRd,nvme,03:00.0,0,4,0x1c,00 00 00 00
1791530182214,TX,MemRd,cpu0,pcie-mmcfg-mmio,0,4,0x30001c,00 00 00 00
1791530182214,TX,MemWr,cpu0,pcie-mmcfg-mmio,0,4,0x30001c,00 00 00 00
1791530182214,TX,CfgWr,nvme,03:00.0,0,4,0x1c,00 00 00 00
1791530182214,TX,MemWr,cpu0,pcie-mmcfg-mmio,0,4,0x300004,00 00 10 00
1791530182214,TX,CfgWr,nvme,03:00.0,0,4,0x4,00 00 10 00
1791530182214,RX,CfgRd,nvme,03:00.0,0,4,0x10,04 00 00 00
1791530182214,TX,MemRd,cpu0,pcie-mmcfg-mmio,0,4,0x300010,04 00 00 00
1791530182214,RX,CfgRd,nvme,03:00.0,0,4,0x18,00 00 00 00
1791530182214,TX,MemRd,cpu0,pcie-mmcfg-mmio,0,4,0x300018,00 00 00 00
1791530182214,RX,CfgRd,nvme,03:00.0,0,4,0x1c,00 00 00 00
1791530182214,TX,MemRd,cpu0,pcie-mmcfg-mmio,0,4,0x30001c,00 00 00 00
1791530182214,RX,CfgRd,nvme,03:00.0,0,4,0x20,00 00 00 00
1791530182214,TX,MemRd,cpu0,pcie-mmcfg-mmio,0,4,0x300020,00 00 00 00
1791530182214,RX,CfgRd,nvme,03:00.0,0,4,0x4,00 00 10 00
1791530182214,TX,MemRd,cpu0,pcie-mmcfg-mmio,0,4,0x300004,00 00 10 00
1791530182214,TX,MemWr,cpu0,pcie-mmcfg-mmio,0,4,0x300004,00 00 10 00
1791530182214,TX,CfgWr,nvme,03:00.0,0,4,0x4,00 00 10 00
1791530182214,TX,MemWr,cpu0,pcie-mmcfg-mmio,0,4,0x300020,ff ff ff ff
1791530182214,TX,CfgWr,nvme,03:00.0,0,4,0x20,ff ff ff ff
1791530182214,RX,CfgRd,nvme,03:00.0,0,4,0x20,00 00 00 00
1791530182214,TX,MemRd,cpu0,pcie-mmcfg-mmio,0,4,0x300020,00 00 00 00
1791530182214,TX,MemWr,cpu0,pcie-mmcfg-mmio,0,4,0x300020,00 00 00 00
1791530182214,TX,CfgWr,nvme,03:00.0,0,4,0x20,00 00 00 00
1791530182214,TX,MemWr,cpu0,pcie-mmcfg-mmio,0,4,0x300004,00 00 10 00
1791530182214,TX,CfgWr,nvme,03:00.0,0,4,0x4,00 00 10 00
1791530182214,RX,CfgRd,nvme,03:00.0,0,4,0x10,04 00 00 00
1791530182214,TX,MemRd,cpu0,pcie-mmcfg-mmio,0,4,0x300010,04 00 00 00
1791530182214,RX,CfgRd,nvme,03:00.0,0,4,0x18,00 00 00 00
1791530182214,TX,MemRd,cpu0,pcie-mmcfg-mmio,0,4,0x300018,00 00 00 00
1791530182214,RX,CfgRd,nvme,03:00.0,0,4,0x1c,00 00 00 00
1791530182214,TX,MemRd,cpu0,pcie-mmcfg-mmio,0,4,0x30001c,00 00 00 00
1791530182214,RX,CfgRd,nvme,03:00.0,0,4,0x20,00 00 00 00
1791530182214,TX,MemRd,cpu0,pcie-mmcfg-mmio,0,4,0x300020,00 00 00 00
1791530182214,RX,CfgRd,nvme,03:00.0,0,4,0x4,00 00 10 00
1791530182214,TX,MemRd,cpu0,pcie-mmcfg-mmio,0,4,0x300004,00 00 10 00
1791530182214,TX,MemWr,cpu0,pcie-mmcfg-mmio,0,4,0x300004,00 00 10 00
1791530182214,TX,CfgWr,nvme,03:00.0,0,4,0x4,00 00 10 00
1791530182214,TX,MemWr,cpu0,pcie-mmcfg-mmio,0,4,0x300020,ff ff ff ff
1791530182214,TX,CfgWr,nvme,03:00.0,0,4,0x20,ff ff ff ff
1791530182214,RX,CfgRd,nvme,03:00.0,0,4,0x20,00 00 00 00
1791530182214,TX,MemRd,cpu0,pcie-mmcfg-mmio,0,4,0x300020,00 00 00 00
1791530182214,TX,MemWr,cpu0,pcie-mmcfg-mmio,0,4,0x300020,00 00 00 00
1791530182214,TX,CfgWr,nvme,03:00.0,0,4,0x20,00 00 00 00
1791530182214,TX,MemWr,cpu0,pcie-mmcfg-mmio,0,4,0x300004,00 00 10 00
1791530182214,TX,CfgWr,nvme,03:00.0,0,4,0x4,00 00 10 00
1791530182214,RX,CfgRd,nvme,03:00.0,0,4,0x10,04 00 00 00
1791530182214,TX,MemRd,cpu0,pcie-mmcfg-mmio,0,4,0x300010,04 00 00 00
1791530182214,RX,CfgRd,nvme,03:00.0,0,4,0x18,00 00 00 00
1791530182214,TX,MemRd,cpu0,pcie-mmcfg-mmio,0,4,0x300018,00 00 00 00
1791530182214,RX,CfgRd,nvme,03:00.0,0,4,0x1c,00 00 00 00
1791530182214,TX,MemRd,cpu0,pcie-mmcfg-mmio,0,4,0x30001c,00 00 00 00
1791530182214,RX,CfgRd,nvme,03:00.0,0,4,0x20,00 00 00 00
1791530182214,TX,MemRd,cpu0,pcie-mmcfg-mmio,0,4,0x300020,00 00 00 00
1791530182214,RX,CfgRd,nvme,03:00.0,0,4,0x24,00 00 00 00
1791530182214,TX,MemRd,cpu0,pcie-mmcfg-mmio,0,4,0x300024,00 00 00 00
1791530182214,RX,CfgRd,nvme,03:00.0,0,4,0x4,00 00 10 00
1791530182214,TX,MemRd,cpu0,pcie-mmcfg-mmio,0,4,0x300004,00 00 10 00
1791530182214,TX,MemWr,cpu0,pcie-mmcfg-mmio,0,4,0x300004,00 00 10 00
1791530182214,TX,CfgWr,nvme,03:00.0,0,4,0x4,00 00 10 00
1791530182214,TX,MemWr,cpu0,pcie-mmcfg-mmio,0,4,0x300024,ff ff ff ff
1791530182214,TX,CfgWr,nvme,03:00.0,0,4,0x24,ff ff ff ff
1791530182214,RX,CfgRd,nvme,03:00.0,0,4,0x24,00 00 00 00
1791530182214,TX,MemRd,cpu0,pcie-mmcfg-mmio,0,4,0x300024,00 00 00 00
1791530182214,TX,MemWr,cpu0,pcie-mmcfg-mmio,0,4,0x300024,00 00 00 00
1791530182214,TX,CfgWr,nvme,03:00.0,0,4,0x24,00 00 00 00
1791530182214,TX,MemWr,cpu0,pcie-mmcfg-mmio,0,4,0x300004,00 00 10 00
1791530182214,TX,CfgWr,nvme,03:00.0,0,4,0x4,00 00 10 00
1791530182214,RX,CfgRd,nvme,03:00.0,0,4,0x10,04 00 00 00
1791530182214,TX,MemRd,cpu0,pcie-mmcfg-mmio,0,4,0x300010,04 00 00 00
1791530182214,RX,CfgRd,nvme,03:00.0,0,4,0x18,00 00 00 00
1791530182214,TX,MemRd,cpu0,pcie-mmcfg-mmio,0,4,0x300018,00 00 00 00
1791530182214,RX,CfgRd,nvme,03:00.0,0,4,0x1c,00 00 00 00
1791530182214,TX,MemRd,cpu0,pcie-mmcfg-mmio,0,4,0x30001c,00 00 00 00
1791530182214,RX,CfgRd,nvme,03:00.0,0,4,0x20,00 00 00 00
1791530182214,TX,MemRd,cpu0,pcie-mmcfg-mmio,0,4,0x300020,00 00 00 00
1791530182214,RX,CfgRd,nvme,03:00.0,0,4,0x24,00 00 00 00
1791530182214,TX,MemRd,cpu0,pcie-mmcfg-mmio,0,4,0x300024,00 00 00 00
1791530182214,RX,CfgRd,nvme,03:00.0,0,4,0x4,00 00 10 00
1791530182214,TX,MemRd,cpu0,pcie-mmcfg-mmio,0,4,0x300004,00 00 10 00
1791530182214,TX,MemWr,cpu0,pcie-mmcfg-mmio,0,4,0x300004,00 00 10 00
1791530182214,TX,CfgWr,nvme,03:00.0,0,4,0x4,00 00 10 00
1791530182214,TX,MemWr,cpu0,pcie-mmcfg-mmio,0,4,0x300024,ff ff ff ff
1791530182214,TX,CfgWr,nvme,03:00.0,0,4,0x24,ff ff ff ff
1791530182214,RX,CfgRd,nvme,03:00.0,0,4,0x24,00 00 00 00
1791530182214,TX,MemRd,cpu0,pcie-mmcfg-mmio,0,4,0x300024,00 00 00 00
1791530182214,TX,MemWr,cpu0,pcie-mmcfg-mmio,0,4,0x300024,00 00 00 00
1791530182214,TX,CfgWr,nvme,03:00.0,0,4,0x24,00 00 00 00
1791530182214,TX,MemWr,cpu0,pcie-mmcfg-mmio,0,4,0x300004,00 00 10 00
1791530182214,TX,CfgWr,nvme,03:00.0,0,4,0x4,00 00 10 00
1791530182214,RX,CfgRd,nvme,03:00.0,0,4,0x10,04 00 00 00
1791530182214,TX,MemRd,cpu0,pcie-mmcfg-mmio,0,4,0x300010,04 00 00 00
1791530182214,RX,CfgRd,nvme,03:00.0,0,4,0x18,00 00 00 00
1791530182214,TX,MemRd,cpu0,pcie-mmcfg-mmio,0,4,0x300018,00 00 00 00
1791530182214,RX,CfgRd,nvme,03:00.0,0,4,0x1c,00 00 00 00
1791530182214,TX,MemRd,cpu0,pcie-mmcfg-mmio,0,4,0x30001c,00 00 00 00
1791530182214,RX,CfgRd,nvme,03:00.0,0,4,0x20,00 00 00 00
1791530182214,TX,MemRd,cpu0,pcie-mmcfg-mmio,0,4,0x300020,00 00 00 00
1791530182214,RX,CfgRd,nvme,03:00.0,0,4,0x24,00 00 00 00
1791530182214,TX,MemRd,cpu0,pcie-mmcfg-mmio,0,4,0x300024,00 00 00 00
1791530182214,RX,CfgRd,nvme,03:00.0,0,4,0x10,04 00 00 00
1791530182214,TX,MemRd,cpu0,pcie-mmcfg-mmio,0,4,0x300010,04 00 00 00
1791530182214,RX,CfgRd,nvme,03:00.0,0,4,0x18,00 00 00 00
1791530182214,TX,MemRd,cpu0,pcie-mmcfg-mmio,0,4,0x300018,00 00 00 00
1791530182214,RX,CfgRd,nvme,03:00.0,0,4,0x1c,00 00 00 00
1791530182214,TX,MemRd,cpu0,pcie-mmcfg-mmio,0,4,0x30001c,00 00 00 00
1791530182214,RX,CfgRd,nvme,03:00.0,0,4,0x20,00 00 00 00
1791530182214,TX,MemRd,cpu0,pcie-mmcfg-mmio,0,4,0x300020,00 00 00 00
1791530182214,RX,CfgRd,nvme,03:00.0,0,4,0x24,00 00 00 00
1791530182214,TX,MemRd,cpu0,pcie-mmcfg-mmio,0,4,0x300024,00 00 00 00
1791530182214,RX,CfgRd,nvme,03:00.0,0,4,0x4,00 00 10 00
1791530182214,TX,MemRd,cpu0,pcie-mmcfg-mmio,0,4,0x300004,00 00 10 00
1791530182214,RX,CfgRd,nvme,03:00.0,0,4,0x34,40 00 00 00
1791530182214,TX,MemRd,cpu0,pcie-mmcfg-mmio,0,4,0x300034,40 00 00 00
1791530182214,RX,CfgRd,nvme,03:00.0,0,4,0x40,11 80 40 00
1791530182214,TX,MemRd,cpu0,pcie-mmcfg-mmio,0,4,0x300040,11 80 40 00
1791530182214,RX,CfgRd,nvme,03:00.0,0,4,0x80,10 60 02 00
1791530182214,TX,MemRd,cpu0,pcie-mmcfg-mmio,0,4,0x300080,10 60 02 00
1791530182214,RX,CfgRd,nvme,03:00.0,0,4,0x60,01 00 03 00
1791530182214,TX,MemRd,cpu0,pcie-mmcfg-mmio,0,4,0x300060,01 00 03 00
1791530182214,RX,CfgRd,nvme,03:00.0,0,4,0x100,00 00 00 00
1791530182214,TX,MemRd,cpu0,pcie-mmcfg-mmio,0,4,0x300100,00 00 00 00
1791530182214,RX,CfgRd,nvme,03:00.0,0,4,0x4,00 00 10 00
1791530182214,TX,MemRd,cpu0,pcie-mmcfg-mmio,0,4,0x300004,00 00 10 00
1791530182214,TX,MemWr,cpu0,pcie-mmcfg-mmio,0,4,0x300004,06 00 10 00
1791530182214,TX,CfgWr,nvme,03:00.0,0,4,0x4,06 00 10 00
1791530182214,RX,CfgRd,nvme,03:00.0,0,4,0x4,06 00 10 00
1791530182214,TX,MemRd,cpu0,pcie-mmcfg-mmio,0,4,0x300004,06 00 10 00
1791530182214,RX,CfgRd,nvme,03:00.0,0,4,0x4,06 00 10 00
1791530182214,TX,MemRd,cpu0,pcie-mmcfg-mmio,0,4,0x300004,06 00 10 00
1791530182214,TX,MemWr,cpu0,pcie-mmcfg-mmio,0,4,0x300004,00 00 10 00
1791530182214,TX,CfgWr,nvme,03:00.0,0,4,0x4,00 00 10 00
1791530182214,RX,CfgRd,nvme,03:00.0,0,4,0x3c,00 01 00 00
1791530182214,TX,MemRd,cpu0,pcie-mmcfg-mmio,0,4,0x30003c,00 01 00 00
1791530182214,TX,MemWr,cpu0,gicv3_redist_region[0],0,4,0x80b0100,01 00 00 00
1791530182214,TX,MemRd,cpu0,pcie-mmcfg-mmio,0,4,0x308000,ff ff ff ff
1791530182214,TX,MemRd,cpu0,pcie-mmcfg-mmio,0,4,0x309000,ff ff ff ff
1791530182214,TX,MemRd,cpu0,pcie-mmcfg-mmio,0,4,0x30a000,ff ff ff ff
1791530182214,TX,MemRd,cpu0,pcie-mmcfg-mmio,0,4,0x30b000,ff ff ff ff
1791530182214,TX,MemRd,cpu0,pcie-mmcfg-mmio,0,4,0x30c000,ff ff ff ff
1791530182214,TX,MemRd,cpu0,pcie-mmcfg-mmio,0,4,0x30d000,ff ff ff ff
1791530182214,TX,MemRd,cpu0,pcie-mmcfg-mmio,0,4,0x30e000,ff ff ff ff
1791530182214,TX,MemRd,cpu0,pcie-mmcfg-mmio,0,4,0x30f000,ff ff ff ff
1791530182214,TX,MemRd,cpu0,pcie-mmcfg-mmio,0,4,0x310000,ff ff ff ff
1791530182214,TX,MemRd,cpu0,pcie-mmcfg-mmio,0,4,0x311000,ff ff ff ff
1791530182214,TX,MemRd,cpu0,pcie-mmcfg-mmio,0,4,0x312000,ff ff ff ff
1791530182214,TX,MemRd,cpu0,pcie-mmcfg-mmio,0,4,0x313000,ff ff ff ff
1791530182214,TX,MemRd,cpu0,pcie-mmcfg-mmio,0,4,0x314000,ff ff ff ff
1791530182214,TX,MemRd,cpu0,pcie-mmcfg-mmio,0,4,0x315000,ff ff ff ff
1791530182214,TX,MemRd,cpu0,pcie-mmcfg-mmio,0,4,0x316000,ff ff ff ff
1791530182214,TX,MemRd,cpu0,pcie-mmcfg-mmio,0,4,0x317000,ff ff ff ff
1791530182214,TX,MemRd,cpu0,pcie-mmcfg-mmio,0,4,0x318000,ff ff ff ff
1791530182214,TX,MemRd,cpu0,pcie-mmcfg-mmio,0,4,0x319000,ff ff ff ff
1791530182215,TX,MemRd,cpu0,pcie-mmcfg-mmio,0,4,0x31a000,ff ff ff ff
1791530182215,TX,MemRd,cpu0,pcie-mmcfg-mmio,0,4,0x31b000,ff ff ff ff
1791530182215,TX,MemRd,cpu0,pcie-mmcfg-mmio,0,4,0x31c000,ff ff ff ff
1791530182215,TX,MemRd,cpu0,pcie-mmcfg-mmio,0,4,0x31d000,ff ff ff ff
1791530182215,TX,MemRd,cpu0,pcie-mmcfg-mmio,0,4,0x31e000,ff ff ff ff
1791530182215,TX,MemRd,cpu0,pcie-mmcfg-mmio,0,4,0x31f000,ff ff ff ff
1791530182215,TX,MemRd,cpu0,pcie-mmcfg-mmio,0,4,0x320000,ff ff ff ff
1791530182215,TX,MemRd,cpu0,pcie-mmcfg-mmio,0,4,0x321000,ff ff ff ff
1791530182215,TX,MemRd,cpu0,pcie-mmcfg-mmio,0,4,0x322000,ff ff ff ff
1791530182215,TX,MemRd,cpu0,pcie-mmcfg-mmio,0,4,0x323000,ff ff ff ff
1791530182215,TX,MemRd,cpu0,pcie-mmcfg-mmio,0,4,0x324000,ff ff ff ff
1791530182215,TX,MemRd,cpu0,pcie-mmcfg-mmio,0,4,0x325000,ff ff ff ff
1791530182215,TX,MemRd,cpu0,pcie-mmcfg-mmio,0,4,0x326000,ff ff ff ff
1791530182215,TX,MemRd,cpu0,pcie-mmcfg-mmio,0,4,0x327000,ff ff ff ff
1791530182215,TX,MemRd,cpu0,pcie-mmcfg-mmio,0,4,0x328000,ff ff ff ff
1791530182215,TX,MemRd,cpu0,pcie-mmcfg-mmio,0,4,0x329000,ff ff ff ff
1791530182215,TX,MemRd,cpu0,pcie-mmcfg-mmio,0,4,0x32a000,ff ff ff ff
1791530182215,TX,MemRd,cpu0,pcie-mmcfg-mmio,0,4,0x32b000,ff ff ff ff
1791530182215,TX,MemRd,cpu0,pcie-mmcfg-mmio,0,4,0x32c000,ff ff ff ff
1791530182215,TX,MemRd,cpu0,pcie-mmcfg-mmio,0,4,0x32d000,ff ff ff ff
1791530182215,TX,MemRd,cpu0,pcie-mmcfg-mmio,0,4,0x32e000,ff ff ff ff
1791530182215,TX,MemRd,cpu0,pcie-mmcfg-mmio,0,4,0x32f000,ff ff ff ff
1791530182215,TX,MemRd,cpu0,pcie-mmcfg-mmio,0,4,0x330000,ff ff ff ff
1791530182215,TX,MemRd,cpu0,pcie-mmcfg-mmio,0,4,0x331000,ff ff ff ff
1791530182215,TX,MemRd,cpu0,pcie-mmcfg-mmio,0,4,0x332000,ff ff ff ff
1791530182215,TX,MemRd,cpu0,pcie-mmcfg-mmio,0,4,0x333000,ff ff ff ff
1791530182215,TX,MemRd,cpu0,pcie-mmcfg-mmio,0,4,0x334000,ff ff ff ff
1791530182215,TX,MemRd,cpu0,pcie-mmcfg-mmio,0,4,0x335000,ff ff ff ff
1791530182215,TX,MemRd,cpu0,pcie-mmcfg-mmio,0,4,0x336000,ff ff ff ff
1791530182215,TX,MemRd,cpu0,pcie-mmcfg-mmio,0,4,0x337000,ff ff ff ff
1791530182215,TX,MemRd,cpu0,pcie-mmcfg-mmio,0,4,0x338000,ff ff ff ff
1791530182215,TX,MemRd,cpu0,pcie-mmcfg-mmio,0,4,0x339000,ff ff ff ff
1791530182215,TX,MemRd,cpu0,pcie-mmcfg-mmio,0,4,0x33a000,ff ff ff ff
1791530182215,TX,MemRd,cpu0,pcie-mmcfg-mmio,0,4,0x33b000,ff ff ff ff
1791530182215,TX,MemRd,cpu0,pcie-mmcfg-mmio,0,4,0x33c000,ff ff ff ff
1791530182215,TX,MemRd,cpu0,pcie-mmcfg-mmio,0,4,0x33d000,ff ff ff ff
1791530182215,TX,MemRd,cpu0,pcie-mmcfg-mmio,0,4,0x33e000,ff ff ff ff
1791530182215,TX,MemRd,cpu0,pcie-mmcfg-mmio,0,4,0x33f000,ff ff ff ff
1791530182215,TX,MemRd,cpu0,pcie-mmcfg-mmio,0,4,0x340000,ff ff ff ff
1791530182215,TX,MemRd,cpu0,pcie-mmcfg-mmio,0,4,0x341000,ff ff ff ff
1791530182215,TX,MemRd,cpu0,pcie-mmcfg-mmio,0,4,0x342000,ff ff ff ff
1791530182215,TX,MemRd,cpu0,pcie-mmcfg-mmio,0,4,0x343000,ff ff ff ff
1791530182215,TX,MemRd,cpu0,pcie-mmcfg-mmio,0,4,0x344000,ff ff ff ff
1791530182215,TX,MemRd,cpu0,pcie-mmcfg-mmio,0,4,0x345000,ff ff ff ff
1791530182215,TX,MemRd,cpu0,pcie-mmcfg-mmio,0,4,0x346000,ff ff ff ff
1791530182215,TX,MemRd,cpu0,pcie-mmcfg-mmio,0,4,0x347000,ff ff ff ff
1791530182215,TX,MemRd,cpu0,pcie-mmcfg-mmio,0,4,0x348000,ff ff ff ff
1791530182215,TX,MemRd,cpu0,pcie-mmcfg-mmio,0,4,0x349000,ff ff ff ff
1791530182215,TX,MemRd,cpu0,pcie-mmcfg-mmio,0,4,0x34a000,ff ff ff ff
1791530182215,TX,MemRd,cpu0,pcie-mmcfg-mmio,0,4,0x34b000,ff ff ff ff
1791530182215,TX,MemRd,cpu0,pcie-mmcfg-mmio,0,4,0x34c000,ff ff ff ff
1791530182215,TX,MemRd,cpu0,pcie-mmcfg-mmio,0,4,0x34d000,ff ff ff ff
1791530182215,TX,MemRd,cpu0,pcie-mmcfg-mmio,0,4,0x34e000,ff ff ff ff
1791530182215,TX,MemRd,cpu0,pcie-mmcfg-mmio,0,4,0x34f000,ff ff ff ff
1791530182215,TX,MemRd,cpu0,pcie-mmcfg-mmio,0,4,0x350000,ff ff ff ff
1791530182215,TX,MemRd,cpu0,pcie-mmcfg-mmio,0,4,0x351000,ff ff ff ff
1791530182215,TX,MemRd,cpu0,pcie-mmcfg-mmio,0,4,0x352000,ff ff ff ff
1791530182215,TX,MemRd,cpu0,pcie-mmcfg-mmio,0,4,0x353000,ff ff ff ff
1791530182215,TX,MemRd,cpu0,pcie-mmcfg-mmio,0,4,0x354000,ff ff ff ff
1791530182215,TX,MemRd,cpu0,pcie-mmcfg-mmio,0,4,0x355000,ff ff ff ff
1791530182215,TX,MemRd,cpu0,pcie-mmcfg-mmio,0,4,0x356000,ff ff ff ff
1791530182215,TX,MemRd,cpu0,pcie-mmcfg-mmio,0,4,0x357000,ff ff ff ff
1791530182215,TX,MemRd,cpu0,pcie-mmcfg-mmio,0,4,0x358000,ff ff ff ff
1791530182215,TX,MemRd,cpu0,pcie-mmcfg-mmio,0,4,0x359000,ff ff ff ff
1791530182215,TX,MemRd,cpu0,pcie-mmcfg-mmio,0,4,0x35a000,ff ff ff ff
1791530182215,TX,MemRd,cpu0,pcie-mmcfg-mmio,0,4,0x35b000,ff ff ff ff
1791530182215,TX,MemRd,cpu0,pcie-mmcfg-mmio,0,4,0x35c000,ff ff ff ff
1791530182215,TX,MemRd,cpu0,pcie-mmcfg-mmio,0,4,0x35d000,ff ff ff ff
1791530182215,TX,MemRd,cpu0,pcie-mmcfg-mmio,0,4,0x35e000,ff ff ff ff
1791530182215,TX,MemRd,cpu0,pcie-mmcfg-mmio,0,4,0x35f000,ff ff ff ff
1791530182215,TX,MemRd,cpu0,pcie-mmcfg-mmio,0,4,0x360000,ff ff ff ff
1791530182215,TX,MemRd,cpu0,pcie-mmcfg-mmio,0,4,0x361000,ff ff ff ff
1791530182215,TX,MemRd,cpu0,pcie-mmcfg-mmio,0,4,0x362000,ff ff ff ff
1791530182215,TX,MemRd,cpu0,pcie-mmcfg-mmio,0,4,0x363000,ff ff ff ff
1791530182215,TX,MemRd,cpu0,pcie-mmcfg-mmio,0,4,0x364000,ff ff ff ff
1791530182215,TX,MemRd,cpu0,pcie-mmcfg-mmio,0,4,0x365000,ff ff ff ff
1791530182215,TX,MemRd,cpu0,pcie-mmcfg-mmio,0,4,0x366000,ff ff ff ff
1791530182215,TX,MemRd,cpu0,pcie-mmcfg-mmio,0,4,0x367000,ff ff ff ff
1791530182215,TX,MemRd,cpu0,pcie-mmcfg-mmio,0,4,0x368000,ff ff ff ff
1791530182215,TX,MemRd,cpu0,pcie-mmcfg-mmio,0,4,0x369000,ff ff ff ff
1791530182215,TX,MemRd,cpu0,pcie-mmcfg-mmio,0,4,0x36a000,ff ff ff ff
1791530182215,TX,MemRd,cpu0,pcie-mmcfg-mmio,0,4,0x36b000,ff ff ff ff
1791530182215,TX,MemRd,cpu0,pcie-mmcfg-mmio,0,4,0x36c000,ff ff ff ff
1791530182215,TX,MemRd,cpu0,pcie-mmcfg-mmio,0,4,0x36d000,ff ff ff ff
1791530182215,TX,MemRd,cpu0,pcie-mmcfg-mmio,0,4,0x36e000,ff ff ff ff
1791530182215,TX,MemRd,cpu0,pcie-mmcfg-mmio,0,4,0x36f000,ff ff ff ff
1791530182215,TX,MemRd,cpu0,pcie-mmcfg-mmio,0,4,0x370000,ff ff ff ff
1791530182215,TX,MemRd,cpu0,pcie-mmcfg-mmio,0,4,0x371000,ff ff ff ff
1791530182215,TX,MemRd,cpu0,pcie-mmcfg-mmio,0,4,0x372000,ff ff ff ff
1791530182215,TX,MemRd,cpu0,pcie-mmcfg-mmio,0,4,0x373000,ff ff ff ff
1791530182215,TX,MemRd,cpu0,pcie-mmcfg-mmio,0,4,0x374000,ff ff ff ff
1791530182215,TX,MemRd,cpu0,pcie-mmcfg-mmio,0,4,0x375000,ff ff ff ff
1791530182215,TX,MemRd,cpu0,pcie-mmcfg-mmio,0,4,0x376000,ff ff ff ff
1791530182215,TX,MemRd,cpu0,pcie-mmcfg-mmio,0,4,0x377000,ff ff ff ff
1791530182215,TX,MemRd,cpu0,pcie-mmcfg-mmio,0,4,0x378000,ff ff ff ff
1791530182215,TX,MemRd,cpu0,pcie-mmcfg-mmio,0,4,0x379000,ff ff ff ff
1791530182215,TX,MemRd,cpu0,pcie-mmcfg-mmio,0,4,0x37a000,ff ff ff ff
1791530182215,TX,MemRd,cpu0,pcie-mmcfg-mmio,0,4,0x37b000,ff ff ff ff
1791530182215,TX,MemRd,cpu0,pcie-mmcfg-mmio,0,4,0x37c000,ff ff ff ff
1791530182215,TX,MemRd,cpu0,pcie-mmcfg-mmio,0,4,0x37d000,ff ff ff ff
1791530182215,TX,MemRd,cpu0,pcie-mmcfg-mmio,0,4,0x37e000,ff ff ff ff
1791530182215,TX,MemRd,cpu0,pcie-mmcfg-mmio,0,4,0x37f000,ff ff ff ff
1791530182215,TX,MemRd,cpu0,pcie-mmcfg-mmio,0,4,0x380000,ff ff ff ff
1791530182215,TX,MemRd,cpu0,pcie-mmcfg-mmio,0,4,0x381000,ff ff ff ff
1791530182215,TX,MemRd,cpu0,pcie-mmcfg-mmio,0,4,0x382000,ff ff ff ff
1791530182215,TX,MemRd,cpu0,pcie-mmcfg-mmio,0,4,0x383000,ff ff ff ff
1791530182215,TX,MemRd,cpu0,pcie-mmcfg-mmio,0,4,0x384000,ff ff ff ff
1791530182215,TX,MemRd,cpu0,pcie-mmcfg-mmio,0,4,0x385000,ff ff ff ff
1791530182215,TX,MemRd,cpu0,pcie-mmcfg-mmio,0,4,0x386000,ff ff ff ff
1791530182215,TX,MemRd,cpu0,pcie-mmcfg-mmio,0,4,0x387000,ff ff ff ff
1791530182215,TX,MemRd,cpu0,pcie-mmcfg-mmio,0,4,0x388000,ff ff ff ff
1791530182215,TX,MemRd,cpu0,pcie-mmcfg-mmio,0,4,0x389000,ff ff ff ff
1791530182215,TX,MemRd,cpu0,pcie-mmcfg-mmio,0,4,0x38a000,ff ff ff ff
1791530182215,TX,MemRd,cpu0,pcie-mmcfg-mmio,0,4,0x38b000,ff ff ff ff
1791530182215,TX,MemRd,cpu0,pcie-mmcfg-mmio,0,4,0x38c000,ff ff ff ff
1791530182215,TX,MemRd,cpu0,pcie-mmcfg-mmio,0,4,0x38d000,ff ff ff ff
1791530182215,TX,MemRd,cpu0,pcie-mmcfg-mmio,0,4,0x38e000,ff ff ff ff
1791530182215,TX,MemRd,cpu0,pcie-mmcfg-mmio,0,4,0x38f000,ff ff ff ff
1791530182215,TX,MemRd,cpu0,pcie-mmcfg-mmio,0,4,0x390000,ff ff ff ff
1791530182215,TX,MemRd,cpu0,pcie-mmcfg-mmio,0,4,0x391000,ff ff ff ff
