timestamp_ns,direction,type,requester_id,completer_id,tag,length,addr,payload
1791530183057,RX,CfgRd,gpex-root,00:00.0,0,4,0x0,36 1b 08 00
1791530183057,RX,CfgRd,gpex-root,00:00.0,0,4,0x8,00 00 00 06
1791530183057,RX,CfgRd,gpex-root,00:00.0,0,4,0xc,00 00 00 00
1791530183057,RX,CfgRd,gpex-root,00:00.0,0,4,0x10,00 00 00 00
1791530183057,TX,CfgWr,gpex-root,00:00.0,0,4,0x10,ff ff ff ff
1791530183057,RX,CfgRd,gpex-root,00:00.0,0,4,0x10,00 00 00 00
1791530183057,TX,CfgWr,gpex-root,00:00.0,0,4,0x10,00 00 00 00
1791530183057,RX,CfgRd,gpex-root,00:00.0,0,4,0x14,00 00 00 00
1791530183057,TX,CfgWr,gpex-root,00:00.0,0,4,0x14,ff ff ff ff
1791530183057,RX,CfgRd,gpex-root,00:00.0,0,4,0x14,00 00 00 00
1791530183057,TX,CfgWr,gpex-root,00:00.0,0,4,0x14,00 00 00 00
1791530183057,RX,CfgRd,gpex-root,00:00.0,0,4,0x18,00 00 00 00
1791530183057,TX,CfgWr,gpex-root,00:00.0,0,4,0x18,ff ff ff ff
1791530183057,RX,CfgRd,gpex-root,00:00.0,0,4,0x18,00 00 00 00
1791530183057,TX,CfgWr,gpex-root,00:00.0,0,4,0x18,00 00 00 00
1791530183057,RX,CfgRd,gpex-root,00:00.0,0,4,0x1c,00 00 00 00
1791530183057,TX,CfgWr,gpex-root,00:00.0,0,4,0x1c,ff ff ff ff
1791530183057,RX,CfgRd,gpex-root,00:00.0,0,4,0x1c,00 00 00 00
1791530183057,TX,CfgWr,gpex-root,00:00.0,0,4,0x1c,00 00 00 00
1791530183057,RX,CfgRd,gpex-root,00:00.0,0,4,0x20,00 00 00 00
1791530183057,TX,CfgWr,gpex-root,00:00.0,0,4,0x20,ff ff ff ff
1791530183057,RX,CfgRd,gpex-root,00:00.0,0,4,0x20,00 00 00 00
1791530183057,TX,CfgWr,gpex-root,00:00.0,0,4,0x20,00 00 00 00
1791530183057,RX,CfgRd,gpex-root,00:00.0,0,4,0x24,00 00 00 00
1791530183057,TX,CfgWr,gpex-root,00:00.0,0,4,0x24,ff ff ff ff
1791530183057,RX,CfgRd,gpex-root,00:00.0,0,4,0x24,00 00 00 00
1791530183057,TX,CfgWr,gpex-root,00:00.0,0,4,0x24,00 00 00 00
1791530183057,RX,CfgRd,pcie-root-port,00:01.0,0,4,0x0,36 1b 0c 00
1791530183057,RX,CfgRd,pcie-root-port,00:01.0,0,4,0x8,00 00 04 06
1791530183057,RX,CfgRd,pcie-root-port,00:01.0,0,4,0xc,00 00 81 00
1791530183057,RX,CfgRd,pcie-root-port,00:01.0,0,4,0x8,00 00 04 06
1791530183057,RX,CfgRd,pcie-root-port,00:01.0,0,4,0x18,00 00 00 00
1791530183058,RX,CfgRd,pcie-root-port,00:01.0,0,4,0x10,00 00 00 00
1791530183058,TX,CfgWr,pcie-root-port,00:01.0,0,4,0x10,ff ff ff ff
1791530183058,RX,CfgRd,pcie-root-port,00:01.0,0,4,0x10,00 f0 ff ff
1791530183058,TX,CfgWr,pcie-root-port,00:01.0,0,4,0x10,00 00 00 00
1791530183058,TX,CfgWr,pcie-root-port,00:01.0,0,4,0x10,00 00 00 10
1791530183058,RX,CfgRd,pcie-root-port,00:01.0,0,4,0x14,00 00 00 00
1791530183058,TX,CfgWr,pcie-root-port,00:01.0,0,4,0x14,ff ff ff ff
1791530183058,RX,CfgRd,pcie-root-port,00:01.0,0,4,0x14,00 00 00 00
1791530183058,TX,CfgWr,pcie-root-port,00:01.0,0,4,0x14,00 00 00 00
1791530183058,TX,CfgWr,pcie-root-port,00:01.0,0,4,0x18,00 01 ff 00
1791530183058,RX,CfgRd,pcie-root-port,00:01.0,0,4,0x1c,f0 00 00 00
1791530183058,RX,CfgRd,pcie-root-port,00:01.0,0,4,0x30,00 00 00 00
1791530183058,TX,CfgWr,pcie-root-port,00:01.0,0,4,0x1c,f0 00 00 00
1791530183058,TX,CfgWr,pcie-root-port,00:01.0,0,4,0x30,00 00 00 00
1791530183058,RX,CfgRd,pcie-root-port,00:01.0,0,4,0x4,00 00 10 00
1791530183058,TX,CfgWr,pcie-root-port,00:01.0,0,4,0x4,01 00 10 00
1791530183058,RX,CfgRd,pcie-root-port,00:01.0,0,4,0x20,f0 ff 00 00
1791530183058,TX,CfgWr,pcie-root-port,00:01.0,0,4,0x20,10 10 00 00
1791530183058,RX,CfgRd,pcie-root-port,00:01.0,0,4,0x4,01 00 10 00
1791530183058,TX,CfgWr,pcie-root-port,00:01.0,0,4,0x4,03 00 10 00
1791530183058,RX,CfgRd,pcie-root-port,00:01.0,0,4,0x24,f1 ff 01 00
1791530183058,TX,CfgWr,pcie-root-port,00:01.0,0,4,0x24,00 00 01 00
1791530183058,TX,CfgWr,pcie-root-port,00:01.0,0,4,0x28,80 00 00 00
1791530183058,RX,CfgRd,pcie-root-port,00:01.0,0,4,0x4,03 00 10 00
1791530183058,TX,CfgWr,pcie-root-port,00:01.0,0,4,0x4,03 00 10 00
1791530183058,RX,CfgRd,pcie-root-port,00:01.0,0,4,0x4,03 00 10 00
1791530183058,TX,CfgWr,pcie-root-port,00:01.0,0,4,0x4,07 00 10 00
1791530183058,RX,CfgRd,x3130-upstream,01:00.0,0,4,0x0,4c 10 32 82
1791530183058,RX,CfgRd,x3130-upstream,01:00.0,0,4,0x8,02 00 04 06
1791530183058,RX,CfgRd,x3130-upstream,01:00.0,0,4,0xc,00 00 01 00
1791530183058,RX,CfgRd,x3130-upstream,01:00.0,0,4,0x8,02 00 04 06
1791530183058,RX,CfgRd,x3130-upstream,01:00.0,0,4,0x18,00 00 00 00
1791530183058,RX,CfgRd,x3130-upstream,01:00.0,0,4,0x10,00 00 00 00
1791530183058,TX,CfgWr,x3130-upstream,01:00.0,0,4,0x10,ff ff ff ff
1791530183058,RX,CfgRd,x3130-upstream,01:00.0,0,4,0x10,00 00 00 00
1791530183058,TX,CfgWr,x3130-upstream,01:00.0,0,4,0x10,00 00 00 00
1791530183058,RX,CfgRd,x3130-upstream,01:00.0,0,4,0x14,00 00 00 00
1791530183058,TX,CfgWr,x3130-upstream,01:00.0,0,4,0x14,ff ff ff ff
1791530183058,RX,CfgRd,x3130-upstream,01:00.0,0,4,0x14,00 00 00 00
1791530183058,TX,CfgWr,x3130-upstream,01:00.0,0,4,0x14,00 00 00 00
1791530183058,TX,CfgWr,x3130-upstream,01:00.0,0,4,0x18,01 02 ff 00
1791530183058,RX,CfgRd,x3130-upstream,01:00.0,0,4,0x1c,00 00 00 00
1791530183058,RX,CfgRd,x3130-upstream,01:00.0,0,4,0x30,00 00 00 00
1791530183058,TX,CfgWr,x3130-upstream,01:00.0,0,4,0x1c,00 00 00 00
1791530183058,TX,CfgWr,x3130-upstream,01:00.0,0,4,0x30,00 00 00 00
1791530183058,RX,CfgRd,x3130-upstream,01:00.0,0,4,0x4,00 00 10 00
1791530183058,TX,CfgWr,x3130-upstream,01:00.0,0,4,0x4,01 00 10 00
1791530183058,RX,CfgRd,x3130-upstream,01:00.0,0,4,0x20,00 00 00 00
1791530183058,TX,CfgWr,x3130-upstream,01:00.0,0,4,0x20,10 10 00 00
1791530183058,RX,CfgRd,x3130-upstream,01:00.0,0,4,0x4,01 00 10 00
1791530183058,TX,CfgWr,x3130-upstream,01:00.0,0,4,0x4,03 00 10 00
1791530183058,RX,CfgRd,x3130-upstream,01:00.0,0,4,0x24,01 00 01 00
1791530183058,TX,CfgWr,x3130-upstream,01:00.0,0,4,0x24,00 00 01 00
1791530183058,TX,CfgWr,x3130-upstream,01:00.0,0,4,0x28,80 00 00 00
1791530183058,RX,CfgRd,x3130-upstream,01:00.0,0,4,0x4,03 00 10 00
1791530183058,TX,CfgWr,x3130-upstream,01:00.0,0,4,0x4,03 00 10 00
1791530183058,RX,CfgRd,x3130-upstream,01:00.0,0,4,0x4,03 00 10 00
1791530183058,TX,CfgWr,x3130-upstream,01:00.0,0,4,0x4,07 00 10 00
1791530183058,RX,CfgRd,xio3130-downstream,02:00.0,0,4,0x0,4c 10 33 82
1791530183058,RX,CfgRd,xio3130-downstream,02:00.0,0,4,0x8,01 00 04 06
1791530183058,RX,CfgRd,xio3130-downstream,02:00.0,0,4,0xc,00 00 81 00
1791530183058,RX,CfgRd,xio3130-downstream,02:00.0,0,4,0x8,01 00 04 06
1791530183058,RX,CfgRd,xio3130-downstream,02:00.0,0,4,0x18,00 00 00 00
1791530183058,RX,CfgRd,xio3130-downstream,02:00.0,0,4,0x10,00 00 00 00
1791530183058,TX,CfgWr,xio3130-downstream,02:00.0,0,4,0x10,ff ff ff ff
1791530183058,RX,CfgRd,xio3130-downstream,02:00.0,0,4,0x10,00 00 00 00
1791530183058,TX,CfgWr,xio3130-downstream,02:00.0,0,4,0x10,00 00 00 00
1791530183058,RX,CfgRd,xio3130-downstream,02:00.0,0,4,0x14,00 00 00 00
1791530183058,TX,CfgWr,xio3130-downstream,02:00.0,0,4,0x14,ff ff ff ff
1791530183058,RX,CfgRd,xio3130-downstream,02:00.0,0,4,0x14,00 00 00 00
1791530183058,TX,CfgWr,xio3130-downstream,02:00.0,0,4,0x14,00 00 00 00
1791530183058,TX,CfgWr,xio3130-downstream,02:00.0,0,4,0x18,02 03 ff 00
1791530183058,RX,CfgRd,xio3130-downstream,02:00.0,0,4,0x1c,00 00 00 00
1791530183058,RX,CfgRd,xio3130-downstream,02:00.0,0,4,0x30,00 00 00 00
1791530183058,TX,CfgWr,xio3130-downstream,02:00.0,0,4,0x1c,00 00 00 00
1791530183058,TX,CfgWr,xio3130-downstream,02:00.0,0,4,0x30,00 00 00 00
1791530183058,RX,CfgRd,xio3130-downstream,02:00.0,0,4,0x4,00 00 10 00
1791530183058,TX,CfgWr,xio3130-downstream,02:00.0,0,4,0x4,01 00 10 00
1791530183058,RX,CfgRd,xio3130-downstream,02:00.0,0,4,0x20,00 00 00 00
1791530183058,TX,CfgWr,xio3130-downstream,02:00.0,0,4,0x20,10 10 00 00
1791530183058,RX,CfgRd,xio3130-downstream,02:00.0,0,4,0x4,01 00 10 00
1791530183058,TX,CfgWr,xio3130-downstream,02:00.0,0,4,0x4,03 00 10 00
1791530183058,RX,CfgRd,xio3130-downstream,02:00.0,0,4,0x24,01 00 01 00
1791530183058,TX,CfgWr,xio3130-downstream,02:00.0,0,4,0x24,00 00 01 00
1791530183058,TX,CfgWr,xio3130-downstream,02:00.0,0,4,0x28,80 00 00 00
1791530183058,RX,CfgRd,xio3130-downstream,02:00.0,0,4,0x4,03 00 10 00
1791530183058,TX,CfgWr,xio3130-downstream,02:00.0,0,4,0x4,03 00 10 00
1791530183058,RX,CfgRd,xio3130-downstream,02:00.0,0,4,0x4,03 00 10 00
1791530183058,TX,CfgWr,xio3130-downstream,02:00.0,0,4,0x4,07 00 10 00
1791530183058,RX,CfgRd,nvme,03:00.0,0,4,0x0,36 1b 10 00
1791530183058,RX,CfgRd,nvme,03:00.0,0,4,0x8,02 02 08 01
1791530183058,RX,CfgRd,nvme,03:00.0,0,4,0xc,00 00 00 00
1791530183058,RX,CfgRd,nvme,03:00.0,0,4,0x10,04 00 00 00
1791530183058,RX,CfgRd,nvme,03:00.0,0,4,0x14,00 00 00 00
1791530183058,TX,CfgWr,nvme,03:00.0,0,4,0x10,ff ff ff ff
1791530183058,RX,CfgRd,nvme,03:00.0,0,4,0x10,04 c0 ff ff
1791530183058,TX,CfgWr,nvme,03:00.0,0,4,0x10,04 00 00 00
1791530183058,TX,CfgWr,nvme,03:00.0,0,4,0x14,ff ff ff ff
1791530183058,RX,CfgRd,nvme,03:00.0,0,4,0x14,ff ff ff ff
1791530183058,TX,CfgWr,nvme,03:00.0,0,4,0x14,00 00 00 00
1791530183058,TX,CfgWr,nvme,03:00.0,0,4,0x10,00 00 00 00
1791530183058,TX,CfgWr,nvme,03:00.0,0,4,0x14,80 00 00 00
1791530183058,RX,CfgRd,nvme,03:00.0,0,4,0x18,00 00 00 00
1791530183058,TX,CfgWr,nvme,03:00.0,0,4,0x18,ff ff ff ff
1791530183058,RX,CfgRd,nvme,03:00.0,0,4,0x18,00 00 00 00
1791530183058,TX,CfgWr,nvme,03:00.0,0,4,0x18,00 00 00 00
1791530183058,RX,CfgRd,nvme,03:00.0,0,4,0x1c,00 00 00 00
1791530183058,TX,CfgWr,nvme,03:00.0,0,4,0x1c,ff ff ff ff
1791530183058,RX,CfgRd,nvme,03:00.0,0,4,0x1c,00 00 00 00
1791530183058,TX,CfgWr,nvme,03:00.0,0,4,0x1c,00 00 00 00
1791530183058,RX,CfgRd,nvme,03:00.0,0,4,0x20,00 00 00 00
1791530183058,TX,CfgWr,nvme,03:00.0,0,4,0x20,ff ff ff ff
1791530183059,RX,CfgRd,nvme,03:00.0,0,4,0x20,00 00 00 00
1791530183059,TX,CfgWr,nvme,03:00.0,0,4,0x20,00 00 00 00
1791530183059,RX,CfgRd,nvme,03:00.0,0,4,0x24,00 00 00 00
1791530183059,TX,CfgWr,nvme,03:00.0,0,4,0x24,ff ff ff ff
1791530183059,RX,CfgRd,nvme,03:00.0,0,4,0x24,00 00 00 00
1791530183059,TX,CfgWr,nvme,03:00.0,0,4,0x24,00 00 00 00
1791530183060,RX,CfgRd,xio3130-downstream,02:00.0,0,4,0x18,02 03 ff 00
1791530183060,TX,CfgWr,xio3130-downstream,02:00.0,0,4,0x18,02 03 03 00
1791530183060,RX,CfgRd,xio3130-downstream,02:00.0,0,4,0x1c,00 00 00 00
1791530183060,RX,CfgRd,xio3130-downstream,02:00.0,0,4,0x30,00 00 00 00
1791530183060,TX,CfgWr,xio3130-downstream,02:00.0,0,4,0x1c,00 00 00 00
1791530183060,TX,CfgWr,xio3130-downstream,02:00.0,0,4,0x30,00 00 00 00
1791530183060,RX,CfgRd,xio3130-downstream,02:00.0,0,4,0x20,10 10 00 00
1791530183060,TX,CfgWr,xio3130-downstream,02:00.0,0,4,0x20,10 10 0f 10
1791530183060,RX,CfgRd,xio3130-downstream,02:00.0,0,4,0x24,01 00 01 00
1791530183060,TX,CfgWr,xio3130-downstream,02:00.0,0,4,0x24,01 00 0f 00
1791530183060,TX,CfgWr,xio3130-downstream,02:00.0,0,4,0x2c,80 00 00 00
1791530183060,RX,CfgRd,xio3130-downstream,02:00.1,0,4,0x0,4c 10 33 82
1791530183060,RX,CfgRd,xio3130-downstream,02:00.1,0,4,0x8,01 00 04 06
1791530183060,RX,CfgRd,xio3130-downstream,02:00.1,0,4,0xc,00 00 01 00
1791530183060,RX,CfgRd,xio3130-downstream,02:00.1,0,4,0x8,01 00 04 06
1791530183060,RX,CfgRd,xio3130-downstream,02:00.1,0,4,0x18,00 00 00 00
1791530183060,RX,CfgRd,xio3130-downstream,02:00.1,0,4,0x10,00 00 00 00
1791530183060,TX,CfgWr,xio3130-downstream,02:00.1,0,4,0x10,ff ff ff ff
1791530183060,RX,CfgRd,xio3130-downstream,02:00.1,0,4,0x10,00 00 00 00
1791530183060,TX,CfgWr,xio3130-downstream,02:00.1,0,4,0x10,00 00 00 00
1791530183060,RX,CfgRd,xio3130-downstream,02:00.1,0,4,0x14,00 00 00 00
1791530183060,TX,CfgWr,xio3130-downstream,02:00.1,0,4,0x14,ff ff ff ff
1791530183060,RX,CfgRd,xio3130-downstream,02:00.1,0,4,0x14,00 00 00 00
1791530183060,TX,CfgWr,xio3130-downstream,02:00.1,0,4,0x14,00 00 00 00
1791530183060,TX,CfgWr,xio3130-downstream,02:00.1,0,4,0x18,02 04 ff 00
1791530183060,RX,CfgRd,xio3130-downstream,02:00.1,0,4,0x1c,00 00 00 00
1791530183060,RX,CfgRd,xio3130-downstream,02:00.1,0,4,0x30,00 00 00 00
1791530183060,TX,CfgWr,xio3130-downstream,02:00.1,0,4,0x1c,00 00 00 00
1791530183060,TX,CfgWr,xio3130-downstream,02:00.1,0,4,0x30,00 00 00 00
1791530183060,RX,CfgRd,xio3130-downstream,02:00.1,0,4,0x4,00 00 10 00
1791530183060,TX,CfgWr,xio3130-downstream,02:00.1,0,4,0x4,01 00 10 00
1791530183060,RX,CfgRd,xio3130-downstream,02:00.1,0,4,0x20,00 00 00 00
1791530183060,TX,CfgWr,xio3130-downstream,02:00.1,0,4,0x20,10 10 00 00
1791530183060,RX,CfgRd,xio3130-downstream,02:00.1,0,4,0x4,01 00 10 00
1791530183060,TX,CfgWr,xio3130-downstream,02:00.1,0,4,0x4,03 00 10 00
1791530183060,RX,CfgRd,xio3130-downstream,02:00.1,0,4,0x24,01 00 01 00
1791530183060,TX,CfgWr,xio3130-downstream,02:00.1,0,4,0x24,10 00 01 00
1791530183060,TX,CfgWr,xio3130-downstream,02:00.1,0,4,0x28,80 00 00 00
1791530183060,RX,CfgRd,xio3130-downstream,02:00.1,0,4,0x4,03 00 10 00
1791530183060,TX,CfgWr,xio3130-downstream,02:00.1,0,4,0x4,03 00 10 00
1791530183060,RX,CfgRd,xio3130-downstream,02:00.1,0,4,0x4,03 00 10 00
1791530183060,TX,CfgWr,xio3130-downstream,02:00.1,0,4,0x4,07 00 10 00
1791530183060,RX,CfgRd,nvme,04:00.0,0,4,0x0,36 1b 10 00
1791530183060,RX,CfgRd,nvme,04:00.0,0,4,0x8,02 02 08 01
1791530183060,RX,CfgRd,nvme,04:00.0,0,4,0xc,00 00 00 00
1791530183060,RX,CfgRd,nvme,04:00.0,0,4,0x10,04 00 00 00
1791530183060,RX,CfgRd,nvme,04:00.0,0,4,0x14,00 00 00 00
1791530183061,TX,CfgWr,nvme,04:00.0,0,4,0x10,ff ff ff ff
1791530183061,RX,CfgRd,nvme,04:00.0,0,4,0x10,04 c0 ff ff
1791530183061,TX,CfgWr,nvme,04:00.0,0,4,0x10,04 00 00 00
1791530183061,TX,CfgWr,nvme,04:00.0,0,4,0x14,ff ff ff ff
1791530183061,RX,CfgRd,nvme,04:00.0,0,4,0x14,ff ff ff ff
1791530183061,TX,CfgWr,nvme,04:00.0,0,4,0x14,00 00 00 00
1791530183061,TX,CfgWr,nvme,04:00.0,0,4,0x10,00 00 10 00
1791530183061,TX,CfgWr,nvme,04:00.0,0,4,0x14,80 00 00 00
1791530183061,RX,CfgRd,nvme,04:00.0,0,4,0x18,00 00 00 00
1791530183061,TX,CfgWr,nvme,04:00.0,0,4,0x18,ff ff ff ff
1791530183061,RX,CfgRd,nvme,04:00.0,0,4,0x18,00 00 00 00
1791530183061,TX,CfgWr,nvme,04:00.0,0,4,0x18,00 00 00 00
1791530183061,RX,CfgRd,nvme,04:00.0,0,4,0x1c,00 00 00 00
1791530183061,TX,CfgWr,nvme,04:00.0,0,4,0x1c,ff ff ff ff
1791530183061,RX,CfgRd,nvme,04:00.0,0,4,0x1c,00 00 00 00
1791530183061,TX,CfgWr,nvme,04:00.0,0,4,0x1c,00 00 00 00
1791530183061,RX,CfgRd,nvme,04:00.0,0,4,0x20,00 00 00 00
1791530183061,TX,CfgWr,nvme,04:00.0,0,4,0x20,ff ff ff ff
1791530183061,RX,CfgRd,nvme,04:00.0,0,4,0x20,00 00 00 00
1791530183061,TX,CfgWr,nvme,04:00.0,0,4,0x20,00 00 00 00
1791530183061,RX,CfgRd,nvme,04:00.0,0,4,0x24,00 00 00 00
1791530183061,TX,CfgWr,nvme,04:00.0,0,4,0x24,ff ff ff ff
1791530183061,RX,CfgRd,nvme,04:00.0,0,4,0x24,00 00 00 00
1791530183061,TX,CfgWr,nvme,04:00.0,0,4,0x24,00 00 00 00
1791530183062,RX,CfgRd,xio3130-downstream,02:00.1,0,4,0x18,02 04 ff 00
1791530183062,TX,CfgWr,xio3130-downstream,02:00.1,0,4,0x18,02 04 04 00
1791530183062,RX,CfgRd,xio3130-downstream,02:00.1,0,4,0x1c,00 00 00 00
1791530183062,RX,CfgRd,xio3130-downstream,02:00.1,0,4,0x30,00 00 00 00
1791530183062,TX,CfgWr,xio3130-downstream,02:00.1,0,4,0x1c,00 00 00 00
1791530183062,TX,CfgWr,xio3130-downstream,02:00.1,0,4,0x30,00 00 00 00
1791530183062,RX,CfgRd,xio3130-downstream,02:00.1,0,4,0x20,10 10 00 00
1791530183062,TX,CfgWr,xio3130-downstream,02:00.1,0,4,0x20,10 10 0f 10
1791530183062,RX,CfgRd,xio3130-downstream,02:00.1,0,4,0x24,11 00 01 00
1791530183062,TX,CfgWr,xio3130-downstream,02:00.1,0,4,0x24,11 00 1f 00
1791530183062,TX,CfgWr,xio3130-downstream,02:00.1,0,4,0x2c,80 00 00 00
1791530183064,RX,CfgRd,x3130-upstream,01:00.0,0,4,0x18,01 02 ff 00
1791530183064,TX,CfgWr,x3130-upstream,01:00.0,0,4,0x18,01 02 04 00
1791530183064,RX,CfgRd,x3130-upstream,01:00.0,0,4,0x1c,00 00 00 00
1791530183064,RX,CfgRd,x3130-upstream,01:00.0,0,4,0x30,00 00 00 00
1791530183064,TX,CfgWr,x3130-upstream,01:00.0,0,4,0x1c,00 00 00 00
1791530183064,TX,CfgWr,x3130-upstream,01:00.0,0,4,0x30,00 00 00 00
1791530183064,RX,CfgRd,x3130-upstream,01:00.0,0,4,0x20,10 10 00 00
1791530183064,TX,CfgWr,x3130-upstream,01:00.0,0,4,0x20,10 10 0f 10
1791530183064,RX,CfgRd,x3130-upstream,01:00.0,0,4,0x24,01 00 01 00
1791530183064,TX,CfgWr,x3130-upstream,01:00.0,0,4,0x24,01 00 1f 00
1791530183064,TX,CfgWr,x3130-upstream,01:00.0,0,4,0x2c,80 00 00 00
1791530183065,RX,CfgRd,pcie-root-port,00:01.0,0,4,0x18,00 01 ff 00
1791530183065,TX,CfgWr,pcie-root-port,00:01.0,0,4,0x18,00 01 04 00
1791530183065,RX,CfgRd,pcie-root-port,00:01.0,0,4,0x1c,f0 00 00 00
1791530183065,RX,CfgRd,pcie-root-port,00:01.0,0,4,0x30,00 00 00 00
1791530183065,TX,CfgWr,pcie-root-port,00:01.0,0,4,0x1c,f0 00 00 00
1791530183065,TX,CfgWr,pcie-root-port,00:01.0,0,4,0x30,00 00 00 00
1791530183065,RX,CfgRd,pcie-root-port,00:01.0,0,4,0x20,10 10 00 00
1791530183065,TX,CfgWr,pcie-root-port,00:01.0,0,4,0x20,10 10 0f 10
1791530183065,RX,CfgRd,pcie-root-port,00:01.0,0,4,0x24,01 00 01 00
1791530183065,TX,CfgWr,pcie-root-port,00:01.0,0,4,0x24,01 00 1f 00
1791530183065,TX,CfgWr,pcie-root-port,00:01.0,0,4,0x2c,80 00 00 00
1791530183065,RX,CfgRd,pcie-root-port,00:01.1,0,4,0x0,36 1b 0c 00
1791530183065,RX,CfgRd,pcie-root-port,00:01.1,0,4,0x8,00 00 04 06
1791530183065,RX,CfgRd,pcie-root-port,00:01.1,0,4,0xc,00 00 01 00
1791530183065,RX,CfgRd,pcie-root-port,00:01.1,0,4,0x8,00 00 04 06
1791530183065,RX,CfgRd,pcie-root-port,00:01.1,0,4,0x18,00 00 00 00
1791530183065,RX,CfgRd,pcie-root-port,00:01.1,0,4,0x10,00 00 00 00
1791530183065,TX,CfgWr,pcie-root-port,00:01.1,0,4,0x10,ff ff ff ff
1791530183065,RX,CfgRd,pcie-root-port,00:01.1,0,4,0x10,00 f0 ff ff
1791530183065,TX,CfgWr,pcie-root-port,00:01.1,0,4,0x10,00 00 00 00
1791530183065,TX,CfgWr,pcie-root-port,00:01.1,0,4,0x10,00 00 10 10
1791530183065,RX,CfgRd,pcie-root-port,00:01.1,0,4,0x14,00 00 00 00
1791530183065,TX,CfgWr,pcie-root-port,00:01.1,0,4,0x14,ff ff ff ff
1791530183065,RX,CfgRd,pcie-root-port,00:01.1,0,4,0x14,00 00 00 00
1791530183066,TX,CfgWr,pcie-root-port,00:01.1,0,4,0x14,00 00 00 00
1791530183066,TX,CfgWr,pcie-root-port,00:01.1,0,4,0x18,00 05 ff 00
1791530183066,RX,CfgRd,pcie-root-port,00:01.1,0,4,0x1c,f0 00 00 00
1791530183066,RX,CfgRd,pcie-root-port,00:01.1,0,4,0x30,00 00 00 00
1791530183066,TX,CfgWr,pcie-root-port,00:01.1,0,4,0x1c,f0 00 00 00
1791530183066,TX,CfgWr,pcie-root-port,00:01.1,0,4,0x30,00 00 00 00
1791530183066,RX,CfgRd,pcie-root-port,00:01.1,0,4,0x4,00 00 10 00
1791530183066,TX,CfgWr,pcie-root-port,00:01.1,0,4,0x4,01 00 10 00
1791530183066,RX,CfgRd,pcie-root-port,00:01.1,0,4,0x20,f0 ff 00 00
1791530183066,TX,CfgWr,pcie-root-port,00:01.1,0,4,0x20,20 10 00 00
1791530183066,RX,CfgRd,pcie-root-port,00:01.1,0,4,0x4,01 00 10 00
1791530183066,TX,CfgWr,pcie-root-port,00:01.1,0,4,0x4,03 00 10 00
1791530183066,RX,CfgRd,pcie-root-port,00:01.1,0,4,0x24,f1 ff 01 00
1791530183066,TX,CfgWr,pcie-root-port,00:01.1,0,4,0x24,20 00 01 00
1791530183066,TX,CfgWr,pcie-root-port,00:01.1,0,4,0x28,80 00 00 00
1791530183066,RX,CfgRd,pcie-root-port,00:01.1,0,4,0x4,03 00 10 00
1791530183066,TX,CfgWr,pcie-root-port,00:01.1,0,4,0x4,03 00 10 00
1791530183066,RX,CfgRd,pcie-root-port,00:01.1,0,4,0x4,03 00 10 00
1791530183066,TX,CfgWr,pcie-root-port,00:01.1,0,4,0x4,07 00 10 00
1791530183066,RX,CfgRd,x3130-upstream,05:00.0,0,4,0x0,4c 10 32 82
1791530183066,RX,CfgRd,x3130-upstream,05:00.0,0,4,0x8,02 00 04 06
1791530183066,RX,CfgRd,x3130-upstream,05:00.0,0,4,0xc,00 00 01 00
1791530183066,RX,CfgRd,x3130-upstream,05:00.0,0,4,0x8,02 00 04 06
1791530183066,RX,CfgRd,x3130-upstream,05:00.0,0,4,0x18,00 00 00 00
1791530183066,RX,CfgRd,x3130-upstream,05:00.0,0,4,0x10,00 00 00 00
1791530183066,TX,CfgWr,x3130-upstream,05:00.0,0,4,0x10,ff ff ff ff
1791530183066,RX,CfgRd,x3130-upstream,05:00.0,0,4,0x10,00 00 00 00
1791530183066,TX,CfgWr,x3130-upstream,05:00.0,0,4,0x10,00 00 00 00
1791530183066,RX,CfgRd,x3130-upstream,05:00.0,0,4,0x14,00 00 00 00
1791530183066,TX,CfgWr,x3130-upstream,05:00.0,0,4,0x14,ff ff ff ff
1791530183066,RX,CfgRd,x3130-upstream,05:00.0,0,4,0x14,00 00 00 00
1791530183066,TX,CfgWr,x3130-upstream,05:00.0,0,4,0x14,00 00 00 00
1791530183066,TX,CfgWr,x3130-upstream,05:00.0,0,4,0x18,05 06 ff 00
1791530183066,RX,CfgRd,x3130-upstream,05:00.0,0,4,0x1c,00 00 00 00
1791530183066,RX,CfgRd,x3130-upstream,05:00.0,0,4,0x30,00 00 00 00
1791530183066,TX,CfgWr,x3130-upstream,05:00.0,0,4,0x1c,00 00 00 00
1791530183066,TX,CfgWr,x3130-upstream,05:00.0,0,4,0x30,00 00 00 00
1791530183066,RX,CfgRd,x3130-upstream,05:00.0,0,4,0x4,00 00 10 00
1791530183066,TX,CfgWr,x3130-upstream,05:00.0,0,4,0x4,01 00 10 00
1791530183066,RX,CfgRd,x3130-upstream,05:00.0,0,4,0x20,00 00 00 00
1791530183066,TX,CfgWr,x3130-upstream,05:00.0,0,4,0x20,20 10 00 00
1791530183066,RX,CfgRd,x3130-upstream,05:00.0,0,4,0x4,01 00 10 00
1791530183066,TX,CfgWr,x3130-upstream,05:00.0,0,4,0x4,03 00 10 00
1791530183066,RX,CfgRd,x3130-upstream,05:00.0,0,4,0x24,01 00 01 00
1791530183066,TX,CfgWr,x3130-upstream,05:00.0,0,4,0x24,20 00 01 00
1791530183066,TX,CfgWr,x3130-upstream,05:00.0,0,4,0x28,80 00 00 00
1791530183066,RX,CfgRd,x3130-upstream,05:00.0,0,4,0x4,03 00 10 00
1791530183066,TX,CfgWr,x3130-upstream,05:00.0,0,4,0x4,03 00 10 00
1791530183066,RX,CfgRd,x3130-upstream,05:00.0,0,4,0x4,03 00 10 00
1791530183066,TX,CfgWr,x3130-upstream,05:00.0,0,4,0x4,07 00 10 00
1791530183066,RX,CfgRd,xio3130-downstream,06:00.0,0,4,0x0,4c 10 33 82
1791530183066,RX,CfgRd,xio3130-downstream,06:00.0,0,4,0x8,01 00 04 06
1791530183066,RX,CfgRd,xio3130-downstream,06:00.0,0,4,0xc,00 00 81 00
1791530183066,RX,CfgRd,xio3130-downstream,06:00.0,0,4,0x8,01 00 04 06
1791530183066,RX,CfgRd,xio3130-downstream,06:00.0,0,4,0x18,00 00 00 00
1791530183066,RX,CfgRd,xio3130-downstream,06:00.0,0,4,0x10,00 00 00 00
1791530183066,TX,CfgWr,xio3130-downstream,06:00.0,0,4,0x10,ff ff ff ff
1791530183066,RX,CfgRd,xio3130-downstream,06:00.0,0,4,0x10,00 00 00 00
1791530183066,TX,CfgWr,xio3130-downstream,06:00.0,0,4,0x10,00 00 00 00
1791530183066,RX,CfgRd,xio3130-downstream,06:00.0,0,4,0x14,00 00 00 00
1791530183066,TX,CfgWr,xio3130-downstream,06:00.0,0,4,0x14,ff ff ff ff
1791530183066,RX,CfgRd,xio3130-downstream,06:00.0,0,4,0x14,00 00 00 00
1791530183066,TX,CfgWr,xio3130-downstream,06:00.0,0,4,0x14,00 00 00 00
1791530183066,TX,CfgWr,xio3130-downstream,06:00.0,0,4,0x18,06 07 ff 00
1791530183066,RX,CfgRd,xio3130-downstream,06:00.0,0,4,0x1c,00 00 00 00
1791530183066,RX,CfgRd,xio3130-downstream,06:00.0,0,4,0x30,00 00 00 00
1791530183066,TX,CfgWr,xio3130-downstream,06:00.0,0,4,0x1c,00 00 00 00
1791530183066,TX,CfgWr,xio3130-downstream,06:00.0,0,4,0x30,00 00 00 00
1791530183066,RX,CfgRd,xio3130-downstream,06:00.0,0,4,0x4,00 00 10 00
1791530183066,TX,CfgWr,xio3130-downstream,06:00.0,0,4,0x4,01 00 10 00
1791530183066,RX,CfgRd,xio3130-downstream,06:00.0,0,4,0x20,00 00 00 00
1791530183066,TX,CfgWr,xio3130-downstream,06:00.0,0,4,0x20,20 10 00 00
1791530183066,RX,CfgRd,xio3130-downstream,06:00.0,0,4,0x4,01 00 10 00
1791530183066,TX,CfgWr,xio3130-downstream,06:00.0,0,4,0x4,03 00 10 00
1791530183066,RX,CfgRd,xio3130-downstream,06:00.0,0,4,0x24,01 00 01 00
1791530183066,TX,CfgWr,xio3130-downstream,06:00.0,0,4,0x24,20 00 01 00
1791530183066,TX,CfgWr,xio3130-downstream,06:00.0,0,4,0x28,80 00 00 00
1791530183066,RX,CfgRd,xio3130-downstream,06:00.0,0,4,0x4,03 00 10 00
1791530183066,TX,CfgWr,xio3130-downstream,06:00.0,0,4,0x4,03 00 10 00
1791530183066,RX,CfgRd,xio3130-downstream,06:00.0,0,4,0x4,03 00 10 00
1791530183066,TX,CfgWr,xio3130-downstream,06:00.0,0,4,0x4,07 00 10 00
1791530183066,RX,CfgRd,nvme,07:00.0,0,4,0x0,36 1b 10 00
1791530183066,RX,CfgRd,nvme,07:00.0,0,4,0x8,02 02 08 01
1791530183066,RX,CfgRd,nvme,07:00.0,0,4,0xc,00 00 00 00
1791530183066,RX,CfgRd,nvme,07:00.0,0,4,0x10,04 00 00 00
1791530183067,RX,CfgRd,nvme,07:00.0,0,4,0x14,00 00 00 00
1791530183067,TX,CfgWr,nvme,07:00.0,0,4,0x10,ff ff ff ff
1791530183067,RX,CfgRd,nvme,07:00.0,0,4,0x10,04 c0 ff ff
1791530183067,TX,CfgWr,nvme,07:00.0,0,4,0x10,04 00 00 00
1791530183067,TX,CfgWr,nvme,07:00.0,0,4,0x14,ff ff ff ff
1791530183067,RX,CfgRd,nvme,07:00.0,0,4,0x14,ff ff ff ff
1791530183067,TX,CfgWr,nvme,07:00.0,0,4,0x14,00 00 00 00
1791530183067,TX,CfgWr,nvme,07:00.0,0,4,0x10,00 00 20 00
1791530183067,TX,CfgWr,nvme,07:00.0,0,4,0x14,80 00 00 00
1791530183067,RX,CfgRd,nvme,07:00.0,0,4,0x18,00 00 00 00
1791530183067,TX,CfgWr,nvme,07:00.0,0,4,0x18,ff ff ff ff
1791530183067,RX,CfgRd,nvme,07:00.0,0,4,0x18,00 00 00 00
1791530183067,TX,CfgWr,nvme,07:00.0,0,4,0x18,00 00 00 00
1791530183067,RX,CfgRd,nvme,07:00.0,0,4,0x1c,00 00 00 00
1791530183067,TX,CfgWr,nvme,07:00.0,0,4,0x1c,ff ff ff ff
1791530183067,RX,CfgRd,nvme,07:00.0,0,4,0x1c,00 00 00 00
1791530183067,TX,CfgWr,nvme,07:00.0,0,4,0x1c,00 00 00 00
1791530183067,RX,CfgRd,nvme,07:00.0,0,4,0x20,00 00 00 00
1791530183067,TX,CfgWr,nvme,07:00.0,0,4,0x20,ff ff ff ff
1791530183067,RX,CfgRd,nvme,07:00.0,0,4,0x20,00 00 00 00
1791530183067,TX,CfgWr,nvme,07:00.0,0,4,0x20,00 00 00 00
1791530183067,RX,CfgRd,nvme,07:00.0,0,4,0x24,00 00 00 00
1791530183067,TX,CfgWr,nvme,07:00.0,0,4,0x24,ff ff ff ff
1791530183067,RX,CfgRd,nvme,07:00.0,0,4,0x24,00 00 00 00
1791530183067,TX,CfgWr,nvme,07:00.0,0,4,0x24,00 00 00 00
1791530183068,RX,CfgRd,xio3130-downstream,06:00.0,0,4,0x18,06 07 ff 00
1791530183068,TX,CfgWr,xio3130-downstream,06:00.0,0,4,0x18,06 07 07 00
1791530183068,RX,CfgRd,xio3130-downstream,06:00.0,0,4,0x1c,00 00 00 00
1791530183068,RX,CfgRd,xio3130-downstream,06:00.0,0,4,0x30,00 00 00 00
1791530183068,TX,CfgWr,xio3130-downstream,06:00.0,0,4,0x1c,00 00 00 00
1791530183068,TX,CfgWr,xio3130-downstream,06:00.0,0,4,0x30,00 00 00 00
1791530183068,RX,CfgRd,xio3130-downstream,06:00.0,0,4,0x20,20 10 00 00
1791530183068,TX,CfgWr,xio3130-downstream,06:00.0,0,4,0x20,20 10 1f 10
1791530183068,RX,CfgRd,xio3130-downstream,06:00.0,0,4,0x24,21 00 01 00
1791530183068,TX,CfgWr,xio3130-downstream,06:00.0,0,4,0x24,21 00 2f 00
1791530183068,TX,CfgWr,xio3130-downstream,06:00.0,0,4,0x2c,80 00 00 00
1791530183068,RX,CfgRd,xio3130-downstream,06:00.1,0,4,0x0,4c 10 33 82
1791530183068,RX,CfgRd,xio3130-downstream,06:00.1,0,4,0x8,01 00 04 06
1791530183068,RX,CfgRd,xio3130-downstream,06:00.1,0,4,0xc,00 00 01 00
1791530183068,RX,CfgRd,xio3130-downstream,06:00.1,0,4,0x8,01 00 04 06
1791530183068,RX,CfgRd,xio3130-downstream,06:00.1,0,4,0x18,00 00 00 00
1791530183068,RX,CfgRd,xio3130-downstream,06:00.1,0,4,0x10,00 00 00 00
1791530183068,TX,CfgWr,xio3130-downstream,06:00.1,0,4,0x10,ff ff ff ff
1791530183068,RX,CfgRd,xio3130-downstream,06:00.1,0,4,0x10,00 00 00 00
1791530183069,TX,CfgWr,xio3130-downstream,06:00.1,0,4,0x10,00 00 00 00
1791530183069,RX,CfgRd,xio3130-downstream,06:00.1,0,4,0x14,00 00 00 00
1791530183069,TX,CfgWr,xio3130-downstream,06:00.1,0,4,0x14,ff ff ff ff
1791530183069,RX,CfgRd,xio3130-downstream,06:00.1,0,4,0x14,00 00 00 00
1791530183069,TX,CfgWr,xio3130-downstream,06:00.1,0,4,0x14,00 00 00 00
1791530183069,TX,CfgWr,xio3130-downstream,06:00.1,0,4,0x18,06 08 ff 00
1791530183069,RX,CfgRd,xio3130-downstream,06:00.1,0,4,0x1c,00 00 00 00
1791530183069,RX,CfgRd,xio3130-downstream,06:00.1,0,4,0x30,00 00 00 00
1791530183069,TX,CfgWr,xio3130-downstream,06:00.1,0,4,0x1c,00 00 00 00
1791530183069,TX,CfgWr,xio3130-downstream,06:00.1,0,4,0x30,00 00 00 00
1791530183069,RX,CfgRd,xio3130-downstream,06:00.1,0,4,0x4,00 00 10 00
1791530183069,TX,CfgWr,xio3130-downstream,06:00.1,0,4,0x4,01 00 10 00
1791530183069,RX,CfgRd,xio3130-downstream,06:00.1,0,4,0x20,00 00 00 00
1791530183069,TX,CfgWr,xio3130-downstream,06:00.1,0,4,0x20,20 10 00 00
1791530183069,RX,CfgRd,xio3130-downstream,06:00.1,0,4,0x4,01 00 10 00
1791530183069,TX,CfgWr,xio3130-downstream,06:00.1,0,4,0x4,03 00 10 00
1791530183069,RX,CfgRd,xio3130-downstream,06:00.1,0,4,0x24,01 00 01 00
1791530183069,TX,CfgWr,xio3130-downstream,06:00.1,0,4,0x24,30 00 01 00
1791530183069,TX,CfgWr,xio3130-downstream,06:00.1,0,4,0x28,80 00 00 00
1791530183069,RX,CfgRd,xio3130-downstream,06:00.1,0,4,0x4,03 00 10 00
1791530183069,TX,CfgWr,xio3130-downstream,06:00.1,0,4,0x4,03 00 10 00
1791530183069,RX,CfgRd,xio3130-downstream,06:00.1,0,4,0x4,03 00 10 00
1791530183069,TX,CfgWr,xio3130-downstream,06:00.1,0,4,0x4,07 00 10 00
1791530183069,RX,CfgRd,nvme,08:00.0,0,4,0x0,36 1b 10 00
1791530183069,RX,CfgRd,nvme,08:00.0,0,4,0x8,02 02 08 01
1791530183069,RX,CfgRd,nvme,08:00.0,0,4,0xc,00 00 00 00
1791530183069,RX,CfgRd,nvme,08:00.0,0,4,0x10,04 00 00 00
1791530183069,RX,CfgRd,nvme,08:00.0,0,4,0x14,00 00 00 00
1791530183069,TX,CfgWr,nvme,08:00.0,0,4,0x10,ff ff ff ff
1791530183069,RX,CfgRd,nvme,08:00.0,0,4,0x10,04 c0 ff ff
1791530183069,TX,CfgWr,nvme,08:00.0,0,4,0x10,04 00 00 00
1791530183069,TX,CfgWr,nvme,08:00.0,0,4,0x14,ff ff ff ff
1791530183069,RX,CfgRd,nvme,08:00.0,0,4,0x14,ff ff ff ff
1791530183069,TX,CfgWr,nvme,08:00.0,0,4,0x14,00 00 00 00
1791530183069,TX,CfgWr,nvme,08:00.0,0,4,0x10,00 00 30 00
1791530183069,TX,CfgWr,nvme,08:00.0,0,4,0x14,80 00 00 00
1791530183069,RX,CfgRd,nvme,08:00.0,0,4,0x18,00 00 00 00
1791530183069,TX,CfgWr,nvme,08:00.0,0,4,0x18,ff ff ff ff
1791530183069,RX,CfgRd,nvme,08:00.0,0,4,0x18,00 00 00 00
1791530183069,TX,CfgWr,nvme,08:00.0,0,4,0x18,00 00 00 00
1791530183069,RX,CfgRd,nvme,08:00.0,0,4,0x1c,00 00 00 00
1791530183069,TX,CfgWr,nvme,08:00.0,0,4,0x1c,ff ff ff ff
1791530183069,RX,CfgRd,nvme,08:00.0,0,4,0x1c,00 00 00 00
1791530183069,TX,CfgWr,nvme,08:00.0,0,4,0x1c,00 00 00 00
1791530183069,RX,CfgRd,nvme,08:00.0,0,4,0x20,00 00 00 00
1791530183069,TX,CfgWr,nvme,08:00.0,0,4,0x20,ff ff ff ff
1791530183069,RX,CfgRd,nvme,08:00.0,0,4,0x20,00 00 00 00
1791530183069,TX,CfgWr,nvme,08:00.0,0,4,0x20,00 00 00 00
1791530183069,RX,CfgRd,nvme,08:00.0,0,4,0x24,00 00 00 00
1791530183069,TX,CfgWr,nvme,08:00.0,0,4,0x24,ff ff ff ff
1791530183069,RX,CfgRd,nvme,08:00.0,0,4,0x24,00 00 00 00
1791530183069,TX,CfgWr,nvme,08:00.0,0,4,0x24,00 00 00 00
1791530183070,RX,CfgRd,xio3130-downstream,06:00.1,0,4,0x18,06 08 ff 00
1791530183070,TX,CfgWr,xio3130-downstream,06:00.1,0,4,0x18,06 08 08 00
1791530183070,RX,CfgRd,xio3130-downstream,06:00.1,0,4,0x1c,00 00 00 00
1791530183070,RX,CfgRd,xio3130-downstream,06:00.1,0,4,0x30,00 00 00 00
1791530183070,TX,CfgWr,xio3130-downstream,06:00.1,0,4,0x1c,00 00 00 00
1791530183070,TX,CfgWr,xio3130-downstream,06:00.1,0,4,0x30,00 00 00 00
1791530183070,RX,CfgRd,xio3130-downstream,06:00.1,0,4,0x20,20 10 00 00
1791530183070,TX,CfgWr,xio3130-downstream,06:00.1,0,4,0x20,20 10 1f 10
1791530183070,RX,CfgRd,xio3130-downstream,06:00.1,0,4,0x24,31 00 01 00
1791530183070,TX,CfgWr,xio3130-downstream,06:00.1,0,4,0x24,31 00 3f 00
1791530183070,TX,CfgWr,xio3130-downstream,06:00.1,0,4,0x2c,80 00 00 00
1791530183072,RX,CfgRd,x3130-upstream,05:00.0,0,4,0x18,05 06 ff 00
1791530183072,TX,CfgWr,x3130-upstream,05:00.0,0,4,0x18,05 06 08 00
1791530183072,RX,CfgRd,x3130-upstream,05:00.0,0,4,0x1c,00 00 00 00
1791530183072,RX,CfgRd,x3130-upstream,05:00.0,0,4,0x30,00 00 00 00
1791530183072,TX,CfgWr,x3130-upstream,05:00.0,0,4,0x1c,00 00 00 00
1791530183072,TX,CfgWr,x3130-upstream,05:00.0,0,4,0x30,00 00 00 00
1791530183072,RX,CfgRd,x3130-upstream,05:00.0,0,4,0x20,20 10 00 00
1791530183072,TX,CfgWr,x3130-upstream,05:00.0,0,4,0x20,20 10 1f 10
1791530183072,RX,CfgRd,x3130-upstream,05:00.0,0,4,0x24,21 00 01 00
1791530183072,TX,CfgWr,x3130-upstream,05:00.0,0,4,0x24,21 00 3f 00
1791530183072,TX,CfgWr,x3130-upstream,05:00.0,0,4,0x2c,80 00 00 00
1791530183073,RX,CfgRd,pcie-root-port,00:01.1,0,4,0x18,00 05 ff 00
1791530183073,TX,CfgWr,pcie-root-port,00:01.1,0,4,0x18,00 05 08 00
1791530183073,RX,CfgRd,pcie-root-port,00:01.1,0,4,0x1c,f0 00 00 00
1791530183073,RX,CfgRd,pcie-root-port,00:01.1,0,4,0x30,00 00 00 00
1791530183073,TX,CfgWr,pcie-root-port,00:01.1,0,4,0x1c,f0 00 00 00
1791530183073,TX,CfgWr,pcie-root-port,00:01.1,0,4,0x30,00 00 00 00
1791530183073,RX,CfgRd,pcie-root-port,00:01.1,0,4,0x20,20 10 00 00
1791530183073,TX,CfgWr,pcie-root-port,00:01.1,0,4,0x20,20 10 1f 10
1791530183073,RX,CfgRd,pcie-root-port,00:01.1,0,4,0x24,21 00 01 00
1791530183074,TX,CfgWr,pcie-root-port,00:01.1,0,4,0x24,21 00 3f 00
1791530183074,TX,CfgWr,pcie-root-port,00:01.1,0,4,0x2c,80 00 00 00
1791530183074,RX,CfgRd,pcie-root-port,00:01.2,0,4,0x0,36 1b 0c 00
1791530183074,RX,CfgRd,pcie-root-port,00:01.2,0,4,0x8,00 00 04 06
1791530183074,RX,CfgRd,pcie-root-port,00:01.2,0,4,0xc,00 00 01 00
1791530183074,RX,CfgRd,pcie-root-port,00:01.2,0,4,0x8,00 00 04 06
1791530183074,RX,CfgRd,pcie-root-port,00:01.2,0,4,0x18,00 00 00 00
1791530183074,RX,CfgRd,pcie-root-port,00:01.2,0,4,0x10,00 00 00 00
1791530183074,TX,CfgWr,pcie-root-port,00:01.2,0,4,0x10,ff ff ff ff
1791530183074,RX,CfgRd,pcie-root-port,00:01.2,0,4,0x10,00 f0 ff ff
1791530183074,TX,CfgWr,pcie-root-port,00:01.2,0,4,0x10,00 00 00 00
1791530183074,TX,CfgWr,pcie-root-port,00:01.2,0,4,0x10,00 00 20 10
1791530183074,RX,CfgRd,pcie-root-port,00:01.2,0,4,0x14,00 00 00 00
1791530183074,TX,CfgWr,pcie-root-port,00:01.2,0,4,0x14,ff ff ff ff
1791530183074,RX,CfgRd,pcie-root-port,00:01.2,0,4,0x14,00 00 00 00
1791530183074,TX,CfgWr,pcie-root-port,00:01.2,0,4,0x14,00 00 00 00
1791530183074,TX,CfgWr,pcie-root-port,00:01.2,0,4,0x18,00 09 ff 00
1791530183074,RX,CfgRd,pcie-root-port,00:01.2,0,4,0x1c,f0 00 00 00
1791530183074,RX,CfgRd,pcie-root-port,00:01.2,0,4,0x30,00 00 00 00
1791530183074,TX,CfgWr,pcie-root-port,00:01.2,0,4,0x1c,f0 00 00 00
1791530183074,TX,CfgWr,pcie-root-port,00:01.2,0,4,0x30,00 00 00 00
1791530183074,RX,CfgRd,pcie-root-port,00:01.2,0,4,0x4,00 00 10 00
1791530183074,TX,CfgWr,pcie-root-port,00:01.2,0,4,0x4,01 00 10 00
1791530183074,RX,CfgRd,pcie-root-port,00:01.2,0,4,0x20,f0 ff 00 00
1791530183074,TX,CfgWr,pcie-root-port,00:01.2,0,4,0x20,30 10 00 00
1791530183074,RX,CfgRd,pcie-root-port,00:01.2,0,4,0x4,01 00 10 00
1791530183074,TX,CfgWr,pcie-root-port,00:01.2,0,4,0x4,03 00 10 00
1791530183074,RX,CfgRd,pcie-root-port,00:01.2,0,4,0x24,f1 ff 01 00
1791530183074,TX,CfgWr,pcie-root-port,00:01.2,0,4,0x24,40 00 01 00
1791530183074,TX,CfgWr,pcie-root-port,00:01.2,0,4,0x28,80 00 00 00
1791530183074,RX,CfgRd,pcie-root-port,00:01.2,0,4,0x4,03 00 10 00
1791530183074,TX,CfgWr,pcie-root-port,00:01.2,0,4,0x4,03 00 10 00
1791530183074,RX,CfgRd,pcie-root-port,00:01.2,0,4,0x4,03 00 10 00
1791530183074,TX,CfgWr,pcie-root-port,00:01.2,0,4,0x4,07 00 10 00
1791530183074,RX,CfgRd,x3130-upstream,09:00.0,0,4,0x0,4c 10 32 82
1791530183074,RX,CfgRd,x3130-upstream,09:00.0,0,4,0x8,02 00 04 06
1791530183074,RX,CfgRd,x3130-upstream,09:00.0,0,4,0xc,00 00 01 00
1791530183074,RX,CfgRd,x3130-upstream,09:00.0,0,4,0x8,02 00 04 06
1791530183074,RX,CfgRd,x3130-upstream,09:00.0,0,4,0x18,00 00 00 00
1791530183074,RX,CfgRd,x3130-upstream,09:00.0,0,4,0x10,00 00 00 00
1791530183074,TX,CfgWr,x3130-upstream,09:00.0,0,4,0x10,ff ff ff ff
1791530183074,RX,CfgRd,x3130-upstream,09:00.0,0,4,0x10,00 00 00 00
1791530183074,TX,CfgWr,x3130-upstream,09:00.0,0,4,0x10,00 00 00 00
1791530183074,RX,CfgRd,x3130-upstream,09:00.0,0,4,0x14,00 00 00 00
1791530183074,TX,CfgWr,x3130-upstream,09:00.0,0,4,0x14,ff ff ff ff
1791530183074,RX,CfgRd,x3130-upstream,09:00.0,0,4,0x14,00 00 00 00
1791530183074,TX,CfgWr,x3130-upstream,09:00.0,0,4,0x14,00 00 00 00
1791530183074,TX,CfgWr,x3130-upstream,09:00.0,0,4,0x18,09 0a ff 00
1791530183074,RX,CfgRd,x3130-upstream,09:00.0,0,4,0x1c,00 00 00 00
1791530183074,RX,CfgRd,x3130-upstream,09:00.0,0,4,0x30,00 00 00 00
1791530183074,TX,CfgWr,x3130-upstream,09:00.0,0,4,0x1c,00 00 00 00
1791530183074,TX,CfgWr,x3130-upstream,09:00.0,0,4,0x30,00 00 00 00
1791530183074,RX,CfgRd,x3130-upstream,09:00.0,0,4,0x4,00 00 10 00
1791530183074,TX,CfgWr,x3130-upstream,09:00.0,0,4,0x4,01 00 10 00
1791530183074,RX,CfgRd,x3130-upstream,09:00.0,0,4,0x20,00 00 00 00
1791530183074,TX,CfgWr,x3130-upstream,09:00.0,0,4,0x20,30 10 00 00
1791530183074,RX,CfgRd,x3130-upstream,09:00.0,0,4,0x4,01 00 10 00
1791530183074,TX,CfgWr,x3130-upstream,09:00.0,0,4,0x4,03 00 10 00
1791530183074,RX,CfgRd,x3130-upstream,09:00.0,0,4,0x24,01 00 01 00
1791530183074,TX,CfgWr,x3130-upstream,09:00.0,0,4,0x24,40 00 01 00
1791530183074,TX,CfgWr,x3130-upstream,09:00.0,0,4,0x28,80 00 00 00
1791530183074,RX,CfgRd,x3130-upstream,09:00.0,0,4,0x4,03 00 10 00
1791530183074,TX,CfgWr,x3130-upstream,09:00.0,0,4,0x4,03 00 10 00
1791530183074,RX,CfgRd,x3130-upstream,09:00.0,0,4,0x4,03 00 10 00
1791530183074,TX,CfgWr,x3130-upstream,09:00.0,0,4,0x4,07 00 10 00
1791530183074,RX,CfgRd,xio3130-downstream,0a:00.0,0,4,0x0,4c 10 33 82
1791530183074,RX,CfgRd,xio3130-downstream,0a:00.0,0,4,0x8,01 00 04 06
1791530183074,RX,CfgRd,xio3130-downstream,0a:00.0,0,4,0xc,00 00 81 00
1791530183074,RX,CfgRd,xio3130-downstream,0a:00.0,0,4,0x8,01 00 04 06
1791530183074,RX,CfgRd,xio3130-downstream,0a:00.0,0,4,0x18,00 00 00 00
1791530183074,RX,CfgRd,xio3130-downstream,0a:00.0,0,4,0x10,00 00 00 00
1791530183074,TX,CfgWr,xio3130-downstream,0a:00.0,0,4,0x10,ff ff ff ff
1791530183074,RX,CfgRd,xio3130-downstream,0a:00.0,0,4,0x10,00 00 00 00
1791530183074,TX,CfgWr,xio3130-downstream,0a:00.0,0,4,0x10,00 00 00 00
1791530183074,RX,CfgRd,xio3130-downstream,0a:00.0,0,4,0x14,00 00 00 00
1791530183074,TX,CfgWr,xio3130-downstream,0a:00.0,0,4,0x14,ff ff ff ff
1791530183074,RX,CfgRd,xio3130-downstream,0a:00.0,0,4,0x14,00 00 00 00
1791530183074,TX,CfgWr,xio3130-downstream,0a:00.0,0,4,0x14,00 00 00 00
1791530183074,TX,CfgWr,xio3130-downstream,0a:00.0,0,4,0x18,0a 0b ff 00
1791530183074,RX,CfgRd,xio3130-downstream,0a:00.0,0,4,0x1c,00 00 00 00
1791530183074,RX,CfgRd,xio3130-downstream,0a:00.0,0,4,0x30,00 00 00 00
1791530183074,TX,CfgWr,xio3130-downstream,0a:00.0,0,4,0x1c,00 00 00 00
1791530183074,TX,CfgWr,xio3130-downstream,0a:00.0,0,4,0x30,00 00 00 00
1791530183074,RX,CfgRd,xio3130-downstream,0a:00.0,0,4,0x4,00 00 10 00
1791530183074,TX,CfgWr,xio3130-downstream,0a:00.0,0,4,0x4,01 00 10 00
1791530183074,RX,CfgRd,xio3130-downstream,0a:00.0,0,4,0x20,00 00 00 00
1791530183074,TX,CfgWr,xio3130-downstream,0a:00.0,0,4,0x20,30 10 00 00
1791530183074,RX,CfgRd,xio3130-downstream,0a:00.0,0,4,0x4,01 00 10 00
1791530183074,TX,CfgWr,xio3130-downstream,0a:00.0,0,4,0x4,03 00 10 00
1791530183074,RX,CfgRd,xio3130-downstream,0a:00.0,0,4,0x24,01 00 01 00
1791530183074,TX,CfgWr,xio3130-downstream,0a:00.0,0,4,0x24,40 00 01 00
1791530183074,TX,CfgWr,xio3130-downstream,0a:00.0,0,4,0x28,80 00 00 00
1791530183074,RX,CfgRd,xio3130-downstream,0a:00.0,0,4,0x4,03 00 10 00
1791530183074,TX,CfgWr,xio3130-downstream,0a:00.0,0,4,0x4,03 00 10 00
1791530183074,RX,CfgRd,xio3130-downstream,0a:00.0,0,4,0x4,03 00 10 00
1791530183074,TX,CfgWr,xio3130-downstream,0a:00.0,0,4,0x4,07 00 10 00
1791530183074,RX,CfgRd,nvme,0b:00.0,0,4,0x0,36 1b 10 00
1791530183074,RX,CfgRd,nvme,0b:00.0,0,4,0x8,02 02 08 01
1791530183074,RX,CfgRd,nvme,0b:00.0,0,4,0xc,00 00 00 00
1791530183074,RX,CfgRd,nvme,0b:00.0,0,4,0x10,04 00 00 00
1791530183074,RX,CfgRd,nvme,0b:00.0,0,4,0x14,00 00 00 00
1791530183074,TX,CfgWr,nvme,0b:00.0,0,4,0x10,ff ff ff ff
1791530183074,RX,CfgRd,nvme,0b:00.0,0,4,0x10,04 c0 ff ff
1791530183074,TX,CfgWr,nvme,0b:00.0,0,4,0x10,04 00 00 00
1791530183074,TX,CfgWr,nvme,0b:00.0,0,4,0x14,ff ff ff ff
1791530183074,RX,CfgRd,nvme,0b:00.0,0,4,0x14,ff ff ff ff
1791530183074,TX,CfgWr,nvme,0b:00.0,0,4,0x14,00 00 00 00
1791530183074,TX,CfgWr,nvme,0b:00.0,0,4,0x10,00 00 40 00
1791530183074,TX,CfgWr,nvme,0b:00.0,0,4,0x14,80 00 00 00
1791530183074,RX,CfgRd,nvme,0b:00.0,0,4,0x18,00 00 00 00
1791530183074,TX,CfgWr,nvme,0b:00.0,0,4,0x18,ff ff ff ff
1791530183074,RX,CfgRd,nvme,0b:00.0,0,4,0x18,00 00 00 00
1791530183074,TX,CfgWr,nvme,0b:00.0,0,4,0x18,00 00 00 00
1791530183074,RX,CfgRd,nvme,0b:00.0,0,4,0x1c,00 00 00 00
1791530183074,TX,CfgWr,nvme,0b:00.0,0,4,0x1c,ff ff ff ff
1791530183074,RX,CfgRd,nvme,0b:00.0,0,4,0x1c,00 00 00 00
1791530183074,TX,CfgWr,nvme,0b:00.0,0,4,0x1c,00 00 00 00
1791530183074,RX,CfgRd,nvme,0b:00.0,0,4,0x20,00 00 00 00
1791530183074,TX,CfgWr,nvme,0b:00.0,0,4,0x20,ff ff ff ff
1791530183075,RX,CfgRd,nvme,0b:00.0,0,4,0x20,00 00 00 00
1791530183075,TX,CfgWr,nvme,0b:00.0,0,4,0x20,00 00 00 00
1791530183075,RX,CfgRd,nvme,0b:00.0,0,4,0x24,00 00 00 00
1791530183075,TX,CfgWr,nvme,0b:00.0,0,4,0x24,ff ff ff ff
1791530183075,RX,CfgRd,nvme,0b:00.0,0,4,0x24,00 00 00 00
1791530183075,TX,CfgWr,nvme,0b:00.0,0,4,0x24,00 00 00 00
1791530183078,RX,CfgRd,xio3130-downstream,0a:00.0,0,4,0x18,0a 0b ff 00
1791530183078,TX,CfgWr,xio3130-downstream,0a:00.0,0,4,0x18,0a 0b 0b 00
1791530183078,RX,CfgRd,xio3130-downstream,0a:00.0,0,4,0x1c,00 00 00 00
1791530183078,RX,CfgRd,xio3130-downstream,0a:00.0,0,4,0x30,00 00 00 00
1791530183078,TX,CfgWr,xio3130-downstream,0a:00.0,0,4,0x1c,00 00 00 00
1791530183078,TX,CfgWr,xio3130-downstream,0a:00.0,0,4,0x30,00 00 00 00
1791530183078,RX,CfgRd,xio3130-downstream,0a:00.0,0,4,0x20,30 10 00 00
1791530183078,TX,CfgWr,xio3130-downstream,0a:00.0,0,4,0x20,30 10 2f 10
1791530183078,RX,CfgRd,xio3130-downstream,0a:00.0,0,4,0x24,41 00 01 00
1791530183078,TX,CfgWr,xio3130-downstream,0a:00.0,0,4,0x24,41 00 4f 00
1791530183079,TX,CfgWr,xio3130-downstream,0a:00.0,0,4,0x2c,80 00 00 00
1791530183079,RX,CfgRd,xio3130-downstream,0a:00.1,0,4,0x0,4c 10 33 82
1791530183079,RX,CfgRd,xio3130-downstream,0a:00.1,0,4,0x8,01 00 04 06
1791530183079,RX,CfgRd,xio3130-downstream,0a:00.1,0,4,0xc,00 00 01 00
1791530183079,RX,CfgRd,xio3130-downstream,0a:00.1,0,4,0x8,01 00 04 06
1791530183079,RX,CfgRd,xio3130-downstream,0a:00.1,0,4,0x18,00 00 00 00
1791530183079,RX,CfgRd,xio3130-downstream,0a:00.1,0,4,0x10,00 00 00 00
1791530183079,TX,CfgWr,xio3130-downstream,0a:00.1,0,4,0x10,ff ff ff ff
1791530183079,RX,CfgRd,xio3130-downstream,0a:00.1,0,4,0x10,00 00 00 00
1791530183079,TX,CfgWr,xio3130-downstream,0a:00.1,0,4,0x10,00 00 00 00
1791530183079,RX,CfgRd,xio3130-downstream,0a:00.1,0,4,0x14,00 00 00 00
1791530183079,TX,CfgWr,xio3130-downstream,0a:00.1,0,4,0x14,ff ff ff ff
1791530183079,RX,CfgRd,xio3130-downstream,0a:00.1,0,4,0x14,00 00 00 00
1791530183079,TX,CfgWr,xio3130-downstream,0a:00.1,0,4,0x14,00 00 00 00
1791530183079,TX,CfgWr,xio3130-downstream,0a:00.1,0,4,0x18,0a 0c ff 00
1791530183079,RX,CfgRd,xio3130-downstream,0a:00.1,0,4,0x1c,00 00 00 00
1791530183079,RX,CfgRd,xio3130-downstream,0a:00.1,0,4,0x30,00 00 00 00
1791530183079,TX,CfgWr,xio3130-downstream,0a:00.1,0,4,0x1c,00 00 00 00
1791530183079,TX,CfgWr,xio3130-downstream,0a:00.1,0,4,0x30,00 00 00 00
1791530183079,RX,CfgRd,xio3130-downstream,0a:00.1,0,4,0x4,00 00 10 00
1791530183079,TX,CfgWr,xio3130-downstream,0a:00.1,0,4,0x4,01 00 10 00
1791530183079,RX,CfgRd,xio3130-downstream,0a:00.1,0,4,0x20,00 00 00 00
1791530183079,TX,CfgWr,xio3130-downstream,0a:00.1,0,4,0x20,30 10 00 00
1791530183079,RX,CfgRd,xio3130-downstream,0a:00.1,0,4,0x4,01 00 10 00
1791530183079,TX,CfgWr,xio3130-downstream,0a:00.1,0,4,0x4,03 00 10 00
1791530183079,RX,CfgRd,xio3130-downstream,0a:00.1,0,4,0x24,01 00 01 00
1791530183079,TX,CfgWr,xio3130-downstream,0a:00.1,0,4,0x24,50 00 01 00
1791530183079,TX,CfgWr,xio3130-downstream,0a:00.1,0,4,0x28,80 00 00 00
1791530183079,RX,CfgRd,xio3130-downstream,0a:00.1,0,4,0x4,03 00 10 00
1791530183079,TX,CfgWr,xio3130-downstream,0a:00.1,0,4,0x4,03 00 10 00
1791530183079,RX,CfgRd,xio3130-downstream,0a:00.1,0,4,0x4,03 00 10 00
1791530183079,TX,CfgWr,xio3130-downstream,0a:00.1,0,4,0x4,07 00 10 00
1791530183079,RX,CfgRd,nvme,0c:00.0,0,4,0x0,36 1b 10 00
1791530183079,RX,CfgRd,nvme,0c:00.0,0,4,0x8,02 02 08 01
1791530183079,RX,CfgRd,nvme,0c:00.0,0,4,0xc,00 00 00 00
1791530183079,RX,CfgRd,nvme,0c:00.0,0,4,0x10,04 00 00 00
1791530183079,RX,CfgRd,nvme,0c:00.0,0,4,0x14,00 00 00 00
1791530183079,TX,CfgWr,nvme,0c:00.0,0,4,0x10,ff ff ff ff
1791530183079,RX,CfgRd,nvme,0c:00.0,0,4,0x10,04 c0 ff ff
1791530183079,TX,CfgWr,nvme,0c:00.0,0,4,0x10,04 00 00 00
1791530183079,TX,CfgWr,nvme,0c:00.0,0,4,0x14,ff ff ff ff
1791530183079,RX,CfgRd,nvme,0c:00.0,0,4,0x14,ff ff ff ff
1791530183079,TX,CfgWr,nvme,0c:00.0,0,4,0x14,00 00 00 00
1791530183079,TX,CfgWr,nvme,0c:00.0,0,4,0x10,00 00 50 00
1791530183079,TX,CfgWr,nvme,0c:00.0,0,4,0x14,80 00 00 00
1791530183079,RX,CfgRd,nvme,0c:00.0,0,4,0x18,00 00 00 00
1791530183079,TX,CfgWr,nvme,0c:00.0,0,4,0x18,ff ff ff ff
1791530183079,RX,CfgRd,nvme,0c:00.0,0,4,0x18,00 00 00 00
1791530183079,TX,CfgWr,nvme,0c:00.0,0,4,0x18,00 00 00 00
1791530183079,RX,CfgRd,nvme,0c:00.0,0,4,0x1c,00 00 00 00
1791530183079,TX,CfgWr,nvme,0c:00.0,0,4,0x1c,ff ff ff ff
1791530183079,RX,CfgRd,nvme,0c:00.0,0,4,0x1c,00 00 00 00
1791530183079,TX,CfgWr,nvme,0c:00.0,0,4,0x1c,00 00 00 00
1791530183079,RX,CfgRd,nvme,0c:00.0,0,4,0x20,00 00 00 00
1791530183079,TX,CfgWr,nvme,0c:00.0,0,4,0x20,ff ff ff ff
1791530183079,RX,CfgRd,nvme,0c:00.0,0,4,0x20,00 00 00 00
1791530183079,TX,CfgWr,nvme,0c:00.0,0,4,0x20,00 00 00 00
1791530183079,RX,CfgRd,nvme,0c:00.0,0,4,0x24,00 00 00 00
1791530183079,TX,CfgWr,nvme,0c:00.0,0,4,0x24,ff ff ff ff
1791530183079,RX,CfgRd,nvme,0c:00.0,0,4,0x24,00 00 00 00
1791530183079,TX,CfgWr,nvme,0c:00.0,0,4,0x24,00 00 00 00
1791530183081,RX,CfgRd,xio3130-downstream,0a:00.1,0,4,0x18,0a 0c ff 00
1791530183081,TX,CfgWr,xio3130-downstream,0a:00.1,0,4,0x18,0a 0c 0c 00
1791530183081,RX,CfgRd,xio3130-downstream,0a:00.1,0,4,0x1c,00 00 00 00
1791530183081,RX,CfgRd,xio3130-downstream,0a:00.1,0,4,0x30,00 00 00 00
1791530183081,TX,CfgWr,xio3130-downstream,0a:00.1,0,4,0x1c,00 00 00 00
1791530183081,TX,CfgWr,xio3130-downstream,0a:00.1,0,4,0x30,00 00 00 00
1791530183081,RX,CfgRd,xio3130-downstream,0a:00.1,0,4,0x20,30 10 00 00
1791530183081,TX,CfgWr,xio3130-downstream,0a:00.1,0,4,0x20,30 10 2f 10
1791530183081,RX,CfgRd,xio3130-downstream,0a:00.1,0,4,0x24,51 00 01 00
1791530183081,TX,CfgWr,xio3130-downstream,0a:00.1,0,4,0x24,51 00 5f 00
1791530183081,TX,CfgWr,xio3130-downstream,0a:00.1,0,4,0x2c,80 00 00 00
1791530183083,RX,CfgRd,x3130-upstream,09:00.0,0,4,0x18,09 0a ff 00
1791530183083,TX,CfgWr,x3130-upstream,09:00.0,0,4,0x18,09 0a 0c 00
1791530183083,RX,CfgRd,x3130-upstream,09:00.0,0,4,0x1c,00 00 00 00
1791530183083,RX,CfgRd,x3130-upstream,09:00.0,0,4,0x30,00 00 00 00
1791530183083,TX,CfgWr,x3130-upstream,09:00.0,0,4,0x1c,00 00 00 00
1791530183083,TX,CfgWr,x3130-upstream,09:00.0,0,4,0x30,00 00 00 00
1791530183083,RX,CfgRd,x3130-upstream,09:00.0,0,4,0x20,30 10 00 00
1791530183083,TX,CfgWr,x3130-upstream,09:00.0,0,4,0x20,30 10 2f 10
1791530183083,RX,CfgRd,x3130-upstream,09:00.0,0,4,0x24,41 00 01 00
1791530183083,TX,CfgWr,x3130-upstream,09:00.0,0,4,0x24,41 00 5f 00
1791530183083,TX,CfgWr,x3130-upstream,09:00.0,0,4,0x2c,80 00 00 00
1791530183085,RX,CfgRd,pcie-root-port,00:01.2,0,4,0x18,00 09 ff 00
1791530183085,TX,CfgWr,pcie-root-port,00:01.2,0,4,0x18,00 09 0c 00
1791530183085,RX,CfgRd,pcie-root-port,00:01.2,0,4,0x1c,f0 00 00 00
1791530183085,RX,CfgRd,pcie-root-port,00:01.2,0,4,0x30,00 00 00 00
1791530183085,TX,CfgWr,pcie-root-port,00:01.2,0,4,0x1c,f0 00 00 00
1791530183085,TX,CfgWr,pcie-root-port,00:01.2,0,4,0x30,00 00 00 00
1791530183085,RX,CfgRd,pcie-root-port,00:01.2,0,4,0x20,30 10 00 00
1791530183085,TX,CfgWr,pcie-root-port,00:01.2,0,4,0x20,30 10 2f 10
1791530183085,RX,CfgRd,pcie-root-port,00:01.2,0,4,0x24,41 00 01 00
1791530183085,TX,CfgWr,pcie-root-port,00:01.2,0,4,0x24,41 00 5f 00
1791530183085,TX,CfgWr,pcie-root-port,00:01.2,0,4,0x2c,80 00 00 00
1791530183085,RX,CfgRd,pcie-root-port,00:01.3,0,4,0x0,36 1b 0c 00
1791530183085,RX,CfgRd,pcie-root-port,00:01.3,0,4,0x8,00 00 04 06
1791530183085,RX,CfgRd,pcie-root-port,00:01.3,0,4,0xc,00 00 01 00
1791530183085,RX,CfgRd,pcie-root-port,00:01.3,0,4,0x8,00 00 04 06
1791530183085,RX,CfgRd,pcie-root-port,00:01.3,0,4,0x18,00 00 00 00
1791530183085,RX,CfgRd,pcie-root-port,00:01.3,0,4,0x10,00 00 00 00
1791530183085,TX,CfgWr,pcie-root-port,00:01.3,0,4,0x10,ff ff ff ff
1791530183085,RX,CfgRd,pcie-root-port,00:01.3,0,4,0x10,00 f0 ff ff
1791530183085,TX,CfgWr,pcie-root-port,00:01.3,0,4,0x10,00 00 00 00
1791530183085,TX,CfgWr,pcie-root-port,00:01.3,0,4,0x10,00 00 30 10
1791530183085,RX,CfgRd,pcie-root-port,00:01.3,0,4,0x14,00 00 00 00
1791530183085,TX,CfgWr,pcie-root-port,00:01.3,0,4,0x14,ff ff ff ff
1791530183085,RX,CfgRd,pcie-root-port,00:01.3,0,4,0x14,00 00 00 00
1791530183085,TX,CfgWr,pcie-root-port,00:01.3,0,4,0x14,00 00 00 00
1791530183085,TX,CfgWr,pcie-root-port,00:01.3,0,4,0x18,00 0d ff 00
1791530183085,RX,CfgRd,pcie-root-port,00:01.3,0,4,0x1c,f0 00 00 00
1791530183085,RX,CfgRd,pcie-root-port,00:01.3,0,4,0x30,00 00 00 00
1791530183085,TX,CfgWr,pcie-root-port,00:01.3,0,4,0x1c,f0 00 00 00
1791530183085,TX,CfgWr,pcie-root-port,00:01.3,0,4,0x30,00 00 00 00
1791530183085,RX,CfgRd,pcie-root-port,00:01.3,0,4,0x4,00 00 10 00
1791530183085,TX,CfgWr,pcie-root-port,00:01.3,0,4,0x4,01 00 10 00
1791530183085,RX,CfgRd,pcie-root-port,00:01.3,0,4,0x20,f0 ff 00 00
1791530183085,TX,CfgWr,pcie-root-port,00:01.3,0,4,0x20,40 10 00 00
1791530183085,RX,CfgRd,pcie-root-port,00:01.3,0,4,0x4,01 00 10 00
1791530183085,TX,CfgWr,pcie-root-port,00:01.3,0,4,0x4,03 00 10 00
1791530183085,RX,CfgRd,pcie-root-port,00:01.3,0,4,0x24,f1 ff 01 00
1791530183085,TX,CfgWr,pcie-root-port,00:01.3,0,4,0x24,60 00 01 00
1791530183085,TX,CfgWr,pcie-root-port,00:01.3,0,4,0x28,80 00 00 00
1791530183085,RX,CfgRd,pcie-root-port,00:01.3,0,4,0x4,03 00 10 00
1791530183085,TX,CfgWr,pcie-root-port,00:01.3,0,4,0x4,03 00 10 00
1791530183085,RX,CfgRd,pcie-root-port,00:01.3,0,4,0x4,03 00 10 00
1791530183085,TX,CfgWr,pcie-root-port,00:01.3,0,4,0x4,07 00 10 00
1791530183085,RX,CfgRd,x3130-upstream,0d:00.0,0,4,0x0,4c 10 32 82
1791530183085,RX,CfgRd,x3130-upstream,0d:00.0,0,4,0x8,02 00 04 06
1791530183085,RX,CfgRd,x3130-upstream,0d:00.0,0,4,0xc,00 00 01 00
1791530183085,RX,CfgRd,x3130-upstream,0d:00.0,0,4,0x8,02 00 04 06
1791530183085,RX,CfgRd,x3130-upstream,0d:00.0,0,4,0x18,00 00 00 00
1791530183085,RX,CfgRd,x3130-upstream,0d:00.0,0,4,0x10,00 00 00 00
1791530183085,TX,CfgWr,x3130-upstream,0d:00.0,0,4,0x10,ff ff ff ff
1791530183085,RX,CfgRd,x3130-upstream,0d:00.0,0,4,0x10,00 00 00 00
1791530183085,TX,CfgWr,x3130-upstream,0d:00.0,0,4,0x10,00 00 00 00
1791530183085,RX,CfgRd,x3130-upstream,0d:00.0,0,4,0x14,00 00 00 00
1791530183085,TX,CfgWr,x3130-upstream,0d:00.0,0,4,0x14,ff ff ff ff
1791530183085,RX,CfgRd,x3130-upstream,0d:00.0,0,4,0x14,00 00 00 00
1791530183085,TX,CfgWr,x3130-upstream,0d:00.0,0,4,0x14,00 00 00 00
1791530183085,TX,CfgWr,x3130-upstream,0d:00.0,0,4,0x18,0d 0e ff 00
1791530183085,RX,CfgRd,x3130-upstream,0d:00.0,0,4,0x1c,00 00 00 00
1791530183085,RX,CfgRd,x3130-upstream,0d:00.0,0,4,0x30,00 00 00 00
1791530183085,TX,CfgWr,x3130-upstream,0d:00.0,0,4,0x1c,00 00 00 00
1791530183085,TX,CfgWr,x3130-upstream,0d:00.0,0,4,0x30,00 00 00 00
1791530183085,RX,CfgRd,x3130-upstream,0d:00.0,0,4,0x4,00 00 10 00
1791530183085,TX,CfgWr,x3130-upstream,0d:00.0,0,4,0x4,01 00 10 00
1791530183085,RX,CfgRd,x3130-upstream,0d:00.0,0,4,0x20,00 00 00 00
1791530183086,TX,CfgWr,x3130-upstream,0d:00.0,0,4,0x20,40 10 00 00
1791530183086,RX,CfgRd,x3130-upstream,0d:00.0,0,4,0x4,01 00 10 00
1791530183086,TX,CfgWr,x3130-upstream,0d:00.0,0,4,0x4,03 00 10 00
1791530183086,RX,CfgRd,x3130-upstream,0d:00.0,0,4,0x24,01 00 01 00
1791530183086,TX,CfgWr,x3130-upstream,0d:00.0,0,4,0x24,60 00 01 00
1791530183086,TX,CfgWr,x3130-upstream,0d:00.0,0,4,0x28,80 00 00 00
1791530183086,RX,CfgRd,x3130-upstream,0d:00.0,0,4,0x4,03 00 10 00
1791530183086,TX,CfgWr,x3130-upstream,0d:00.0,0,4,0x4,03 00 10 00
1791530183086,RX,CfgRd,x3130-upstream,0d:00.0,0,4,0x4,03 00 10 00
1791530183086,TX,CfgWr,x3130-upstream,0d:00.0,0,4,0x4,07 00 10 00
1791530183086,RX,CfgRd,xio3130-downstream,0e:00.0,0,4,0x0,4c 10 33 82
1791530183086,RX,CfgRd,xio3130-downstream,0e:00.0,0,4,0x8,01 00 04 06
1791530183086,RX,CfgRd,xio3130-downstream,0e:00.0,0,4,0xc,00 00 81 00
1791530183086,RX,CfgRd,xio3130-downstream,0e:00.0,0,4,0x8,01 00 04 06
1791530183086,RX,CfgRd,xio3130-downstream,0e:00.0,0,4,0x18,00 00 00 00
1791530183086,RX,CfgRd,xio3130-downstream,0e:00.0,0,4,0x10,00 00 00 00
1791530183086,TX,CfgWr,xio3130-downstream,0e:00.0,0,4,0x10,ff ff ff ff
1791530183086,RX,CfgRd,xio3130-downstream,0e:00.0,0,4,0x10,00 00 00 00
1791530183086,TX,CfgWr,xio3130-downstream,0e:00.0,0,4,0x10,00 00 00 00
1791530183086,RX,CfgRd,xio3130-downstream,0e:00.0,0,4,0x14,00 00 00 00
1791530183086,TX,CfgWr,xio3130-downstream,0e:00.0,0,4,0x14,ff ff ff ff
1791530183086,RX,CfgRd,xio3130-downstream,0e:00.0,0,4,0x14,00 00 00 00
1791530183086,TX,CfgWr,xio3130-downstream,0e:00.0,0,4,0x14,00 00 00 00
1791530183086,TX,CfgWr,xio3130-downstream,0e:00.0,0,4,0x18,0e 0f ff 00
1791530183086,RX,CfgRd,xio3130-downstream,0e:00.0,0,4,0x1c,00 00 00 00
1791530183086,RX,CfgRd,xio3130-downstream,0e:00.0,0,4,0x30,00 00 00 00
1791530183086,TX,CfgWr,xio3130-downstream,0e:00.0,0,4,0x1c,00 00 00 00
1791530183086,TX,CfgWr,xio3130-downstream,0e:00.0,0,4,0x30,00 00 00 00
1791530183086,RX,CfgRd,xio3130-downstream,0e:00.0,0,4,0x4,00 00 10 00
1791530183086,TX,CfgWr,xio3130-downstream,0e:00.0,0,4,0x4,01 00 10 00
1791530183086,RX,CfgRd,xio3130-downstream,0e:00.0,0,4,0x20,00 00 00 00
1791530183086,TX,CfgWr,xio3130-downstream,0e:00.0,0,4,0x20,40 10 00 00
1791530183086,RX,CfgRd,xio3130-downstream,0e:00.0,0,4,0x4,01 00 10 00
1791530183086,TX,CfgWr,xio3130-downstream,0e:00.0,0,4,0x4,03 00 10 00
1791530183086,RX,CfgRd,xio3130-downstream,0e:00.0,0,4,0x24,01 00 01 00
1791530183086,TX,CfgWr,xio3130-downstream,0e:00.0,0,4,0x24,60 00 01 00
1791530183086,TX,CfgWr,xio3130-downstream,0e:00.0,0,4,0x28,80 00 00 00
1791530183086,RX,CfgRd,xio3130-downstream,0e:00.0,0,4,0x4,03 00 10 00
1791530183086,TX,CfgWr,xio3130-downstream,0e:00.0,0,4,0x4,03 00 10 00
1791530183086,RX,CfgRd,xio3130-downstream,0e:00.0,0,4,0x4,03 00 10 00
1791530183086,TX,CfgWr,xio3130-downstream,0e:00.0,0,4,0x4,07 00 10 00
1791530183086,RX,CfgRd,e1000e,0f:00.0,0,4,0x0,86 80 d3 10
1791530183086,RX,CfgRd,e1000e,0f:00.0,0,4,0x8,00 00 00 02
1791530183086,RX,CfgRd,e1000e,0f:00.0,0,4,0xc,00 00 00 00
1791530183086,RX,CfgRd,e1000e,0f:00.0,0,4,0x10,00 00 00 00
1791530183086,TX,CfgWr,e1000e,0f:00.0,0,4,0x10,ff ff ff ff
1791530183086,RX,CfgRd,e1000e,0f:00.0,0,4,0x10,00 00 fe ff
1791530183086,TX,CfgWr,e1000e,0f:00.0,0,4,0x10,00 00 00 00
1791530183086,TX,CfgWr,e1000e,0f:00.0,0,4,0x10,00 00 40 10
1791530183086,RX,CfgRd,e1000e,0f:00.0,0,4,0x14,00 00 00 00
1791530183086,TX,CfgWr,e1000e,0f:00.0,0,4,0x14,ff ff ff ff
1791530183086,RX,CfgRd,e1000e,0f:00.0,0,4,0x14,00 00 fe ff
1791530183086,TX,CfgWr,e1000e,0f:00.0,0,4,0x14,00 00 00 00
1791530183086,TX,CfgWr,e1000e,0f:00.0,0,4,0x14,00 00 42 10
1791530183086,RX,CfgRd,e1000e,0f:00.0,0,4,0x18,01 00 00 00
1791530183086,TX,CfgWr,e1000e,0f:00.0,0,4,0x18,ff ff ff ff
1791530183086,RX,CfgRd,e1000e,0f:00.0,0,4,0x18,e1 ff ff ff
1791530183086,TX,CfgWr,e1000e,0f:00.0,0,4,0x18,01 00 00 00
1791530183086,TX,CfgWr,e1000e,0f:00.0,0,4,0x18,00 10 00 00
1791530183086,RX,CfgRd,e1000e,0f:00.0,0,4,0x1c,00 00 00 00
1791530183086,TX,CfgWr,e1000e,0f:00.0,0,4,0x1c,ff ff ff ff
1791530183086,RX,CfgRd,e1000e,0f:00.0,0,4,0x1c,00 c0 ff ff
1791530183086,TX,CfgWr,e1000e,0f:00.0,0,4,0x1c,00 00 00 00
1791530183086,TX,CfgWr,e1000e,0f:00.0,0,4,0x1c,00 00 44 10
1791530183086,RX,CfgRd,e1000e,0f:00.0,0,4,0x20,00 00 00 00
1791530183086,TX,CfgWr,e1000e,0f:00.0,0,4,0x20,ff ff ff ff
1791530183086,RX,CfgRd,e1000e,0f:00.0,0,4,0x20,00 00 00 00
1791530183086,TX,CfgWr,e1000e,0f:00.0,0,4,0x20,00 00 00 00
1791530183086,RX,CfgRd,e1000e,0f:00.0,0,4,0x24,00 00 00 00
1791530183086,TX,CfgWr,e1000e,0f:00.0,0,4,0x24,ff ff ff ff
1791530183086,RX,CfgRd,e1000e,0f:00.0,0,4,0x24,00 00 00 00
1791530183086,TX,CfgWr,e1000e,0f:00.0,0,4,0x24,00 00 00 00
1791530183088,RX,CfgRd,xio3130-downstream,0e:00.0,0,4,0x18,0e 0f ff 00
1791530183088,TX,CfgWr,xio3130-downstream,0e:00.0,0,4,0x18,0e 0f 0f 00
1791530183088,RX,CfgRd,xio3130-downstream,0e:00.0,0,4,0x1c,00 00 00 00
1791530183088,RX,CfgRd,xio3130-downstream,0e:00.0,0,4,0x30,00 00 00 00
1791530183088,TX,CfgWr,xio3130-downstream,0e:00.0,0,4,0x1c,00 00 00 00
1791530183088,TX,CfgWr,xio3130-downstream,0e:00.0,0,4,0x30,00 00 00 00
1791530183088,RX,CfgRd,xio3130-downstream,0e:00.0,0,4,0x20,40 10 00 00
1791530183088,TX,CfgWr,xio3130-downstream,0e:00.0,0,4,0x20,40 10 4f 10
1791530183088,RX,CfgRd,xio3130-downstream,0e:00.0,0,4,0x24,61 00 01 00
1791530183088,TX,CfgWr,xio3130-downstream,0e:00.0,0,4,0x24,61 00 5f 00
1791530183088,TX,CfgWr,xio3130-downstream,0e:00.0,0,4,0x2c,80 00 00 00
1791530183088,RX,CfgRd,xio3130-downstream,0e:00.1,0,4,0x0,4c 10 33 82
1791530183088,RX,CfgRd,xio3130-downstream,0e:00.1,0,4,0x8,01 00 04 06
1791530183088,RX,CfgRd,xio3130-downstream,0e:00.1,0,4,0xc,00 00 01 00
1791530183088,RX,CfgRd,xio3130-downstream,0e:00.1,0,4,0x8,01 00 04 06
1791530183088,RX,CfgRd,xio3130-downstream,0e:00.1,0,4,0x18,00 00 00 00
1791530183088,RX,CfgRd,xio3130-downstream,0e:00.1,0,4,0x10,00 00 00 00
1791530183088,TX,CfgWr,xio3130-downstream,0e:00.1,0,4,0x10,ff ff ff ff
1791530183088,RX,CfgRd,xio3130-downstream,0e:00.1,0,4,0x10,00 00 00 00
1791530183088,TX,CfgWr,xio3130-downstream,0e:00.1,0,4,0x10,00 00 00 00
1791530183088,RX,CfgRd,xio3130-downstream,0e:00.1,0,4,0x14,00 00 00 00
1791530183088,TX,CfgWr,xio3130-downstream,0e:00.1,0,4,0x14,ff ff ff ff
1791530183088,RX,CfgRd,xio3130-downstream,0e:00.1,0,4,0x14,00 00 00 00
1791530183088,TX,CfgWr,xio3130-downstream,0e:00.1,0,4,0x14,00 00 00 00
1791530183088,TX,CfgWr,xio3130-downstream,0e:00.1,0,4,0x18,0e 10 ff 00
1791530183088,RX,CfgRd,xio3130-downstream,0e:00.1,0,4,0x1c,00 00 00 00
1791530183088,RX,CfgRd,xio3130-downstream,0e:00.1,0,4,0x30,00 00 00 00
1791530183088,TX,CfgWr,xio3130-downstream,0e:00.1,0,4,0x1c,00 00 00 00
1791530183088,TX,CfgWr,xio3130-downstream,0e:00.1,0,4,0x30,00 00 00 00
1791530183088,RX,CfgRd,xio3130-downstream,0e:00.1,0,4,0x4,00 00 10 00
1791530183088,TX,CfgWr,xio3130-downstream,0e:00.1,0,4,0x4,01 00 10 00
1791530183088,RX,CfgRd,xio3130-downstream,0e:00.1,0,4,0x20,00 00 00 00
1791530183088,TX,CfgWr,xio3130-downstream,0e:00.1,0,4,0x20,50 10 00 00
1791530183088,RX,CfgRd,xio3130-downstream,0e:00.1,0,4,0x4,01 00 10 00
1791530183088,TX,CfgWr,xio3130-downstream,0e:00.1,0,4,0x4,03 00 10 00
1791530183088,RX,CfgRd,xio3130-downstream,0e:00.1,0,4,0x24,01 00 01 00
1791530183088,TX,CfgWr,xio3130-downstream,0e:00.1,0,4,0x24,60 00 01 00
1791530183088,TX,CfgWr,xio3130-downstream,0e:00.1,0,4,0x28,80 00 00 00
1791530183088,RX,CfgRd,xio3130-downstream,0e:00.1,0,4,0x4,03 00 10 00
1791530183088,TX,CfgWr,xio3130-downstream,0e:00.1,0,4,0x4,03 00 10 00
1791530183088,RX,CfgRd,xio3130-downstream,0e:00.1,0,4,0x4,03 00 10 00
1791530183088,TX,CfgWr,xio3130-downstream,0e:00.1,0,4,0x4,07 00 10 00
1791530183088,RX,CfgRd,e1000e,10:00.0,0,4,0x0,86 80 d3 10
1791530183088,RX,CfgRd,e1000e,10:00.0,0,4,0x8,00 00 00 02
1791530183088,RX,CfgRd,e1000e,10:00.0,0,4,0xc,00 00 00 00
1791530183088,RX,CfgRd,e1000e,10:00.0,0,4,0x10,00 00 00 00
1791530183088,TX,CfgWr,e1000e,10:00.0,0,4,0x10,ff ff ff ff
1791530183088,RX,CfgRd,e1000e,10:00.0,0,4,0x10,00 00 fe ff
1791530183088,TX,CfgWr,e1000e,10:00.0,0,4,0x10,00 00 00 00
1791530183088,TX,CfgWr,e1000e,10:00.0,0,4,0x10,00 00 50 10
1791530183088,RX,CfgRd,e1000e,10:00.0,0,4,0x14,00 00 00 00
1791530183088,TX,CfgWr,e1000e,10:00.0,0,4,0x14,ff ff ff ff
1791530183088,RX,CfgRd,e1000e,10:00.0,0,4,0x14,00 00 fe ff
1791530183088,TX,CfgWr,e1000e,10:00.0,0,4,0x14,00 00 00 00
1791530183088,TX,CfgWr,e1000e,10:00.0,0,4,0x14,00 00 52 10
1791530183088,RX,CfgRd,e1000e,10:00.0,0,4,0x18,01 00 00 00
1791530183088,TX,CfgWr,e1000e,10:00.0,0,4,0x18,ff ff ff ff
1791530183088,RX,CfgRd,e1000e,10:00.0,0,4,0x18,e1 ff ff ff
1791530183088,TX,CfgWr,e1000e,10:00.0,0,4,0x18,01 00 00 00
1791530183088,TX,CfgWr,e1000e,10:00.0,0,4,0x18,00 20 00 00
1791530183088,RX,CfgRd,e1000e,10:00.0,0,4,0x1c,00 00 00 00
1791530183088,TX,CfgWr,e1000e,10:00.0,0,4,0x1c,ff ff ff ff
1791530183088,RX,CfgRd,e1000e,10:00.0,0,4,0x1c,00 c0 ff ff
1791530183088,TX,CfgWr,e1000e,10:00.0,0,4,0x1c,00 00 00 00
1791530183088,TX,CfgWr,e1000e,10:00.0,0,4,0x1c,00 00 54 10
1791530183088,RX,CfgRd,e1000e,10:00.0,0,4,0x20,00 00 00 00
1791530183088,TX,CfgWr,e1000e,10:00.0,0,4,0x20,ff ff ff ff
1791530183088,RX,CfgRd,e1000e,10:00.0,0,4,0x20,00 00 00 00
1791530183088,TX,CfgWr,e1000e,10:00.0,0,4,0x20,00 00 00 00
1791530183088,RX,CfgRd,e1000e,10:00.0,0,4,0x24,00 00 00 00
1791530183088,TX,CfgWr,e1000e,10:00.0,0,4,0x24,ff ff ff ff
1791530183088,RX,CfgRd,e1000e,10:00.0,0,4,0x24,00 00 00 00
1791530183088,TX,CfgWr,e1000e,10:00.0,0,4,0x24,00 00 00 00
1791530183090,RX,CfgRd,xio3130-downstream,0e:00.1,0,4,0x18,0e 10 ff 00
1791530183090,TX,CfgWr,xio3130-downstream,0e:00.1,0,4,0x18,0e 10 10 00
1791530183090,RX,CfgRd,xio3130-downstream,0e:00.1,0,4,0x1c,00 00 00 00
1791530183090,RX,CfgRd,xio3130-downstream,0e:00.1,0,4,0x30,00 00 00 00
1791530183090,TX,CfgWr,xio3130-downstream,0e:00.1,0,4,0x1c,00 00 00 00
1791530183090,TX,CfgWr,xio3130-downstream,0e:00.1,0,4,0x30,00 00 00 00
1791530183090,RX,CfgRd,xio3130-downstream,0e:00.1,0,4,0x20,50 10 00 00
1791530183090,TX,CfgWr,xio3130-downstream,0e:00.1,0,4,0x20,50 10 5f 10
1791530183090,RX,CfgRd,xio3130-downstream,0e:00.1,0,4,0x24,61 00 01 00
1791530183090,TX,CfgWr,xio3130-downstream,0e:00.1,0,4,0x24,61 00 5f 00
1791530183090,TX,CfgWr,xio3130-downstream,0e:00.1,0,4,0x2c,80 00 00 00
1791530183091,RX,CfgRd,x3130-upstream,0d:00.0,0,4,0x18,0d 0e ff 00
1791530183091,TX,CfgWr,x3130-upstream,0d:00.0,0,4,0x18,0d 0e 10 00
1791530183091,RX,CfgRd,x3130-upstream,0d:00.0,0,4,0x1c,00 00 00 00
1791530183091,RX,CfgRd,x3130-upstream,0d:00.0,0,4,0x30,00 00 00 00
1791530183091,TX,CfgWr,x3130-upstream,0d:00.0,0,4,0x1c,00 00 00 00
1791530183091,TX,CfgWr,x3130-upstream,0d:00.0,0,4,0x30,00 00 00 00
1791530183091,RX,CfgRd,x3130-upstream,0d:00.0,0,4,0x20,40 10 00 00
1791530183091,TX,CfgWr,x3130-upstream,0d:00.0,0,4,0x20,40 10 5f 10
1791530183091,RX,CfgRd,x3130-upstream,0d:00.0,0,4,0x24,61 00 01 00
1791530183091,TX,CfgWr,x3130-upstream,0d:00.0,0,4,0x24,61 00 5f 00
1791530183091,TX,CfgWr,x3130-upstream,0d:00.0,0,4,0x2c,80 00 00 00
1791530183093,RX,CfgRd,pcie-root-port,00:01.3,0,4,0x18,00 0d ff 00
1791530183093,TX,CfgWr,pcie-root-port,00:01.3,0,4,0x18,00 0d 10 00
1791530183093,RX,CfgRd,pcie-root-port,00:01.3,0,4,0x1c,f0 00 00 00
1791530183093,RX,CfgRd,pcie-root-port,00:01.3,0,4,0x30,00 00 00 00
1791530183093,TX,CfgWr,pcie-root-port,00:01.3,0,4,0x1c,f0 00 00 00
1791530183093,TX,CfgWr,pcie-root-port,00:01.3,0,4,0x30,00 00 00 00
1791530183093,RX,CfgRd,pcie-root-port,00:01.3,0,4,0x20,40 10 00 00
1791530183093,TX,CfgWr,pcie-root-port,00:01.3,0,4,0x20,40 10 5f 10
1791530183093,RX,CfgRd,pcie-root-port,00:01.3,0,4,0x24,61 00 01 00
1791530183093,TX,CfgWr,pcie-root-port,00:01.3,0,4,0x24,61 00 5f 00
1791530183093,TX,CfgWr,pcie-root-port,00:01.3,0,4,0x2c,80 00 00 00
1791530183094,RX,CfgRd,gpex-root,00:00.0,0,4,0xc,00 00 00 00
1791530183094,RX,CfgRd,gpex-root,00:00.0,0,4,0x0,36 1b 08 00
1791530183094,RX,CfgRd,gpex-root,00:00.0,0,4,0xc,00 00 00 00
1791530183094,RX,CfgRd,gpex-root,00:00.0,0,4,0x10,00 00 00 00
1791530183094,RX,CfgRd,gpex-root,00:00.0,0,4,0x4,00 00 00 00
1791530183094,TX,CfgWr,gpex-root,00:00.0,0,4,0x4,00 00 00 00
1791530183094,TX,CfgWr,gpex-root,00:00.0,0,4,0x10,ff ff ff ff
1791530183094,RX,CfgRd,gpex-root,00:00.0,0,4,0x10,00 00 00 00
1791530183094,TX,CfgWr,gpex-root,00:00.0,0,4,0x10,00 00 00 00
1791530183094,TX,CfgWr,gpex-root,00:00.0,0,4,0x4,00 00 00 00
1791530183094,RX,CfgRd,gpex-root,00:00.0,0,4,0x10,00 00 00 00
1791530183094,RX,CfgRd,gpex-root,00:00.0,0,4,0x4,00 00 00 00
1791530183094,TX,CfgWr,gpex-root,00:00.0,0,4,0x4,00 00 00 00
1791530183094,TX,CfgWr,gpex-root,00:00.0,0,4,0x10,ff ff ff ff
1791530183094,RX,CfgRd,gpex-root,00:00.0,0,4,0x10,00 00 00 00
1791530183094,TX,CfgWr,gpex-root,00:00.0,0,4,0x10,00 00 00 00
1791530183094,TX,CfgWr,gpex-root,00:00.0,0,4,0x4,00 00 00 00
1791530183094,RX,CfgRd,gpex-root,00:00.0,0,4,0x10,00 00 00 00
1791530183094,RX,CfgRd,gpex-root,00:00.0,0,4,0x14,00 00 00 00
1791530183094,RX,CfgRd,gpex-root,00:00.0,0,4,0x4,00 00 00 00
1791530183094,TX,CfgWr,gpex-root,00:00.0,0,4,0x4,00 00 00 00
1791530183094,TX,CfgWr,gpex-root,00:00.0,0,4,0x14,ff ff ff ff
1791530183094,RX,CfgRd,gpex-root,00:00.0,0,4,0x14,00 00 00 00
1791530183094,TX,CfgWr,gpex-root,00:00.0,0,4,0x14,00 00 00 00
1791530183094,TX,CfgWr,gpex-root,00:00.0,0,4,0x4,00 00 00 00
1791530183094,RX,CfgRd,gpex-root,00:00.0,0,4,0x10,00 00 00 00
1791530183095,RX,CfgRd,gpex-root,00:00.0,0,4,0x14,00 00 00 00
1791530183095,RX,CfgRd,gpex-root,00:00.0,0,4,0x4,00 00 00 00
1791530183095,TX,CfgWr,gpex-root,00:00.0,0,4,0x4,00 00 00 00
1791530183095,TX,CfgWr,gpex-root,00:00.0,0,4,0x14,ff ff ff ff
1791530183095,RX,CfgRd,gpex-root,00:00.0,0,4,0x14,00 00 00 00
1791530183095,TX,CfgWr,gpex-root,00:00.0,0,4,0x14,00 00 00 00
1791530183095,TX,CfgWr,gpex-root,00:00.0,0,4,0x4,00 00 00 00
1791530183095,RX,CfgRd,gpex-root,00:00.0,0,4,0x10,00 00 00 00
1791530183095,RX,CfgRd,gpex-root,00:00.0,0,4,0x14,00 00 00 00
1791530183095,RX,CfgRd,gpex-root,00:00.0,0,4,0x18,00 00 00 00
1791530183095,RX,CfgRd,gpex-root,00:00.0,0,4,0x4,00 00 00 00
1791530183095,TX,CfgWr,gpex-root,00:00.0,0,4,0x4,00 00 00 00
1791530183095,TX,CfgWr,gpex-root,00:00.0,0,4,0x18,ff ff ff ff
1791530183095,RX,CfgRd,gpex-root,00:00.0,0,4,0x18,00 00 00 00
1791530183095,TX,CfgWr,gpex-root,00:00.0,0,4,0x18,00 00 00 00
1791530183095,TX,CfgWr,gpex-root,00:00.0,0,4,0x4,00 00 00 00
1791530183095,RX,CfgRd,gpex-root,00:00.0,0,4,0x10,00 00 00 00
1791530183095,RX,CfgRd,gpex-root,00:00.0,0,4,0x14,00 00 00 00
1791530183095,RX,CfgRd,gpex-root,00:00.0,0,4,0x18,00 00 00 00
1791530183095,RX,CfgRd,gpex-root,00:00.0,0,4,0x4,00 00 00 00
1791530183095,TX,CfgWr,gpex-root,00:00.0,0,4,0x4,00 00 00 00
1791530183095,TX,CfgWr,gpex-root,00:00.0,0,4,0x18,ff ff ff ff
1791530183095,RX,CfgRd,gpex-root,00:00.0,0,4,0x18,00 00 00 00
1791530183095,TX,CfgWr,gpex-root,00:00.0,0,4,0x18,00 00 00 00
1791530183095,TX,CfgWr,gpex-root,00:00.0,0,4,0x4,00 00 00 00
1791530183095,RX,CfgRd,gpex-root,00:00.0,0,4,0x10,00 00 00 00
1791530183095,RX,CfgRd,gpex-root,00:00.0,0,4,0x14,00 00 00 00
1791530183095,RX,CfgRd,gpex-root,00:00.0,0,4,0x18,00 00 00 00
1791530183095,RX,CfgRd,gpex-root,00:00.0,0,4,0x1c,00 00 00 00
1791530183095,RX,CfgRd,gpex-root,00:00.0,0,4,0x4,00 00 00 00
1791530183095,TX,CfgWr,gpex-root,00:00.0,0,4,0x4,00 00 00 00
1791530183095,TX,CfgWr,gpex-root,00:00.0,0,4,0x1c,ff ff ff ff
1791530183095,RX,CfgRd,gpex-root,00:00.0,0,4,0x1c,00 00 00 00
1791530183095,TX,CfgWr,gpex-root,00:00.0,0,4,0x1c,00 00 00 00
1791530183095,TX,CfgWr,gpex-root,00:00.0,0,4,0x4,00 00 00 00
1791530183095,RX,CfgRd,gpex-root,00:00.0,0,4,0x10,00 00 00 00
1791530183095,RX,CfgRd,gpex-root,00:00.0,0,4,0x14,00 00 00 00
1791530183095,RX,CfgRd,gpex-root,00:00.0,0,4,0x18,00 00 00 00
1791530183095,RX,CfgRd,gpex-root,00:00.0,0,4,0x1c,00 00 00 00
1791530183095,RX,CfgRd,gpex-root,00:00.0,0,4,0x4,00 00 00 00
1791530183095,TX,CfgWr,gpex-root,00:00.0,0,4,0x4,00 00 00 00
1791530183095,TX,CfgWr,gpex-root,00:00.0,0,4,0x1c,ff ff ff ff
1791530183095,RX,CfgRd,gpex-root,00:00.0,0,4,0x1c,00 00 00 00
1791530183095,TX,CfgWr,gpex-root,00:00.0,0,4,0x1c,00 00 00 00
1791530183095,TX,CfgWr,gpex-root,00:00.0,0,4,0x4,00 00 00 00
1791530183095,RX,CfgRd,gpex-root,00:00.0,0,4,0x10,00 00 00 00
1791530183095,RX,CfgRd,gpex-root,00:00.0,0,4,0x14,00 00 00 00
1791530183095,RX,CfgRd,gpex-root,00:00.0,0,4,0x18,00 00 00 00
1791530183095,RX,CfgRd,gpex-root,00:00.0,0,4,0x1c,00 00 00 00
1791530183095,RX,CfgRd,gpex-root,00:00.0,0,4,0x20,00 00 00 00
1791530183095,RX,CfgRd,gpex-root,00:00.0,0,4,0x4,00 00 00 00
1791530183095,TX,CfgWr,gpex-root,00:00.0,0,4,0x4,00 00 00 00
1791530183095,TX,CfgWr,gpex-root,00:00.0,0,4,0x20,ff ff ff ff
1791530183095,RX,CfgRd,gpex-root,00:00.0,0,4,0x20,00 00 00 00
1791530183095,TX,CfgWr,gpex-root,00:00.0,0,4,0x20,00 00 00 00
1791530183095,TX,CfgWr,gpex-root,00:00.0,0,4,0x4,00 00 00 00
1791530183095,RX,CfgRd,gpex-root,00:00.0,0,4,0x10,00 00 00 00
1791530183095,RX,CfgRd,gpex-root,00:00.0,0,4,0x14,00 00 00 00
1791530183095,RX,CfgRd,gpex-root,00:00.0,0,4,0x18,00 00 00 00
1791530183095,RX,CfgRd,gpex-root,00:00.0,0,4,0x1c,00 00 00 00
1791530183095,RX,CfgRd,gpex-root,00:00.0,0,4,0x20,00 00 00 00
1791530183095,RX,CfgRd,gpex-root,00:00.0,0,4,0x4,00 00 00 00
1791530183095,TX,CfgWr,gpex-root,00:00.0,0,4,0x4,00 00 00 00
1791530183095,TX,CfgWr,gpex-root,00:00.0,0,4,0x20,ff ff ff ff
1791530183095,RX,CfgRd,gpex-root,00:00.0,0,4,0x20,00 00 00 00
1791530183095,TX,CfgWr,gpex-root,00:00.0,0,4,0x20,00 00 00 00
1791530183095,TX,CfgWr,gpex-root,00:00.0,0,4,0x4,00 00 00 00
1791530183095,RX,CfgRd,gpex-root,00:00.0,0,4,0x10,00 00 00 00
1791530183095,RX,CfgRd,gpex-root,00:00.0,0,4,0x14,00 00 00 00
1791530183095,RX,CfgRd,gpex-root,00:00.0,0,4,0x18,00 00 00 00
1791530183095,RX,CfgRd,gpex-root,00:00.0,0,4,0x1c,00 00 00 00
1791530183095,RX,CfgRd,gpex-root,00:00.0,0,4,0x20,00 00 00 00
1791530183095,RX,CfgRd,gpex-root,00:00.0,0,4,0x24,00 00 00 00
1791530183095,RX,CfgRd,gpex-root,00:00.0,0,4,0x4,00 00 00 00
1791530183095,TX,CfgWr,gpex-root,00:00.0,0,4,0x4,00 00 00 00
1791530183095,TX,CfgWr,gpex-root,00:00.0,0,4,0x24,ff ff ff ff
1791530183095,RX,CfgRd,gpex-root,00:00.0,0,4,0x24,00 00 00 00
1791530183095,TX,CfgWr,gpex-root,00:00.0,0,4,0x24,00 00 00 00
1791530183095,TX,CfgWr,gpex-root,00:00.0,0,4,0x4,00 00 00 00
1791530183095,RX,CfgRd,gpex-root,00:00.0,0,4,0x10,00 00 00 00
1791530183095,RX,CfgRd,gpex-root,00:00.0,0,4,0x14,00 00 00 00
1791530183095,RX,CfgRd,gpex-root,00:00.0,0,4,0x18,00 00 00 00
1791530183095,RX,CfgRd,gpex-root,00:00.0,0,4,0x1c,00 00 00 00
1791530183095,RX,CfgRd,gpex-root,00:00.0,0,4,0x20,00 00 00 00
1791530183095,RX,CfgRd,gpex-root,00:00.0,0,4,0x24,00 00 00 00
1791530183095,RX,CfgRd,gpex-root,00:00.0,0,4,0x4,00 00 00 00
1791530183095,TX,CfgWr,gpex-root,00:00.0,0,4,0x4,00 00 00 00
1791530183095,TX,CfgWr,gpex-root,00:00.0,0,4,0x24,ff ff ff ff
1791530183096,RX,CfgRd,gpex-root,00:00.0,0,4,0x24,00 00 00 00
1791530183096,TX,CfgWr,gpex-root,00:00.0,0,4,0x24,00 00 00 00
1791530183096,TX,CfgWr,gpex-root,00:00.0,0,4,0x4,00 00 00 00
1791530183096,RX,CfgRd,gpex-root,00:00.0,0,4,0x4,00 00 00 00
1791530183096,RX,CfgRd,gpex-root,00:00.0,0,4,0x4,00 00 00 00
1791530183096,TX,CfgWr,gpex-root,00:00.0,0,4,0x4,06 00 00 00
1791530183096,RX,CfgRd,gpex-root,00:00.0,0,4,0x4,06 00 00 00
1791530183096,RX,CfgRd,gpex-root,00:00.0,0,4,0x4,06 00 00 00
1791530183096,TX,CfgWr,gpex-root,00:00.0,0,4,0x4,00 00 00 00
1791530183096,RX,CfgRd,gpex-root,00:00.0,0,4,0x3c,00 00 00 00
1791530183096,RX,CfgRd,pcie-root-port,00:01.0,0,4,0x0,36 1b 0c 00
1791530183096,RX,CfgRd,pcie-root-port,00:01.0,0,4,0xc,00 00 81 00
1791530183096,RX,CfgRd,pcie-root-port,00:01.0,0,4,0x18,00 01 04 00
1791530183096,RX,CfgRd,pcie-root-port,00:01.0,0,4,0x10,00 00 00 10
1791530183096,RX,CfgRd,pcie-root-port,00:01.0,0,4,0x4,07 00 10 00
1791530183096,TX,CfgWr,pcie-root-port,00:01.0,0,4,0x4,04 00 10 00
1791530183096,TX,CfgWr,pcie-root-port,00:01.0,0,4,0x10,ff ff ff ff
1791530183096,RX,CfgRd,pcie-root-port,00:01.0,0,4,0x10,00 f0 ff ff
1791530183096,TX,CfgWr,pcie-root-port,00:01.0,0,4,0x10,00 00 00 10
1791530183096,TX,CfgWr,pcie-root-port,00:01.0,0,4,0x4,07 00 10 00
1791530183096,RX,CfgRd,pcie-root-port,00:01.0,0,4,0x10,00 00 00 10
1791530183096,RX,CfgRd,pcie-root-port,00:01.0,0,4,0x4,07 00 10 00
1791530183096,TX,CfgWr,pcie-root-port,00:01.0,0,4,0x4,04 00 10 00
1791530183096,TX,CfgWr,pcie-root-port,00:01.0,0,4,0x10,ff ff ff ff
1791530183096,RX,CfgRd,pcie-root-port,00:01.0,0,4,0x10,00 f0 ff ff
1791530183096,TX,CfgWr,pcie-root-port,00:01.0,0,4,0x10,00 00 00 10
1791530183096,TX,CfgWr,pcie-root-port,00:01.0,0,4,0x4,07 00 10 00
1791530183096,RX,CfgRd,pcie-root-port,00:01.0,0,4,0x10,00 00 00 10
1791530183096,RX,CfgRd,pcie-root-port,00:01.0,0,4,0x4,07 00 10 00
1791530183096,TX,CfgWr,pcie-root-port,00:01.0,0,4,0x4,04 00 10 00
1791530183096,TX,CfgWr,pcie-root-port,00:01.0,0,4,0x10,ff ff ff ff
1791530183096,RX,CfgRd,pcie-root-port,00:01.0,0,4,0x10,00 f0 ff ff
1791530183096,TX,CfgWr,pcie-root-port,00:01.0,0,4,0x10,00 00 00 10
1791530183096,TX,CfgWr,pcie-root-port,00:01.0,0,4,0x4,07 00 10 00
1791530183096,RX,CfgRd,pcie-root-port,00:01.0,0,4,0x10,00 00 00 10
1791530183096,RX,CfgRd,pcie-root-port,00:01.0,0,4,0x4,07 00 10 00
1791530183096,TX,CfgWr,pcie-root-port,00:01.0,0,4,0x4,04 00 10 00
1791530183096,TX,CfgWr,pcie-root-port,00:01.0,0,4,0x10,ff ff ff ff
1791530183096,RX,CfgRd,pcie-root-port,00:01.0,0,4,0x10,00 f0 ff ff
1791530183096,TX,CfgWr,pcie-root-port,00:01.0,0,4,0x10,00 00 00 10
1791530183096,TX,CfgWr,pcie-root-port,00:01.0,0,4,0x4,07 00 10 00
1791530183096,RX,CfgRd,pcie-root-port,00:01.0,0,4,0x10,00 00 00 10
1791530183096,RX,CfgRd,pcie-root-port,00:01.0,0,4,0x14,00 00 00 00
1791530183096,RX,CfgRd,pcie-root-port,00:01.0,0,4,0x4,07 00 10 00
1791530183096,TX,CfgWr,pcie-root-port,00:01.0,0,4,0x4,04 00 10 00
1791530183096,TX,CfgWr,pcie-root-port,00:01.0,0,4,0x14,ff ff ff ff
1791530183096,RX,CfgRd,pcie-root-port,00:01.0,0,4,0x14,00 00 00 00
1791530183096,TX,CfgWr,pcie-root-port,00:01.0,0,4,0x14,00 00 00 00
1791530183096,TX,CfgWr,pcie-root-port,00:01.0,0,4,0x4,07 00 10 00
1791530183096,RX,CfgRd,pcie-root-port,00:01.0,0,4,0x10,00 00 00 10
1791530183096,RX,CfgRd,pcie-root-port,00:01.0,0,4,0x14,00 00 00 00
1791530183097,RX,CfgRd,pcie-root-port,00:01.0,0,4,0x4,07 00 10 00
1791530183097,TX,CfgWr,pcie-root-port,00:01.0,0,4,0x4,04 00 10 00
1791530183097,TX,CfgWr,pcie-root-port,00:01.0,0,4,0x14,ff ff ff ff
1791530183097,RX,CfgRd,pcie-root-port,00:01.0,0,4,0x14,00 00 00 00
1791530183097,TX,CfgWr,pcie-root-port,00:01.0,0,4,0x14,00 00 00 00
1791530183097,TX,CfgWr,pcie-root-port,00:01.0,0,4,0x4,07 00 10 00
1791530183097,RX,CfgRd,pcie-root-port,00:01.0,0,4,0x10,00 00 00 10
1791530183097,RX,CfgRd,pcie-root-port,00:01.0,0,4,0x14,00 00 00 00
1791530183097,RX,CfgRd,pcie-root-port,00:01.0,0,4,0x18,00 01 04 00
1791530183097,RX,CfgRd,pcie-root-port,00:01.0,0,4,0x4,07 00 10 00
1791530183097,TX,CfgWr,pcie-root-port,00:01.0,0,4,0x4,04 00 10 00
1791530183097,TX,CfgWr,pcie-root-port,00:01.0,0,4,0x18,ff ff ff ff
1791530183097,RX,CfgRd,pcie-root-port,00:01.0,0,4,0x18,ff ff ff 00
1791530183097,TX,CfgWr,pcie-root-port,00:01.0,0,4,0x18,00 01 04 00
1791530183097,TX,CfgWr,pcie-root-port,00:01.0,0,4,0x4,07 00 10 00
1791530183097,RX,CfgRd,pcie-root-port,00:01.0,0,4,0x18,00 01 04 00
1791530183097,RX,CfgRd,pcie-root-port,00:01.0,0,4,0x4,07 00 10 00
1791530183097,TX,CfgWr,pcie-root-port,00:01.0,0,4,0x4,04 00 10 00
1791530183097,TX,CfgWr,pcie-root-port,00:01.0,0,4,0x18,ff ff ff ff
1791530183097,RX,CfgRd,pcie-root-port,00:01.0,0,4,0x18,ff ff ff 00
1791530183097,TX,CfgWr,pcie-root-port,00:01.0,0,4,0x18,00 01 04 00
1791530183097,TX,CfgWr,pcie-root-port,00:01.0,0,4,0x4,07 00 10 00
1791530183097,RX,CfgRd,pcie-root-port,00:01.0,0,4,0x10,00 00 00 10
1791530183097,RX,CfgRd,pcie-root-port,00:01.0,0,4,0x14,00 00 00 00
1791530183097,RX,CfgRd,pcie-root-port,00:01.0,0,4,0x18,00 01 04 00
1791530183097,RX,CfgRd,pcie-root-port,00:01.0,0,4,0x4,07 00 10 00
1791530183098,TX,CfgWr,pcie-root-port,00:01.0,0,4,0x4,04 00 10 00
1791530183098,TX,CfgWr,pcie-root-port,00:01.0,0,4,0x18,ff ff ff ff
1791530183098,RX,CfgRd,pcie-root-port,00:01.0,0,4,0x18,ff ff ff 00
1791530183098,TX,CfgWr,pcie-root-port,00:01.0,0,4,0x18,00 01 04 00
1791530183098,TX,CfgWr,pcie-root-port,00:01.0,0,4,0x4,07 00 10 00
1791530183098,RX,CfgRd,pcie-root-port,00:01.0,0,4,0x18,00 01 04 00
1791530183098,RX,CfgRd,pcie-root-port,00:01.0,0,4,0x4,07 00 10 00
1791530183098,TX,CfgWr,pcie-root-port,00:01.0,0,4,0x4,04 00 10 00
1791530183098,TX,CfgWr,pcie-root-port,00:01.0,0,4,0x18,ff ff ff ff
1791530183098,RX,CfgRd,pcie-root-port,00:01.0,0,4,0x18,ff ff ff 00
1791530183098,TX,CfgWr,pcie-root-port,00:01.0,0,4,0x18,00 01 04 00
1791530183098,TX,CfgWr,pcie-root-port,00:01.0,0,4,0x4,07 00 10 00
1791530183098,RX,CfgRd,pcie-root-port,00:01.0,0,4,0x10,00 00 00 10
1791530183098,RX,CfgRd,pcie-root-port,00:01.0,0,4,0x14,00 00 00 00
1791530183098,RX,CfgRd,pcie-root-port,00:01.0,0,4,0x18,00 01 04 00
1791530183098,RX,CfgRd,pcie-root-port,00:01.0,0,4,0x1c,f0 00 00 00
1791530183098,RX,CfgRd,pcie-root-port,00:01.0,0,4,0x4,07 00 10 00
1791530183098,TX,CfgWr,pcie-root-port,00:01.0,0,4,0x4,04 00 10 00
1791530183098,TX,CfgWr,pcie-root-port,00:01.0,0,4,0x1c,ff ff ff ff
1791530183098,RX,CfgRd,pcie-root-port,00:01.0,0,4,0x1c,f0 f0 00 00
1791530183098,TX,CfgWr,pcie-root-port,00:01.0,0,4,0x1c,f0 00 00 00
1791530183098,TX,CfgWr,pcie-root-port,00:01.0,0,4,0x4,07 00 10 00
1791530183098,RX,CfgRd,pcie-root-port,00:01.0,0,4,0x1c,f0 00 00 00
1791530183098,RX,CfgRd,pcie-root-port,00:01.0,0,4,0x4,07 00 10 00
1791530183102,TX,CfgWr,pcie-root-port,00:01.0,0,4,0x4,04 00 10 00
1791530183102,TX,CfgWr,pcie-root-port,00:01.0,0,4,0x1c,ff ff ff ff
1791530183102,RX,CfgRd,pcie-root-port,00:01.0,0,4,0x1c,f0 f0 00 00
1791530183102,TX,CfgWr,pcie-root-port,00:01.0,0,4,0x1c,f0 00 00 00
1791530183102,TX,CfgWr,pcie-root-port,00:01.0,0,4,0x4,07 00 10 00
1791530183102,RX,CfgRd,pcie-root-port,00:01.0,0,4,0x10,00 00 00 10
1791530183102,RX,CfgRd,pcie-root-port,00:01.0,0,4,0x14,00 00 00 00
1791530183102,RX,CfgRd,pcie-root-port,00:01.0,0,4,0x18,00 01 04 00
1791530183102,RX,CfgRd,pcie-root-port,00:01.0,0,4,0x1c,f0 00 00 00
1791530183102,RX,CfgRd,pcie-root-port,00:01.0,0,4,0x4,07 00 10 00
1791530183102,TX,CfgWr,pcie-root-port,00:01.0,0,4,0x4,04 00 10 00
1791530183102,TX,CfgWr,pcie-root-port,00:01.0,0,4,0x1c,ff ff ff ff
1791530183102,RX,CfgRd,pcie-root-port,00:01.0,0,4,0x1c,f0 f0 00 00
1791530183102,TX,CfgWr,pcie-root-port,00:01.0,0,4,0x1c,f0 00 00 00
1791530183102,TX,CfgWr,pcie-root-port,00:01.0,0,4,0x4,07 00 10 00
1791530183102,RX,CfgRd,pcie-root-port,00:01.0,0,4,0x1c,f0 00 00 00
1791530183102,RX,CfgRd,pcie-root-port,00:01.0,0,4,0x4,07 00 10 00
1791530183102,TX,CfgWr,pcie-root-port,00:01.0,0,4,0x4,04 00 10 00
1791530183102,TX,CfgWr,pcie-root-port,00:01.0,0,4,0x1c,ff ff ff ff
1791530183102,RX,CfgRd,pcie-root-port,00:01.0,0,4,0x1c,f0 f0 00 00
1791530183102,TX,CfgWr,pcie-root-port,00:01.0,0,4,0x1c,f0 00 00 00
1791530183102,TX,CfgWr,pcie-root-port,00:01.0,0,4,0x4,07 00 10 00
1791530183102,RX,CfgRd,pcie-root-port,00:01.0,0,4,0x10,00 00 00 10
1791530183102,RX,CfgRd,pcie-root-port,00:01.0,0,4,0x14,00 00 00 00
1791530183102,RX,CfgRd,pcie-root-port,00:01.0,0,4,0x18,00 01 04 00
1791530183102,RX,CfgRd,pcie-root-port,00:01.0,0,4,0x1c,f0 00 00 00
1791530183102,RX,CfgRd,pcie-root-port,00:01.0,0,4,0x20,10 10 00 10
1791530183102,RX,CfgRd,pcie-root-port,00:01.0,0,4,0x4,07 00 10 00
1791530183102,TX,CfgWr,pcie-root-port,00:01.0,0,4,0x4,04 00 10 00
1791530183102,TX,CfgWr,pcie-root-port,00:01.0,0,4,0x20,ff ff ff ff
1791530183102,RX,CfgRd,pcie-root-port,00:01.0,0,4,0x20,f0 ff f0 ff
1791530183102,TX,CfgWr,pcie-root-port,00:01.0,0,4,0x20,10 10 00 10
1791530183102,TX,CfgWr,pcie-root-port,00:01.0,0,4,0x4,07 00 10 00
1791530183102,RX,CfgRd,pcie-root-port,00:01.0,0,4,0x20,10 10 00 10
1791530183102,RX,CfgRd,pcie-root-port,00:01.0,0,4,0x4,07 00 10 00
1791530183102,TX,CfgWr,pcie-root-port,00:01.0,0,4,0x4,04 00 10 00
1791530183102,TX,CfgWr,pcie-root-port,00:01.0,0,4,0x20,ff ff ff ff
1791530183102,RX,CfgRd,pcie-root-port,00:01.0,0,4,0x20,f0 ff f0 ff
1791530183102,TX,CfgWr,pcie-root-port,00:01.0,0,4,0x20,10 10 00 10
1791530183102,TX,CfgWr,pcie-root-port,00:01.0,0,4,0x4,07 00 10 00
1791530183102,RX,CfgRd,pcie-root-port,00:01.0,0,4,0x10,00 00 00 10
1791530183102,RX,CfgRd,pcie-root-port,00:01.0,0,4,0x14,00 00 00 00
1791530183102,RX,CfgRd,pcie-root-port,00:01.0,0,4,0x18,00 01 04 00
1791530183102,RX,CfgRd,pcie-root-port,00:01.0,0,4,0x1c,f0 00 00 00
1791530183102,RX,CfgRd,pcie-root-port,00:01.0,0,4,0x20,10 10 00 10
1791530183102,RX,CfgRd,pcie-root-port,00:01.0,0,4,0x4,07 00 10 00
1791530183102,TX,CfgWr,pcie-root-port,00:01.0,0,4,0x4,04 00 10 00
1791530183102,TX,CfgWr,pcie-root-port,00:01.0,0,4,0x20,ff ff ff ff
1791530183102,RX,CfgRd,pcie-root-port,00:01.0,0,4,0x20,f0 ff f0 ff
1791530183102,TX,CfgWr,pcie-root-port,00:01.0,0,4,0x20,10 10 00 10
1791530183102,TX,CfgWr,pcie-root-port,00:01.0,0,4,0x4,07 00 10 00
1791530183102,RX,CfgRd,pcie-root-port,00:01.0,0,4,0x20,10 10 00 10
1791530183102,RX,CfgRd,pcie-root-port,00:01.0,0,4,0x4,07 00 10 00
1791530183102,TX,CfgWr,pcie-root-port,00:01.0,0,4,0x4,04 00 10 00
1791530183102,TX,CfgWr,pcie-root-port,00:01.0,0,4,0x20,ff ff ff ff
1791530183102,RX,CfgRd,pcie-root-port,00:01.0,0,4,0x20,f0 ff f0 ff
1791530183102,TX,CfgWr,pcie-root-port,00:01.0,0,4,0x20,10 10 00 10
1791530183102,TX,CfgWr,pcie-root-port,00:01.0,0,4,0x4,07 00 10 00
1791530183102,RX,CfgRd,pcie-root-port,00:01.0,0,4,0x10,00 00 00 10
1791530183102,RX,CfgRd,pcie-root-port,00:01.0,0,4,0x14,00 00 00 00
1791530183102,RX,CfgRd,pcie-root-port,00:01.0,0,4,0x18,00 01 04 00
1791530183102,RX,CfgRd,pcie-root-port,00:01.0,0,4,0x1c,f0 00 00 00
1791530183102,RX,CfgRd,pcie-root-port,00:01.0,0,4,0x20,10 10 00 10
1791530183102,RX,CfgRd,pcie-root-port,00:01.0,0,4,0x24,01 00 11 00
1791530183102,RX,CfgRd,pcie-root-port,00:01.0,0,4,0x4,07 00 10 00
1791530183102,TX,CfgWr,pcie-root-port,00:01.0,0,4,0x4,04 00 10 00
1791530183102,TX,CfgWr,pcie-root-port,00:01.0,0,4,0x24,ff ff ff ff
1791530183102,RX,CfgRd,pcie-root-port,00:01.0,0,4,0x24,f1 ff f1 ff
1791530183102,TX,CfgWr,pcie-root-port,00:01.0,0,4,0x24,01 00 11 00
1791530183102,TX,CfgWr,pcie-root-port,00:01.0,0,4,0x4,07 00 10 00
1791530183102,RX,CfgRd,pcie-root-port,00:01.0,0,4,0x24,01 00 11 00
1791530183102,RX,CfgRd,pcie-root-port,00:01.0,0,4,0x4,07 00 10 00
1791530183102,TX,CfgWr,pcie-root-port,00:01.0,0,4,0x4,04 00 10 00
1791530183102,TX,CfgWr,pcie-root-port,00:01.0,0,4,0x24,ff ff ff ff
1791530183102,RX,CfgRd,pcie-root-port,00:01.0,0,4,0x24,f1 ff f1 ff
1791530183102,TX,CfgWr,pcie-root-port,00:01.0,0,4,0x24,01 00 11 00
1791530183102,TX,CfgWr,pcie-root-port,00:01.0,0,4,0x4,07 00 10 00
1791530183102,RX,CfgRd,pcie-root-port,00:01.0,0,4,0x10,00 00 00 10
1791530183102,RX,CfgRd,pcie-root-port,00:01.0,0,4,0x14,00 00 00 00
1791530183102,RX,CfgRd,pcie-root-port,00:01.0,0,4,0x18,00 01 04 00
1791530183102,RX,CfgRd,pcie-root-port,00:01.0,0,4,0x1c,f0 00 00 00
1791530183102,RX,CfgRd,pcie-root-port,00:01.0,0,4,0x20,10 10 00 10
1791530183102,RX,CfgRd,pcie-root-port,00:01.0,0,4,0x24,01 00 11 00
1791530183102,RX,CfgRd,pcie-root-port,00:01.0,0,4,0x4,07 00 10 00
1791530183102,TX,CfgWr,pcie-root-port,00:01.0,0,4,0x4,04 00 10 00
1791530183102,TX,CfgWr,pcie-root-port,00:01.0,0,4,0x24,ff ff ff ff
1791530183102,RX,CfgRd,pcie-root-port,00:01.0,0,4,0x24,f1 ff f1 ff
1791530183102,TX,CfgWr,pcie-root-port,00:01.0,0,4,0x24,01 00 11 00
1791530183102,TX,CfgWr,pcie-root-port,00:01.0,0,4,0x4,07 00 10 00
1791530183102,RX,CfgRd,pcie-root-port,00:01.0,0,4,0x24,01 00 11 00
1791530183102,RX,CfgRd,pcie-root-port,00:01.0,0,4,0x4,07 00 10 00
1791530183102,TX,CfgWr,pcie-root-port,00:01.0,0,4,0x4,04 00 10 00
1791530183102,TX,CfgWr,pcie-root-port,00:01.0,0,4,0x24,ff ff ff ff
1791530183102,RX,CfgRd,pcie-root-port,00:01.0,0,4,0x24,f1 ff f1 ff
1791530183102,TX,CfgWr,pcie-root-port,00:01.0,0,4,0x24,01 00 11 00
1791530183102,TX,CfgWr,pcie-root-port,00:01.0,0,4,0x4,07 00 10 00
1791530183102,RX,CfgRd,pcie-root-port,00:01.0,0,4,0x4,07 00 10 00
1791530183102,RX,CfgRd,pcie-root-port,00:01.0,0,4,0x34,54 00 00 00
1791530183102,RX,CfgRd,pcie-root-port,00:01.0,0,4,0x54,10 48 42 01
1791530183102,RX,CfgRd,pcie-root-port,00:01.0,0,4,0x48,11 40 00 00
1791530183102,RX,CfgRd,pcie-root-port,00:01.0,0,4,0x40,0d 00 00 00
1791530183102,RX,CfgRd,pcie-root-port,00:01.0,0,4,0x100,01 00 82 14
1791530183102,RX,CfgRd,pcie-root-port,00:01.0,0,4,0x4,07 00 10 00
1791530183102,TX,CfgWr,pcie-root-port,00:01.0,0,4,0x4,07 00 10 00
1791530183102,RX,CfgRd,pcie-root-port,00:01.0,0,4,0x4,07 00 10 00
1791530183102,RX,CfgRd,pcie-root-port,00:01.0,0,4,0x4,07 00 10 00
1791530183102,TX,CfgWr,pcie-root-port,00:01.0,0,4,0x4,01 00 10 00
1791530183102,RX,CfgRd,pcie-root-port,00:01.0,0,4,0x3c,00 01 00 00
1791530183102,RX,CfgRd,x3130-upstream,01:00.0,0,4,0x0,4c 10 32 82
1791530183102,RX,CfgRd,x3130-upstream,01:00.0,0,4,0xc,00 00 01 00
1791530183102,RX,CfgRd,x3130-upstream,01:00.0,0,4,0x18,01 02 04 00
1791530183102,RX,CfgRd,x3130-upstream,01:00.0,0,4,0x10,00 00 00 00
1791530183103,RX,CfgRd,x3130-upstream,01:00.0,0,4,0x4,07 00 10 00
1791530183103,TX,CfgWr,x3130-upstream,01:00.0,0,4,0x4,04 00 10 00
1791530183103,TX,CfgWr,x3130-upstream,01:00.0,0,4,0x10,ff ff ff ff
1791530183103,RX,CfgRd,x3130-upstream,01:00.0,0,4,0x10,00 00 00 00
1791530183103,TX,CfgWr,x3130-upstream,01:00.0,0,4,0x10,00 00 00 00
1791530183103,TX,CfgWr,x3130-upstream,01:00.0,0,4,0x4,07 00 10 00
1791530183103,RX,CfgRd,x3130-upstream,01:00.0,0,4,0x10,00 00 00 00
1791530183103,RX,CfgRd,x3130-upstream,01:00.0,0,4,0x4,07 00 10 00
1791530183103,TX,CfgWr,x3130-upstream,01:00.0,0,4,0x4,04 00 10 00
1791530183103,TX,CfgWr,x3130-upstream,01:00.0,0,4,0x10,ff ff ff ff
1791530183103,RX,CfgRd,x3130-upstream,01:00.0,0,4,0x10,00 00 00 00
1791530183103,TX,CfgWr,x3130-upstream,01:00.0,0,4,0x10,00 00 00 00
1791530183103,TX,CfgWr,x3130-upstream,01:00.0,0,4,0x4,07 00 10 00
1791530183103,RX,CfgRd,x3130-upstream,01:00.0,0,4,0x10,00 00 00 00
1791530183103,RX,CfgRd,x3130-upstream,01:00.0,0,4,0x14,00 00 00 00
1791530183103,RX,CfgRd,x3130-upstream,01:00.0,0,4,0x4,07 00 10 00
1791530183103,TX,CfgWr,x3130-upstream,01:00.0,0,4,0x4,04 00 10 00
1791530183103,TX,CfgWr,x3130-upstream,01:00.0,0,4,0x14,ff ff ff ff
1791530183103,RX,CfgRd,x3130-upstream,01:00.0,0,4,0x14,00 00 00 00
1791530183103,TX,CfgWr,x3130-upstream,01:00.0,0,4,0x14,00 00 00 00
1791530183103,TX,CfgWr,x3130-upstream,01:00.0,0,4,0x4,07 00 10 00
1791530183103,RX,CfgRd,x3130-upstream,01:00.0,0,4,0x10,00 00 00 00
1791530183103,RX,CfgRd,x3130-upstream,01:00.0,0,4,0x14,00 00 00 00
1791530183103,RX,CfgRd,x3130-upstream,01:00.0,0,4,0x4,07 00 10 00
1791530183103,TX,CfgWr,x3130-upstream,01:00.0,0,4,0x4,04 00 10 00
1791530183103,TX,CfgWr,x3130-upstream,01:00.0,0,4,0x14,ff ff ff ff
1791530183103,RX,CfgRd,x3130-upstream,01:00.0,0,4,0x14,00 00 00 00
1791530183103,TX,CfgWr,x3130-upstream,01:00.0,0,4,0x14,00 00 00 00
1791530183103,TX,CfgWr,x3130-upstream,01:00.0,0,4,0x4,07 00 10 00
1791530183103,RX,CfgRd,x3130-upstream,01:00.0,0,4,0x10,00 00 00 00
1791530183103,RX,CfgRd,x3130-upstream,01:00.0,0,4,0x14,00 00 00 00
1791530183103,RX,CfgRd,x3130-upstream,01:00.0,0,4,0x18,01 02 04 00
1791530183103,RX,CfgRd,x3130-upstream,01:00.0,0,4,0x4,07 00 10 00
1791530183103,TX,CfgWr,x3130-upstream,01:00.0,0,4,0x4,04 00 10 00
1791530183103,TX,CfgWr,x3130-upstream,01:00.0,0,4,0x18,ff ff ff ff
1791530183103,RX,CfgRd,x3130-upstream,01:00.0,0,4,0x18,ff ff ff 00
1791530183103,TX,CfgWr,x3130-upstream,01:00.0,0,4,0x18,01 02 04 00
1791530183103,TX,CfgWr,x3130-upstream,01:00.0,0,4,0x4,07 00 10 00
1791530183103,RX,CfgRd,x3130-upstream,01:00.0,0,4,0x18,01 02 04 00
1791530183103,RX,CfgRd,x3130-upstream,01:00.0,0,4,0x4,07 00 10 00
1791530183103,TX,CfgWr,x3130-upstream,01:00.0,0,4,0x4,04 00 10 00
1791530183103,TX,CfgWr,x3130-upstream,01:00.0,0,4,0x18,ff ff ff ff
1791530183103,RX,CfgRd,x3130-upstream,01:00.0,0,4,0x18,ff ff ff 00
1791530183103,TX,CfgWr,x3130-upstream,01:00.0,0,4,0x18,01 02 04 00
1791530183103,TX,CfgWr,x3130-upstream,01:00.0,0,4,0x4,07 00 10 00
1791530183103,RX,CfgRd,x3130-upstream,01:00.0,0,4,0x10,00 00 00 00
1791530183103,RX,CfgRd,x3130-upstream,01:00.0,0,4,0x14,00 00 00 00
1791530183103,RX,CfgRd,x3130-upstream,01:00.0,0,4,0x18,01 02 04 00
1791530183103,RX,CfgRd,x3130-upstream,01:00.0,0,4,0x4,07 00 10 00
1791530183103,TX,CfgWr,x3130-upstream,01:00.0,0,4,0x4,04 00 10 00
1791530183103,TX,CfgWr,x3130-upstream,01:00.0,0,4,0x18,ff ff ff ff
1791530183103,RX,CfgRd,x3130-upstream,01:00.0,0,4,0x18,ff ff ff 00
1791530183103,TX,CfgWr,x3130-upstream,01:00.0,0,4,0x18,01 02 04 00
1791530183103,TX,CfgWr,x3130-upstream,01:00.0,0,4,0x4,07 00 10 00
1791530183103,RX,CfgRd,x3130-upstream,01:00.0,0,4,0x18,01 02 04 00
1791530183103,RX,CfgRd,x3130-upstream,01:00.0,0,4,0x4,07 00 10 00
1791530183103,TX,CfgWr,x3130-upstream,01:00.0,0,4,0x4,04 00 10 00
1791530183103,TX,CfgWr,x3130-upstream,01:00.0,0,4,0x18,ff ff ff ff
1791530183103,RX,CfgRd,x3130-upstream,01:00.0,0,4,0x18,ff ff ff 00
1791530183103,TX,CfgWr,x3130-upstream,01:00.0,0,4,0x18,01 02 04 00
1791530183103,TX,CfgWr,x3130-upstream,01:00.0,0,4,0x4,07 00 10 00
1791530183103,RX,CfgRd,x3130-upstream,01:00.0,0,4,0x10,00 00 00 00
1791530183103,RX,CfgRd,x3130-upstream,01:00.0,0,4,0x14,00 00 00 00
1791530183103,RX,CfgRd,x3130-upstream,01:00.0,0,4,0x18,01 02 04 00
1791530183103,RX,CfgRd,x3130-upstream,01:00.0,0,4,0x1c,00 00 00 00
1791530183103,RX,CfgRd,x3130-upstream,01:00.0,0,4,0x4,07 00 10 00
1791530183103,TX,CfgWr,x3130-upstream,01:00.0,0,4,0x4,04 00 10 00
1791530183103,TX,CfgWr,x3130-upstream,01:00.0,0,4,0x1c,ff ff ff ff
1791530183103,RX,CfgRd,x3130-upstream,01:00.0,0,4,0x1c,f0 f0 00 00
1791530183103,TX,CfgWr,x3130-upstream,01:00.0,0,4,0x1c,00 00 00 00
1791530183103,TX,CfgWr,x3130-upstream,01:00.0,0,4,0x4,07 00 10 00
1791530183103,RX,CfgRd,x3130-upstream,01:00.0,0,4,0x10,00 00 00 00
1791530183103,RX,CfgRd,x3130-upstream,01:00.0,0,4,0x14,00 00 00 00
1791530183103,RX,CfgRd,x3130-upstream,01:00.0,0,4,0x18,01 02 04 00
1791530183103,RX,CfgRd,x3130-upstream,01:00.0,0,4,0x1c,00 00 00 00
1791530183103,RX,CfgRd,x3130-upstream,01:00.0,0,4,0x4,07 00 10 00
1791530183103,TX,CfgWr,x3130-upstream,01:00.0,0,4,0x4,04 00 10 00
1791530183103,TX,CfgWr,x3130-upstream,01:00.0,0,4,0x1c,ff ff ff ff
1791530183103,RX,CfgRd,x3130-upstream,01:00.0,0,4,0x1c,f0 f0 00 00
1791530183103,TX,CfgWr,x3130-upstream,01:00.0,0,4,0x1c,00 00 00 00
1791530183103,TX,CfgWr,x3130-upstream,01:00.0,0,4,0x4,07 00 10 00
1791530183103,RX,CfgRd,x3130-upstream,01:00.0,0,4,0x10,00 00 00 00
1791530183103,RX,CfgRd,x3130-upstream,01:00.0,0,4,0x14,00 00 00 00
1791530183103,RX,CfgRd,x3130-upstream,01:00.0,0,4,0x18,01 02 04 00
1791530183103,RX,CfgRd,x3130-upstream,01:00.0,0,4,0x1c,00 00 00 00
1791530183103,RX,CfgRd,x3130-upstream,01:00.0,0,4,0x20,10 10 00 10
1791530183103,RX,CfgRd,x3130-upstream,01:00.0,0,4,0x4,07 00 10 00
1791530183103,TX,CfgWr,x3130-upstream,01:00.0,0,4,0x4,04 00 10 00
1791530183103,TX,CfgWr,x3130-upstream,01:00.0,0,4,0x20,ff ff ff ff
1791530183103,RX,CfgRd,x3130-upstream,01:00.0,0,4,0x20,f0 ff f0 ff
1791530183103,TX,CfgWr,x3130-upstream,01:00.0,0,4,0x20,10 10 00 10
1791530183103,TX,CfgWr,x3130-upstream,01:00.0,0,4,0x4,07 00 10 00
1791530183103,RX,CfgRd,x3130-upstream,01:00.0,0,4,0x20,10 10 00 10
1791530183103,RX,CfgRd,x3130-upstream,01:00.0,0,4,0x4,07 00 10 00
1791530183103,TX,CfgWr,x3130-upstream,01:00.0,0,4,0x4,04 00 10 00
1791530183104,TX,CfgWr,x3130-upstream,01:00.0,0,4,0x20,ff ff ff ff
1791530183104,RX,CfgRd,x3130-upstream,01:00.0,0,4,0x20,f0 ff f0 ff
1791530183104,TX,CfgWr,x3130-upstream,01:00.0,0,4,0x20,10 10 00 10
1791530183104,TX,CfgWr,x3130-upstream,01:00.0,0,4,0x4,07 00 10 00
1791530183104,RX,CfgRd,x3130-upstream,01:00.0,0,4,0x10,00 00 00 00
1791530183104,RX,CfgRd,x3130-upstream,01:00.0,0,4,0x14,00 00 00 00
1791530183104,RX,CfgRd,x3130-upstream,01:00.0,0,4,0x18,01 02 04 00
1791530183104,RX,CfgRd,x3130-upstream,01:00.0,0,4,0x1c,00 00 00 00
1791530183104,RX,CfgRd,x3130-upstream,01:00.0,0,4,0x20,10 10 00 10
1791530183104,RX,CfgRd,x3130-upstream,01:00.0,0,4,0x4,07 00 10 00
1791530183104,TX,CfgWr,x3130-upstream,01:00.0,0,4,0x4,04 00 10 00
1791530183104,TX,CfgWr,x3130-upstream,01:00.0,0,4,0x20,ff ff ff ff
1791530183104,RX,CfgRd,x3130-upstream,01:00.0,0,4,0x20,f0 ff f0 ff
1791530183104,TX,CfgWr,x3130-upstream,01:00.0,0,4,0x20,10 10 00 10
1791530183104,TX,CfgWr,x3130-upstream,01:00.0,0,4,0x4,07 00 10 00
1791530183104,RX,CfgRd,x3130-upstream,01:00.0,0,4,0x20,10 10 00 10
1791530183104,RX,CfgRd,x3130-upstream,01:00.0,0,4,0x4,07 00 10 00
1791530183104,TX,CfgWr,x3130-upstream,01:00.0,0,4,0x4,04 00 10 00
1791530183104,TX,CfgWr,x3130-upstream,01:00.0,0,4,0x20,ff ff ff ff
1791530183104,RX,CfgRd,x3130-upstream,01:00.0,0,4,0x20,f0 ff f0 ff
1791530183104,TX,CfgWr,x3130-upstream,01:00.0,0,4,0x20,10 10 00 10
1791530183104,TX,CfgWr,x3130-upstream,01:00.0,0,4,0x4,07 00 10 00
1791530183104,RX,CfgRd,x3130-upstream,01:00.0,0,4,0x10,00 00 00 00
1791530183104,RX,CfgRd,x3130-upstream,01:00.0,0,4,0x14,00 00 00 00
1791530183104,RX,CfgRd,x3130-upstream,01:00.0,0,4,0x18,01 02 04 00
1791530183104,RX,CfgRd,x3130-upstream,01:00.0,0,4,0x1c,00 00 00 00
1791530183104,RX,CfgRd,x3130-upstream,01:00.0,0,4,0x20,10 10 00 10
1791530183104,RX,CfgRd,x3130-upstream,01:00.0,0,4,0x24,01 00 11 00
1791530183104,RX,CfgRd,x3130-upstream,01:00.0,0,4,0x4,07 00 10 00
1791530183104,TX,CfgWr,x3130-upstream,01:00.0,0,4,0x4,04 00 10 00
1791530183104,TX,CfgWr,x3130-upstream,01:00.0,0,4,0x24,ff ff ff ff
1791530183104,RX,CfgRd,x3130-upstream,01:00.0,0,4,0x24,f1 ff f1 ff
1791530183104,TX,CfgWr,x3130-upstream,01:00.0,0,4,0x24,01 00 11 00
1791530183104,TX,CfgWr,x3130-upstream,01:00.0,0,4,0x4,07 00 10 00
1791530183104,RX,CfgRd,x3130-upstream,01:00.0,0,4,0x24,01 00 11 00
1791530183104,RX,CfgRd,x3130-upstream,01:00.0,0,4,0x4,07 00 10 00
1791530183104,TX,CfgWr,x3130-upstream,01:00.0,0,4,0x4,04 00 10 00
1791530183104,TX,CfgWr,x3130-upstream,01:00.0,0,4,0x24,ff ff ff ff
1791530183104,RX,CfgRd,x3130-upstream,01:00.0,0,4,0x24,f1 ff f1 ff
1791530183104,TX,CfgWr,x3130-upstream,01:00.0,0,4,0x24,01 00 11 00
1791530183104,TX,CfgWr,x3130-upstream,01:00.0,0,4,0x4,07 00 10 00
1791530183104,RX,CfgRd,x3130-upstream,01:00.0,0,4,0x10,00 00 00 00
1791530183104,RX,CfgRd,x3130-upstream,01:00.0,0,4,0x14,00 00 00 00
1791530183104,RX,CfgRd,x3130-upstream,01:00.0,0,4,0x18,01 02 04 00
1791530183104,RX,CfgRd,x3130-upstream,01:00.0,0,4,0x1c,00 00 00 00
1791530183104,RX,CfgRd,x3130-upstream,01:00.0,0,4,0x20,10 10 00 10
1791530183104,RX,CfgRd,x3130-upstream,01:00.0,0,4,0x24,01 00 11 00
1791530183104,RX,CfgRd,x3130-upstream,01:00.0,0,4,0x4,07 00 10 00
1791530183104,TX,CfgWr,x3130-upstream,01:00.0,0,4,0x4,04 00 10 00
1791530183104,TX,CfgWr,x3130-upstream,01:00.0,0,4,0x24,ff ff ff ff
1791530183104,RX,CfgRd,x3130-upstream,01:00.0,0,4,0x24,f1 ff f1 ff
1791530183104,TX,CfgWr,x3130-upstream,01:00.0,0,4,0x24,01 00 11 00
1791530183104,TX,CfgWr,x3130-upstream,01:00.0,0,4,0x4,07 00 10 00
1791530183104,RX,CfgRd,x3130-upstream,01:00.0,0,4,0x24,01 00 11 00
1791530183104,RX,CfgRd,x3130-upstream,01:00.0,0,4,0x4,07 00 10 00
1791530183104,TX,CfgWr,x3130-upstream,01:00.0,0,4,0x4,04 00 10 00
1791530183104,TX,CfgWr,x3130-upstream,01:00.0,0,4,0x24,ff ff ff ff
1791530183104,RX,CfgRd,x3130-upstream,01:00.0,0,4,0x24,f1 ff f1 ff
1791530183104,TX,CfgWr,x3130-upstream,01:00.0,0,4,0x24,01 00 11 00
1791530183104,TX,CfgWr,x3130-upstream,01:00.0,0,4,0x4,07 00 10 00
1791530183104,RX,CfgRd,x3130-upstream,01:00.0,0,4,0x4,07 00 10 00
1791530183104,RX,CfgRd,x3130-upstream,01:00.0,0,4,0x34,90 00 00 00
1791530183104,RX,CfgRd,x3130-upstream,01:00.0,0,4,0x90,10 80 52 00
1791530183104,RX,CfgRd,x3130-upstream,01:00.0,0,4,0x80,0d 70 00 00
1791530183104,RX,CfgRd,x3130-upstream,01:00.0,0,4,0x70,05 00 80 00
1791530183104,RX,CfgRd,x3130-upstream,01:00.0,0,4,0x100,01 00 02 00
1791530183104,RX,CfgRd,x3130-upstream,01:00.0,0,4,0x4,07 00 10 00
1791530183104,TX,CfgWr,x3130-upstream,01:00.0,0,4,0x4,07 00 10 00
1791530183104,RX,CfgRd,x3130-upstream,01:00.0,0,4,0x4,07 00 10 00
1791530183104,RX,CfgRd,x3130-upstream,01:00.0,0,4,0x4,07 00 10 00
1791530183104,TX,CfgWr,x3130-upstream,01:00.0,0,4,0x4,01 00 10 00
1791530183104,RX,CfgRd,x3130-upstream,01:00.0,0,4,0x3c,00 00 00 00
1791530183104,RX,CfgRd,xio3130-downstream,02:00.0,0,4,0x0,4c 10 33 82
1791530183104,RX,CfgRd,xio3130-downstream,02:00.0,0,4,0xc,00 00 81 00
1791530183104,RX,CfgRd,xio3130-downstream,02:00.0,0,4,0x18,02 03 03 00
1791530183104,RX,CfgRd,xio3130-downstream,02:00.0,0,4,0x10,00 00 00 00
1791530183104,RX,CfgRd,xio3130-downstream,02:00.0,0,4,0x4,07 00 10 00
1791530183104,TX,CfgWr,xio3130-downstream,02:00.0,0,4,0x4,04 00 10 00
1791530183104,TX,CfgWr,xio3130-downstream,02:00.0,0,4,0x10,ff ff ff ff
1791530183104,RX,CfgRd,xio3130-downstream,02:00.0,0,4,0x10,00 00 00 00
1791530183104,TX,CfgWr,xio3130-downstream,02:00.0,0,4,0x10,00 00 00 00
1791530183104,TX,CfgWr,xio3130-downstream,02:00.0,0,4,0x4,07 00 10 00
1791530183104,RX,CfgRd,xio3130-downstream,02:00.0,0,4,0x10,00 00 00 00
1791530183104,RX,CfgRd,xio3130-downstream,02:00.0,0,4,0x4,07 00 10 00
1791530183104,TX,CfgWr,xio3130-downstream,02:00.0,0,4,0x4,04 00 10 00
1791530183104,TX,CfgWr,xio3130-downstream,02:00.0,0,4,0x10,ff ff ff ff
1791530183104,RX,CfgRd,xio3130-downstream,02:00.0,0,4,0x10,00 00 00 00
1791530183104,TX,CfgWr,xio3130-downstream,02:00.0,0,4,0x10,00 00 00 00
1791530183104,TX,CfgWr,xio3130-downstream,02:00.0,0,4,0x4,07 00 10 00
1791530183104,RX,CfgRd,xio3130-downstream,02:00.0,0,4,0x10,00 00 00 00
1791530183104,RX,CfgRd,xio3130-downstream,02:00.0,0,4,0x14,00 00 00 00
1791530183104,RX,CfgRd,xio3130-downstream,02:00.0,0,4,0x4,07 00 10 00
1791530183104,TX,CfgWr,xio3130-downstream,02:00.0,0,4,0x4,04 00 10 00
1791530183104,TX,CfgWr,xio3130-downstream,02:00.0,0,4,0x14,ff ff ff ff
1791530183104,RX,CfgRd,xio3130-downstream,02:00.0,0,4,0x14,00 00 00 00
1791530183104,TX,CfgWr,xio3130-downstream,02:00.0,0,4,0x14,00 00 00 00
1791530183104,TX,CfgWr,xio3130-downstream,02:00.0,0,4,0x4,07 00 10 00
1791530183104,RX,CfgRd,xio3130-downstream,02:00.0,0,4,0x10,00 00 00 00
1791530183104,RX,CfgRd,xio3130-downstream,02:00.0,0,4,0x14,00 00 00 00
1791530183104,RX,CfgRd,xio3130-downstream,02:00.0,0,4,0x4,07 00 10 00
1791530183104,TX,CfgWr,xio3130-downstream,02:00.0,0,4,0x4,04 00 10 00
1791530183104,TX,CfgWr,xio3130-downstream,02:00.0,0,4,0x14,ff ff ff ff
1791530183104,RX,CfgRd,xio3130-downstream,02:00.0,0,4,0x14,00 00 00 00
1791530183104,TX,CfgWr,xio3130-downstream,02:00.0,0,4,0x14,00 00 00 00
1791530183104,TX,CfgWr,xio3130-downstream,02:00.0,0,4,0x4,07 00 10 00
1791530183104,RX,CfgRd,xio3130-downstream,02:00.0,0,4,0x10,00 00 00 00
1791530183104,RX,CfgRd,xio3130-downstream,02:00.0,0,4,0x14,00 00 00 00
1791530183104,RX,CfgRd,xio3130-downstream,02:00.0,0,4,0x18,02 03 03 00
1791530183104,RX,CfgRd,xio3130-downstream,02:00.0,0,4,0x10,00 00 00 00
1791530183104,RX,CfgRd,xio3130-downstream,02:00.0,0,4,0x14,00 00 00 00
1791530183104,RX,CfgRd,xio3130-downstream,02:00.0,0,4,0x18,02 03 03 00
1791530183104,RX,CfgRd,xio3130-downstream,02:00.0,0,4,0x10,00 00 00 00
1791530183104,RX,CfgRd,xio3130-downstream,02:00.0,0,4,0x14,00 00 00 00
1791530183104,RX,CfgRd,xio3130-downstream,02:00.0,0,4,0x18,02 03 03 00
1791530183104,RX,CfgRd,xio3130-downstream,02:00.0,0,4,0x1c,00 00 00 00
1791530183104,RX,CfgRd,xio3130-downstream,02:00.0,0,4,0x4,07 00 10 00
1791530183104,TX,CfgWr,xio3130-downstream,02:00.0,0,4,0x4,04 00 10 00
1791530183107,TX,CfgWr,xio3130-downstream,02:00.0,0,4,0x1c,ff ff ff ff
1791530183107,RX,CfgRd,xio3130-downstream,02:00.0,0,4,0x1c,f0 f0 00 00
1791530183107,TX,CfgWr,xio3130-downstream,02:00.0,0,4,0x1c,00 00 00 00
1791530183107,TX,CfgWr,xio3130-downstream,02:00.0,0,4,0x4,07 00 10 00
1791530183107,RX,CfgRd,xio3130-downstream,02:00.0,0,4,0x10,00 00 00 00
1791530183107,RX,CfgRd,xio3130-downstream,02:00.0,0,4,0x14,00 00 00 00
1791530183107,RX,CfgRd,xio3130-downstream,02:00.0,0,4,0x18,02 03 03 00
1791530183107,RX,CfgRd,xio3130-downstream,02:00.0,0,4,0x1c,00 00 00 00
1791530183107,RX,CfgRd,xio3130-downstream,02:00.0,0,4,0x4,07 00 10 00
1791530183107,TX,CfgWr,xio3130-downstream,02:00.0,0,4,0x4,04 00 10 00
1791530183107,TX,CfgWr,xio3130-downstream,02:00.0,0,4,0x1c,ff ff ff ff
1791530183107,RX,CfgRd,xio3130-downstream,02:00.0,0,4,0x1c,f0 f0 00 00
1791530183107,TX,CfgWr,xio3130-downstream,02:00.0,0,4,0x1c,00 00 00 00
1791530183107,TX,CfgWr,xio3130-downstream,02:00.0,0,4,0x4,07 00 10 00
1791530183107,RX,CfgRd,xio3130-downstream,02:00.0,0,4,0x10,00 00 00 00
1791530183107,RX,CfgRd,xio3130-downstream,02:00.0,0,4,0x14,00 00 00 00
1791530183107,RX,CfgRd,xio3130-downstream,02:00.0,0,4,0x18,02 03 03 00
1791530183107,RX,CfgRd,xio3130-downstream,02:00.0,0,4,0x1c,00 00 00 00
1791530183107,RX,CfgRd,xio3130-downstream,02:00.0,0,4,0x20,10 10 00 10
1791530183108,RX,CfgRd,xio3130-downstream,02:00.0,0,4,0x4,07 00 10 00
1791530183108,TX,CfgWr,xio3130-downstream,02:00.0,0,4,0x4,04 00 10 00
1791530183108,TX,CfgWr,xio3130-downstream,02:00.0,0,4,0x20,ff ff ff ff
1791530183108,RX,CfgRd,xio3130-downstream,02:00.0,0,4,0x20,f0 ff f0 ff
1791530183108,TX,CfgWr,xio3130-downstream,02:00.0,0,4,0x20,10 10 00 10
1791530183108,TX,CfgWr,xio3130-downstream,02:00.0,0,4,0x4,07 00 10 00
1791530183108,RX,CfgRd,xio3130-downstream,02:00.0,0,4,0x20,10 10 00 10
1791530183108,RX,CfgRd,xio3130-downstream,02:00.0,0,4,0x4,07 00 10 00
1791530183108,TX,CfgWr,xio3130-downstream,02:00.0,0,4,0x4,04 00 10 00
1791530183108,TX,CfgWr,xio3130-downstream,02:00.0,0,4,0x20,ff ff ff ff
1791530183108,RX,CfgRd,xio3130-downstream,02:00.0,0,4,0x20,f0 ff f0 ff
1791530183108,TX,CfgWr,xio3130-downstream,02:00.0,0,4,0x20,10 10 00 10
1791530183108,TX,CfgWr,xio3130-downstream,02:00.0,0,4,0x4,07 00 10 00
1791530183108,RX,CfgRd,xio3130-downstream,02:00.0,0,4,0x10,00 00 00 00
1791530183108,RX,CfgRd,xio3130-downstream,02:00.0,0,4,0x14,00 00 00 00
1791530183108,RX,CfgRd,xio3130-downstream,02:00.0,0,4,0x18,02 03 03 00
1791530183108,RX,CfgRd,xio3130-downstream,02:00.0,0,4,0x1c,00 00 00 00
1791530183108,RX,CfgRd,xio3130-downstream,02:00.0,0,4,0x20,10 10 00 10
1791530183108,RX,CfgRd,xio3130-downstream,02:00.0,0,4,0x4,07 00 10 00
1791530183108,TX,CfgWr,xio3130-downstream,02:00.0,0,4,0x4,04 00 10 00
1791530183108,TX,CfgWr,xio3130-downstream,02:00.0,0,4,0x20,ff ff ff ff
1791530183108,RX,CfgRd,xio3130-downstream,02:00.0,0,4,0x20,f0 ff f0 ff
1791530183108,TX,CfgWr,xio3130-downstream,02:00.0,0,4,0x20,10 10 00 10
1791530183108,TX,CfgWr,xio3130-downstream,02:00.0,0,4,0x4,07 00 10 00
1791530183108,RX,CfgRd,xio3130-downstream,02:00.0,0,4,0x20,10 10 00 10
1791530183108,RX,CfgRd,xio3130-downstream,02:00.0,0,4,0x4,07 00 10 00
1791530183108,TX,CfgWr,xio3130-downstream,02:00.0,0,4,0x4,04 00 10 00
1791530183108,TX,CfgWr,xio3130-downstream,02:00.0,0,4,0x20,ff ff ff ff
1791530183108,RX,CfgRd,xio3130-downstream,02:00.0,0,4,0x20,f0 ff f0 ff
1791530183108,TX,CfgWr,xio3130-downstream,02:00.0,0,4,0x20,10 10 00 10
1791530183108,TX,CfgWr,xio3130-downstream,02:00.0,0,4,0x4,07 00 10 00
1791530183108,RX,CfgRd,xio3130-downstream,02:00.0,0,4,0x10,00 00 00 00
1791530183108,RX,CfgRd,xio3130-downstream,02:00.0,0,4,0x14,00 00 00 00
1791530183108,RX,CfgRd,xio3130-downstream,02:00.0,0,4,0x18,02 03 03 00
1791530183108,RX,CfgRd,xio3130-downstream,02:00.0,0,4,0x1c,00 00 00 00
1791530183108,RX,CfgRd,xio3130-downstream,02:00.0,0,4,0x20,10 10 00 10
1791530183108,RX,CfgRd,xio3130-downstream,02:00.0,0,4,0x24,01 00 01 00
1791530183108,RX,CfgRd,xio3130-downstream,02:00.0,0,4,0x4,07 00 10 00
1791530183108,TX,CfgWr,xio3130-downstream,02:00.0,0,4,0x4,04 00 10 00
1791530183108,TX,CfgWr,xio3130-downstream,02:00.0,0,4,0x24,ff ff ff ff
1791530183108,RX,CfgRd,xio3130-downstream,02:00.0,0,4,0x24,f1 ff f1 ff
1791530183108,TX,CfgWr,xio3130-downstream,02:00.0,0,4,0x24,01 00 01 00
1791530183108,TX,CfgWr,xio3130-downstream,02:00.0,0,4,0x4,07 00 10 00
1791530183108,RX,CfgRd,xio3130-downstream,02:00.0,0,4,0x24,01 00 01 00
1791530183108,RX,CfgRd,xio3130-downstream,02:00.0,0,4,0x4,07 00 10 00
1791530183108,TX,CfgWr,xio3130-downstream,02:00.0,0,4,0x4,04 00 10 00
1791530183108,TX,CfgWr,xio3130-downstream,02:00.0,0,4,0x24,ff ff ff ff
1791530183108,RX,CfgRd,xio3130-downstream,02:00.0,0,4,0x24,f1 ff f1 ff
1791530183108,TX,CfgWr,xio3130-downstream,02:00.0,0,4,0x24,01 00 01 00
1791530183108,TX,CfgWr,xio3130-downstream,02:00.0,0,4,0x4,07 00 10 00
1791530183108,RX,CfgRd,xio3130-downstream,02:00.0,0,4,0x10,00 00 00 00
1791530183108,RX,CfgRd,xio3130-downstream,02:00.0,0,4,0x14,00 00 00 00
1791530183108,RX,CfgRd,xio3130-downstream,02:00.0,0,4,0x18,02 03 03 00
1791530183108,RX,CfgRd,xio3130-downstream,02:00.0,0,4,0x1c,00 00 00 00
1791530183108,RX,CfgRd,xio3130-downstream,02:00.0,0,4,0x20,10 10 00 10
1791530183108,RX,CfgRd,xio3130-downstream,02:00.0,0,4,0x24,01 00 01 00
1791530183108,RX,CfgRd,xio3130-downstream,02:00.0,0,4,0x4,07 00 10 00
1791530183108,TX,CfgWr,xio3130-downstream,02:00.0,0,4,0x4,04 00 10 00
1791530183108,TX,CfgWr,xio3130-downstream,02:00.0,0,4,0x24,ff ff ff ff
1791530183108,RX,CfgRd,xio3130-downstream,02:00.0,0,4,0x24,f1 ff f1 ff
1791530183108,TX,CfgWr,xio3130-downstream,02:00.0,0,4,0x24,01 00 01 00
1791530183108,TX,CfgWr,xio3130-downstream,02:00.0,0,4,0x4,07 00 10 00
1791530183108,RX,CfgRd,xio3130-downstream,02:00.0,0,4,0x24,01 00 01 00
1791530183108,RX,CfgRd,xio3130-downstream,02:00.0,0,4,0x4,07 00 10 00
1791530183108,TX,CfgWr,xio3130-downstream,02:00.0,0,4,0x4,04 00 10 00
1791530183108,TX,CfgWr,xio3130-downstream,02:00.0,0,4,0x24,ff ff ff ff
1791530183108,RX,CfgRd,xio3130-downstream,02:00.0,0,4,0x24,f1 ff f1 ff
1791530183108,TX,CfgWr,xio3130-downstream,02:00.0,0,4,0x24,01 00 01 00
1791530183108,TX,CfgWr,xio3130-downstream,02:00.0,0,4,0x4,07 00 10 00
1791530183108,RX,CfgRd,xio3130-downstream,02:00.0,0,4,0x4,07 00 10 00
1791530183108,RX,CfgRd,xio3130-downstream,02:00.0,0,4,0x34,90 00 00 00
1791530183108,RX,CfgRd,xio3130-downstream,02:00.0,0,4,0x90,10 80 62 01
1791530183108,RX,CfgRd,xio3130-downstream,02:00.0,0,4,0x80,0d 70 00 00
1791530183108,RX,CfgRd,xio3130-downstream,02:00.0,0,4,0x70,05 00 80 00
1791530183108,RX,CfgRd,xio3130-downstream,02:00.0,0,4,0x100,01 00 02 00
1791530183108,RX,CfgRd,xio3130-downstream,02:00.0,0,4,0x4,07 00 10 00
1791530183108,TX,CfgWr,xio3130-downstream,02:00.0,0,4,0x4,07 00 10 00
1791530183108,RX,CfgRd,xio3130-downstream,02:00.0,0,4,0x4,07 00 10 00
1791530183108,RX,CfgRd,xio3130-downstream,02:00.0,0,4,0x4,07 00 10 00
1791530183108,TX,CfgWr,xio3130-downstream,02:00.0,0,4,0x4,01 00 10 00
1791530183108,RX,CfgRd,xio3130-downstream,02:00.0,0,4,0x3c,00 00 00 00
1791530183108,RX,CfgRd,nvme,03:00.0,0,4,0x0,36 1b 10 00
1791530183108,RX,CfgRd,nvme,03:00.0,0,4,0xc,00 00 00 00
1791530183108,RX,CfgRd,nvme,03:00.0,0,4,0x10,04 00 00 00
1791530183108,RX,CfgRd,nvme,03:00.0,0,4,0x4,00 00 10 00
1791530183108,TX,CfgWr,nvme,03:00.0,0,4,0x4,00 00 10 00
1791530183108,TX,CfgWr,nvme,03:00.0,0,4,0x10,ff ff ff ff
1791530183108,RX,CfgRd,nvme,03:00.0,0,4,0x10,04 c0 ff ff
1791530183108,TX,CfgWr,nvme,03:00.0,0,4,0x10,04 00 00 00
1791530183108,RX,CfgRd,nvme,03:00.0,0,4,0x14,80 00 00 00
1791530183108,TX,CfgWr,nvme,03:00.0,0,4,0x14,ff ff ff ff
1791530183108,RX,CfgRd,nvme,03:00.0,0,4,0x14,ff ff ff ff
1791530183108,TX,CfgWr,nvme,03:00.0,0,4,0x14,80 00 00 00
1791530183108,TX,CfgWr,nvme,03:00.0,0,4,0x4,00 00 10 00
1791530183108,RX,CfgRd,nvme,03:00.0,0,4,0x10,04 00 00 00
1791530183108,RX,CfgRd,nvme,03:00.0,0,4,0x4,00 00 10 00
1791530183108,TX,CfgWr,nvme,03:00.0,0,4,0x4,00 00 10 00
1791530183108,TX,CfgWr,nvme,03:00.0,0,4,0x10,ff ff ff ff
1791530183108,RX,CfgRd,nvme,03:00.0,0,4,0x10,04 c0 ff ff
1791530183108,TX,CfgWr,nvme,03:00.0,0,4,0x10,04 00 00 00
1791530183108,RX,CfgRd,nvme,03:00.0,0,4,0x14,80 00 00 00
1791530183108,TX,CfgWr,nvme,03:00.0,0,4,0x14,ff ff ff ff
1791530183108,RX,CfgRd,nvme,03:00.0,0,4,0x14,ff ff ff ff
1791530183108,TX,CfgWr,nvme,03:00.0,0,4,0x14,80 00 00 00
1791530183108,TX,CfgWr,nvme,03:00.0,0,4,0x4,00 00 10 00
1791530183108,RX,CfgRd,nvme,03:00.0,0,4,0x10,04 00 00 00
1791530183108,RX,CfgRd,nvme,03:00.0,0,4,0x4,00 00 10 00
1791530183108,TX,CfgWr,nvme,03:00.0,0,4,0x4,00 00 10 00
1791530183108,TX,CfgWr,nvme,03:00.0,0,4,0x10,ff ff ff ff
1791530183108,RX,CfgRd,nvme,03:00.0,0,4,0x10,04 c0 ff ff
1791530183108,TX,CfgWr,nvme,03:00.0,0,4,0x10,04 00 00 00
1791530183108,RX,CfgRd,nvme,03:00.0,0,4,0x14,80 00 00 00
1791530183108,TX,CfgWr,nvme,03:00.0,0,4,0x14,ff ff ff ff
1791530183108,RX,CfgRd,nvme,03:00.0,0,4,0x14,ff ff ff ff
1791530183108,TX,CfgWr,nvme,03:00.0,0,4,0x14,80 00 00 00
1791530183108,TX,CfgWr,nvme,03:00.0,0,4,0x4,00 00 10 00
1791530183108,RX,CfgRd,nvme,03:00.0,0,4,0x10,04 00 00 00
1791530183108,RX,CfgRd,nvme,03:00.0,0,4,0x4,00 00 10 00
1791530183108,TX,CfgWr,nvme,03:00.0,0,4,0x4,00 00 10 00
1791530183109,TX,CfgWr,nvme,03:00.0,0,4,0x10,ff ff ff ff
1791530183109,RX,CfgRd,nvme,03:00.0,0,4,0x10,04 c0 ff ff
1791530183109,TX,CfgWr,nvme,03:00.0,0,4,0x10,04 00 00 00
1791530183109,RX,CfgRd,nvme,03:00.0,0,4,0x14,80 00 00 00
1791530183109,TX,CfgWr,nvme,03:00.0,0,4,0x14,ff ff ff ff
1791530183109,RX,CfgRd,nvme,03:00.0,0,4,0x14,ff ff ff ff
1791530183109,TX,CfgWr,nvme,03:00.0,0,4,0x14,80 00 00 00
1791530183109,TX,CfgWr,nvme,03:00.0,0,4,0x4,00 00 10 00
1791530183109,RX,CfgRd,nvme,03:00.0,0,4,0x10,04 00 00 00
1791530183109,RX,CfgRd,nvme,03:00.0,0,4,0x18,00 00 00 00
1791530183109,RX,CfgRd,nvme,03:00.0,0,4,0x4,00 00 10 00
1791530183109,TX,CfgWr,nvme,03:00.0,0,4,0x4,00 00 10 00
1791530183109,TX,CfgWr,nvme,03:00.0,0,4,0x18,ff ff ff ff
1791530183109,RX,CfgRd,nvme,03:00.0,0,4,0x18,00 00 00 00
1791530183109,TX,CfgWr,nvme,03:00.0,0,4,0x18,00 00 00 00
1791530183109,TX,CfgWr,nvme,03:00.0,0,4,0x4,00 00 10 00
1791530183109,RX,CfgRd,nvme,03:00.0,0,4,0x10,04 00 00 00
1791530183109,RX,CfgRd,nvme,03:00.0,0,4,0x18,00 00 00 00
1791530183109,RX,CfgRd,nvme,03:00.0,0,4,0x4,00 00 10 00
1791530183109,TX,CfgWr,nvme,03:00.0,0,4,0x4,00 00 10 00
1791530183109,TX,CfgWr,nvme,03:00.0,0,4,0x18,ff ff ff ff
1791530183109,RX,CfgRd,nvme,03:00.0,0,4,0x18,00 00 00 00
1791530183109,TX,CfgWr,nvme,03:00.0,0,4,0x18,00 00 00 00
1791530183109,TX,CfgWr,nvme,03:00.0,0,4,0x4,00 00 10 00
1791530183109,RX,CfgRd,nvme,03:00.0,0,4,0x10,04 00 00 00
1791530183109,RX,CfgRd,nvme,03:00.0,0,4,0x18,00 00 00 00
1791530183109,RX,CfgRd,nvme,03:00.0,0,4,0x1c,00 00 00 00
1791530183109,RX,CfgRd,nvme,03:00.0,0,4,0x4,00 00 10 00
1791530183109,TX,CfgWr,nvme,03:00.0,0,4,0x4,00 00 10 00
1791530183109,TX,CfgWr,nvme,03:00.0,0,4,0x1c,ff ff ff ff
1791530183109,RX,CfgRd,nvme,03:00.0,0,4,0x1c,00 00 00 00
1791530183109,TX,CfgWr,nvme,03:00.0,0,4,0x1c,00 00 00 00
1791530183109,TX,CfgWr,nvme,03:00.0,0,4,0x4,00 00 10 00
1791530183109,RX,CfgRd,nvme,03:00.0,0,4,0x10,04 00 00 00
1791530183109,RX,CfgRd,nvme,03:00.0,0,4,0x18,00 00 00 00
1791530183109,RX,CfgRd,nvme,03:00.0,0,4,0x1c,00 00 00 00
1791530183109,RX,CfgRd,nvme,03:00.0,0,4,0x4,00 00 10 00
1791530183109,TX,CfgWr,nvme,03:00.0,0,4,0x4,00 00 10 00
1791530183109,TX,CfgWr,nvme,03:00.0,0,4,0x1c,ff ff ff ff
1791530183109,RX,CfgRd,nvme,03:00.0,0,4,0x1c,00 00 00 00
1791530183109,TX,CfgWr,nvme,03:00.0,0,4,0x1c,00 00 00 00
1791530183109,TX,CfgWr,nvme,03:00.0,0,4,0x4,00 00 10 00
1791530183109,RX,CfgRd,nvme,03:00.0,0,4,0x10,04 00 00 00
1791530183109,RX,CfgRd,nvme,03:00.0,0,4,0x18,00 00 00 00
1791530183109,RX,CfgRd,nvme,03:00.0,0,4,0x1c,00 00 00 00
1791530183109,RX,CfgRd,nvme,03:00.0,0,4,0x20,00 00 00 00
1791530183109,RX,CfgRd,nvme,03:00.0,0,4,0x4,00 00 10 00
1791530183109,TX,CfgWr,nvme,03:00.0,0,4,0x4,00 00 10 00
1791530183109,TX,CfgWr,nvme,03:00.0,0,4,0x20,ff ff ff ff
1791530183109,RX,CfgRd,nvme,03:00.0,0,4,0x20,00 00 00 00
1791530183109,TX,CfgWr,nvme,03:00.0,0,4,0x20,00 00 00 00
1791530183109,TX,CfgWr,nvme,03:00.0,0,4,0x4,00 00 10 00
1791530183109,RX,CfgRd,nvme,03:00.0,0,4,0x10,04 00 00 00
1791530183109,RX,CfgRd,nvme,03:00.0,0,4,0x18,00 00 00 00
1791530183109,RX,CfgRd,nvme,03:00.0,0,4,0x1c,00 00 00 00
1791530183109,RX,CfgRd,nvme,03:00.0,0,4,0x20,00 00 00 00
1791530183109,RX,CfgRd,nvme,03:00.0,0,4,0x4,00 00 10 00
1791530183109,TX,CfgWr,nvme,03:00.0,0,4,0x4,00 00 10 00
1791530183109,TX,CfgWr,nvme,03:00.0,0,4,0x20,ff ff ff ff
1791530183109,RX,CfgRd,nvme,03:00.0,0,4,0x20,00 00 00 00
1791530183109,TX,CfgWr,nvme,03:00.0,0,4,0x20,00 00 00 00
1791530183109,TX,CfgWr,nvme,03:00.0,0,4,0x4,00 00 10 00
1791530183109,RX,CfgRd,nvme,03:00.0,0,4,0x10,04 00 00 00
1791530183109,RX,CfgRd,nvme,03:00.0,0,4,0x18,00 00 00 00
1791530183109,RX,CfgRd,nvme,03:00.0,0,4,0x1c,00 00 00 00
1791530183109,RX,CfgRd,nvme,03:00.0,0,4,0x20,00 00 00 00
1791530183109,RX,CfgRd,nvme,03:00.0,0,4,0x24,00 00 00 00
1791530183109,RX,CfgRd,nvme,03:00.0,0,4,0x4,00 00 10 00
1791530183109,TX,CfgWr,nvme,03:00.0,0,4,0x4,00 00 10 00
1791530183109,TX,CfgWr,nvme,03:00.0,0,4,0x24,ff ff ff ff
1791530183109,RX,CfgRd,nvme,03:00.0,0,4,0x24,00 00 00 00
1791530183109,TX,CfgWr,nvme,03:00.0,0,4,0x24,00 00 00 00
1791530183109,TX,CfgWr,nvme,03:00.0,0,4,0x4,00 00 10 00
1791530183109,RX,CfgRd,nvme,03:00.0,0,4,0x10,04 00 00 00
1791530183109,RX,CfgRd,nvme,03:00.0,0,4,0x18,00 00 00 00
1791530183109,RX,CfgRd,nvme,03:00.0,0,4,0x1c,00 00 00 00
1791530183109,RX,CfgRd,nvme,03:00.0,0,4,0x20,00 00 00 00
1791530183109,RX,CfgRd,nvme,03:00.0,0,4,0x24,00 00 00 00
1791530183109,RX,CfgRd,nvme,03:00.0,0,4,0x4,00 00 10 00
1791530183109,TX,CfgWr,nvme,03:00.0,0,4,0x4,00 00 10 00
1791530183109,TX,CfgWr,nvme,03:00.0,0,4,0x24,ff ff ff ff
1791530183109,RX,CfgRd,nvme,03:00.0,0,4,0x24,00 00 00 00
1791530183109,TX,CfgWr,nvme,03:00.0,0,4,0x24,00 00 00 00
1791530183109,TX,CfgWr,nvme,03:00.0,0,4,0x4,00 00 10 00
1791530183109,RX,CfgRd,nvme,03:00.0,0,4,0x10,04 00 00 00
1791530183109,RX,CfgRd,nvme,03:00.0,0,4,0x18,00 00 00 00
1791530183109,RX,CfgRd,nvme,03:00.0,0,4,0x1c,00 00 00 00
1791530183109,RX,CfgRd,nvme,03:00.0,0,4,0x20,00 00 00 00
1791530183109,RX,CfgRd,nvme,03:00.0,0,4,0x24,00 00 00 00
1791530183109,RX,CfgRd,nvme,03:00.0,0,4,0x10,04 00 00 00
1791530183109,RX,CfgRd,nvme,03:00.0,0,4,0x18,00 00 00 00
1791530183109,RX,CfgRd,nvme,03:00.0,0,4,0x1c,00 00 00 00
1791530183109,RX,CfgRd,nvme,03:00.0,0,4,0x20,00 00 00 00
1791530183109,RX,CfgRd,nvme,03:00.0,0,4,0x24,00 00 00 00
1791530183109,RX,CfgRd,nvme,03:00.0,0,4,0x4,00 00 10 00
1791530183109,RX,CfgRd,nvme,03:00.0,0,4,0x34,40 00 00 00
1791530183109,RX,CfgRd,nvme,03:00.0,0,4,0x40,11 80 40 00
1791530183109,RX,CfgRd,nvme,03:00.0,0,4,0x80,10 60 02 00
1791530183109,RX,CfgRd,nvme,03:00.0,0,4,0x60,01 00 03 00
1791530183109,RX,CfgRd,nvme,03:00.0,0,4,0x100,00 00 00 00
1791530183109,RX,CfgRd,nvme,03:00.0,0,4,0x4,00 00 10 00
1791530183109,TX,CfgWr,nvme,03:00.0,0,4,0x4,06 00 10 00
1791530183109,RX,CfgRd,nvme,03:00.0,0,4,0x4,06 00 10 00
1791530183109,RX,CfgRd,nvme,03:00.0,0,4,0x4,06 00 10 00
1791530183109,TX,CfgWr,nvme,03:00.0,0,4,0x4,00 00 10 00
1791530183109,RX,CfgRd,nvme,03:00.0,0,4,0x3c,00 01 00 00
1791530183115,RX,CfgRd,xio3130-downstream,02:00.1,0,4,0x0,4c 10 33 82
1791530183115,RX,CfgRd,xio3130-downstream,02:00.1,0,4,0xc,00 00 01 00
1791530183115,RX,CfgRd,xio3130-downstream,02:00.1,0,4,0x18,02 04 04 00
1791530183115,RX,CfgRd,xio3130-downstream,02:00.1,0,4,0x10,00 00 00 00
1791530183115,RX,CfgRd,xio3130-downstream,02:00.1,0,4,0x4,07 00 10 00
1791530183115,TX,CfgWr,xio3130-downstream,02:00.1,0,4,0x4,04 00 10 00
1791530183115,TX,CfgWr,xio3130-downstream,02:00.1,0,4,0x10,ff ff ff ff
1791530183115,RX,CfgRd,xio3130-downstream,02:00.1,0,4,0x10,00 00 00 00
1791530183115,TX,CfgWr,xio3130-downstream,02:00.1,0,4,0x10,00 00 00 00
1791530183115,TX,CfgWr,xio3130-downstream,02:00.1,0,4,0x4,07 00 10 00
1791530183115,RX,CfgRd,xio3130-downstream,02:00.1,0,4,0x10,00 00 00 00
1791530183115,RX,CfgRd,xio3130-downstream,02:00.1,0,4,0x4,07 00 10 00
1791530183115,TX,CfgWr,xio3130-downstream,02:00.1,0,4,0x4,04 00 10 00
1791530183115,TX,CfgWr,xio3130-downstream,02:00.1,0,4,0x10,ff ff ff ff
1791530183115,RX,CfgRd,xio3130-downstream,02:00.1,0,4,0x10,00 00 00 00
1791530183115,TX,CfgWr,xio3130-downstream,02:00.1,0,4,0x10,00 00 00 00
1791530183115,TX,CfgWr,xio3130-downstream,02:00.1,0,4,0x4,07 00 10 00
1791530183115,RX,CfgRd,xio3130-downstream,02:00.1,0,4,0x10,00 00 00 00
1791530183115,RX,CfgRd,xio3130-downstream,02:00.1,0,4,0x14,00 00 00 00
1791530183115,RX,CfgRd,xio3130-downstream,02:00.1,0,4,0x4,07 00 10 00
1791530183115,TX,CfgWr,xio3130-downstream,02:00.1,0,4,0x4,04 00 10 00
1791530183115,TX,CfgWr,xio3130-downstream,02:00.1,0,4,0x14,ff ff ff ff
1791530183115,RX,CfgRd,xio3130-downstream,02:00.1,0,4,0x14,00 00 00 00
1791530183115,TX,CfgWr,xio3130-downstream,02:00.1,0,4,0x14,00 00 00 00
1791530183115,TX,CfgWr,xio3130-downstream,02:00.1,0,4,0x4,07 00 10 00
1791530183115,RX,CfgRd,xio3130-downstream,02:00.1,0,4,0x10,00 00 00 00
1791530183115,RX,CfgRd,xio3130-downstream,02:00.1,0,4,0x14,00 00 00 00
1791530183115,RX,CfgRd,xio3130-downstream,02:00.1,0,4,0x4,07 00 10 00
1791530183115,TX,CfgWr,xio3130-downstream,02:00.1,0,4,0x4,04 00 10 00
1791530183115,TX,CfgWr,xio3130-downstream,02:00.1,0,4,0x14,ff ff ff ff
1791530183115,RX,CfgRd,xio3130-downstream,02:00.1,0,4,0x14,00 00 00 00
1791530183115,TX,CfgWr,xio3130-downstream,02:00.1,0,4,0x14,00 00 00 00
1791530183115,TX,CfgWr,xio3130-downstream,02:00.1,0,4,0x4,07 00 10 00
1791530183115,RX,CfgRd,xio3130-downstream,02:00.1,0,4,0x10,00 00 00 00
1791530183115,RX,CfgRd,xio3130-downstream,02:00.1,0,4,0x14,00 00 00 00
1791530183115,RX,CfgRd,xio3130-downstream,02:00.1,0,4,0x18,02 04 04 00
1791530183115,RX,CfgRd,xio3130-downstream,02:00.1,0,4,0x10,00 00 00 00
1791530183115,RX,CfgRd,xio3130-downstream,02:00.1,0,4,0x14,00 00 00 00
1791530183115,RX,CfgRd,xio3130-downstream,02:00.1,0,4,0x18,02 04 04 00
1791530183115,RX,CfgRd,xio3130-downstream,02:00.1,0,4,0x10,00 00 00 00
1791530183115,RX,CfgRd,xio3130-downstream,02:00.1,0,4,0x14,00 00 00 00
1791530183115,RX,CfgRd,xio3130-downstream,02:00.1,0,4,0x18,02 04 04 00
1791530183115,RX,CfgRd,xio3130-downstream,02:00.1,0,4,0x1c,00 00 00 00
1791530183115,RX,CfgRd,xio3130-downstream,02:00.1,0,4,0x4,07 00 10 00
1791530183115,TX,CfgWr,xio3130-downstream,02:00.1,0,4,0x4,04 00 10 00
1791530183115,TX,CfgWr,xio3130-downstream,02:00.1,0,4,0x1c,ff ff ff ff
1791530183115,RX,CfgRd,xio3130-downstream,02:00.1,0,4,0x1c,f0 f0 00 00
1791530183115,TX,CfgWr,xio3130-downstream,02:00.1,0,4,0x1c,00 00 00 00
1791530183115,TX,CfgWr,xio3130-downstream,02:00.1,0,4,0x4,07 00 10 00
1791530183115,RX,CfgRd,xio3130-downstream,02:00.1,0,4,0x10,00 00 00 00
1791530183115,RX,CfgRd,xio3130-downstream,02:00.1,0,4,0x14,00 00 00 00
1791530183115,RX,CfgRd,xio3130-downstream,02:00.1,0,4,0x18,02 04 04 00
1791530183115,RX,CfgRd,xio3130-downstream,02:00.1,0,4,0x1c,00 00 00 00
1791530183115,RX,CfgRd,xio3130-downstream,02:00.1,0,4,0x4,07 00 10 00
1791530183115,TX,CfgWr,xio3130-downstream,02:00.1,0,4,0x4,04 00 10 00
1791530183115,TX,CfgWr,xio3130-downstream,02:00.1,0,4,0x1c,ff ff ff ff
1791530183115,RX,CfgRd,xio3130-downstream,02:00.1,0,4,0x1c,f0 f0 00 00
1791530183115,TX,CfgWr,xio3130-downstream,02:00.1,0,4,0x1c,00 00 00 00
1791530183115,TX,CfgWr,xio3130-downstream,02:00.1,0,4,0x4,07 00 10 00
1791530183115,RX,CfgRd,xio3130-downstream,02:00.1,0,4,0x10,00 00 00 00
1791530183115,RX,CfgRd,xio3130-downstream,02:00.1,0,4,0x14,00 00 00 00
1791530183115,RX,CfgRd,xio3130-downstream,02:00.1,0,4,0x18,02 04 04 00
1791530183115,RX,CfgRd,xio3130-downstream,02:00.1,0,4,0x1c,00 00 00 00
1791530183115,RX,CfgRd,xio3130-downstream,02:00.1,0,4,0x20,10 10 00 10
1791530183115,RX,CfgRd,xio3130-downstream,02:00.1,0,4,0x4,07 00 10 00
1791530183115,TX,CfgWr,xio3130-downstream,02:00.1,0,4,0x4,04 00 10 00
1791530183115,TX,CfgWr,xio3130-downstream,02:00.1,0,4,0x20,ff ff ff ff
1791530183115,RX,CfgRd,xio3130-downstream,02:00.1,0,4,0x20,f0 ff f0 ff
1791530183115,TX,CfgWr,xio3130-downstream,02:00.1,0,4,0x20,10 10 00 10
1791530183115,TX,CfgWr,xio3130-downstream,02:00.1,0,4,0x4,07 00 10 00
1791530183115,RX,CfgRd,xio3130-downstream,02:00.1,0,4,0x20,10 10 00 10
1791530183115,RX,CfgRd,xio3130-downstream,02:00.1,0,4,0x4,07 00 10 00
1791530183115,TX,CfgWr,xio3130-downstream,02:00.1,0,4,0x4,04 00 10 00
1791530183115,TX,CfgWr,xio3130-downstream,02:00.1,0,4,0x20,ff ff ff ff
1791530183115,RX,CfgRd,xio3130-downstream,02:00.1,0,4,0x20,f0 ff f0 ff
1791530183115,TX,CfgWr,xio3130-downstream,02:00.1,0,4,0x20,10 10 00 10
1791530183115,TX,CfgWr,xio3130-downstream,02:00.1,0,4,0x4,07 00 10 00
1791530183115,RX,CfgRd,xio3130-downstream,02:00.1,0,4,0x10,00 00 00 00
1791530183115,RX,CfgRd,xio3130-downstream,02:00.1,0,4,0x14,00 00 00 00
1791530183115,RX,CfgRd,xio3130-downstream,02:00.1,0,4,0x18,02 04 04 00
1791530183115,RX,CfgRd,xio3130-downstream,02:00.1,0,4,0x1c,00 00 00 00
1791530183115,RX,CfgRd,xio3130-downstream,02:00.1,0,4,0x20,10 10 00 10
1791530183115,RX,CfgRd,xio3130-downstream,02:00.1,0,4,0x4,07 00 10 00
1791530183115,TX,CfgWr,xio3130-downstream,02:00.1,0,4,0x4,04 00 10 00
1791530183115,TX,CfgWr,xio3130-downstream,02:00.1,0,4,0x20,ff ff ff ff
1791530183115,RX,CfgRd,xio3130-downstream,02:00.1,0,4,0x20,f0 ff f0 ff
1791530183115,TX,CfgWr,xio3130-downstream,02:00.1,0,4,0x20,10 10 00 10
1791530183115,TX,CfgWr,xio3130-downstream,02:00.1,0,4,0x4,07 00 10 00
1791530183115,RX,CfgRd,xio3130-downstream,02:00.1,0,4,0x20,10 10 00 10
1791530183115,RX,CfgRd,xio3130-downstream,02:00.1,0,4,0x4,07 00 10 00
1791530183115,TX,CfgWr,xio3130-downstream,02:00.1,0,4,0x4,04 00 10 00
1791530183115,TX,CfgWr,xio3130-downstream,02:00.1,0,4,0x20,ff ff ff ff
1791530183115,RX,CfgRd,xio3130-downstream,02:00.1,0,4,0x20,f0 ff f0 ff
1791530183115,TX,CfgWr,xio3130-downstream,02:00.1,0,4,0x20,10 10 00 10
1791530183115,TX,CfgWr,xio3130-downstream,02:00.1,0,4,0x4,07 00 10 00
1791530183115,RX,CfgRd,xio3130-downstream,02:00.1,0,4,0x10,00 00 00 00
1791530183116,RX,CfgRd,xio3130-downstream,02:00.1,0,4,0x14,00 00 00 00
1791530183116,RX,CfgRd,xio3130-downstream,02:00.1,0,4,0x18,02 04 04 00
1791530183116,RX,CfgRd,xio3130-downstream,02:00.1,0,4,0x1c,00 00 00 00
1791530183116,RX,CfgRd,xio3130-downstream,02:00.1,0,4,0x20,10 10 00 10
1791530183116,RX,CfgRd,xio3130-downstream,02:00.1,0,4,0x24,11 00 11 00
1791530183116,RX,CfgRd,xio3130-downstream,02:00.1,0,4,0x4,07 00 10 00
1791530183116,TX,CfgWr,xio3130-downstream,02:00.1,0,4,0x4,04 00 10 00
1791530183116,TX,CfgWr,xio3130-downstream,02:00.1,0,4,0x24,ff ff ff ff
1791530183116,RX,CfgRd,xio3130-downstream,02:00.1,0,4,0x24,f1 ff f1 ff
1791530183116,TX,CfgWr,xio3130-downstream,02:00.1,0,4,0x24,11 00 11 00
1791530183116,TX,CfgWr,xio3130-downstream,02:00.1,0,4,0x4,07 00 10 00
1791530183116,RX,CfgRd,xio3130-downstream,02:00.1,0,4,0x24,11 00 11 00
1791530183116,RX,CfgRd,xio3130-downstream,02:00.1,0,4,0x4,07 00 10 00
1791530183116,TX,CfgWr,xio3130-downstream,02:00.1,0,4,0x4,04 00 10 00
1791530183116,TX,CfgWr,xio3130-downstream,02:00.1,0,4,0x24,ff ff ff ff
1791530183116,RX,CfgRd,xio3130-downstream,02:00.1,0,4,0x24,f1 ff f1 ff
1791530183116,TX,CfgWr,xio3130-downstream,02:00.1,0,4,0x24,11 00 11 00
1791530183116,TX,CfgWr,xio3130-downstream,02:00.1,0,4,0x4,07 00 10 00
1791530183116,RX,CfgRd,xio3130-downstream,02:00.1,0,4,0x10,00 00 00 00
1791530183116,RX,CfgRd,xio3130-downstream,02:00.1,0,4,0x14,00 00 00 00
1791530183116,RX,CfgRd,xio3130-downstream,02:00.1,0,4,0x18,02 04 04 00
1791530183116,RX,CfgRd,xio3130-downstream,02:00.1,0,4,0x1c,00 00 00 00
1791530183116,RX,CfgRd,xio3130-downstream,02:00.1,0,4,0x20,10 10 00 10
1791530183116,RX,CfgRd,xio3130-downstream,02:00.1,0,4,0x24,11 00 11 00
1791530183117,RX,CfgRd,xio3130-downstream,02:00.1,0,4,0x4,07 00 10 00
1791530183117,TX,CfgWr,xio3130-downstream,02:00.1,0,4,0x4,04 00 10 00
1791530183117,TX,CfgWr,xio3130-downstream,02:00.1,0,4,0x24,ff ff ff ff
1791530183117,RX,CfgRd,xio3130-downstream,02:00.1,0,4,0x24,f1 ff f1 ff
1791530183117,TX,CfgWr,xio3130-downstream,02:00.1,0,4,0x24,11 00 11 00
1791530183117,TX,CfgWr,xio3130-downstream,02:00.1,0,4,0x4,07 00 10 00
1791530183117,RX,CfgRd,xio3130-downstream,02:00.1,0,4,0x24,11 00 11 00
1791530183117,RX,CfgRd,xio3130-downstream,02:00.1,0,4,0x4,07 00 10 00
1791530183117,TX,CfgWr,xio3130-downstream,02:00.1,0,4,0x4,04 00 10 00
1791530183117,TX,CfgWr,xio3130-downstream,02:00.1,0,4,0x24,ff ff ff ff
1791530183117,RX,CfgRd,xio3130-downstream,02:00.1,0,4,0x24,f1 ff f1 ff
1791530183117,TX,CfgWr,xio3130-downstream,02:00.1,0,4,0x24,11 00 11 00
1791530183117,TX,CfgWr,xio3130-downstream,02:00.1,0,4,0x4,07 00 10 00
1791530183117,RX,CfgRd,xio3130-downstream,02:00.1,0,4,0x4,07 00 10 00
1791530183117,RX,CfgRd,xio3130-downstream,02:00.1,0,4,0x34,90 00 00 00
1791530183117,RX,CfgRd,xio3130-downstream,02:00.1,0,4,0x90,10 80 62 01
1791530183117,RX,CfgRd,xio3130-downstream,02:00.1,0,4,0x80,0d 70 00 00
1791530183117,RX,CfgRd,xio3130-downstream,02:00.1,0,4,0x70,05 00 80 00
1791530183117,RX,CfgRd,xio3130-downstream,02:00.1,0,4,0x100,01 00 02 00
1791530183117,RX,CfgRd,xio3130-downstream,02:00.1,0,4,0x4,07 00 10 00
1791530183117,TX,CfgWr,xio3130-downstream,02:00.1,0,4,0x4,07 00 10 00
1791530183117,RX,CfgRd,xio3130-downstream,02:00.1,0,4,0x4,07 00 10 00
1791530183117,RX,CfgRd,xio3130-downstream,02:00.1,0,4,0x4,07 00 10 00
1791530183117,TX,CfgWr,xio3130-downstream,02:00.1,0,4,0x4,01 00 10 00
1791530183117,RX,CfgRd,xio3130-downstream,02:00.1,0,4,0x3c,00 00 00 00
1791530183117,RX,CfgRd,nvme,04:00.0,0,4,0x0,36 1b 10 00
1791530183117,RX,CfgRd,nvme,04:00.0,0,4,0xc,00 00 00 00
1791530183117,RX,CfgRd,nvme,04:00.0,0,4,0x10,04 00 10 00
1791530183117,RX,CfgRd,nvme,04:00.0,0,4,0x4,00 00 10 00
1791530183117,TX,CfgWr,nvme,04:00.0,0,4,0x4,00 00 10 00
1791530183117,TX,CfgWr,nvme,04:00.0,0,4,0x10,ff ff ff ff
1791530183117,RX,CfgRd,nvme,04:00.0,0,4,0x10,04 c0 ff ff
1791530183117,TX,CfgWr,nvme,04:00.0,0,4,0x10,04 00 10 00
1791530183117,RX,CfgRd,nvme,04:00.0,0,4,0x14,80 00 00 00
1791530183117,TX,CfgWr,nvme,04:00.0,0,4,0x14,ff ff ff ff
1791530183117,RX,CfgRd,nvme,04:00.0,0,4,0x14,ff ff ff ff
1791530183117,TX,CfgWr,nvme,04:00.0,0,4,0x14,80 00 00 00
1791530183117,TX,CfgWr,nvme,04:00.0,0,4,0x4,00 00 10 00
1791530183117,RX,CfgRd,nvme,04:00.0,0,4,0x10,04 00 10 00
1791530183117,RX,CfgRd,nvme,04:00.0,0,4,0x4,00 00 10 00
1791530183117,TX,CfgWr,nvme,04:00.0,0,4,0x4,00 00 10 00
1791530183117,TX,CfgWr,nvme,04:00.0,0,4,0x10,ff ff ff ff
1791530183117,RX,CfgRd,nvme,04:00.0,0,4,0x10,04 c0 ff ff
1791530183117,TX,CfgWr,nvme,04:00.0,0,4,0x10,04 00 10 00
1791530183117,RX,CfgRd,nvme,04:00.0,0,4,0x14,80 00 00 00
1791530183117,TX,CfgWr,nvme,04:00.0,0,4,0x14,ff ff ff ff
1791530183117,RX,CfgRd,nvme,04:00.0,0,4,0x14,ff ff ff ff
1791530183117,TX,CfgWr,nvme,04:00.0,0,4,0x14,80 00 00 00
1791530183117,TX,CfgWr,nvme,04:00.0,0,4,0x4,00 00 10 00
1791530183117,RX,CfgRd,nvme,04:00.0,0,4,0x10,04 00 10 00
1791530183117,RX,CfgRd,nvme,04:00.0,0,4,0x4,00 00 10 00
1791530183117,TX,CfgWr,nvme,04:00.0,0,4,0x4,00 00 10 00
1791530183117,TX,CfgWr,nvme,04:00.0,0,4,0x10,ff ff ff ff
1791530183117,RX,CfgRd,nvme,04:00.0,0,4,0x10,04 c0 ff ff
1791530183117,TX,CfgWr,nvme,04:00.0,0,4,0x10,04 00 10 00
1791530183117,RX,CfgRd,nvme,04:00.0,0,4,0x14,80 00 00 00
1791530183117,TX,CfgWr,nvme,04:00.0,0,4,0x14,ff ff ff ff
1791530183117,RX,CfgRd,nvme,04:00.0,0,4,0x14,ff ff ff ff
1791530183117,TX,CfgWr,nvme,04:00.0,0,4,0x14,80 00 00 00
1791530183117,TX,CfgWr,nvme,04:00.0,0,4,0x4,00 00 10 00
1791530183117,RX,CfgRd,nvme,04:00.0,0,4,0x10,04 00 10 00
1791530183117,RX,CfgRd,nvme,04:00.0,0,4,0x4,00 00 10 00
1791530183117,TX,CfgWr,nvme,04:00.0,0,4,0x4,00 00 10 00
1791530183117,TX,CfgWr,nvme,04:00.0,0,4,0x10,ff ff ff ff
1791530183117,RX,CfgRd,nvme,04:00.0,0,4,0x10,04 c0 ff ff
1791530183117,TX,CfgWr,nvme,04:00.0,0,4,0x10,04 00 10 00
1791530183117,RX,CfgRd,nvme,04:00.0,0,4,0x14,80 00 00 00
1791530183117,TX,CfgWr,nvme,04:00.0,0,4,0x14,ff ff ff ff
1791530183117,RX,CfgRd,nvme,04:00.0,0,4,0x14,ff ff ff ff
1791530183117,TX,CfgWr,nvme,04:00.0,0,4,0x14,80 00 00 00
1791530183117,TX,CfgWr,nvme,04:00.0,0,4,0x4,00 00 10 00
1791530183117,RX,CfgRd,nvme,04:00.0,0,4,0x10,04 00 10 00
1791530183117,RX,CfgRd,nvme,04:00.0,0,4,0x18,00 00 00 00
1791530183117,RX,CfgRd,nvme,04:00.0,0,4,0x4,00 00 10 00
1791530183117,TX,CfgWr,nvme,04:00.0,0,4,0x4,00 00 10 00
1791530183117,TX,CfgWr,nvme,04:00.0,0,4,0x18,ff ff ff ff
1791530183117,RX,CfgRd,nvme,04:00.0,0,4,0x18,00 00 00 00
1791530183117,TX,CfgWr,nvme,04:00.0,0,4,0x18,00 00 00 00
1791530183117,TX,CfgWr,nvme,04:00.0,0,4,0x4,00 00 10 00
1791530183117,RX,CfgRd,nvme,04:00.0,0,4,0x10,04 00 10 00
1791530183117,RX,CfgRd,nvme,04:00.0,0,4,0x18,00 00 00 00
1791530183117,RX,CfgRd,nvme,04:00.0,0,4,0x4,00 00 10 00
1791530183117,TX,CfgWr,nvme,04:00.0,0,4,0x4,00 00 10 00
1791530183117,TX,CfgWr,nvme,04:00.0,0,4,0x18,ff ff ff ff
1791530183117,RX,CfgRd,nvme,04:00.0,0,4,0x18,00 00 00 00
1791530183117,TX,CfgWr,nvme,04:00.0,0,4,0x18,00 00 00 00
1791530183117,TX,CfgWr,nvme,04:00.0,0,4,0x4,00 00 10 00
1791530183117,RX,CfgRd,nvme,04:00.0,0,4,0x10,04 00 10 00
1791530183117,RX,CfgRd,nvme,04:00.0,0,4,0x18,00 00 00 00
1791530183117,RX,CfgRd,nvme,04:00.0,0,4,0x1c,00 00 00 00
1791530183117,RX,CfgRd,nvme,04:00.0,0,4,0x4,00 00 10 00
1791530183117,TX,CfgWr,nvme,04:00.0,0,4,0x4,00 00 10 00
1791530183117,TX,CfgWr,nvme,04:00.0,0,4,0x1c,ff ff ff ff
1791530183117,RX,CfgRd,nvme,04:00.0,0,4,0x1c,00 00 00 00
1791530183117,TX,CfgWr,nvme,04:00.0,0,4,0x1c,00 00 00 00
1791530183117,TX,CfgWr,nvme,04:00.0,0,4,0x4,00 00 10 00
1791530183117,RX,CfgRd,nvme,04:00.0,0,4,0x10,04 00 10 00
1791530183117,RX,CfgRd,nvme,04:00.0,0,4,0x18,00 00 00 00
1791530183117,RX,CfgRd,nvme,04:00.0,0,4,0x1c,00 00 00 00
1791530183117,RX,CfgRd,nvme,04:00.0,0,4,0x4,00 00 10 00
1791530183117,TX,CfgWr,nvme,04:00.0,0,4,0x4,00 00 10 00
1791530183117,TX,CfgWr,nvme,04:00.0,0,4,0x1c,ff ff ff ff
1791530183117,RX,CfgRd,nvme,04:00.0,0,4,0x1c,00 00 00 00
1791530183117,TX,CfgWr,nvme,04:00.0,0,4,0x1c,00 00 00 00
1791530183117,TX,CfgWr,nvme,04:00.0,0,4,0x4,00 00 10 00
1791530183117,RX,CfgRd,nvme,04:00.0,0,4,0x10,04 00 10 00
1791530183117,RX,CfgRd,nvme,04:00.0,0,4,0x18,00 00 00 00
1791530183117,RX,CfgRd,nvme,04:00.0,0,4,0x1c,00 00 00 00
1791530183117,RX,CfgRd,nvme,04:00.0,0,4,0x20,00 00 00 00
1791530183117,RX,CfgRd,nvme,04:00.0,0,4,0x4,00 00 10 00
1791530183117,TX,CfgWr,nvme,04:00.0,0,4,0x4,00 00 10 00
1791530183117,TX,CfgWr,nvme,04:00.0,0,4,0x20,ff ff ff ff
1791530183117,RX,CfgRd,nvme,04:00.0,0,4,0x20,00 00 00 00
1791530183117,TX,CfgWr,nvme,04:00.0,0,4,0x20,00 00 00 00
1791530183117,TX,CfgWr,nvme,04:00.0,0,4,0x4,00 00 10 00
1791530183117,RX,CfgRd,nvme,04:00.0,0,4,0x10,04 00 10 00
1791530183117,RX,CfgRd,nvme,04:00.0,0,4,0x18,00 00 00 00
1791530183117,RX,CfgRd,nvme,04:00.0,0,4,0x1c,00 00 00 00
1791530183117,RX,CfgRd,nvme,04:00.0,0,4,0x20,00 00 00 00
1791530183117,RX,CfgRd,nvme,04:00.0,0,4,0x4,00 00 10 00
1791530183117,TX,CfgWr,nvme,04:00.0,0,4,0x4,00 00 10 00
1791530183117,TX,CfgWr,nvme,04:00.0,0,4,0x20,ff ff ff ff
1791530183117,RX,CfgRd,nvme,04:00.0,0,4,0x20,00 00 00 00
1791530183117,TX,CfgWr,nvme,04:00.0,0,4,0x20,00 00 00 00
1791530183117,TX,CfgWr,nvme,04:00.0,0,4,0x4,00 00 10 00
1791530183117,RX,CfgRd,nvme,04:00.0,0,4,0x10,04 00 10 00
1791530183117,RX,CfgRd,nvme,04:00.0,0,4,0x18,00 00 00 00
1791530183117,RX,CfgRd,nvme,04:00.0,0,4,0x1c,00 00 00 00
1791530183117,RX,CfgRd,nvme,04:00.0,0,4,0x20,00 00 00 00
1791530183117,RX,CfgRd,nvme,04:00.0,0,4,0x24,00 00 00 00
1791530183118,RX,CfgRd,nvme,04:00.0,0,4,0x4,00 00 10 00
1791530183118,TX,CfgWr,nvme,04:00.0,0,4,0x4,00 00 10 00
1791530183118,TX,CfgWr,nvme,04:00.0,0,4,0x24,ff ff ff ff
1791530183118,RX,CfgRd,nvme,04:00.0,0,4,0x24,00 00 00 00
1791530183118,TX,CfgWr,nvme,04:00.0,0,4,0x24,00 00 00 00
1791530183118,TX,CfgWr,nvme,04:00.0,0,4,0x4,00 00 10 00
1791530183118,RX,CfgRd,nvme,04:00.0,0,4,0x10,04 00 10 00
1791530183118,RX,CfgRd,nvme,04:00.0,0,4,0x18,00 00 00 00
1791530183118,RX,CfgRd,nvme,04:00.0,0,4,0x1c,00 00 00 00
1791530183118,RX,CfgRd,nvme,04:00.0,0,4,0x20,00 00 00 00
1791530183118,RX,CfgRd,nvme,04:00.0,0,4,0x24,00 00 00 00
1791530183118,RX,CfgRd,nvme,04:00.0,0,4,0x4,00 00 10 00
1791530183118,TX,CfgWr,nvme,04:00.0,0,4,0x4,00 00 10 00
1791530183118,TX,CfgWr,nvme,04:00.0,0,4,0x24,ff ff ff ff
1791530183118,RX,CfgRd,nvme,04:00.0,0,4,0x24,00 00 00 00
1791530183118,TX,CfgWr,nvme,04:00.0,0,4,0x24,00 00 00 00
1791530183118,TX,CfgWr,nvme,04:00.0,0,4,0x4,00 00 10 00
1791530183118,RX,CfgRd,nvme,04:00.0,0,4,0x10,04 00 10 00
1791530183118,RX,CfgRd,nvme,04:00.0,0,4,0x18,00 00 00 00
1791530183118,RX,CfgRd,nvme,04:00.0,0,4,0x1c,00 00 00 00
1791530183118,RX,CfgRd,nvme,04:00.0,0,4,0x20,00 00 00 00
1791530183118,RX,CfgRd,nvme,04:00.0,0,4,0x24,00 00 00 00
1791530183118,RX,CfgRd,nvme,04:00.0,0,4,0x10,04 00 10 00
1791530183118,RX,CfgRd,nvme,04:00.0,0,4,0x18,00 00 00 00
1791530183118,RX,CfgRd,nvme,04:00.0,0,4,0x1c,00 00 00 00
1791530183118,RX,CfgRd,nvme,04:00.0,0,4,0x20,00 00 00 00
1791530183118,RX,CfgRd,nvme,04:00.0,0,4,0x24,00 00 00 00
1791530183118,RX,CfgRd,nvme,04:00.0,0,4,0x4,00 00 10 00
1791530183118,RX,CfgRd,nvme,04:00.0,0,4,0x34,40 00 00 00
1791530183118,RX,CfgRd,nvme,04:00.0,0,4,0x40,11 80 40 00
1791530183118,RX,CfgRd,nvme,04:00.0,0,4,0x80,10 60 02 00
1791530183119,RX,CfgRd,nvme,04:00.0,0,4,0x60,01 00 03 00
1791530183119,RX,CfgRd,nvme,04:00.0,0,4,0x100,00 00 00 00
1791530183119,RX,CfgRd,nvme,04:00.0,0,4,0x4,00 00 10 00
1791530183119,TX,CfgWr,nvme,04:00.0,0,4,0x4,06 00 10 00
1791530183119,RX,CfgRd,nvme,04:00.0,0,4,0x4,06 00 10 00
1791530183119,RX,CfgRd,nvme,04:00.0,0,4,0x4,06 00 10 00
1791530183119,TX,CfgWr,nvme,04:00.0,0,4,0x4,00 00 10 00
1791530183119,RX,CfgRd,nvme,04:00.0,0,4,0x3c,00 01 00 00
1791530183126,RX,CfgRd,pcie-root-port,00:01.1,0,4,0x0,36 1b 0c 00
1791530183126,RX,CfgRd,pcie-root-port,00:01.1,0,4,0xc,00 00 01 00
1791530183126,RX,CfgRd,pcie-root-port,00:01.1,0,4,0x18,00 05 08 00
1791530183126,RX,CfgRd,pcie-root-port,00:01.1,0,4,0x10,00 00 10 10
1791530183126,RX,CfgRd,pcie-root-port,00:01.1,0,4,0x4,07 00 10 00
1791530183126,TX,CfgWr,pcie-root-port,00:01.1,0,4,0x4,04 00 10 00
1791530183126,TX,CfgWr,pcie-root-port,00:01.1,0,4,0x10,ff ff ff ff
1791530183126,RX,CfgRd,pcie-root-port,00:01.1,0,4,0x10,00 f0 ff ff
1791530183126,TX,CfgWr,pcie-root-port,00:01.1,0,4,0x10,00 00 10 10
1791530183126,TX,CfgWr,pcie-root-port,00:01.1,0,4,0x4,07 00 10 00
1791530183126,RX,CfgRd,pcie-root-port,00:01.1,0,4,0x10,00 00 10 10
1791530183126,RX,CfgRd,pcie-root-port,00:01.1,0,4,0x4,07 00 10 00
1791530183126,TX,CfgWr,pcie-root-port,00:01.1,0,4,0x4,04 00 10 00
1791530183126,TX,CfgWr,pcie-root-port,00:01.1,0,4,0x10,ff ff ff ff
1791530183126,RX,CfgRd,pcie-root-port,00:01.1,0,4,0x10,00 f0 ff ff
1791530183126,TX,CfgWr,pcie-root-port,00:01.1,0,4,0x10,00 00 10 10
1791530183126,TX,CfgWr,pcie-root-port,00:01.1,0,4,0x4,07 00 10 00
1791530183126,RX,CfgRd,pcie-root-port,00:01.1,0,4,0x10,00 00 10 10
1791530183126,RX,CfgRd,pcie-root-port,00:01.1,0,4,0x4,07 00 10 00
1791530183126,TX,CfgWr,pcie-root-port,00:01.1,0,4,0x4,04 00 10 00
1791530183126,TX,CfgWr,pcie-root-port,00:01.1,0,4,0x10,ff ff ff ff
1791530183126,RX,CfgRd,pcie-root-port,00:01.1,0,4,0x10,00 f0 ff ff
1791530183126,TX,CfgWr,pcie-root-port,00:01.1,0,4,0x10,00 00 10 10
1791530183126,TX,CfgWr,pcie-root-port,00:01.1,0,4,0x4,07 00 10 00
1791530183126,RX,CfgRd,pcie-root-port,00:01.1,0,4,0x10,00 00 10 10
1791530183126,RX,CfgRd,pcie-root-port,00:01.1,0,4,0x4,07 00 10 00
1791530183126,TX,CfgWr,pcie-root-port,00:01.1,0,4,0x4,04 00 10 00
1791530183126,TX,CfgWr,pcie-root-port,00:01.1,0,4,0x10,ff ff ff ff
1791530183126,RX,CfgRd,pcie-root-port,00:01.1,0,4,0x10,00 f0 ff ff
1791530183126,TX,CfgWr,pcie-root-port,00:01.1,0,4,0x10,00 00 10 10
1791530183126,TX,CfgWr,pcie-root-port,00:01.1,0,4,0x4,07 00 10 00
1791530183126,RX,CfgRd,pcie-root-port,00:01.1,0,4,0x10,00 00 10 10
1791530183126,RX,CfgRd,pcie-root-port,00:01.1,0,4,0x14,00 00 00 00
1791530183126,RX,CfgRd,pcie-root-port,00:01.1,0,4,0x4,07 00 10 00
1791530183126,TX,CfgWr,pcie-root-port,00:01.1,0,4,0x4,04 00 10 00
1791530183126,TX,CfgWr,pcie-root-port,00:01.1,0,4,0x14,ff ff ff ff
1791530183126,RX,CfgRd,pcie-root-port,00:01.1,0,4,0x14,00 00 00 00
1791530183126,TX,CfgWr,pcie-root-port,00:01.1,0,4,0x14,00 00 00 00
1791530183126,TX,CfgWr,pcie-root-port,00:01.1,0,4,0x4,07 00 10 00
1791530183126,RX,CfgRd,pcie-root-port,00:01.1,0,4,0x10,00 00 10 10
1791530183126,RX,CfgRd,pcie-root-port,00:01.1,0,4,0x14,00 00 00 00
1791530183126,RX,CfgRd,pcie-root-port,00:01.1,0,4,0x4,07 00 10 00
1791530183126,TX,CfgWr,pcie-root-port,00:01.1,0,4,0x4,04 00 10 00
1791530183126,TX,CfgWr,pcie-root-port,00:01.1,0,4,0x14,ff ff ff ff
1791530183126,RX,CfgRd,pcie-root-port,00:01.1,0,4,0x14,00 00 00 00
1791530183126,TX,CfgWr,pcie-root-port,00:01.1,0,4,0x14,00 00 00 00
1791530183126,TX,CfgWr,pcie-root-port,00:01.1,0,4,0x4,07 00 10 00
1791530183126,RX,CfgRd,pcie-root-port,00:01.1,0,4,0x10,00 00 10 10
1791530183126,RX,CfgRd,pcie-root-port,00:01.1,0,4,0x14,00 00 00 00
1791530183126,RX,CfgRd,pcie-root-port,00:01.1,0,4,0x18,00 05 08 00
1791530183126,RX,CfgRd,pcie-root-port,00:01.1,0,4,0x4,07 00 10 00
1791530183126,TX,CfgWr,pcie-root-port,00:01.1,0,4,0x4,04 00 10 00
1791530183126,TX,CfgWr,pcie-root-port,00:01.1,0,4,0x18,ff ff ff ff
1791530183126,RX,CfgRd,pcie-root-port,00:01.1,0,4,0x18,ff ff ff 00
1791530183126,TX,CfgWr,pcie-root-port,00:01.1,0,4,0x18,00 05 08 00
1791530183126,TX,CfgWr,pcie-root-port,00:01.1,0,4,0x4,07 00 10 00
1791530183126,RX,CfgRd,pcie-root-port,00:01.1,0,4,0x18,00 05 08 00
1791530183126,RX,CfgRd,pcie-root-port,00:01.1,0,4,0x4,07 00 10 00
1791530183126,TX,CfgWr,pcie-root-port,00:01.1,0,4,0x4,04 00 10 00
1791530183126,TX,CfgWr,pcie-root-port,00:01.1,0,4,0x18,ff ff ff ff
1791530183126,RX,CfgRd,pcie-root-port,00:01.1,0,4,0x18,ff ff ff 00
1791530183126,TX,CfgWr,pcie-root-port,00:01.1,0,4,0x18,00 05 08 00
1791530183126,TX,CfgWr,pcie-root-port,00:01.1,0,4,0x4,07 00 10 00
1791530183126,RX,CfgRd,pcie-root-port,00:01.1,0,4,0x10,00 00 10 10
1791530183126,RX,CfgRd,pcie-root-port,00:01.1,0,4,0x14,00 00 00 00
1791530183126,RX,CfgRd,pcie-root-port,00:01.1,0,4,0x18,00 05 08 00
1791530183126,RX,CfgRd,pcie-root-port,00:01.1,0,4,0x4,07 00 10 00
1791530183126,TX,CfgWr,pcie-root-port,00:01.1,0,4,0x4,04 00 10 00
1791530183126,TX,CfgWr,pcie-root-port,00:01.1,0,4,0x18,ff ff ff ff
1791530183126,RX,CfgRd,pcie-root-port,00:01.1,0,4,0x18,ff ff ff 00
1791530183126,TX,CfgWr,pcie-root-port,00:01.1,0,4,0x18,00 05 08 00
1791530183126,TX,CfgWr,pcie-root-port,00:01.1,0,4,0x4,07 00 10 00
1791530183126,RX,CfgRd,pcie-root-port,00:01.1,0,4,0x18,00 05 08 00
1791530183126,RX,CfgRd,pcie-root-port,00:01.1,0,4,0x4,07 00 10 00
1791530183126,TX,CfgWr,pcie-root-port,00:01.1,0,4,0x4,04 00 10 00
1791530183126,TX,CfgWr,pcie-root-port,00:01.1,0,4,0x18,ff ff ff ff
1791530183126,RX,CfgRd,pcie-root-port,00:01.1,0,4,0x18,ff ff ff 00
1791530183126,TX,CfgWr,pcie-root-port,00:01.1,0,4,0x18,00 05 08 00
1791530183126,TX,CfgWr,pcie-root-port,00:01.1,0,4,0x4,07 00 10 00
1791530183126,RX,CfgRd,pcie-root-port,00:01.1,0,4,0x10,00 00 10 10
1791530183126,RX,CfgRd,pcie-root-port,00:01.1,0,4,0x14,00 00 00 00
1791530183126,RX,CfgRd,pcie-root-port,00:01.1,0,4,0x18,00 05 08 00
1791530183126,RX,CfgRd,pcie-root-port,00:01.1,0,4,0x1c,f0 00 00 00
1791530183126,RX,CfgRd,pcie-root-port,00:01.1,0,4,0x4,07 00 10 00
1791530183126,TX,CfgWr,pcie-root-port,00:01.1,0,4,0x4,04 00 10 00
1791530183126,TX,CfgWr,pcie-root-port,00:01.1,0,4,0x1c,ff ff ff ff
1791530183126,RX,CfgRd,pcie-root-port,00:01.1,0,4,0x1c,f0 f0 00 00
1791530183126,TX,CfgWr,pcie-root-port,00:01.1,0,4,0x1c,f0 00 00 00
1791530183126,TX,CfgWr,pcie-root-port,00:01.1,0,4,0x4,07 00 10 00
1791530183126,RX,CfgRd,pcie-root-port,00:01.1,0,4,0x1c,f0 00 00 00
1791530183126,RX,CfgRd,pcie-root-port,00:01.1,0,4,0x4,07 00 10 00
1791530183126,TX,CfgWr,pcie-root-port,00:01.1,0,4,0x4,04 00 10 00
1791530183126,TX,CfgWr,pcie-root-port,00:01.1,0,4,0x1c,ff ff ff ff
1791530183126,RX,CfgRd,pcie-root-port,00:01.1,0,4,0x1c,f0 f0 00 00
1791530183126,TX,CfgWr,pcie-root-port,00:01.1,0,4,0x1c,f0 00 00 00
1791530183126,TX,CfgWr,pcie-root-port,00:01.1,0,4,0x4,07 00 10 00
1791530183126,RX,CfgRd,pcie-root-port,00:01.1,0,4,0x10,00 00 10 10
1791530183126,RX,CfgRd,pcie-root-port,00:01.1,0,4,0x14,00 00 00 00
1791530183126,RX,CfgRd,pcie-root-port,00:01.1,0,4,0x18,00 05 08 00
1791530183126,RX,CfgRd,pcie-root-port,00:01.1,0,4,0x1c,f0 00 00 00
1791530183126,RX,CfgRd,pcie-root-port,00:01.1,0,4,0x4,07 00 10 00
1791530183127,TX,CfgWr,pcie-root-port,00:01.1,0,4,0x4,04 00 10 00
1791530183127,TX,CfgWr,pcie-root-port,00:01.1,0,4,0x1c,ff ff ff ff
1791530183127,RX,CfgRd,pcie-root-port,00:01.1,0,4,0x1c,f0 f0 00 00
1791530183127,TX,CfgWr,pcie-root-port,00:01.1,0,4,0x1c,f0 00 00 00
1791530183127,TX,CfgWr,pcie-root-port,00:01.1,0,4,0x4,07 00 10 00
1791530183127,RX,CfgRd,pcie-root-port,00:01.1,0,4,0x1c,f0 00 00 00
1791530183127,RX,CfgRd,pcie-root-port,00:01.1,0,4,0x4,07 00 10 00
1791530183127,TX,CfgWr,pcie-root-port,00:01.1,0,4,0x4,04 00 10 00
1791530183127,TX,CfgWr,pcie-root-port,00:01.1,0,4,0x1c,ff ff ff ff
1791530183127,RX,CfgRd,pcie-root-port,00:01.1,0,4,0x1c,f0 f0 00 00
1791530183127,TX,CfgWr,pcie-root-port,00:01.1,0,4,0x1c,f0 00 00 00
1791530183127,TX,CfgWr,pcie-root-port,00:01.1,0,4,0x4,07 00 10 00
1791530183127,RX,CfgRd,pcie-root-port,00:01.1,0,4,0x10,00 00 10 10
1791530183127,RX,CfgRd,pcie-root-port,00:01.1,0,4,0x14,00 00 00 00
1791530183127,RX,CfgRd,pcie-root-port,00:01.1,0,4,0x18,00 05 08 00
1791530183127,RX,CfgRd,pcie-root-port,00:01.1,0,4,0x1c,f0 00 00 00
1791530183127,RX,CfgRd,pcie-root-port,00:01.1,0,4,0x20,20 10 10 10
1791530183127,RX,CfgRd,pcie-root-port,00:01.1,0,4,0x4,07 00 10 00
1791530183127,TX,CfgWr,pcie-root-port,00:01.1,0,4,0x4,04 00 10 00
1791530183129,TX,CfgWr,pcie-root-port,00:01.1,0,4,0x20,ff ff ff ff
1791530183129,RX,CfgRd,pcie-root-port,00:01.1,0,4,0x20,f0 ff f0 ff
1791530183129,TX,CfgWr,pcie-root-port,00:01.1,0,4,0x20,20 10 10 10
1791530183129,TX,CfgWr,pcie-root-port,00:01.1,0,4,0x4,07 00 10 00
1791530183129,RX,CfgRd,pcie-root-port,00:01.1,0,4,0x20,20 10 10 10
1791530183129,RX,CfgRd,pcie-root-port,00:01.1,0,4,0x4,07 00 10 00
1791530183129,TX,CfgWr,pcie-root-port,00:01.1,0,4,0x4,04 00 10 00
1791530183129,TX,CfgWr,pcie-root-port,00:01.1,0,4,0x20,ff ff ff ff
1791530183129,RX,CfgRd,pcie-root-port,00:01.1,0,4,0x20,f0 ff f0 ff
1791530183129,TX,CfgWr,pcie-root-port,00:01.1,0,4,0x20,20 10 10 10
1791530183129,TX,CfgWr,pcie-root-port,00:01.1,0,4,0x4,07 00 10 00
1791530183129,RX,CfgRd,pcie-root-port,00:01.1,0,4,0x10,00 00 10 10
1791530183129,RX,CfgRd,pcie-root-port,00:01.1,0,4,0x14,00 00 00 00
1791530183129,RX,CfgRd,pcie-root-port,00:01.1,0,4,0x18,00 05 08 00
1791530183129,RX,CfgRd,pcie-root-port,00:01.1,0,4,0x1c,f0 00 00 00
1791530183129,RX,CfgRd,pcie-root-port,00:01.1,0,4,0x20,20 10 10 10
1791530183129,RX,CfgRd,pcie-root-port,00:01.1,0,4,0x4,07 00 10 00
1791530183129,TX,CfgWr,pcie-root-port,00:01.1,0,4,0x4,04 00 10 00
1791530183129,TX,CfgWr,pcie-root-port,00:01.1,0,4,0x20,ff ff ff ff
1791530183129,RX,CfgRd,pcie-root-port,00:01.1,0,4,0x20,f0 ff f0 ff
1791530183129,TX,CfgWr,pcie-root-port,00:01.1,0,4,0x20,20 10 10 10
1791530183129,TX,CfgWr,pcie-root-port,00:01.1,0,4,0x4,07 00 10 00
1791530183129,RX,CfgRd,pcie-root-port,00:01.1,0,4,0x20,20 10 10 10
1791530183129,RX,CfgRd,pcie-root-port,00:01.1,0,4,0x4,07 00 10 00
1791530183129,TX,CfgWr,pcie-root-port,00:01.1,0,4,0x4,04 00 10 00
1791530183129,TX,CfgWr,pcie-root-port,00:01.1,0,4,0x20,ff ff ff ff
1791530183129,RX,CfgRd,pcie-root-port,00:01.1,0,4,0x20,f0 ff f0 ff
1791530183129,TX,CfgWr,pcie-root-port,00:01.1,0,4,0x20,20 10 10 10
1791530183129,TX,CfgWr,pcie-root-port,00:01.1,0,4,0x4,07 00 10 00
1791530183129,RX,CfgRd,pcie-root-port,00:01.1,0,4,0x10,00 00 10 10
1791530183129,RX,CfgRd,pcie-root-port,00:01.1,0,4,0x14,00 00 00 00
1791530183129,RX,CfgRd,pcie-root-port,00:01.1,0,4,0x18,00 05 08 00
1791530183130,RX,CfgRd,pcie-root-port,00:01.1,0,4,0x1c,f0 00 00 00
1791530183130,RX,CfgRd,pcie-root-port,00:01.1,0,4,0x20,20 10 10 10
1791530183130,RX,CfgRd,pcie-root-port,00:01.1,0,4,0x24,21 00 31 00
1791530183130,RX,CfgRd,pcie-root-port,00:01.1,0,4,0x4,07 00 10 00
1791530183130,TX,CfgWr,pcie-root-port,00:01.1,0,4,0x4,04 00 10 00
1791530183130,TX,CfgWr,pcie-root-port,00:01.1,0,4,0x24,ff ff ff ff
1791530183130,RX,CfgRd,pcie-root-port,00:01.1,0,4,0x24,f1 ff f1 ff
1791530183130,TX,CfgWr,pcie-root-port,00:01.1,0,4,0x24,21 00 31 00
1791530183130,TX,CfgWr,pcie-root-port,00:01.1,0,4,0x4,07 00 10 00
1791530183130,RX,CfgRd,pcie-root-port,00:01.1,0,4,0x24,21 00 31 00
1791530183130,RX,CfgRd,pcie-root-port,00:01.1,0,4,0x4,07 00 10 00
1791530183130,TX,CfgWr,pcie-root-port,00:01.1,0,4,0x4,04 00 10 00
1791530183130,TX,CfgWr,pcie-root-port,00:01.1,0,4,0x24,ff ff ff ff
1791530183130,RX,CfgRd,pcie-root-port,00:01.1,0,4,0x24,f1 ff f1 ff
1791530183130,TX,CfgWr,pcie-root-port,00:01.1,0,4,0x24,21 00 31 00
1791530183130,TX,CfgWr,pcie-root-port,00:01.1,0,4,0x4,07 00 10 00
1791530183130,RX,CfgRd,pcie-root-port,00:01.1,0,4,0x10,00 00 10 10
1791530183130,RX,CfgRd,pcie-root-port,00:01.1,0,4,0x14,00 00 00 00
1791530183130,RX,CfgRd,pcie-root-port,00:01.1,0,4,0x18,00 05 08 00
1791530183130,RX,CfgRd,pcie-root-port,00:01.1,0,4,0x1c,f0 00 00 00
1791530183130,RX,CfgRd,pcie-root-port,00:01.1,0,4,0x20,20 10 10 10
1791530183130,RX,CfgRd,pcie-root-port,00:01.1,0,4,0x24,21 00 31 00
1791530183130,RX,CfgRd,pcie-root-port,00:01.1,0,4,0x4,07 00 10 00
1791530183130,TX,CfgWr,pcie-root-port,00:01.1,0,4,0x4,04 00 10 00
1791530183130,TX,CfgWr,pcie-root-port,00:01.1,0,4,0x24,ff ff ff ff
1791530183130,RX,CfgRd,pcie-root-port,00:01.1,0,4,0x24,f1 ff f1 ff
1791530183130,TX,CfgWr,pcie-root-port,00:01.1,0,4,0x24,21 00 31 00
1791530183130,TX,CfgWr,pcie-root-port,00:01.1,0,4,0x4,07 00 10 00
1791530183130,RX,CfgRd,pcie-root-port,00:01.1,0,4,0x24,21 00 31 00
1791530183130,RX,CfgRd,pcie-root-port,00:01.1,0,4,0x4,07 00 10 00
1791530183130,TX,CfgWr,pcie-root-port,00:01.1,0,4,0x4,04 00 10 00
1791530183130,TX,CfgWr,pcie-root-port,00:01.1,0,4,0x24,ff ff ff ff
1791530183130,RX,CfgRd,pcie-root-port,00:01.1,0,4,0x24,f1 ff f1 ff
1791530183130,TX,CfgWr,pcie-root-port,00:01.1,0,4,0x24,21 00 31 00
1791530183130,TX,CfgWr,pcie-root-port,00:01.1,0,4,0x4,07 00 10 00
1791530183130,RX,CfgRd,pcie-root-port,00:01.1,0,4,0x4,07 00 10 00
1791530183130,RX,CfgRd,pcie-root-port,00:01.1,0,4,0x34,54 00 00 00
1791530183130,RX,CfgRd,pcie-root-port,00:01.1,0,4,0x54,10 48 42 01
1791530183130,RX,CfgRd,pcie-root-port,00:01.1,0,4,0x48,11 40 00 00
1791530183130,RX,CfgRd,pcie-root-port,00:01.1,0,4,0x40,0d 00 00 00
1791530183130,RX,CfgRd,pcie-root-port,00:01.1,0,4,0x100,01 00 82 14
1791530183130,RX,CfgRd,pcie-root-port,00:01.1,0,4,0x4,07 00 10 00
1791530183130,TX,CfgWr,pcie-root-port,00:01.1,0,4,0x4,07 00 10 00
1791530183130,RX,CfgRd,pcie-root-port,00:01.1,0,4,0x4,07 00 10 00
1791530183130,RX,CfgRd,pcie-root-port,00:01.1,0,4,0x4,07 00 10 00
1791530183130,TX,CfgWr,pcie-root-port,00:01.1,0,4,0x4,01 00 10 00
1791530183130,RX,CfgRd,pcie-root-port,00:01.1,0,4,0x3c,00 01 00 00
1791530183130,RX,CfgRd,x3130-upstream,05:00.0,0,4,0x0,4c 10 32 82
1791530183130,RX,CfgRd,x3130-upstream,05:00.0,0,4,0xc,00 00 01 00
1791530183130,RX,CfgRd,x3130-upstream,05:00.0,0,4,0x18,05 06 08 00
1791530183130,RX,CfgRd,x3130-upstream,05:00.0,0,4,0x10,00 00 00 00
1791530183130,RX,CfgRd,x3130-upstream,05:00.0,0,4,0x4,07 00 10 00
1791530183130,TX,CfgWr,x3130-upstream,05:00.0,0,4,0x4,04 00 10 00
1791530183130,TX,CfgWr,x3130-upstream,05:00.0,0,4,0x10,ff ff ff ff
1791530183130,RX,CfgRd,x3130-upstream,05:00.0,0,4,0x10,00 00 00 00
1791530183130,TX,CfgWr,x3130-upstream,05:00.0,0,4,0x10,00 00 00 00
1791530183130,TX,CfgWr,x3130-upstream,05:00.0,0,4,0x4,07 00 10 00
1791530183130,RX,CfgRd,x3130-upstream,05:00.0,0,4,0x10,00 00 00 00
1791530183130,RX,CfgRd,x3130-upstream,05:00.0,0,4,0x4,07 00 10 00
1791530183130,TX,CfgWr,x3130-upstream,05:00.0,0,4,0x4,04 00 10 00
1791530183130,TX,CfgWr,x3130-upstream,05:00.0,0,4,0x10,ff ff ff ff
1791530183130,RX,CfgRd,x3130-upstream,05:00.0,0,4,0x10,00 00 00 00
1791530183130,TX,CfgWr,x3130-upstream,05:00.0,0,4,0x10,00 00 00 00
1791530183130,TX,CfgWr,x3130-upstream,05:00.0,0,4,0x4,07 00 10 00
1791530183130,RX,CfgRd,x3130-upstream,05:00.0,0,4,0x10,00 00 00 00
1791530183130,RX,CfgRd,x3130-upstream,05:00.0,0,4,0x14,00 00 00 00
1791530183130,RX,CfgRd,x3130-upstream,05:00.0,0,4,0x4,07 00 10 00
1791530183130,TX,CfgWr,x3130-upstream,05:00.0,0,4,0x4,04 00 10 00
1791530183130,TX,CfgWr,x3130-upstream,05:00.0,0,4,0x14,ff ff ff ff
1791530183130,RX,CfgRd,x3130-upstream,05:00.0,0,4,0x14,00 00 00 00
1791530183130,TX,CfgWr,x3130-upstream,05:00.0,0,4,0x14,00 00 00 00
1791530183130,TX,CfgWr,x3130-upstream,05:00.0,0,4,0x4,07 00 10 00
1791530183130,RX,CfgRd,x3130-upstream,05:00.0,0,4,0x10,00 00 00 00
1791530183130,RX,CfgRd,x3130-upstream,05:00.0,0,4,0x14,00 00 00 00
1791530183130,RX,CfgRd,x3130-upstream,05:00.0,0,4,0x4,07 00 10 00
1791530183130,TX,CfgWr,x3130-upstream,05:00.0,0,4,0x4,04 00 10 00
1791530183130,TX,CfgWr,x3130-upstream,05:00.0,0,4,0x14,ff ff ff ff
1791530183130,RX,CfgRd,x3130-upstream,05:00.0,0,4,0x14,00 00 00 00
1791530183130,TX,CfgWr,x3130-upstream,05:00.0,0,4,0x14,00 00 00 00
1791530183130,TX,CfgWr,x3130-upstream,05:00.0,0,4,0x4,07 00 10 00
1791530183130,RX,CfgRd,x3130-upstream,05:00.0,0,4,0x10,00 00 00 00
1791530183130,RX,CfgRd,x3130-upstream,05:00.0,0,4,0x14,00 00 00 00
1791530183130,RX,CfgRd,x3130-upstream,05:00.0,0,4,0x18,05 06 08 00
1791530183130,RX,CfgRd,x3130-upstream,05:00.0,0,4,0x4,07 00 10 00
1791530183130,TX,CfgWr,x3130-upstream,05:00.0,0,4,0x4,04 00 10 00
1791530183130,TX,CfgWr,x3130-upstream,05:00.0,0,4,0x18,ff ff ff ff
1791530183130,RX,CfgRd,x3130-upstream,05:00.0,0,4,0x18,ff ff ff 00
1791530183130,TX,CfgWr,x3130-upstream,05:00.0,0,4,0x18,05 06 08 00
1791530183130,RX,CfgRd,x3130-upstream,05:00.0,0,4,0x1c,00 00 00 00
1791530183130,TX,CfgWr,x3130-upstream,05:00.0,0,4,0x1c,ff ff ff ff
1791530183130,RX,CfgRd,x3130-upstream,05:00.0,0,4,0x1c,f0 f0 00 00
1791530183130,TX,CfgWr,x3130-upstream,05:00.0,0,4,0x1c,00 00 00 00
1791530183130,TX,CfgWr,x3130-upstream,05:00.0,0,4,0x4,07 00 10 00
1791530183130,RX,CfgRd,x3130-upstream,05:00.0,0,4,0x18,05 06 08 00
1791530183130,RX,CfgRd,x3130-upstream,05:00.0,0,4,0x4,07 00 10 00
1791530183130,TX,CfgWr,x3130-upstream,05:00.0,0,4,0x4,04 00 10 00
1791530183131,TX,CfgWr,x3130-upstream,05:00.0,0,4,0x18,ff ff ff ff
1791530183131,RX,CfgRd,x3130-upstream,05:00.0,0,4,0x18,ff ff ff 00
1791530183131,TX,CfgWr,x3130-upstream,05:00.0,0,4,0x18,05 06 08 00
1791530183131,RX,CfgRd,x3130-upstream,05:00.0,0,4,0x1c,00 00 00 00
1791530183131,TX,CfgWr,x3130-upstream,05:00.0,0,4,0x1c,ff ff ff ff
1791530183131,RX,CfgRd,x3130-upstream,05:00.0,0,4,0x1c,f0 f0 00 00
1791530183131,TX,CfgWr,x3130-upstream,05:00.0,0,4,0x1c,00 00 00 00
1791530183131,TX,CfgWr,x3130-upstream,05:00.0,0,4,0x4,07 00 10 00
1791530183131,RX,CfgRd,x3130-upstream,05:00.0,0,4,0x10,00 00 00 00
1791530183131,RX,CfgRd,x3130-upstream,05:00.0,0,4,0x14,00 00 00 00
1791530183131,RX,CfgRd,x3130-upstream,05:00.0,0,4,0x18,05 06 08 00
1791530183131,RX,CfgRd,x3130-upstream,05:00.0,0,4,0x4,07 00 10 00
1791530183131,TX,CfgWr,x3130-upstream,05:00.0,0,4,0x4,04 00 10 00
1791530183131,TX,CfgWr,x3130-upstream,05:00.0,0,4,0x18,ff ff ff ff
1791530183131,RX,CfgRd,x3130-upstream,05:00.0,0,4,0x18,ff ff ff 00
1791530183131,TX,CfgWr,x3130-upstream,05:00.0,0,4,0x18,05 06 08 00
1791530183131,RX,CfgRd,x3130-upstream,05:00.0,0,4,0x1c,00 00 00 00
1791530183131,TX,CfgWr,x3130-upstream,05:00.0,0,4,0x1c,ff ff ff ff
1791530183131,RX,CfgRd,x3130-upstream,05:00.0,0,4,0x1c,f0 f0 00 00
1791530183131,TX,CfgWr,x3130-upstream,05:00.0,0,4,0x1c,00 00 00 00
1791530183131,TX,CfgWr,x3130-upstream,05:00.0,0,4,0x4,07 00 10 00
1791530183131,RX,CfgRd,x3130-upstream,05:00.0,0,4,0x18,05 06 08 00
1791530183131,RX,CfgRd,x3130-upstream,05:00.0,0,4,0x4,07 00 10 00
1791530183131,TX,CfgWr,x3130-upstream,05:00.0,0,4,0x4,04 00 10 00
1791530183131,TX,CfgWr,x3130-upstream,05:00.0,0,4,0x18,ff ff ff ff
1791530183131,RX,CfgRd,x3130-upstream,05:00.0,0,4,0x18,ff ff ff 00
1791530183131,TX,CfgWr,x3130-upstream,05:00.0,0,4,0x18,05 06 08 00
1791530183131,RX,CfgRd,x3130-upstream,05:00.0,0,4,0x1c,00 00 00 00
1791530183131,TX,CfgWr,x3130-upstream,05:00.0,0,4,0x1c,ff ff ff ff
1791530183131,RX,CfgRd,x3130-upstream,05:00.0,0,4,0x1c,f0 f0 00 00
1791530183131,TX,CfgWr,x3130-upstream,05:00.0,0,4,0x1c,00 00 00 00
1791530183131,TX,CfgWr,x3130-upstream,05:00.0,0,4,0x4,07 00 10 00
1791530183131,RX,CfgRd,x3130-upstream,05:00.0,0,4,0x10,00 00 00 00
1791530183131,RX,CfgRd,x3130-upstream,05:00.0,0,4,0x14,00 00 00 00
1791530183131,RX,CfgRd,x3130-upstream,05:00.0,0,4,0x18,05 06 08 00
1791530183131,RX,CfgRd,x3130-upstream,05:00.0,0,4,0x1c,00 00 00 00
1791530183131,RX,CfgRd,x3130-upstream,05:00.0,0,4,0x4,07 00 10 00
1791530183131,TX,CfgWr,x3130-upstream,05:00.0,0,4,0x4,04 00 10 00
1791530183131,TX,CfgWr,x3130-upstream,05:00.0,0,4,0x1c,ff ff ff ff
1791530183131,RX,CfgRd,x3130-upstream,05:00.0,0,4,0x1c,f0 f0 00 00
1791530183131,TX,CfgWr,x3130-upstream,05:00.0,0,4,0x1c,00 00 00 00
1791530183131,TX,CfgWr,x3130-upstream,05:00.0,0,4,0x4,07 00 10 00
1791530183131,RX,CfgRd,x3130-upstream,05:00.0,0,4,0x10,00 00 00 00
1791530183131,RX,CfgRd,x3130-upstream,05:00.0,0,4,0x14,00 00 00 00
1791530183131,RX,CfgRd,x3130-upstream,05:00.0,0,4,0x18,05 06 08 00
1791530183131,RX,CfgRd,x3130-upstream,05:00.0,0,4,0x1c,00 00 00 00
1791530183131,RX,CfgRd,x3130-upstream,05:00.0,0,4,0x4,07 00 10 00
1791530183131,TX,CfgWr,x3130-upstream,05:00.0,0,4,0x4,04 00 10 00
1791530183131,TX,CfgWr,x3130-upstream,05:00.0,0,4,0x1c,ff ff ff ff
1791530183131,RX,CfgRd,x3130-upstream,05:00.0,0,4,0x1c,f0 f0 00 00
1791530183131,TX,CfgWr,x3130-upstream,05:00.0,0,4,0x1c,00 00 00 00
1791530183131,TX,CfgWr,x3130-upstream,05:00.0,0,4,0x4,07 00 10 00
1791530183131,RX,CfgRd,x3130-upstream,05:00.0,0,4,0x10,00 00 00 00
1791530183131,RX,CfgRd,x3130-upstream,05:00.0,0,4,0x14,00 00 00 00
1791530183131,RX,CfgRd,x3130-upstream,05:00.0,0,4,0x18,05 06 08 00
1791530183131,RX,CfgRd,x3130-upstream,05:00.0,0,4,0x1c,00 00 00 00
1791530183131,RX,CfgRd,x3130-upstream,05:00.0,0,4,0x20,20 10 10 10
1791530183131,RX,CfgRd,x3130-upstream,05:00.0,0,4,0x4,07 00 10 00
1791530183131,TX,CfgWr,x3130-upstream,05:00.0,0,4,0x4,04 00 10 00
1791530183131,TX,CfgWr,x3130-upstream,05:00.0,0,4,0x20,ff ff ff ff
1791530183131,RX,CfgRd,x3130-upstream,05:00.0,0,4,0x20,f0 ff f0 ff
1791530183131,TX,CfgWr,x3130-upstream,05:00.0,0,4,0x20,20 10 10 10
1791530183131,TX,CfgWr,x3130-upstream,05:00.0,0,4,0x4,07 00 10 00
1791530183131,RX,CfgRd,x3130-upstream,05:00.0,0,4,0x20,20 10 10 10
1791530183131,RX,CfgRd,x3130-upstream,05:00.0,0,4,0x4,07 00 10 00
1791530183131,TX,CfgWr,x3130-upstream,05:00.0,0,4,0x4,04 00 10 00
1791530183131,TX,CfgWr,x3130-upstream,05:00.0,0,4,0x20,ff ff ff ff
1791530183131,RX,CfgRd,x3130-upstream,05:00.0,0,4,0x20,f0 ff f0 ff
1791530183131,TX,CfgWr,x3130-upstream,05:00.0,0,4,0x20,20 10 10 10
1791530183131,TX,CfgWr,x3130-upstream,05:00.0,0,4,0x4,07 00 10 00
1791530183131,RX,CfgRd,x3130-upstream,05:00.0,0,4,0x10,00 00 00 00
1791530183131,RX,CfgRd,x3130-upstream,05:00.0,0,4,0x14,00 00 00 00
1791530183131,RX,CfgRd,x3130-upstream,05:00.0,0,4,0x18,05 06 08 00
1791530183131,RX,CfgRd,x3130-upstream,05:00.0,0,4,0x1c,00 00 00 00
1791530183131,RX,CfgRd,x3130-upstream,05:00.0,0,4,0x20,20 10 10 10
1791530183131,RX,CfgRd,x3130-upstream,05:00.0,0,4,0x4,07 00 10 00
1791530183131,TX,CfgWr,x3130-upstream,05:00.0,0,4,0x4,04 00 10 00
1791530183131,TX,CfgWr,x3130-upstream,05:00.0,0,4,0x20,ff ff ff ff
1791530183131,RX,CfgRd,x3130-upstream,05:00.0,0,4,0x20,f0 ff f0 ff
1791530183131,TX,CfgWr,x3130-upstream,05:00.0,0,4,0x20,20 10 10 10
1791530183131,TX,CfgWr,x3130-upstream,05:00.0,0,4,0x4,07 00 10 00
1791530183131,RX,CfgRd,x3130-upstream,05:00.0,0,4,0x20,20 10 10 10
1791530183131,RX,CfgRd,x3130-upstream,05:00.0,0,4,0x4,07 00 10 00
1791530183131,TX,CfgWr,x3130-upstream,05:00.0,0,4,0x4,04 00 10 00
1791530183131,TX,CfgWr,x3130-upstream,05:00.0,0,4,0x20,ff ff ff ff
1791530183131,RX,CfgRd,x3130-upstream,05:00.0,0,4,0x20,f0 ff f0 ff
1791530183131,TX,CfgWr,x3130-upstream,05:00.0,0,4,0x20,20 10 10 10
1791530183131,TX,CfgWr,x3130-upstream,05:00.0,0,4,0x4,07 00 10 00
1791530183131,RX,CfgRd,x3130-upstream,05:00.0,0,4,0x10,00 00 00 00
1791530183131,RX,CfgRd,x3130-upstream,05:00.0,0,4,0x14,00 00 00 00
1791530183131,RX,CfgRd,x3130-upstream,05:00.0,0,4,0x18,05 06 08 00
1791530183131,RX,CfgRd,x3130-upstream,05:00.0,0,4,0x1c,00 00 00 00
1791530183131,RX,CfgRd,x3130-upstream,05:00.0,0,4,0x20,20 10 10 10
1791530183131,RX,CfgRd,x3130-upstream,05:00.0,0,4,0x24,21 00 31 00
1791530183131,RX,CfgRd,x3130-upstream,05:00.0,0,4,0x4,07 00 10 00
1791530183131,TX,CfgWr,x3130-upstream,05:00.0,0,4,0x4,04 00 10 00
1791530183131,TX,CfgWr,x3130-upstream,05:00.0,0,4,0x24,ff ff ff ff
1791530183131,RX,CfgRd,x3130-upstream,05:00.0,0,4,0x24,f1 ff f1 ff
1791530183131,TX,CfgWr,x3130-upstream,05:00.0,0,4,0x24,21 00 31 00
1791530183131,TX,CfgWr,x3130-upstream,05:00.0,0,4,0x4,07 00 10 00
1791530183131,RX,CfgRd,x3130-upstream,05:00.0,0,4,0x24,21 00 31 00
1791530183131,RX,CfgRd,x3130-upstream,05:00.0,0,4,0x4,07 00 10 00
1791530183131,TX,CfgWr,x3130-upstream,05:00.0,0,4,0x4,04 00 10 00
1791530183131,TX,CfgWr,x3130-upstream,05:00.0,0,4,0x24,ff ff ff ff
1791530183131,RX,CfgRd,x3130-upstream,05:00.0,0,4,0x24,f1 ff f1 ff
1791530183131,TX,CfgWr,x3130-upstream,05:00.0,0,4,0x24,21 00 31 00
1791530183131,TX,CfgWr,x3130-upstream,05:00.0,0,4,0x4,07 00 10 00
1791530183131,RX,CfgRd,x3130-upstream,05:00.0,0,4,0x10,00 00 00 00
1791530183131,RX,CfgRd,x3130-upstream,05:00.0,0,4,0x14,00 00 00 00
1791530183131,RX,CfgRd,x3130-upstream,05:00.0,0,4,0x18,05 06 08 00
1791530183131,RX,CfgRd,x3130-upstream,05:00.0,0,4,0x1c,00 00 00 00
1791530183132,RX,CfgRd,x3130-upstream,05:00.0,0,4,0x20,20 10 10 10
1791530183132,RX,CfgRd,x3130-upstream,05:00.0,0,4,0x24,21 00 31 00
1791530183132,RX,CfgRd,x3130-upstream,05:00.0,0,4,0x4,07 00 10 00
1791530183132,TX,CfgWr,x3130-upstream,05:00.0,0,4,0x4,04 00 10 00
1791530183132,TX,CfgWr,x3130-upstream,05:00.0,0,4,0x24,ff ff ff ff
1791530183132,RX,CfgRd,x3130-upstream,05:00.0,0,4,0x24,f1 ff f1 ff
1791530183132,TX,CfgWr,x3130-upstream,05:00.0,0,4,0x24,21 00 31 00
1791530183132,TX,CfgWr,x3130-upstream,05:00.0,0,4,0x4,07 00 10 00
1791530183132,RX,CfgRd,x3130-upstream,05:00.0,0,4,0x24,21 00 31 00
1791530183132,RX,CfgRd,x3130-upstream,05:00.0,0,4,0x4,07 00 10 00
1791530183132,TX,CfgWr,x3130-upstream,05:00.0,0,4,0x4,04 00 10 00
1791530183132,TX,CfgWr,x3130-upstream,05:00.0,0,4,0x24,ff ff ff ff
1791530183132,RX,CfgRd,x3130-upstream,05:00.0,0,4,0x24,f1 ff f1 ff
1791530183132,TX,CfgWr,x3130-upstream,05:00.0,0,4,0x24,21 00 31 00
1791530183132,TX,CfgWr,x3130-upstream,05:00.0,0,4,0x4,07 00 10 00
1791530183132,RX,CfgRd,x3130-upstream,05:00.0,0,4,0x4,07 00 10 00
1791530183132,RX,CfgRd,x3130-upstream,05:00.0,0,4,0x34,90 00 00 00
1791530183132,RX,CfgRd,x3130-upstream,05:00.0,0,4,0x90,10 80 52 00
1791530183132,RX,CfgRd,x3130-upstream,05:00.0,0,4,0x80,0d 70 00 00
1791530183132,RX,CfgRd,x3130-upstream,05:00.0,0,4,0x70,05 00 80 00
1791530183132,RX,CfgRd,x3130-upstream,05:00.0,0,4,0x100,01 00 02 00
1791530183132,RX,CfgRd,x3130-upstream,05:00.0,0,4,0x4,07 00 10 00
1791530183132,TX,CfgWr,x3130-upstream,05:00.0,0,4,0x4,07 00 10 00
1791530183132,RX,CfgRd,x3130-upstream,05:00.0,0,4,0x4,07 00 10 00
1791530183132,RX,CfgRd,x3130-upstream,05:00.0,0,4,0x4,07 00 10 00
1791530183132,TX,CfgWr,x3130-upstream,05:00.0,0,4,0x4,01 00 10 00
1791530183132,RX,CfgRd,x3130-upstream,05:00.0,0,4,0x3c,00 00 00 00
1791530183132,RX,CfgRd,xio3130-downstream,06:00.0,0,4,0x0,4c 10 33 82
1791530183132,RX,CfgRd,xio3130-downstream,06:00.0,0,4,0xc,00 00 81 00
1791530183132,RX,CfgRd,xio3130-downstream,06:00.0,0,4,0x18,06 07 07 00
1791530183132,RX,CfgRd,xio3130-downstream,06:00.0,0,4,0x10,00 00 00 00
1791530183132,RX,CfgRd,xio3130-downstream,06:00.0,0,4,0x4,07 00 10 00
1791530183132,TX,CfgWr,xio3130-downstream,06:00.0,0,4,0x4,04 00 10 00
1791530183132,TX,CfgWr,xio3130-downstream,06:00.0,0,4,0x10,ff ff ff ff
1791530183132,RX,CfgRd,xio3130-downstream,06:00.0,0,4,0x10,00 00 00 00
1791530183132,TX,CfgWr,xio3130-downstream,06:00.0,0,4,0x10,00 00 00 00
1791530183132,TX,CfgWr,xio3130-downstream,06:00.0,0,4,0x4,07 00 10 00
1791530183132,RX,CfgRd,xio3130-downstream,06:00.0,0,4,0x10,00 00 00 00
1791530183132,RX,CfgRd,xio3130-downstream,06:00.0,0,4,0x4,07 00 10 00
1791530183132,TX,CfgWr,xio3130-downstream,06:00.0,0,4,0x4,04 00 10 00
1791530183132,TX,CfgWr,xio3130-downstream,06:00.0,0,4,0x10,ff ff ff ff
1791530183132,RX,CfgRd,xio3130-downstream,06:00.0,0,4,0x10,00 00 00 00
1791530183132,TX,CfgWr,xio3130-downstream,06:00.0,0,4,0x10,00 00 00 00
1791530183132,TX,CfgWr,xio3130-downstream,06:00.0,0,4,0x4,07 00 10 00
1791530183132,RX,CfgRd,xio3130-downstream,06:00.0,0,4,0x10,00 00 00 00
1791530183132,RX,CfgRd,xio3130-downstream,06:00.0,0,4,0x14,00 00 00 00
1791530183132,RX,CfgRd,xio3130-downstream,06:00.0,0,4,0x4,07 00 10 00
1791530183132,TX,CfgWr,xio3130-downstream,06:00.0,0,4,0x4,04 00 10 00
1791530183132,TX,CfgWr,xio3130-downstream,06:00.0,0,4,0x14,ff ff ff ff
1791530183132,RX,CfgRd,xio3130-downstream,06:00.0,0,4,0x14,00 00 00 00
1791530183132,TX,CfgWr,xio3130-downstream,06:00.0,0,4,0x14,00 00 00 00
1791530183132,TX,CfgWr,xio3130-downstream,06:00.0,0,4,0x4,07 00 10 00
1791530183132,RX,CfgRd,xio3130-downstream,06:00.0,0,4,0x10,00 00 00 00
1791530183132,RX,CfgRd,xio3130-downstream,06:00.0,0,4,0x14,00 00 00 00
1791530183132,RX,CfgRd,xio3130-downstream,06:00.0,0,4,0x4,07 00 10 00
1791530183132,TX,CfgWr,xio3130-downstream,06:00.0,0,4,0x4,04 00 10 00
1791530183132,TX,CfgWr,xio3130-downstream,06:00.0,0,4,0x14,ff ff ff ff
1791530183132,RX,CfgRd,xio3130-downstream,06:00.0,0,4,0x14,00 00 00 00
1791530183132,TX,CfgWr,xio3130-downstream,06:00.0,0,4,0x14,00 00 00 00
1791530183132,TX,CfgWr,xio3130-downstream,06:00.0,0,4,0x4,07 00 10 00
1791530183132,RX,CfgRd,xio3130-downstream,06:00.0,0,4,0x10,00 00 00 00
1791530183132,RX,CfgRd,xio3130-downstream,06:00.0,0,4,0x14,00 00 00 00
1791530183132,RX,CfgRd,xio3130-downstream,06:00.0,0,4,0x18,06 07 07 00
1791530183132,RX,CfgRd,xio3130-downstream,06:00.0,0,4,0x10,00 00 00 00
1791530183132,RX,CfgRd,xio3130-downstream,06:00.0,0,4,0x14,00 00 00 00
1791530183132,RX,CfgRd,xio3130-downstream,06:00.0,0,4,0x18,06 07 07 00
1791530183132,RX,CfgRd,xio3130-downstream,06:00.0,0,4,0x10,00 00 00 00
1791530183132,RX,CfgRd,xio3130-downstream,06:00.0,0,4,0x14,00 00 00 00
1791530183132,RX,CfgRd,xio3130-downstream,06:00.0,0,4,0x18,06 07 07 00
1791530183132,RX,CfgRd,xio3130-downstream,06:00.0,0,4,0x1c,00 00 00 00
1791530183132,RX,CfgRd,xio3130-downstream,06:00.0,0,4,0x4,07 00 10 00
1791530183132,TX,CfgWr,xio3130-downstream,06:00.0,0,4,0x4,04 00 10 00
1791530183132,TX,CfgWr,xio3130-downstream,06:00.0,0,4,0x1c,ff ff ff ff
1791530183132,RX,CfgRd,xio3130-downstream,06:00.0,0,4,0x1c,f0 f0 00 00
1791530183132,TX,CfgWr,xio3130-downstream,06:00.0,0,4,0x1c,00 00 00 00
1791530183132,TX,CfgWr,xio3130-downstream,06:00.0,0,4,0x4,07 00 10 00
1791530183132,RX,CfgRd,xio3130-downstream,06:00.0,0,4,0x10,00 00 00 00
1791530183132,RX,CfgRd,xio3130-downstream,06:00.0,0,4,0x14,00 00 00 00
1791530183132,RX,CfgRd,xio3130-downstream,06:00.0,0,4,0x18,06 07 07 00
1791530183132,RX,CfgRd,xio3130-downstream,06:00.0,0,4,0x1c,00 00 00 00
1791530183132,RX,CfgRd,xio3130-downstream,06:00.0,0,4,0x4,07 00 10 00
1791530183132,TX,CfgWr,xio3130-downstream,06:00.0,0,4,0x4,04 00 10 00
1791530183132,TX,CfgWr,xio3130-downstream,06:00.0,0,4,0x1c,ff ff ff ff
1791530183132,RX,CfgRd,xio3130-downstream,06:00.0,0,4,0x1c,f0 f0 00 00
1791530183132,TX,CfgWr,xio3130-downstream,06:00.0,0,4,0x1c,00 00 00 00
1791530183132,TX,CfgWr,xio3130-downstream,06:00.0,0,4,0x4,07 00 10 00
1791530183132,RX,CfgRd,xio3130-downstream,06:00.0,0,4,0x10,00 00 00 00
1791530183132,RX,CfgRd,xio3130-downstream,06:00.0,0,4,0x14,00 00 00 00
1791530183132,RX,CfgRd,xio3130-downstream,06:00.0,0,4,0x18,06 07 07 00
1791530183132,RX,CfgRd,xio3130-downstream,06:00.0,0,4,0x1c,00 00 00 00
1791530183132,RX,CfgRd,xio3130-downstream,06:00.0,0,4,0x20,20 10 10 10
1791530183132,RX,CfgRd,xio3130-downstream,06:00.0,0,4,0x4,07 00 10 00
1791530183132,TX,CfgWr,xio3130-downstream,06:00.0,0,4,0x4,04 00 10 00
1791530183132,TX,CfgWr,xio3130-downstream,06:00.0,0,4,0x20,ff ff ff ff
1791530183132,RX,CfgRd,xio3130-downstream,06:00.0,0,4,0x20,f0 ff f0 ff
1791530183132,TX,CfgWr,xio3130-downstream,06:00.0,0,4,0x20,20 10 10 10
1791530183132,TX,CfgWr,xio3130-downstream,06:00.0,0,4,0x4,07 00 10 00
1791530183132,RX,CfgRd,xio3130-downstream,06:00.0,0,4,0x20,20 10 10 10
1791530183132,RX,CfgRd,xio3130-downstream,06:00.0,0,4,0x4,07 00 10 00
1791530183132,TX,CfgWr,xio3130-downstream,06:00.0,0,4,0x4,04 00 10 00
1791530183132,TX,CfgWr,xio3130-downstream,06:00.0,0,4,0x20,ff ff ff ff
1791530183132,RX,CfgRd,xio3130-downstream,06:00.0,0,4,0x20,f0 ff f0 ff
1791530183132,TX,CfgWr,xio3130-downstream,06:00.0,0,4,0x20,20 10 10 10
1791530183132,TX,CfgWr,xio3130-downstream,06:00.0,0,4,0x4,07 00 10 00
1791530183132,RX,CfgRd,xio3130-downstream,06:00.0,0,4,0x10,00 00 00 00
1791530183132,RX,CfgRd,xio3130-downstream,06:00.0,0,4,0x14,00 00 00 00
1791530183132,RX,CfgRd,xio3130-downstream,06:00.0,0,4,0x18,06 07 07 00
1791530183132,RX,CfgRd,xio3130-downstream,06:00.0,0,4,0x1c,00 00 00 00
1791530183132,RX,CfgRd,xio3130-downstream,06:00.0,0,4,0x20,20 10 10 10
1791530183132,RX,CfgRd,xio3130-downstream,06:00.0,0,4,0x4,07 00 10 00
1791530183132,TX,CfgWr,xio3130-downstream,06:00.0,0,4,0x4,04 00 10 00
1791530183132,TX,CfgWr,xio3130-downstream,06:00.0,0,4,0x20,ff ff ff ff
1791530183132,RX,CfgRd,xio3130-downstream,06:00.0,0,4,0x20,f0 ff f0 ff
1791530183132,TX,CfgWr,xio3130-downstream,06:00.0,0,4,0x20,20 10 10 10
1791530183132,TX,CfgWr,xio3130-downstream,06:00.0,0,4,0x4,07 00 10 00
1791530183132,RX,CfgRd,xio3130-downstream,06:00.0,0,4,0x20,20 10 10 10
1791530183132,RX,CfgRd,xio3130-downstream,06:00.0,0,4,0x4,07 00 10 00
1791530183132,TX,CfgWr,xio3130-downstream,06:00.0,0,4,0x4,04 00 10 00
1791530183132,TX,CfgWr,xio3130-downstream,06:00.0,0,4,0x20,ff ff ff ff
1791530183132,RX,CfgRd,xio3130-downstream,06:00.0,0,4,0x20,f0 ff f0 ff
1791530183132,TX,CfgWr,xio3130-downstream,06:00.0,0,4,0x20,20 10 10 10
1791530183132,TX,CfgWr,xio3130-downstream,06:00.0,0,4,0x4,07 00 10 00
1791530183132,RX,CfgRd,xio3130-downstream,06:00.0,0,4,0x10,00 00 00 00
1791530183132,RX,CfgRd,xio3130-downstream,06:00.0,0,4,0x14,00 00 00 00
1791530183132,RX,CfgRd,xio3130-downstream,06:00.0,0,4,0x18,06 07 07 00
1791530183132,RX,CfgRd,xio3130-downstream,06:00.0,0,4,0x1c,00 00 00 00
1791530183132,RX,CfgRd,xio3130-downstream,06:00.0,0,4,0x20,20 10 10 10
1791530183132,RX,CfgRd,xio3130-downstream,06:00.0,0,4,0x24,21 00 21 00
1791530183132,RX,CfgRd,xio3130-downstream,06:00.0,0,4,0x4,07 00 10 00
1791530183132,TX,CfgWr,xio3130-downstream,06:00.0,0,4,0x4,04 00 10 00
1791530183132,TX,CfgWr,xio3130-downstream,06:00.0,0,4,0x24,ff ff ff ff
1791530183132,RX,CfgRd,xio3130-downstream,06:00.0,0,4,0x24,f1 ff f1 ff
1791530183132,TX,CfgWr,xio3130-downstream,06:00.0,0,4,0x24,21 00 21 00
1791530183132,TX,CfgWr,xio3130-downstream,06:00.0,0,4,0x4,07 00 10 00
1791530183132,RX,CfgRd,xio3130-downstream,06:00.0,0,4,0x24,21 00 21 00
1791530183132,RX,CfgRd,xio3130-downstream,06:00.0,0,4,0x4,07 00 10 00
1791530183132,TX,CfgWr,xio3130-downstream,06:00.0,0,4,0x4,04 00 10 00
1791530183133,TX,CfgWr,xio3130-downstream,06:00.0,0,4,0x24,ff ff ff ff
1791530183133,RX,CfgRd,xio3130-downstream,06:00.0,0,4,0x24,f1 ff f1 ff
1791530183133,TX,CfgWr,xio3130-downstream,06:00.0,0,4,0x24,21 00 21 00
1791530183133,TX,CfgWr,xio3130-downstream,06:00.0,0,4,0x4,07 00 10 00
1791530183133,RX,CfgRd,xio3130-downstream,06:00.0,0,4,0x10,00 00 00 00
1791530183133,RX,CfgRd,xio3130-downstream,06:00.0,0,4,0x14,00 00 00 00
1791530183133,RX,CfgRd,xio3130-downstream,06:00.0,0,4,0x18,06 07 07 00
1791530183133,RX,CfgRd,xio3130-downstream,06:00.0,0,4,0x1c,00 00 00 00
1791530183133,RX,CfgRd,xio3130-downstream,06:00.0,0,4,0x20,20 10 10 10
1791530183133,RX,CfgRd,xio3130-downstream,06:00.0,0,4,0x24,21 00 21 00
1791530183133,RX,CfgRd,xio3130-downstream,06:00.0,0,4,0x4,07 00 10 00
1791530183133,TX,CfgWr,xio3130-downstream,06:00.0,0,4,0x4,04 00 10 00
1791530183133,TX,CfgWr,xio3130-downstream,06:00.0,0,4,0x24,ff ff ff ff
1791530183133,RX,CfgRd,xio3130-downstream,06:00.0,0,4,0x24,f1 ff f1 ff
1791530183133,TX,CfgWr,xio3130-downstream,06:00.0,0,4,0x24,21 00 21 00
1791530183133,TX,CfgWr,xio3130-downstream,06:00.0,0,4,0x4,07 00 10 00
1791530183133,RX,CfgRd,xio3130-downstream,06:00.0,0,4,0x24,21 00 21 00
1791530183133,RX,CfgRd,xio3130-downstream,06:00.0,0,4,0x4,07 00 10 00
1791530183133,TX,CfgWr,xio3130-downstream,06:00.0,0,4,0x4,04 00 10 00
1791530183133,TX,CfgWr,xio3130-downstream,06:00.0,0,4,0x24,ff ff ff ff
1791530183133,RX,CfgRd,xio3130-downstream,06:00.0,0,4,0x24,f1 ff f1 ff
1791530183133,TX,CfgWr,xio3130-downstream,06:00.0,0,4,0x24,21 00 21 00
1791530183133,TX,CfgWr,xio3130-downstream,06:00.0,0,4,0x4,07 00 10 00
1791530183133,RX,CfgRd,xio3130-downstream,06:00.0,0,4,0x4,07 00 10 00
1791530183133,RX,CfgRd,xio3130-downstream,06:00.0,0,4,0x34,90 00 00 00
1791530183133,RX,CfgRd,xio3130-downstream,06:00.0,0,4,0x90,10 80 62 01
1791530183133,RX,CfgRd,xio3130-downstream,06:00.0,0,4,0x80,0d 70 00 00
1791530183133,RX,CfgRd,xio3130-downstream,06:00.0,0,4,0x70,05 00 80 00
1791530183133,RX,CfgRd,xio3130-downstream,06:00.0,0,4,0x100,01 00 02 00
1791530183133,RX,CfgRd,xio3130-downstream,06:00.0,0,4,0x4,07 00 10 00
1791530183133,TX,CfgWr,xio3130-downstream,06:00.0,0,4,0x4,07 00 10 00
1791530183133,RX,CfgRd,xio3130-downstream,06:00.0,0,4,0x4,07 00 10 00
1791530183133,RX,CfgRd,xio3130-downstream,06:00.0,0,4,0x4,07 00 10 00
1791530183133,TX,CfgWr,xio3130-downstream,06:00.0,0,4,0x4,01 00 10 00
1791530183133,RX,CfgRd,xio3130-downstream,06:00.0,0,4,0x3c,00 00 00 00
1791530183133,RX,CfgRd,nvme,07:00.0,0,4,0x0,36 1b 10 00
1791530183133,RX,CfgRd,nvme,07:00.0,0,4,0xc,00 00 00 00
1791530183133,RX,CfgRd,nvme,07:00.0,0,4,0x10,04 00 20 00
1791530183133,RX,CfgRd,nvme,07:00.0,0,4,0x4,00 00 10 00
1791530183133,TX,CfgWr,nvme,07:00.0,0,4,0x4,00 00 10 00
1791530183133,TX,CfgWr,nvme,07:00.0,0,4,0x10,ff ff ff ff
1791530183133,RX,CfgRd,nvme,07:00.0,0,4,0x10,04 c0 ff ff
1791530183133,TX,CfgWr,nvme,07:00.0,0,4,0x10,04 00 20 00
1791530183133,RX,CfgRd,nvme,07:00.0,0,4,0x14,80 00 00 00
1791530183133,TX,CfgWr,nvme,07:00.0,0,4,0x14,ff ff ff ff
1791530183133,RX,CfgRd,nvme,07:00.0,0,4,0x14,ff ff ff ff
1791530183133,TX,CfgWr,nvme,07:00.0,0,4,0x14,80 00 00 00
1791530183133,TX,CfgWr,nvme,07:00.0,0,4,0x4,00 00 10 00
1791530183133,RX,CfgRd,nvme,07:00.0,0,4,0x10,04 00 20 00
1791530183133,RX,CfgRd,nvme,07:00.0,0,4,0x4,00 00 10 00
1791530183133,TX,CfgWr,nvme,07:00.0,0,4,0x4,00 00 10 00
1791530183133,TX,CfgWr,nvme,07:00.0,0,4,0x10,ff ff ff ff
1791530183133,RX,CfgRd,nvme,07:00.0,0,4,0x10,04 c0 ff ff
1791530183133,TX,CfgWr,nvme,07:00.0,0,4,0x10,04 00 20 00
1791530183133,RX,CfgRd,nvme,07:00.0,0,4,0x14,80 00 00 00
1791530183133,TX,CfgWr,nvme,07:00.0,0,4,0x14,ff ff ff ff
1791530183133,RX,CfgRd,nvme,07:00.0,0,4,0x14,ff ff ff ff
1791530183133,TX,CfgWr,nvme,07:00.0,0,4,0x14,80 00 00 00
1791530183133,TX,CfgWr,nvme,07:00.0,0,4,0x4,00 00 10 00
1791530183133,RX,CfgRd,nvme,07:00.0,0,4,0x10,04 00 20 00
1791530183133,RX,CfgRd,nvme,07:00.0,0,4,0x4,00 00 10 00
1791530183133,TX,CfgWr,nvme,07:00.0,0,4,0x4,00 00 10 00
1791530183133,TX,CfgWr,nvme,07:00.0,0,4,0x10,ff ff ff ff
1791530183133,RX,CfgRd,nvme,07:00.0,0,4,0x10,04 c0 ff ff
1791530183133,TX,CfgWr,nvme,07:00.0,0,4,0x10,04 00 20 00
1791530183133,RX,CfgRd,nvme,07:00.0,0,4,0x14,80 00 00 00
1791530183133,TX,CfgWr,nvme,07:00.0,0,4,0x14,ff ff ff ff
1791530183133,RX,CfgRd,nvme,07:00.0,0,4,0x14,ff ff ff ff
1791530183133,TX,CfgWr,nvme,07:00.0,0,4,0x14,80 00 00 00
1791530183133,TX,CfgWr,nvme,07:00.0,0,4,0x4,00 00 10 00
1791530183133,RX,CfgRd,nvme,07:00.0,0,4,0x10,04 00 20 00
1791530183133,RX,CfgRd,nvme,07:00.0,0,4,0x4,00 00 10 00
1791530183133,TX,CfgWr,nvme,07:00.0,0,4,0x4,00 00 10 00
1791530183133,TX,CfgWr,nvme,07:00.0,0,4,0x10,ff ff ff ff
1791530183133,RX,CfgRd,nvme,07:00.0,0,4,0x10,04 c0 ff ff
1791530183133,TX,CfgWr,nvme,07:00.0,0,4,0x10,04 00 20 00
1791530183133,RX,CfgRd,nvme,07:00.0,0,4,0x14,80 00 00 00
1791530183133,TX,CfgWr,nvme,07:00.0,0,4,0x14,ff ff ff ff
1791530183133,RX,CfgRd,nvme,07:00.0,0,4,0x14,ff ff ff ff
1791530183133,TX,CfgWr,nvme,07:00.0,0,4,0x14,80 00 00 00
1791530183133,TX,CfgWr,nvme,07:00.0,0,4,0x4,00 00 10 00
1791530183133,RX,CfgRd,nvme,07:00.0,0,4,0x10,04 00 20 00
1791530183133,RX,CfgRd,nvme,07:00.0,0,4,0x18,00 00 00 00
1791530183133,RX,CfgRd,nvme,07:00.0,0,4,0x4,00 00 10 00
1791530183133,TX,CfgWr,nvme,07:00.0,0,4,0x4,00 00 10 00
1791530183133,TX,CfgWr,nvme,07:00.0,0,4,0x18,ff ff ff ff
1791530183133,RX,CfgRd,nvme,07:00.0,0,4,0x18,00 00 00 00
1791530183133,TX,CfgWr,nvme,07:00.0,0,4,0x18,00 00 00 00
1791530183133,TX,CfgWr,nvme,07:00.0,0,4,0x4,00 00 10 00
1791530183133,RX,CfgRd,nvme,07:00.0,0,4,0x10,04 00 20 00
1791530183133,RX,CfgRd,nvme,07:00.0,0,4,0x18,00 00 00 00
1791530183133,RX,CfgRd,nvme,07:00.0,0,4,0x4,00 00 10 00
1791530183133,TX,CfgWr,nvme,07:00.0,0,4,0x4,00 00 10 00
1791530183133,TX,CfgWr,nvme,07:00.0,0,4,0x18,ff ff ff ff
1791530183133,RX,CfgRd,nvme,07:00.0,0,4,0x18,00 00 00 00
1791530183133,TX,CfgWr,nvme,07:00.0,0,4,0x18,00 00 00 00
1791530183133,TX,CfgWr,nvme,07:00.0,0,4,0x4,00 00 10 00
1791530183134,RX,CfgRd,nvme,07:00.0,0,4,0x10,04 00 20 00
1791530183134,RX,CfgRd,nvme,07:00.0,0,4,0x18,00 00 00 00
1791530183134,RX,CfgRd,nvme,07:00.0,0,4,0x1c,00 00 00 00
1791530183134,RX,CfgRd,nvme,07:00.0,0,4,0x4,00 00 10 00
1791530183134,TX,CfgWr,nvme,07:00.0,0,4,0x4,00 00 10 00
1791530183134,TX,CfgWr,nvme,07:00.0,0,4,0x1c,ff ff ff ff
1791530183134,RX,CfgRd,nvme,07:00.0,0,4,0x1c,00 00 00 00
1791530183134,TX,CfgWr,nvme,07:00.0,0,4,0x1c,00 00 00 00
1791530183134,TX,CfgWr,nvme,07:00.0,0,4,0x4,00 00 10 00
1791530183134,RX,CfgRd,nvme,07:00.0,0,4,0x10,04 00 20 00
1791530183134,RX,CfgRd,nvme,07:00.0,0,4,0x18,00 00 00 00
1791530183134,RX,CfgRd,nvme,07:00.0,0,4,0x1c,00 00 00 00
1791530183134,RX,CfgRd,nvme,07:00.0,0,4,0x4,00 00 10 00
1791530183134,TX,CfgWr,nvme,07:00.0,0,4,0x4,00 00 10 00
1791530183134,TX,CfgWr,nvme,07:00.0,0,4,0x1c,ff ff ff ff
1791530183134,RX,CfgRd,nvme,07:00.0,0,4,0x1c,00 00 00 00
1791530183134,TX,CfgWr,nvme,07:00.0,0,4,0x1c,00 00 00 00
1791530183134,TX,CfgWr,nvme,07:00.0,0,4,0x4,00 00 10 00
1791530183134,RX,CfgRd,nvme,07:00.0,0,4,0x10,04 00 20 00
1791530183134,RX,CfgRd,nvme,07:00.0,0,4,0x18,00 00 00 00
1791530183134,RX,CfgRd,nvme,07:00.0,0,4,0x1c,00 00 00 00
1791530183134,RX,CfgRd,nvme,07:00.0,0,4,0x20,00 00 00 00
1791530183134,RX,CfgRd,nvme,07:00.0,0,4,0x4,00 00 10 00
1791530183134,TX,CfgWr,nvme,07:00.0,0,4,0x4,00 00 10 00
1791530183134,TX,CfgWr,nvme,07:00.0,0,4,0x20,ff ff ff ff
1791530183134,RX,CfgRd,nvme,07:00.0,0,4,0x20,00 00 00 00
1791530183134,TX,CfgWr,nvme,07:00.0,0,4,0x20,00 00 00 00
1791530183134,TX,CfgWr,nvme,07:00.0,0,4,0x4,00 00 10 00
1791530183134,RX,CfgRd,nvme,07:00.0,0,4,0x10,04 00 20 00
1791530183134,RX,CfgRd,nvme,07:00.0,0,4,0x18,00 00 00 00
1791530183134,RX,CfgRd,nvme,07:00.0,0,4,0x1c,00 00 00 00
1791530183134,RX,CfgRd,nvme,07:00.0,0,4,0x20,00 00 00 00
1791530183134,RX,CfgRd,nvme,07:00.0,0,4,0x4,00 00 10 00
1791530183134,TX,CfgWr,nvme,07:00.0,0,4,0x4,00 00 10 00
1791530183134,TX,CfgWr,nvme,07:00.0,0,4,0x20,ff ff ff ff
1791530183134,RX,CfgRd,nvme,07:00.0,0,4,0x20,00 00 00 00
1791530183134,TX,CfgWr,nvme,07:00.0,0,4,0x20,00 00 00 00
1791530183134,TX,CfgWr,nvme,07:00.0,0,4,0x4,00 00 10 00
1791530183134,RX,CfgRd,nvme,07:00.0,0,4,0x10,04 00 20 00
1791530183134,RX,CfgRd,nvme,07:00.0,0,4,0x18,00 00 00 00
1791530183134,RX,CfgRd,nvme,07:00.0,0,4,0x1c,00 00 00 00
1791530183134,RX,CfgRd,nvme,07:00.0,0,4,0x20,00 00 00 00
1791530183134,RX,CfgRd,nvme,07:00.0,0,4,0x24,00 00 00 00
1791530183134,RX,CfgRd,nvme,07:00.0,0,4,0x4,00 00 10 00
1791530183134,TX,CfgWr,nvme,07:00.0,0,4,0x4,00 00 10 00
1791530183134,TX,CfgWr,nvme,07:00.0,0,4,0x24,ff ff ff ff
1791530183134,RX,CfgRd,nvme,07:00.0,0,4,0x24,00 00 00 00
1791530183134,TX,CfgWr,nvme,07:00.0,0,4,0x24,00 00 00 00
1791530183134,TX,CfgWr,nvme,07:00.0,0,4,0x4,00 00 10 00
1791530183134,RX,CfgRd,nvme,07:00.0,0,4,0x10,04 00 20 00
1791530183134,RX,CfgRd,nvme,07:00.0,0,4,0x18,00 00 00 00
1791530183134,RX,CfgRd,nvme,07:00.0,0,4,0x1c,00 00 00 00
1791530183134,RX,CfgRd,nvme,07:00.0,0,4,0x20,00 00 00 00
1791530183134,RX,CfgRd,nvme,07:00.0,0,4,0x24,00 00 00 00
1791530183134,RX,CfgRd,nvme,07:00.0,0,4,0x4,00 00 10 00
1791530183134,TX,CfgWr,nvme,07:00.0,0,4,0x4,00 00 10 00
1791530183134,TX,CfgWr,nvme,07:00.0,0,4,0x24,ff ff ff ff
1791530183134,RX,CfgRd,nvme,07:00.0,0,4,0x24,00 00 00 00
1791530183134,TX,CfgWr,nvme,07:00.0,0,4,0x24,00 00 00 00
1791530183134,TX,CfgWr,nvme,07:00.0,0,4,0x4,00 00 10 00
1791530183134,RX,CfgRd,nvme,07:00.0,0,4,0x10,04 00 20 00
1791530183134,RX,CfgRd,nvme,07:00.0,0,4,0x18,00 00 00 00
1791530183134,RX,CfgRd,nvme,07:00.0,0,4,0x1c,00 00 00 00
1791530183134,RX,CfgRd,nvme,07:00.0,0,4,0x20,00 00 00 00
1791530183134,RX,CfgRd,nvme,07:00.0,0,4,0x24,00 00 00 00
1791530183134,RX,CfgRd,nvme,07:00.0,0,4,0x10,04 00 20 00
1791530183134,RX,CfgRd,nvme,07:00.0,0,4,0x18,00 00 00 00
1791530183134,RX,CfgRd,nvme,07:00.0,0,4,0x1c,00 00 00 00
1791530183134,RX,CfgRd,nvme,07:00.0,0,4,0x20,00 00 00 00
1791530183134,RX,CfgRd,nvme,07:00.0,0,4,0x24,00 00 00 00
1791530183134,RX,CfgRd,nvme,07:00.0,0,4,0x4,00 00 10 00
1791530183134,RX,CfgRd,nvme,07:00.0,0,4,0x34,40 00 00 00
1791530183134,RX,CfgRd,nvme,07:00.0,0,4,0x40,11 80 40 00
1791530183134,RX,CfgRd,nvme,07:00.0,0,4,0x80,10 60 02 00
1791530183134,RX,CfgRd,nvme,07:00.0,0,4,0x60,01 00 03 00
1791530183134,RX,CfgRd,nvme,07:00.0,0,4,0x100,00 00 00 00
1791530183134,RX,CfgRd,nvme,07:00.0,0,4,0x4,00 00 10 00
1791530183134,TX,CfgWr,nvme,07:00.0,0,4,0x4,06 00 10 00
1791530183134,RX,CfgRd,nvme,07:00.0,0,4,0x4,06 00 10 00
1791530183134,RX,CfgRd,nvme,07:00.0,0,4,0x4,06 00 10 00
1791530183134,TX,CfgWr,nvme,07:00.0,0,4,0x4,00 00 10 00
1791530183134,RX,CfgRd,nvme,07:00.0,0,4,0x3c,00 01 00 00
1791530183136,RX,CfgRd,xio3130-downstream,06:00.1,0,4,0x0,4c 10 33 82
1791530183136,RX,CfgRd,xio3130-downstream,06:00.1,0,4,0xc,00 00 01 00
1791530183136,RX,CfgRd,xio3130-downstream,06:00.1,0,4,0x18,06 08 08 00
1791530183136,RX,CfgRd,xio3130-downstream,06:00.1,0,4,0x10,00 00 00 00
1791530183136,RX,CfgRd,xio3130-downstream,06:00.1,0,4,0x4,07 00 10 00
1791530183136,TX,CfgWr,xio3130-downstream,06:00.1,0,4,0x4,04 00 10 00
1791530183136,TX,CfgWr,xio3130-downstream,06:00.1,0,4,0x10,ff ff ff ff
1791530183136,RX,CfgRd,xio3130-downstream,06:00.1,0,4,0x10,00 00 00 00
1791530183136,TX,CfgWr,xio3130-downstream,06:00.1,0,4,0x10,00 00 00 00
1791530183136,TX,CfgWr,xio3130-downstream,06:00.1,0,4,0x4,07 00 10 00
1791530183136,RX,CfgRd,xio3130-downstream,06:00.1,0,4,0x10,00 00 00 00
1791530183136,RX,CfgRd,xio3130-downstream,06:00.1,0,4,0x4,07 00 10 00
1791530183136,TX,CfgWr,xio3130-downstream,06:00.1,0,4,0x4,04 00 10 00
1791530183136,TX,CfgWr,xio3130-downstream,06:00.1,0,4,0x10,ff ff ff ff
1791530183136,RX,CfgRd,xio3130-downstream,06:00.1,0,4,0x10,00 00 00 00
1791530183136,TX,CfgWr,xio3130-downstream,06:00.1,0,4,0x10,00 00 00 00
1791530183136,TX,CfgWr,xio3130-downstream,06:00.1,0,4,0x4,07 00 10 00
1791530183136,RX,CfgRd,xio3130-downstream,06:00.1,0,4,0x10,00 00 00 00
1791530183136,RX,CfgRd,xio3130-downstream,06:00.1,0,4,0x14,00 00 00 00
1791530183136,RX,CfgRd,xio3130-downstream,06:00.1,0,4,0x4,07 00 10 00
1791530183136,TX,CfgWr,xio3130-downstream,06:00.1,0,4,0x4,04 00 10 00
1791530183136,TX,CfgWr,xio3130-downstream,06:00.1,0,4,0x14,ff ff ff ff
1791530183136,RX,CfgRd,xio3130-downstream,06:00.1,0,4,0x14,00 00 00 00
1791530183136,TX,CfgWr,xio3130-downstream,06:00.1,0,4,0x14,00 00 00 00
1791530183136,TX,CfgWr,xio3130-downstream,06:00.1,0,4,0x4,07 00 10 00
1791530183136,RX,CfgRd,xio3130-downstream,06:00.1,0,4,0x10,00 00 00 00
1791530183136,RX,CfgRd,xio3130-downstream,06:00.1,0,4,0x14,00 00 00 00
1791530183136,RX,CfgRd,xio3130-downstream,06:00.1,0,4,0x4,07 00 10 00
1791530183136,TX,CfgWr,xio3130-downstream,06:00.1,0,4,0x4,04 00 10 00
1791530183137,TX,CfgWr,xio3130-downstream,06:00.1,0,4,0x14,ff ff ff ff
1791530183137,RX,CfgRd,xio3130-downstream,06:00.1,0,4,0x14,00 00 00 00
1791530183137,TX,CfgWr,xio3130-downstream,06:00.1,0,4,0x14,00 00 00 00
1791530183137,TX,CfgWr,xio3130-downstream,06:00.1,0,4,0x4,07 00 10 00
1791530183137,RX,CfgRd,xio3130-downstream,06:00.1,0,4,0x10,00 00 00 00
1791530183137,RX,CfgRd,xio3130-downstream,06:00.1,0,4,0x14,00 00 00 00
1791530183137,RX,CfgRd,xio3130-downstream,06:00.1,0,4,0x18,06 08 08 00
1791530183137,RX,CfgRd,xio3130-downstream,06:00.1,0,4,0x10,00 00 00 00
1791530183137,RX,CfgRd,xio3130-downstream,06:00.1,0,4,0x14,00 00 00 00
1791530183137,RX,CfgRd,xio3130-downstream,06:00.1,0,4,0x18,06 08 08 00
1791530183137,RX,CfgRd,xio3130-downstream,06:00.1,0,4,0x10,00 00 00 00
1791530183137,RX,CfgRd,xio3130-downstream,06:00.1,0,4,0x14,00 00 00 00
1791530183137,RX,CfgRd,xio3130-downstream,06:00.1,0,4,0x18,06 08 08 00
1791530183137,RX,CfgRd,xio3130-downstream,06:00.1,0,4,0x1c,00 00 00 00
1791530183137,RX,CfgRd,xio3130-downstream,06:00.1,0,4,0x4,07 00 10 00
1791530183137,TX,CfgWr,xio3130-downstream,06:00.1,0,4,0x4,04 00 10 00
1791530183137,TX,CfgWr,xio3130-downstream,06:00.1,0,4,0x1c,ff ff ff ff
1791530183137,RX,CfgRd,xio3130-downstream,06:00.1,0,4,0x1c,f0 f0 00 00
1791530183137,TX,CfgWr,xio3130-downstream,06:00.1,0,4,0x1c,00 00 00 00
1791530183137,TX,CfgWr,xio3130-downstream,06:00.1,0,4,0x4,07 00 10 00
1791530183137,RX,CfgRd,xio3130-downstream,06:00.1,0,4,0x10,00 00 00 00
1791530183137,RX,CfgRd,xio3130-downstream,06:00.1,0,4,0x14,00 00 00 00
1791530183137,RX,CfgRd,xio3130-downstream,06:00.1,0,4,0x18,06 08 08 00
1791530183137,RX,CfgRd,xio3130-downstream,06:00.1,0,4,0x1c,00 00 00 00
1791530183137,RX,CfgRd,xio3130-downstream,06:00.1,0,4,0x4,07 00 10 00
1791530183137,TX,CfgWr,xio3130-downstream,06:00.1,0,4,0x4,04 00 10 00
1791530183137,TX,CfgWr,xio3130-downstream,06:00.1,0,4,0x1c,ff ff ff ff
1791530183137,RX,CfgRd,xio3130-downstream,06:00.1,0,4,0x1c,f0 f0 00 00
1791530183137,TX,CfgWr,xio3130-downstream,06:00.1,0,4,0x1c,00 00 00 00
1791530183137,TX,CfgWr,xio3130-downstream,06:00.1,0,4,0x4,07 00 10 00
1791530183137,RX,CfgRd,xio3130-downstream,06:00.1,0,4,0x10,00 00 00 00
1791530183137,RX,CfgRd,xio3130-downstream,06:00.1,0,4,0x14,00 00 00 00
1791530183137,RX,CfgRd,xio3130-downstream,06:00.1,0,4,0x18,06 08 08 00
1791530183137,RX,CfgRd,xio3130-downstream,06:00.1,0,4,0x1c,00 00 00 00
1791530183137,RX,CfgRd,xio3130-downstream,06:00.1,0,4,0x20,20 10 10 10
1791530183137,RX,CfgRd,xio3130-downstream,06:00.1,0,4,0x4,07 00 10 00
1791530183137,TX,CfgWr,xio3130-downstream,06:00.1,0,4,0x4,04 00 10 00
1791530183137,TX,CfgWr,xio3130-downstream,06:00.1,0,4,0x20,ff ff ff ff
1791530183137,RX,CfgRd,xio3130-downstream,06:00.1,0,4,0x20,f0 ff f0 ff
1791530183137,TX,CfgWr,xio3130-downstream,06:00.1,0,4,0x20,20 10 10 10
1791530183137,TX,CfgWr,xio3130-downstream,06:00.1,0,4,0x4,07 00 10 00
1791530183137,RX,CfgRd,xio3130-downstream,06:00.1,0,4,0x20,20 10 10 10
1791530183137,RX,CfgRd,xio3130-downstream,06:00.1,0,4,0x4,07 00 10 00
1791530183137,TX,CfgWr,xio3130-downstream,06:00.1,0,4,0x4,04 00 10 00
1791530183137,TX,CfgWr,xio3130-downstream,06:00.1,0,4,0x20,ff ff ff ff
1791530183137,RX,CfgRd,xio3130-downstream,06:00.1,0,4,0x20,f0 ff f0 ff
1791530183137,TX,CfgWr,xio3130-downstream,06:00.1,0,4,0x20,20 10 10 10
1791530183137,TX,CfgWr,xio3130-downstream,06:00.1,0,4,0x4,07 00 10 00
1791530183137,RX,CfgRd,xio3130-downstream,06:00.1,0,4,0x10,00 00 00 00
1791530183137,RX,CfgRd,xio3130-downstream,06:00.1,0,4,0x14,00 00 00 00
1791530183137,RX,CfgRd,xio3130-downstream,06:00.1,0,4,0x18,06 08 08 00
1791530183137,RX,CfgRd,xio3130-downstream,06:00.1,0,4,0x1c,00 00 00 00
1791530183137,RX,CfgRd,xio3130-downstream,06:00.1,0,4,0x20,20 10 10 10
1791530183137,RX,CfgRd,xio3130-downstream,06:00.1,0,4,0x4,07 00 10 00
1791530183137,TX,CfgWr,xio3130-downstream,06:00.1,0,4,0x4,04 00 10 00
1791530183137,TX,CfgWr,xio3130-downstream,06:00.1,0,4,0x20,ff ff ff ff
1791530183137,RX,CfgRd,xio3130-downstream,06:00.1,0,4,0x20,f0 ff f0 ff
1791530183137,TX,CfgWr,xio3130-downstream,06:00.1,0,4,0x20,20 10 10 10
1791530183137,TX,CfgWr,xio3130-downstream,06:00.1,0,4,0x4,07 00 10 00
1791530183137,RX,CfgRd,xio3130-downstream,06:00.1,0,4,0x20,20 10 10 10
1791530183137,RX,CfgRd,xio3130-downstream,06:00.1,0,4,0x4,07 00 10 00
1791530183137,TX,CfgWr,xio3130-downstream,06:00.1,0,4,0x4,04 00 10 00
1791530183137,TX,CfgWr,xio3130-downstream,06:00.1,0,4,0x20,ff ff ff ff
1791530183137,RX,CfgRd,xio3130-downstream,06:00.1,0,4,0x20,f0 ff f0 ff
1791530183137,TX,CfgWr,xio3130-downstream,06:00.1,0,4,0x20,20 10 10 10
1791530183137,TX,CfgWr,xio3130-downstream,06:00.1,0,4,0x4,07 00 10 00
1791530183137,RX,CfgRd,xio3130-downstream,06:00.1,0,4,0x10,00 00 00 00
1791530183137,RX,CfgRd,xio3130-downstream,06:00.1,0,4,0x14,00 00 00 00
1791530183137,RX,CfgRd,xio3130-downstream,06:00.1,0,4,0x18,06 08 08 00
1791530183137,RX,CfgRd,xio3130-downstream,06:00.1,0,4,0x1c,00 00 00 00
1791530183137,RX,CfgRd,xio3130-downstream,06:00.1,0,4,0x20,20 10 10 10
1791530183137,RX,CfgRd,xio3130-downstream,06:00.1,0,4,0x24,31 00 31 00
1791530183137,RX,CfgRd,xio3130-downstream,06:00.1,0,4,0x4,07 00 10 00
1791530183137,TX,CfgWr,xio3130-downstream,06:00.1,0,4,0x4,04 00 10 00
1791530183137,TX,CfgWr,xio3130-downstream,06:00.1,0,4,0x24,ff ff ff ff
1791530183137,RX,CfgRd,xio3130-downstream,06:00.1,0,4,0x24,f1 ff f1 ff
1791530183137,TX,CfgWr,xio3130-downstream,06:00.1,0,4,0x24,31 00 31 00
1791530183137,TX,CfgWr,xio3130-downstream,06:00.1,0,4,0x4,07 00 10 00
1791530183137,RX,CfgRd,xio3130-downstream,06:00.1,0,4,0x24,31 00 31 00
1791530183137,RX,CfgRd,xio3130-downstream,06:00.1,0,4,0x4,07 00 10 00
1791530183137,TX,CfgWr,xio3130-downstream,06:00.1,0,4,0x4,04 00 10 00
1791530183137,TX,CfgWr,xio3130-downstream,06:00.1,0,4,0x24,ff ff ff ff
1791530183137,RX,CfgRd,xio3130-downstream,06:00.1,0,4,0x24,f1 ff f1 ff
1791530183137,TX,CfgWr,xio3130-downstream,06:00.1,0,4,0x24,31 00 31 00
1791530183137,TX,CfgWr,xio3130-downstream,06:00.1,0,4,0x4,07 00 10 00
1791530183137,RX,CfgRd,xio3130-downstream,06:00.1,0,4,0x10,00 00 00 00
1791530183137,RX,CfgRd,xio3130-downstream,06:00.1,0,4,0x14,00 00 00 00
1791530183137,RX,CfgRd,xio3130-downstream,06:00.1,0,4,0x18,06 08 08 00
1791530183137,RX,CfgRd,xio3130-downstream,06:00.1,0,4,0x1c,00 00 00 00
1791530183137,RX,CfgRd,xio3130-downstream,06:00.1,0,4,0x20,20 10 10 10
1791530183137,RX,CfgRd,xio3130-downstream,06:00.1,0,4,0x24,31 00 31 00
1791530183138,RX,CfgRd,xio3130-downstream,06:00.1,0,4,0x4,07 00 10 00
1791530183138,TX,CfgWr,xio3130-downstream,06:00.1,0,4,0x4,04 00 10 00
1791530183138,TX,CfgWr,xio3130-downstream,06:00.1,0,4,0x24,ff ff ff ff
1791530183138,RX,CfgRd,xio3130-downstream,06:00.1,0,4,0x24,f1 ff f1 ff
1791530183138,TX,CfgWr,xio3130-downstream,06:00.1,0,4,0x24,31 00 31 00
1791530183138,TX,CfgWr,xio3130-downstream,06:00.1,0,4,0x4,07 00 10 00
1791530183138,RX,CfgRd,xio3130-downstream,06:00.1,0,4,0x24,31 00 31 00
1791530183138,RX,CfgRd,xio3130-downstream,06:00.1,0,4,0x4,07 00 10 00
1791530183138,TX,CfgWr,xio3130-downstream,06:00.1,0,4,0x4,04 00 10 00
1791530183138,TX,CfgWr,xio3130-downstream,06:00.1,0,4,0x24,ff ff ff ff
1791530183138,RX,CfgRd,xio3130-downstream,06:00.1,0,4,0x24,f1 ff f1 ff
1791530183138,TX,CfgWr,xio3130-downstream,06:00.1,0,4,0x24,31 00 31 00
1791530183138,TX,CfgWr,xio3130-downstream,06:00.1,0,4,0x4,07 00 10 00
1791530183138,RX,CfgRd,xio3130-downstream,06:00.1,0,4,0x4,07 00 10 00
1791530183138,RX,CfgRd,xio3130-downstream,06:00.1,0,4,0x34,90 00 00 00
1791530183138,RX,CfgRd,xio3130-downstream,06:00.1,0,4,0x90,10 80 62 01
1791530183138,RX,CfgRd,xio3130-downstream,06:00.1,0,4,0x80,0d 70 00 00
1791530183138,RX,CfgRd,xio3130-downstream,06:00.1,0,4,0x70,05 00 80 00
1791530183138,RX,CfgRd,xio3130-downstream,06:00.1,0,4,0x100,01 00 02 00
1791530183138,RX,CfgRd,xio3130-downstream,06:00.1,0,4,0x4,07 00 10 00
1791530183138,TX,CfgWr,xio3130-downstream,06:00.1,0,4,0x4,07 00 10 00
1791530183138,RX,CfgRd,xio3130-downstream,06:00.1,0,4,0x4,07 00 10 00
1791530183138,RX,CfgRd,xio3130-downstream,06:00.1,0,4,0x4,07 00 10 00
1791530183138,TX,CfgWr,xio3130-downstream,06:00.1,0,4,0x4,01 00 10 00
1791530183138,RX,CfgRd,xio3130-downstream,06:00.1,0,4,0x3c,00 00 00 00
1791530183138,RX,CfgRd,nvme,08:00.0,0,4,0x0,36 1b 10 00
1791530183138,RX,CfgRd,nvme,08:00.0,0,4,0xc,00 00 00 00
1791530183138,RX,CfgRd,nvme,08:00.0,0,4,0x10,04 00 30 00
1791530183138,RX,CfgRd,nvme,08:00.0,0,4,0x4,00 00 10 00
1791530183138,TX,CfgWr,nvme,08:00.0,0,4,0x4,00 00 10 00
1791530183138,TX,CfgWr,nvme,08:00.0,0,4,0x10,ff ff ff ff
1791530183138,RX,CfgRd,nvme,08:00.0,0,4,0x10,04 c0 ff ff
1791530183138,TX,CfgWr,nvme,08:00.0,0,4,0x10,04 00 30 00
1791530183138,RX,CfgRd,nvme,08:00.0,0,4,0x14,80 00 00 00
1791530183138,TX,CfgWr,nvme,08:00.0,0,4,0x14,ff ff ff ff
1791530183138,RX,CfgRd,nvme,08:00.0,0,4,0x14,ff ff ff ff
1791530183138,TX,CfgWr,nvme,08:00.0,0,4,0x14,80 00 00 00
1791530183138,TX,CfgWr,nvme,08:00.0,0,4,0x4,00 00 10 00
1791530183138,RX,CfgRd,nvme,08:00.0,0,4,0x10,04 00 30 00
1791530183138,RX,CfgRd,nvme,08:00.0,0,4,0x4,00 00 10 00
1791530183138,TX,CfgWr,nvme,08:00.0,0,4,0x4,00 00 10 00
1791530183138,TX,CfgWr,nvme,08:00.0,0,4,0x10,ff ff ff ff
1791530183138,RX,CfgRd,nvme,08:00.0,0,4,0x10,04 c0 ff ff
1791530183138,TX,CfgWr,nvme,08:00.0,0,4,0x10,04 00 30 00
1791530183138,RX,CfgRd,nvme,08:00.0,0,4,0x14,80 00 00 00
1791530183138,TX,CfgWr,nvme,08:00.0,0,4,0x14,ff ff ff ff
1791530183138,RX,CfgRd,nvme,08:00.0,0,4,0x14,ff ff ff ff
1791530183138,TX,CfgWr,nvme,08:00.0,0,4,0x14,80 00 00 00
1791530183138,TX,CfgWr,nvme,08:00.0,0,4,0x4,00 00 10 00
1791530183138,RX,CfgRd,nvme,08:00.0,0,4,0x10,04 00 30 00
1791530183138,RX,CfgRd,nvme,08:00.0,0,4,0x4,00 00 10 00
1791530183138,TX,CfgWr,nvme,08:00.0,0,4,0x4,00 00 10 00
1791530183138,TX,CfgWr,nvme,08:00.0,0,4,0x10,ff ff ff ff
1791530183138,RX,CfgRd,nvme,08:00.0,0,4,0x10,04 c0 ff ff
1791530183138,TX,CfgWr,nvme,08:00.0,0,4,0x10,04 00 30 00
1791530183138,RX,CfgRd,nvme,08:00.0,0,4,0x14,80 00 00 00
1791530183138,TX,CfgWr,nvme,08:00.0,0,4,0x14,ff ff ff ff
1791530183138,RX,CfgRd,nvme,08:00.0,0,4,0x14,ff ff ff ff
1791530183138,TX,CfgWr,nvme,08:00.0,0,4,0x14,80 00 00 00
1791530183138,TX,CfgWr,nvme,08:00.0,0,4,0x4,00 00 10 00
1791530183138,RX,CfgRd,nvme,08:00.0,0,4,0x10,04 00 30 00
1791530183138,RX,CfgRd,nvme,08:00.0,0,4,0x4,00 00 10 00
1791530183138,TX,CfgWr,nvme,08:00.0,0,4,0x4,00 00 10 00
1791530183138,TX,CfgWr,nvme,08:00.0,0,4,0x10,ff ff ff ff
1791530183138,RX,CfgRd,nvme,08:00.0,0,4,0x10,04 c0 ff ff
1791530183138,TX,CfgWr,nvme,08:00.0,0,4,0x10,04 00 30 00
1791530183138,RX,CfgRd,nvme,08:00.0,0,4,0x14,80 00 00 00
1791530183138,TX,CfgWr,nvme,08:00.0,0,4,0x14,ff ff ff ff
1791530183138,RX,CfgRd,nvme,08:00.0,0,4,0x14,ff ff ff ff
1791530183138,TX,CfgWr,nvme,08:00.0,0,4,0x14,80 00 00 00
1791530183138,TX,CfgWr,nvme,08:00.0,0,4,0x4,00 00 10 00
1791530183138,RX,CfgRd,nvme,08:00.0,0,4,0x10,04 00 30 00
1791530183138,RX,CfgRd,nvme,08:00.0,0,4,0x18,00 00 00 00
1791530183138,RX,CfgRd,nvme,08:00.0,0,4,0x4,00 00 10 00
1791530183138,TX,CfgWr,nvme,08:00.0,0,4,0x4,00 00 10 00
1791530183138,TX,CfgWr,nvme,08:00.0,0,4,0x18,ff ff ff ff
1791530183138,RX,CfgRd,nvme,08:00.0,0,4,0x18,00 00 00 00
1791530183138,TX,CfgWr,nvme,08:00.0,0,4,0x18,00 00 00 00
1791530183138,TX,CfgWr,nvme,08:00.0,0,4,0x4,00 00 10 00
1791530183138,RX,CfgRd,nvme,08:00.0,0,4,0x10,04 00 30 00
1791530183138,RX,CfgRd,nvme,08:00.0,0,4,0x18,00 00 00 00
1791530183138,RX,CfgRd,nvme,08:00.0,0,4,0x4,00 00 10 00
1791530183138,TX,CfgWr,nvme,08:00.0,0,4,0x4,00 00 10 00
1791530183138,TX,CfgWr,nvme,08:00.0,0,4,0x18,ff ff ff ff
1791530183138,RX,CfgRd,nvme,08:00.0,0,4,0x18,00 00 00 00
1791530183138,TX,CfgWr,nvme,08:00.0,0,4,0x18,00 00 00 00
1791530183138,TX,CfgWr,nvme,08:00.0,0,4,0x4,00 00 10 00
1791530183138,RX,CfgRd,nvme,08:00.0,0,4,0x10,04 00 30 00
1791530183138,RX,CfgRd,nvme,08:00.0,0,4,0x18,00 00 00 00
1791530183138,RX,CfgRd,nvme,08:00.0,0,4,0x1c,00 00 00 00
1791530183138,RX,CfgRd,nvme,08:00.0,0,4,0x4,00 00 10 00
1791530183138,TX,CfgWr,nvme,08:00.0,0,4,0x4,00 00 10 00
1791530183138,TX,CfgWr,nvme,08:00.0,0,4,0x1c,ff ff ff ff
1791530183138,RX,CfgRd,nvme,08:00.0,0,4,0x1c,00 00 00 00
1791530183138,TX,CfgWr,nvme,08:00.0,0,4,0x1c,00 00 00 00
1791530183139,TX,CfgWr,nvme,08:00.0,0,4,0x4,00 00 10 00
1791530183139,RX,CfgRd,nvme,08:00.0,0,4,0x10,04 00 30 00
1791530183139,RX,CfgRd,nvme,08:00.0,0,4,0x18,00 00 00 00
1791530183139,RX,CfgRd,nvme,08:00.0,0,4,0x1c,00 00 00 00
1791530183139,RX,CfgRd,nvme,08:00.0,0,4,0x4,00 00 10 00
1791530183139,TX,CfgWr,nvme,08:00.0,0,4,0x4,00 00 10 00
1791530183139,TX,CfgWr,nvme,08:00.0,0,4,0x1c,ff ff ff ff
1791530183139,RX,CfgRd,nvme,08:00.0,0,4,0x1c,00 00 00 00
1791530183139,TX,CfgWr,nvme,08:00.0,0,4,0x1c,00 00 00 00
1791530183139,TX,CfgWr,nvme,08:00.0,0,4,0x4,00 00 10 00
1791530183139,RX,CfgRd,nvme,08:00.0,0,4,0x10,04 00 30 00
1791530183139,RX,CfgRd,nvme,08:00.0,0,4,0x18,00 00 00 00
1791530183139,RX,CfgRd,nvme,08:00.0,0,4,0x1c,00 00 00 00
1791530183139,RX,CfgRd,nvme,08:00.0,0,4,0x20,00 00 00 00
1791530183139,RX,CfgRd,nvme,08:00.0,0,4,0x4,00 00 10 00
1791530183139,TX,CfgWr,nvme,08:00.0,0,4,0x4,00 00 10 00
1791530183139,TX,CfgWr,nvme,08:00.0,0,4,0x20,ff ff ff ff
1791530183139,RX,CfgRd,nvme,08:00.0,0,4,0x20,00 00 00 00
1791530183139,TX,CfgWr,nvme,08:00.0,0,4,0x20,00 00 00 00
1791530183139,TX,CfgWr,nvme,08:00.0,0,4,0x4,00 00 10 00
1791530183139,RX,CfgRd,nvme,08:00.0,0,4,0x10,04 00 30 00
1791530183139,RX,CfgRd,nvme,08:00.0,0,4,0x18,00 00 00 00
1791530183139,RX,CfgRd,nvme,08:00.0,0,4,0x1c,00 00 00 00
1791530183139,RX,CfgRd,nvme,08:00.0,0,4,0x20,00 00 00 00
1791530183139,RX,CfgRd,nvme,08:00.0,0,4,0x4,00 00 10 00
1791530183139,TX,CfgWr,nvme,08:00.0,0,4,0x4,00 00 10 00
1791530183139,TX,CfgWr,nvme,08:00.0,0,4,0x20,ff ff ff ff
1791530183139,RX,CfgRd,nvme,08:00.0,0,4,0x20,00 00 00 00
1791530183139,TX,CfgWr,nvme,08:00.0,0,4,0x20,00 00 00 00
1791530183139,TX,CfgWr,nvme,08:00.0,0,4,0x4,00 00 10 00
1791530183139,RX,CfgRd,nvme,08:00.0,0,4,0x10,04 00 30 00
1791530183139,RX,CfgRd,nvme,08:00.0,0,4,0x18,00 00 00 00
1791530183139,RX,CfgRd,nvme,08:00.0,0,4,0x1c,00 00 00 00
1791530183139,RX,CfgRd,nvme,08:00.0,0,4,0x20,00 00 00 00
1791530183139,RX,CfgRd,nvme,08:00.0,0,4,0x24,00 00 00 00
1791530183139,RX,CfgRd,nvme,08:00.0,0,4,0x4,00 00 10 00
1791530183139,TX,CfgWr,nvme,08:00.0,0,4,0x4,00 00 10 00
1791530183139,TX,CfgWr,nvme,08:00.0,0,4,0x24,ff ff ff ff
1791530183139,RX,CfgRd,nvme,08:00.0,0,4,0x24,00 00 00 00
1791530183139,TX,CfgWr,nvme,08:00.0,0,4,0x24,00 00 00 00
1791530183139,TX,CfgWr,nvme,08:00.0,0,4,0x4,00 00 10 00
1791530183139,RX,CfgRd,nvme,08:00.0,0,4,0x10,04 00 30 00
1791530183139,RX,CfgRd,nvme,08:00.0,0,4,0x18,00 00 00 00
1791530183139,RX,CfgRd,nvme,08:00.0,0,4,0x1c,00 00 00 00
1791530183139,RX,CfgRd,nvme,08:00.0,0,4,0x20,00 00 00 00
1791530183139,RX,CfgRd,nvme,08:00.0,0,4,0x24,00 00 00 00
1791530183139,RX,CfgRd,nvme,08:00.0,0,4,0x4,00 00 10 00
1791530183139,TX,CfgWr,nvme,08:00.0,0,4,0x4,00 00 10 00
1791530183139,TX,CfgWr,nvme,08:00.0,0,4,0x24,ff ff ff ff
1791530183139,RX,CfgRd,nvme,08:00.0,0,4,0x24,00 00 00 00
1791530183139,TX,CfgWr,nvme,08:00.0,0,4,0x24,00 00 00 00
1791530183139,TX,CfgWr,nvme,08:00.0,0,4,0x4,00 00 10 00
1791530183139,RX,CfgRd,nvme,08:00.0,0,4,0x10,04 00 30 00
1791530183139,RX,CfgRd,nvme,08:00.0,0,4,0x18,00 00 00 00
1791530183139,RX,CfgRd,nvme,08:00.0,0,4,0x1c,00 00 00 00
1791530183139,RX,CfgRd,nvme,08:00.0,0,4,0x20,00 00 00 00
1791530183139,RX,CfgRd,nvme,08:00.0,0,4,0x24,00 00 00 00
1791530183139,RX,CfgRd,nvme,08:00.0,0,4,0x10,04 00 30 00
1791530183139,RX,CfgRd,nvme,08:00.0,0,4,0x18,00 00 00 00
1791530183139,RX,CfgRd,nvme,08:00.0,0,4,0x1c,00 00 00 00
1791530183139,RX,CfgRd,nvme,08:00.0,0,4,0x20,00 00 00 00
1791530183139,RX,CfgRd,nvme,08:00.0,0,4,0x24,00 00 00 00
1791530183139,RX,CfgRd,nvme,08:00.0,0,4,0x4,00 00 10 00
1791530183139,RX,CfgRd,nvme,08:00.0,0,4,0x34,40 00 00 00
1791530183139,RX,CfgRd,nvme,08:00.0,0,4,0x40,11 80 40 00
1791530183139,RX,CfgRd,nvme,08:00.0,0,4,0x80,10 60 02 00
1791530183139,RX,CfgRd,nvme,08:00.0,0,4,0x60,01 00 03 00
1791530183139,RX,CfgRd,nvme,08:00.0,0,4,0x100,00 00 00 00
1791530183139,RX,CfgRd,nvme,08:00.0,0,4,0x4,00 00 10 00
1791530183139,TX,CfgWr,nvme,08:00.0,0,4,0x4,06 00 10 00
1791530183139,RX,CfgRd,nvme,08:00.0,0,4,0x4,06 00 10 00
1791530183139,RX,CfgRd,nvme,08:00.0,0,4,0x4,06 00 10 00
1791530183139,TX,CfgWr,nvme,08:00.0,0,4,0x4,00 00 10 00
1791530183139,RX,CfgRd,nvme,08:00.0,0,4,0x3c,00 01 00 00
1791530183143,RX,CfgRd,pcie-root-port,00:01.2,0,4,0x0,36 1b 0c 00
1791530183143,RX,CfgRd,pcie-root-port,00:01.2,0,4,0xc,00 00 01 00
1791530183144,RX,CfgRd,pcie-root-port,00:01.2,0,4,0x18,00 09 0c 00
1791530183144,RX,CfgRd,pcie-root-port,00:01.2,0,4,0x10,00 00 20 10
1791530183144,RX,CfgRd,pcie-root-port,00:01.2,0,4,0x4,07 00 10 00
1791530183144,TX,CfgWr,pcie-root-port,00:01.2,0,4,0x4,04 00 10 00
1791530183144,TX,CfgWr,pcie-root-port,00:01.2,0,4,0x10,ff ff ff ff
1791530183144,RX,CfgRd,pcie-root-port,00:01.2,0,4,0x10,00 f0 ff ff
1791530183144,TX,CfgWr,pcie-root-port,00:01.2,0,4,0x10,00 00 20 10
1791530183144,TX,CfgWr,pcie-root-port,00:01.2,0,4,0x4,07 00 10 00
1791530183144,RX,CfgRd,pcie-root-port,00:01.2,0,4,0x10,00 00 20 10
1791530183144,RX,CfgRd,pcie-root-port,00:01.2,0,4,0x4,07 00 10 00
1791530183144,TX,CfgWr,pcie-root-port,00:01.2,0,4,0x4,04 00 10 00
1791530183144,TX,CfgWr,pcie-root-port,00:01.2,0,4,0x10,ff ff ff ff
1791530183144,RX,CfgRd,pcie-root-port,00:01.2,0,4,0x10,00 f0 ff ff
1791530183144,TX,CfgWr,pcie-root-port,00:01.2,0,4,0x10,00 00 20 10
1791530183144,TX,CfgWr,pcie-root-port,00:01.2,0,4,0x4,07 00 10 00
1791530183144,RX,CfgRd,pcie-root-port,00:01.2,0,4,0x10,00 00 20 10
1791530183144,RX,CfgRd,pcie-root-port,00:01.2,0,4,0x4,07 00 10 00
1791530183144,TX,CfgWr,pcie-root-port,00:01.2,0,4,0x4,04 00 10 00
1791530183144,TX,CfgWr,pcie-root-port,00:01.2,0,4,0x10,ff ff ff ff
1791530183144,RX,CfgRd,pcie-root-port,00:01.2,0,4,0x10,00 f0 ff ff
1791530183144,TX,CfgWr,pcie-root-port,00:01.2,0,4,0x10,00 00 20 10
1791530183144,TX,CfgWr,pcie-root-port,00:01.2,0,4,0x4,07 00 10 00
1791530183144,RX,CfgRd,pcie-root-port,00:01.2,0,4,0x10,00 00 20 10
1791530183144,RX,CfgRd,pcie-root-port,00:01.2,0,4,0x4,07 00 10 00
1791530183144,TX,CfgWr,pcie-root-port,00:01.2,0,4,0x4,04 00 10 00
1791530183144,TX,CfgWr,pcie-root-port,00:01.2,0,4,0x10,ff ff ff ff
1791530183144,RX,CfgRd,pcie-root-port,00:01.2,0,4,0x10,00 f0 ff ff
1791530183144,TX,CfgWr,pcie-root-port,00:01.2,0,4,0x10,00 00 20 10
1791530183144,TX,CfgWr,pcie-root-port,00:01.2,0,4,0x4,07 00 10 00
1791530183144,RX,CfgRd,pcie-root-port,00:01.2,0,4,0x10,00 00 20 10
1791530183144,RX,CfgRd,pcie-root-port,00:01.2,0,4,0x14,00 00 00 00
1791530183144,RX,CfgRd,pcie-root-port,00:01.2,0,4,0x4,07 00 10 00
1791530183144,TX,CfgWr,pcie-root-port,00:01.2,0,4,0x4,04 00 10 00
1791530183144,TX,CfgWr,pcie-root-port,00:01.2,0,4,0x14,ff ff ff ff
1791530183144,RX,CfgRd,pcie-root-port,00:01.2,0,4,0x14,00 00 00 00
1791530183144,TX,CfgWr,pcie-root-port,00:01.2,0,4,0x14,00 00 00 00
1791530183144,TX,CfgWr,pcie-root-port,00:01.2,0,4,0x4,07 00 10 00
1791530183144,RX,CfgRd,pcie-root-port,00:01.2,0,4,0x10,00 00 20 10
1791530183144,RX,CfgRd,pcie-root-port,00:01.2,0,4,0x14,00 00 00 00
1791530183144,RX,CfgRd,pcie-root-port,00:01.2,0,4,0x4,07 00 10 00
1791530183144,TX,CfgWr,pcie-root-port,00:01.2,0,4,0x4,04 00 10 00
1791530183144,TX,CfgWr,pcie-root-port,00:01.2,0,4,0x14,ff ff ff ff
1791530183144,RX,CfgRd,pcie-root-port,00:01.2,0,4,0x14,00 00 00 00
1791530183144,TX,CfgWr,pcie-root-port,00:01.2,0,4,0x14,00 00 00 00
1791530183144,TX,CfgWr,pcie-root-port,00:01.2,0,4,0x4,07 00 10 00
1791530183144,RX,CfgRd,pcie-root-port,00:01.2,0,4,0x10,00 00 20 10
1791530183145,RX,CfgRd,pcie-root-port,00:01.2,0,4,0x14,00 00 00 00
1791530183145,RX,CfgRd,pcie-root-port,00:01.2,0,4,0x18,00 09 0c 00
1791530183145,RX,CfgRd,pcie-root-port,00:01.2,0,4,0x4,07 00 10 00
1791530183145,TX,CfgWr,pcie-root-port,00:01.2,0,4,0x4,04 00 10 00
1791530183145,TX,CfgWr,pcie-root-port,00:01.2,0,4,0x18,ff ff ff ff
1791530183145,RX,CfgRd,pcie-root-port,00:01.2,0,4,0x18,ff ff ff 00
1791530183145,TX,CfgWr,pcie-root-port,00:01.2,0,4,0x18,00 09 0c 00
1791530183145,TX,CfgWr,pcie-root-port,00:01.2,0,4,0x4,07 00 10 00
1791530183145,RX,CfgRd,pcie-root-port,00:01.2,0,4,0x18,00 09 0c 00
1791530183145,RX,CfgRd,pcie-root-port,00:01.2,0,4,0x4,07 00 10 00
1791530183145,TX,CfgWr,pcie-root-port,00:01.2,0,4,0x4,04 00 10 00
1791530183145,TX,CfgWr,pcie-root-port,00:01.2,0,4,0x18,ff ff ff ff
1791530183145,RX,CfgRd,pcie-root-port,00:01.2,0,4,0x18,ff ff ff 00
1791530183146,TX,CfgWr,pcie-root-port,00:01.2,0,4,0x18,00 09 0c 00
1791530183146,TX,CfgWr,pcie-root-port,00:01.2,0,4,0x4,07 00 10 00
1791530183147,RX,CfgRd,pcie-root-port,00:01.2,0,4,0x10,00 00 20 10
1791530183147,RX,CfgRd,pcie-root-port,00:01.2,0,4,0x14,00 00 00 00
1791530183147,RX,CfgRd,pcie-root-port,00:01.2,0,4,0x18,00 09 0c 00
1791530183147,RX,CfgRd,pcie-root-port,00:01.2,0,4,0x4,07 00 10 00
1791530183147,TX,CfgWr,pcie-root-port,00:01.2,0,4,0x4,04 00 10 00
1791530183147,TX,CfgWr,pcie-root-port,00:01.2,0,4,0x18,ff ff ff ff
1791530183147,RX,CfgRd,pcie-root-port,00:01.2,0,4,0x18,ff ff ff 00
1791530183147,TX,CfgWr,pcie-root-port,00:01.2,0,4,0x18,00 09 0c 00
1791530183147,TX,CfgWr,pcie-root-port,00:01.2,0,4,0x4,07 00 10 00
1791530183147,RX,CfgRd,pcie-root-port,00:01.2,0,4,0x18,00 09 0c 00
1791530183147,RX,CfgRd,pcie-root-port,00:01.2,0,4,0x4,07 00 10 00
1791530183147,TX,CfgWr,pcie-root-port,00:01.2,0,4,0x4,04 00 10 00
1791530183147,TX,CfgWr,pcie-root-port,00:01.2,0,4,0x18,ff ff ff ff
1791530183147,RX,CfgRd,pcie-root-port,00:01.2,0,4,0x18,ff ff ff 00
1791530183147,TX,CfgWr,pcie-root-port,00:01.2,0,4,0x18,00 09 0c 00
1791530183147,TX,CfgWr,pcie-root-port,00:01.2,0,4,0x4,07 00 10 00
1791530183147,RX,CfgRd,pcie-root-port,00:01.2,0,4,0x10,00 00 20 10
1791530183147,RX,CfgRd,pcie-root-port,00:01.2,0,4,0x14,00 00 00 00
1791530183147,RX,CfgRd,pcie-root-port,00:01.2,0,4,0x18,00 09 0c 00
1791530183147,RX,CfgRd,pcie-root-port,00:01.2,0,4,0x1c,f0 00 00 00
1791530183147,RX,CfgRd,pcie-root-port,00:01.2,0,4,0x4,07 00 10 00
1791530183147,TX,CfgWr,pcie-root-port,00:01.2,0,4,0x4,04 00 10 00
1791530183147,TX,CfgWr,pcie-root-port,00:01.2,0,4,0x1c,ff ff ff ff
1791530183147,RX,CfgRd,pcie-root-port,00:01.2,0,4,0x1c,f0 f0 00 00
1791530183147,TX,CfgWr,pcie-root-port,00:01.2,0,4,0x1c,f0 00 00 00
1791530183147,TX,CfgWr,pcie-root-port,00:01.2,0,4,0x4,07 00 10 00
1791530183147,RX,CfgRd,pcie-root-port,00:01.2,0,4,0x1c,f0 00 00 00
1791530183147,RX,CfgRd,pcie-root-port,00:01.2,0,4,0x4,07 00 10 00
1791530183147,TX,CfgWr,pcie-root-port,00:01.2,0,4,0x4,04 00 10 00
1791530183147,TX,CfgWr,pcie-root-port,00:01.2,0,4,0x1c,ff ff ff ff
1791530183147,RX,CfgRd,pcie-root-port,00:01.2,0,4,0x1c,f0 f0 00 00
1791530183147,TX,CfgWr,pcie-root-port,00:01.2,0,4,0x1c,f0 00 00 00
1791530183147,TX,CfgWr,pcie-root-port,00:01.2,0,4,0x4,07 00 10 00
1791530183147,RX,CfgRd,pcie-root-port,00:01.2,0,4,0x10,00 00 20 10
1791530183147,RX,CfgRd,pcie-root-port,00:01.2,0,4,0x14,00 00 00 00
1791530183147,RX,CfgRd,pcie-root-port,00:01.2,0,4,0x18,00 09 0c 00
1791530183147,RX,CfgRd,pcie-root-port,00:01.2,0,4,0x1c,f0 00 00 00
1791530183147,RX,CfgRd,pcie-root-port,00:01.2,0,4,0x4,07 00 10 00
1791530183147,TX,CfgWr,pcie-root-port,00:01.2,0,4,0x4,04 00 10 00
1791530183147,TX,CfgWr,pcie-root-port,00:01.2,0,4,0x1c,ff ff ff ff
1791530183147,RX,CfgRd,pcie-root-port,00:01.2,0,4,0x1c,f0 f0 00 00
1791530183147,TX,CfgWr,pcie-root-port,00:01.2,0,4,0x1c,f0 00 00 00
1791530183147,TX,CfgWr,pcie-root-port,00:01.2,0,4,0x4,07 00 10 00
1791530183147,RX,CfgRd,pcie-root-port,00:01.2,0,4,0x1c,f0 00 00 00
1791530183147,RX,CfgRd,pcie-root-port,00:01.2,0,4,0x4,07 00 10 00
1791530183147,TX,CfgWr,pcie-root-port,00:01.2,0,4,0x4,04 00 10 00
1791530183147,TX,CfgWr,pcie-root-port,00:01.2,0,4,0x1c,ff ff ff ff
1791530183147,RX,CfgRd,pcie-root-port,00:01.2,0,4,0x1c,f0 f0 00 00
1791530183147,TX,CfgWr,pcie-root-port,00:01.2,0,4,0x1c,f0 00 00 00
1791530183147,TX,CfgWr,pcie-root-port,00:01.2,0,4,0x4,07 00 10 00
1791530183147,RX,CfgRd,pcie-root-port,00:01.2,0,4,0x10,00 00 20 10
1791530183147,RX,CfgRd,pcie-root-port,00:01.2,0,4,0x14,00 00 00 00
1791530183147,RX,CfgRd,pcie-root-port,00:01.2,0,4,0x18,00 09 0c 00
1791530183147,RX,CfgRd,pcie-root-port,00:01.2,0,4,0x1c,f0 00 00 00
1791530183147,RX,CfgRd,pcie-root-port,00:01.2,0,4,0x20,30 10 20 10
1791530183147,RX,CfgRd,pcie-root-port,00:01.2,0,4,0x4,07 00 10 00
1791530183147,TX,CfgWr,pcie-root-port,00:01.2,0,4,0x4,04 00 10 00
1791530183147,TX,CfgWr,pcie-root-port,00:01.2,0,4,0x20,ff ff ff ff
1791530183147,RX,CfgRd,pcie-root-port,00:01.2,0,4,0x20,f0 ff f0 ff
1791530183147,TX,CfgWr,pcie-root-port,00:01.2,0,4,0x20,30 10 20 10
1791530183147,TX,CfgWr,pcie-root-port,00:01.2,0,4,0x4,07 00 10 00
1791530183147,RX,CfgRd,pcie-root-port,00:01.2,0,4,0x20,30 10 20 10
1791530183147,RX,CfgRd,pcie-root-port,00:01.2,0,4,0x4,07 00 10 00
1791530183147,TX,CfgWr,pcie-root-port,00:01.2,0,4,0x4,04 00 10 00
1791530183147,TX,CfgWr,pcie-root-port,00:01.2,0,4,0x20,ff ff ff ff
1791530183147,RX,CfgRd,pcie-root-port,00:01.2,0,4,0x20,f0 ff f0 ff
1791530183147,TX,CfgWr,pcie-root-port,00:01.2,0,4,0x20,30 10 20 10
1791530183148,TX,CfgWr,pcie-root-port,00:01.2,0,4,0x4,07 00 10 00
1791530183148,RX,CfgRd,pcie-root-port,00:01.2,0,4,0x10,00 00 20 10
1791530183148,RX,CfgRd,pcie-root-port,00:01.2,0,4,0x14,00 00 00 00
1791530183148,RX,CfgRd,pcie-root-port,00:01.2,0,4,0x18,00 09 0c 00
1791530183148,RX,CfgRd,pcie-root-port,00:01.2,0,4,0x1c,f0 00 00 00
1791530183148,RX,CfgRd,pcie-root-port,00:01.2,0,4,0x20,30 10 20 10
1791530183148,RX,CfgRd,pcie-root-port,00:01.2,0,4,0x4,07 00 10 00
1791530183148,TX,CfgWr,pcie-root-port,00:01.2,0,4,0x4,04 00 10 00
1791530183148,TX,CfgWr,pcie-root-port,00:01.2,0,4,0x20,ff ff ff ff
1791530183148,RX,CfgRd,pcie-root-port,00:01.2,0,4,0x20,f0 ff f0 ff
1791530183148,TX,CfgWr,pcie-root-port,00:01.2,0,4,0x20,30 10 20 10
1791530183148,TX,CfgWr,pcie-root-port,00:01.2,0,4,0x4,07 00 10 00
1791530183148,RX,CfgRd,pcie-root-port,00:01.2,0,4,0x20,30 10 20 10
1791530183148,RX,CfgRd,pcie-root-port,00:01.2,0,4,0x4,07 00 10 00
1791530183148,TX,CfgWr,pcie-root-port,00:01.2,0,4,0x4,04 00 10 00
1791530183148,TX,CfgWr,pcie-root-port,00:01.2,0,4,0x20,ff ff ff ff
1791530183148,RX,CfgRd,pcie-root-port,00:01.2,0,4,0x20,f0 ff f0 ff
1791530183148,TX,CfgWr,pcie-root-port,00:01.2,0,4,0x20,30 10 20 10
1791530183148,TX,CfgWr,pcie-root-port,00:01.2,0,4,0x4,07 00 10 00
1791530183148,RX,CfgRd,pcie-root-port,00:01.2,0,4,0x10,00 00 20 10
1791530183148,RX,CfgRd,pcie-root-port,00:01.2,0,4,0x14,00 00 00 00
1791530183148,RX,CfgRd,pcie-root-port,00:01.2,0,4,0x18,00 09 0c 00
1791530183148,RX,CfgRd,pcie-root-port,00:01.2,0,4,0x1c,f0 00 00 00
1791530183148,RX,CfgRd,pcie-root-port,00:01.2,0,4,0x20,30 10 20 10
1791530183148,RX,CfgRd,pcie-root-port,00:01.2,0,4,0x24,41 00 51 00
1791530183148,RX,CfgRd,pcie-root-port,00:01.2,0,4,0x4,07 00 10 00
1791530183148,TX,CfgWr,pcie-root-port,00:01.2,0,4,0x4,04 00 10 00
1791530183148,TX,CfgWr,pcie-root-port,00:01.2,0,4,0x24,ff ff ff ff
1791530183148,RX,CfgRd,pcie-root-port,00:01.2,0,4,0x24,f1 ff f1 ff
1791530183148,TX,CfgWr,pcie-root-port,00:01.2,0,4,0x24,41 00 51 00
1791530183148,TX,CfgWr,pcie-root-port,00:01.2,0,4,0x4,07 00 10 00
1791530183148,RX,CfgRd,pcie-root-port,00:01.2,0,4,0x24,41 00 51 00
1791530183148,RX,CfgRd,pcie-root-port,00:01.2,0,4,0x4,07 00 10 00
1791530183148,TX,CfgWr,pcie-root-port,00:01.2,0,4,0x4,04 00 10 00
1791530183148,TX,CfgWr,pcie-root-port,00:01.2,0,4,0x24,ff ff ff ff
1791530183148,RX,CfgRd,pcie-root-port,00:01.2,0,4,0x24,f1 ff f1 ff
1791530183148,TX,CfgWr,pcie-root-port,00:01.2,0,4,0x24,41 00 51 00
1791530183148,TX,CfgWr,pcie-root-port,00:01.2,0,4,0x4,07 00 10 00
1791530183148,RX,CfgRd,pcie-root-port,00:01.2,0,4,0x10,00 00 20 10
1791530183148,RX,CfgRd,pcie-root-port,00:01.2,0,4,0x14,00 00 00 00
1791530183148,RX,CfgRd,pcie-root-port,00:01.2,0,4,0x18,00 09 0c 00
1791530183148,RX,CfgRd,pcie-root-port,00:01.2,0,4,0x1c,f0 00 00 00
1791530183148,RX,CfgRd,pcie-root-port,00:01.2,0,4,0x20,30 10 20 10
1791530183148,RX,CfgRd,pcie-root-port,00:01.2,0,4,0x24,41 00 51 00
1791530183148,RX,CfgRd,pcie-root-port,00:01.2,0,4,0x4,07 00 10 00
1791530183148,TX,CfgWr,pcie-root-port,00:01.2,0,4,0x4,04 00 10 00
1791530183148,TX,CfgWr,pcie-root-port,00:01.2,0,4,0x24,ff ff ff ff
1791530183148,RX,CfgRd,pcie-root-port,00:01.2,0,4,0x24,f1 ff f1 ff
1791530183148,TX,CfgWr,pcie-root-port,00:01.2,0,4,0x24,41 00 51 00
1791530183148,TX,CfgWr,pcie-root-port,00:01.2,0,4,0x4,07 00 10 00
1791530183148,RX,CfgRd,pcie-root-port,00:01.2,0,4,0x24,41 00 51 00
1791530183148,RX,CfgRd,pcie-root-port,00:01.2,0,4,0x4,07 00 10 00
1791530183148,TX,CfgWr,pcie-root-port,00:01.2,0,4,0x4,04 00 10 00
1791530183148,TX,CfgWr,pcie-root-port,00:01.2,0,4,0x24,ff ff ff ff
1791530183148,RX,CfgRd,pcie-root-port,00:01.2,0,4,0x24,f1 ff f1 ff
1791530183148,TX,CfgWr,pcie-root-port,00:01.2,0,4,0x24,41 00 51 00
1791530183148,TX,CfgWr,pcie-root-port,00:01.2,0,4,0x4,07 00 10 00
1791530183148,RX,CfgRd,pcie-root-port,00:01.2,0,4,0x4,07 00 10 00
1791530183148,RX,CfgRd,pcie-root-port,00:01.2,0,4,0x34,54 00 00 00
1791530183148,RX,CfgRd,pcie-root-port,00:01.2,0,4,0x54,10 48 42 01
1791530183148,RX,CfgRd,pcie-root-port,00:01.2,0,4,0x48,11 40 00 00
1791530183148,RX,CfgRd,pcie-root-port,00:01.2,0,4,0x40,0d 00 00 00
1791530183148,RX,CfgRd,pcie-root-port,00:01.2,0,4,0x100,01 00 82 14
1791530183148,RX,CfgRd,pcie-root-port,00:01.2,0,4,0x4,07 00 10 00
1791530183148,TX,CfgWr,pcie-root-port,00:01.2,0,4,0x4,07 00 10 00
1791530183148,RX,CfgRd,pcie-root-port,00:01.2,0,4,0x4,07 00 10 00
1791530183148,RX,CfgRd,pcie-root-port,00:01.2,0,4,0x4,07 00 10 00
1791530183148,TX,CfgWr,pcie-root-port,00:01.2,0,4,0x4,01 00 10 00
1791530183148,RX,CfgRd,pcie-root-port,00:01.2,0,4,0x3c,00 01 00 00
1791530183148,RX,CfgRd,x3130-upstream,09:00.0,0,4,0x0,4c 10 32 82
1791530183148,RX,CfgRd,x3130-upstream,09:00.0,0,4,0xc,00 00 01 00
1791530183148,RX,CfgRd,x3130-upstream,09:00.0,0,4,0x18,09 0a 0c 00
1791530183148,RX,CfgRd,x3130-upstream,09:00.0,0,4,0x10,00 00 00 00
1791530183148,RX,CfgRd,x3130-upstream,09:00.0,0,4,0x4,07 00 10 00
1791530183148,TX,CfgWr,x3130-upstream,09:00.0,0,4,0x4,04 00 10 00
1791530183148,TX,CfgWr,x3130-upstream,09:00.0,0,4,0x10,ff ff ff ff
1791530183148,RX,CfgRd,x3130-upstream,09:00.0,0,4,0x10,00 00 00 00
1791530183148,TX,CfgWr,x3130-upstream,09:00.0,0,4,0x10,00 00 00 00
1791530183148,TX,CfgWr,x3130-upstream,09:00.0,0,4,0x4,07 00 10 00
1791530183148,RX,CfgRd,x3130-upstream,09:00.0,0,4,0x10,00 00 00 00
1791530183148,RX,CfgRd,x3130-upstream,09:00.0,0,4,0x4,07 00 10 00
1791530183148,TX,CfgWr,x3130-upstream,09:00.0,0,4,0x4,04 00 10 00
1791530183148,TX,CfgWr,x3130-upstream,09:00.0,0,4,0x10,ff ff ff ff
1791530183148,RX,CfgRd,x3130-upstream,09:00.0,0,4,0x10,00 00 00 00
1791530183148,TX,CfgWr,x3130-upstream,09:00.0,0,4,0x10,00 00 00 00
1791530183148,TX,CfgWr,x3130-upstream,09:00.0,0,4,0x4,07 00 10 00
1791530183148,RX,CfgRd,x3130-upstream,09:00.0,0,4,0x10,00 00 00 00
1791530183148,RX,CfgRd,x3130-upstream,09:00.0,0,4,0x14,00 00 00 00
1791530183148,RX,CfgRd,x3130-upstream,09:00.0,0,4,0x4,07 00 10 00
1791530183148,TX,CfgWr,x3130-upstream,09:00.0,0,4,0x4,04 00 10 00
1791530183148,TX,CfgWr,x3130-upstream,09:00.0,0,4,0x14,ff ff ff ff
1791530183148,RX,CfgRd,x3130-upstream,09:00.0,0,4,0x14,00 00 00 00
1791530183148,TX,CfgWr,x3130-upstream,09:00.0,0,4,0x14,00 00 00 00
1791530183148,TX,CfgWr,x3130-upstream,09:00.0,0,4,0x4,07 00 10 00
1791530183148,RX,CfgRd,x3130-upstream,09:00.0,0,4,0x10,00 00 00 00
1791530183148,RX,CfgRd,x3130-upstream,09:00.0,0,4,0x14,00 00 00 00
1791530183148,RX,CfgRd,x3130-upstream,09:00.0,0,4,0x4,07 00 10 00
1791530183148,TX,CfgWr,x3130-upstream,09:00.0,0,4,0x4,04 00 10 00
1791530183148,TX,CfgWr,x3130-upstream,09:00.0,0,4,0x14,ff ff ff ff
1791530183148,RX,CfgRd,x3130-upstream,09:00.0,0,4,0x14,00 00 00 00
1791530183148,TX,CfgWr,x3130-upstream,09:00.0,0,4,0x14,00 00 00 00
1791530183148,TX,CfgWr,x3130-upstream,09:00.0,0,4,0x4,07 00 10 00
1791530183148,RX,CfgRd,x3130-upstream,09:00.0,0,4,0x10,00 00 00 00
1791530183148,RX,CfgRd,x3130-upstream,09:00.0,0,4,0x14,00 00 00 00
1791530183149,RX,CfgRd,x3130-upstream,09:00.0,0,4,0x18,09 0a 0c 00
1791530183149,RX,CfgRd,x3130-upstream,09:00.0,0,4,0x4,07 00 10 00
1791530183149,TX,CfgWr,x3130-upstream,09:00.0,0,4,0x4,04 00 10 00
1791530183149,TX,CfgWr,x3130-upstream,09:00.0,0,4,0x18,ff ff ff ff
1791530183149,RX,CfgRd,x3130-upstream,09:00.0,0,4,0x18,ff ff ff 00
1791530183149,TX,CfgWr,x3130-upstream,09:00.0,0,4,0x18,09 0a 0c 00
1791530183149,TX,CfgWr,x3130-upstream,09:00.0,0,4,0x4,07 00 10 00
1791530183149,RX,CfgRd,x3130-upstream,09:00.0,0,4,0x18,09 0a 0c 00
1791530183149,RX,CfgRd,x3130-upstream,09:00.0,0,4,0x4,07 00 10 00
1791530183149,TX,CfgWr,x3130-upstream,09:00.0,0,4,0x4,04 00 10 00
1791530183149,TX,CfgWr,x3130-upstream,09:00.0,0,4,0x18,ff ff ff ff
1791530183149,RX,CfgRd,x3130-upstream,09:00.0,0,4,0x18,ff ff ff 00
1791530183149,TX,CfgWr,x3130-upstream,09:00.0,0,4,0x18,09 0a 0c 00
1791530183149,TX,CfgWr,x3130-upstream,09:00.0,0,4,0x4,07 00 10 00
1791530183149,RX,CfgRd,x3130-upstream,09:00.0,0,4,0x10,00 00 00 00
1791530183149,RX,CfgRd,x3130-upstream,09:00.0,0,4,0x14,00 00 00 00
1791530183149,RX,CfgRd,x3130-upstream,09:00.0,0,4,0x18,09 0a 0c 00
1791530183149,RX,CfgRd,x3130-upstream,09:00.0,0,4,0x4,07 00 10 00
1791530183149,TX,CfgWr,x3130-upstream,09:00.0,0,4,0x4,04 00 10 00
1791530183149,TX,CfgWr,x3130-upstream,09:00.0,0,4,0x18,ff ff ff ff
1791530183149,RX,CfgRd,x3130-upstream,09:00.0,0,4,0x18,ff ff ff 00
1791530183149,TX,CfgWr,x3130-upstream,09:00.0,0,4,0x18,09 0a 0c 00
1791530183149,TX,CfgWr,x3130-upstream,09:00.0,0,4,0x4,07 00 10 00
1791530183149,RX,CfgRd,x3130-upstream,09:00.0,0,4,0x18,09 0a 0c 00
1791530183149,RX,CfgRd,x3130-upstream,09:00.0,0,4,0x4,07 00 10 00
1791530183149,TX,CfgWr,x3130-upstream,09:00.0,0,4,0x4,04 00 10 00
1791530183149,TX,CfgWr,x3130-upstream,09:00.0,0,4,0x18,ff ff ff ff
1791530183149,RX,CfgRd,x3130-upstream,09:00.0,0,4,0x18,ff ff ff 00
1791530183149,TX,CfgWr,x3130-upstream,09:00.0,0,4,0x18,09 0a 0c 00
1791530183149,TX,CfgWr,x3130-upstream,09:00.0,0,4,0x4,07 00 10 00
1791530183149,RX,CfgRd,x3130-upstream,09:00.0,0,4,0x10,00 00 00 00
1791530183149,RX,CfgRd,x3130-upstream,09:00.0,0,4,0x14,00 00 00 00
1791530183149,RX,CfgRd,x3130-upstream,09:00.0,0,4,0x18,09 0a 0c 00
1791530183149,RX,CfgRd,x3130-upstream,09:00.0,0,4,0x1c,00 00 00 00
1791530183149,RX,CfgRd,x3130-upstream,09:00.0,0,4,0x4,07 00 10 00
1791530183149,TX,CfgWr,x3130-upstream,09:00.0,0,4,0x4,04 00 10 00
1791530183149,TX,CfgWr,x3130-upstream,09:00.0,0,4,0x1c,ff ff ff ff
1791530183149,RX,CfgRd,x3130-upstream,09:00.0,0,4,0x1c,f0 f0 00 00
1791530183149,TX,CfgWr,x3130-upstream,09:00.0,0,4,0x1c,00 00 00 00
1791530183149,TX,CfgWr,x3130-upstream,09:00.0,0,4,0x4,07 00 10 00
1791530183149,RX,CfgRd,x3130-upstream,09:00.0,0,4,0x10,00 00 00 00
1791530183149,RX,CfgRd,x3130-upstream,09:00.0,0,4,0x14,00 00 00 00
1791530183149,RX,CfgRd,x3130-upstream,09:00.0,0,4,0x18,09 0a 0c 00
1791530183149,RX,CfgRd,x3130-upstream,09:00.0,0,4,0x1c,00 00 00 00
1791530183149,RX,CfgRd,x3130-upstream,09:00.0,0,4,0x4,07 00 10 00
1791530183149,TX,CfgWr,x3130-upstream,09:00.0,0,4,0x4,04 00 10 00
1791530183149,TX,CfgWr,x3130-upstream,09:00.0,0,4,0x1c,ff ff ff ff
1791530183149,RX,CfgRd,x3130-upstream,09:00.0,0,4,0x1c,f0 f0 00 00
1791530183149,TX,CfgWr,x3130-upstream,09:00.0,0,4,0x1c,00 00 00 00
1791530183149,TX,CfgWr,x3130-upstream,09:00.0,0,4,0x4,07 00 10 00
1791530183149,RX,CfgRd,x3130-upstream,09:00.0,0,4,0x10,00 00 00 00
1791530183149,RX,CfgRd,x3130-upstream,09:00.0,0,4,0x14,00 00 00 00
1791530183149,RX,CfgRd,x3130-upstream,09:00.0,0,4,0x18,09 0a 0c 00
1791530183149,RX,CfgRd,x3130-upstream,09:00.0,0,4,0x1c,00 00 00 00
1791530183149,RX,CfgRd,x3130-upstream,09:00.0,0,4,0x20,30 10 20 10
1791530183149,RX,CfgRd,x3130-upstream,09:00.0,0,4,0x4,07 00 10 00
1791530183149,TX,CfgWr,x3130-upstream,09:00.0,0,4,0x4,04 00 10 00
1791530183149,TX,CfgWr,x3130-upstream,09:00.0,0,4,0x20,ff ff ff ff
1791530183149,RX,CfgRd,x3130-upstream,09:00.0,0,4,0x20,f0 ff f0 ff
1791530183149,TX,CfgWr,x3130-upstream,09:00.0,0,4,0x20,30 10 20 10
1791530183149,TX,CfgWr,x3130-upstream,09:00.0,0,4,0x4,07 00 10 00
1791530183149,RX,CfgRd,x3130-upstream,09:00.0,0,4,0x20,30 10 20 10
1791530183149,RX,CfgRd,x3130-upstream,09:00.0,0,4,0x4,07 00 10 00
1791530183149,TX,CfgWr,x3130-upstream,09:00.0,0,4,0x4,04 00 10 00
1791530183149,TX,CfgWr,x3130-upstream,09:00.0,0,4,0x20,ff ff ff ff
1791530183149,RX,CfgRd,x3130-upstream,09:00.0,0,4,0x20,f0 ff f0 ff
1791530183149,TX,CfgWr,x3130-upstream,09:00.0,0,4,0x20,30 10 20 10
1791530183149,TX,CfgWr,x3130-upstream,09:00.0,0,4,0x4,07 00 10 00
1791530183149,RX,CfgRd,x3130-upstream,09:00.0,0,4,0x10,00 00 00 00
1791530183149,RX,CfgRd,x3130-upstream,09:00.0,0,4,0x14,00 00 00 00
1791530183149,RX,CfgRd,x3130-upstream,09:00.0,0,4,0x18,09 0a 0c 00
1791530183149,RX,CfgRd,x3130-upstream,09:00.0,0,4,0x1c,00 00 00 00
1791530183149,RX,CfgRd,x3130-upstream,09:00.0,0,4,0x20,30 10 20 10
1791530183149,RX,CfgRd,x3130-upstream,09:00.0,0,4,0x4,07 00 10 00
1791530183149,TX,CfgWr,x3130-upstream,09:00.0,0,4,0x4,04 00 10 00
1791530183149,TX,CfgWr,x3130-upstream,09:00.0,0,4,0x20,ff ff ff ff
1791530183149,RX,CfgRd,x3130-upstream,09:00.0,0,4,0x20,f0 ff f0 ff
1791530183149,TX,CfgWr,x3130-upstream,09:00.0,0,4,0x20,30 10 20 10
1791530183149,TX,CfgWr,x3130-upstream,09:00.0,0,4,0x4,07 00 10 00
1791530183149,RX,CfgRd,x3130-upstream,09:00.0,0,4,0x20,30 10 20 10
1791530183149,RX,CfgRd,x3130-upstream,09:00.0,0,4,0x4,07 00 10 00
1791530183149,TX,CfgWr,x3130-upstream,09:00.0,0,4,0x4,04 00 10 00
1791530183149,TX,CfgWr,x3130-upstream,09:00.0,0,4,0x20,ff ff ff ff
1791530183149,RX,CfgRd,x3130-upstream,09:00.0,0,4,0x20,f0 ff f0 ff
1791530183149,TX,CfgWr,x3130-upstream,09:00.0,0,4,0x20,30 10 20 10
1791530183149,TX,CfgWr,x3130-upstream,09:00.0,0,4,0x4,07 00 10 00
1791530183149,RX,CfgRd,x3130-upstream,09:00.0,0,4,0x10,00 00 00 00
1791530183149,RX,CfgRd,x3130-upstream,09:00.0,0,4,0x14,00 00 00 00
1791530183149,RX,CfgRd,x3130-upstream,09:00.0,0,4,0x18,09 0a 0c 00
1791530183149,RX,CfgRd,x3130-upstream,09:00.0,0,4,0x1c,00 00 00 00
1791530183149,RX,CfgRd,x3130-upstream,09:00.0,0,4,0x20,30 10 20 10
1791530183149,RX,CfgRd,x3130-upstream,09:00.0,0,4,0x24,41 00 51 00
1791530183149,RX,CfgRd,x3130-upstream,09:00.0,0,4,0x4,07 00 10 00
1791530183149,TX,CfgWr,x3130-upstream,09:00.0,0,4,0x4,04 00 10 00
1791530183149,TX,CfgWr,x3130-upstream,09:00.0,0,4,0x24,ff ff ff ff
1791530183149,RX,CfgRd,x3130-upstream,09:00.0,0,4,0x24,f1 ff f1 ff
1791530183149,TX,CfgWr,x3130-upstream,09:00.0,0,4,0x24,41 00 51 00
1791530183149,TX,CfgWr,x3130-upstream,09:00.0,0,4,0x4,07 00 10 00
1791530183149,RX,CfgRd,x3130-upstream,09:00.0,0,4,0x24,41 00 51 00
1791530183150,RX,CfgRd,x3130-upstream,09:00.0,0,4,0x4,07 00 10 00
1791530183150,TX,CfgWr,x3130-upstream,09:00.0,0,4,0x4,04 00 10 00
1791530183150,TX,CfgWr,x3130-upstream,09:00.0,0,4,0x24,ff ff ff ff
1791530183150,RX,CfgRd,x3130-upstream,09:00.0,0,4,0x24,f1 ff f1 ff
1791530183150,TX,CfgWr,x3130-upstream,09:00.0,0,4,0x24,41 00 51 00
1791530183150,TX,CfgWr,x3130-upstream,09:00.0,0,4,0x4,07 00 10 00
1791530183150,RX,CfgRd,x3130-upstream,09:00.0,0,4,0x10,00 00 00 00
1791530183150,RX,CfgRd,x3130-upstream,09:00.0,0,4,0x14,00 00 00 00
1791530183150,RX,CfgRd,x3130-upstream,09:00.0,0,4,0x18,09 0a 0c 00
1791530183150,RX,CfgRd,x3130-upstream,09:00.0,0,4,0x1c,00 00 00 00
1791530183150,RX,CfgRd,x3130-upstream,09:00.0,0,4,0x20,30 10 20 10
1791530183150,RX,CfgRd,x3130-upstream,09:00.0,0,4,0x24,41 00 51 00
1791530183150,RX,CfgRd,x3130-upstream,09:00.0,0,4,0x4,07 00 10 00
1791530183150,TX,CfgWr,x3130-upstream,09:00.0,0,4,0x4,04 00 10 00
1791530183150,TX,CfgWr,x3130-upstream,09:00.0,0,4,0x24,ff ff ff ff
1791530183150,RX,CfgRd,x3130-upstream,09:00.0,0,4,0x24,f1 ff f1 ff
1791530183150,TX,CfgWr,x3130-upstream,09:00.0,0,4,0x24,41 00 51 00
1791530183150,TX,CfgWr,x3130-upstream,09:00.0,0,4,0x4,07 00 10 00
1791530183150,RX,CfgRd,x3130-upstream,09:00.0,0,4,0x24,41 00 51 00
1791530183150,RX,CfgRd,x3130-upstream,09:00.0,0,4,0x4,07 00 10 00
1791530183150,TX,CfgWr,x3130-upstream,09:00.0,0,4,0x4,04 00 10 00
1791530183150,TX,CfgWr,x3130-upstream,09:00.0,0,4,0x24,ff ff ff ff
1791530183150,RX,CfgRd,x3130-upstream,09:00.0,0,4,0x24,f1 ff f1 ff
1791530183150,TX,CfgWr,x3130-upstream,09:00.0,0,4,0x24,41 00 51 00
1791530183150,TX,CfgWr,x3130-upstream,09:00.0,0,4,0x4,07 00 10 00
1791530183150,RX,CfgRd,x3130-upstream,09:00.0,0,4,0x4,07 00 10 00
1791530183150,RX,CfgRd,x3130-upstream,09:00.0,0,4,0x34,90 00 00 00
1791530183150,RX,CfgRd,x3130-upstream,09:00.0,0,4,0x90,10 80 52 00
1791530183150,RX,CfgRd,x3130-upstream,09:00.0,0,4,0x80,0d 70 00 00
1791530183150,RX,CfgRd,x3130-upstream,09:00.0,0,4,0x70,05 00 80 00
1791530183150,RX,CfgRd,x3130-upstream,09:00.0,0,4,0x100,01 00 02 00
1791530183150,RX,CfgRd,x3130-upstream,09:00.0,0,4,0x4,07 00 10 00
1791530183150,TX,CfgWr,x3130-upstream,09:00.0,0,4,0x4,07 00 10 00
1791530183150,RX,CfgRd,x3130-upstream,09:00.0,0,4,0x4,07 00 10 00
1791530183150,RX,CfgRd,x3130-upstream,09:00.0,0,4,0x4,07 00 10 00
1791530183150,TX,CfgWr,x3130-upstream,09:00.0,0,4,0x4,01 00 10 00
1791530183150,RX,CfgRd,x3130-upstream,09:00.0,0,4,0x3c,00 00 00 00
1791530183150,RX,CfgRd,xio3130-downstream,0a:00.0,0,4,0x0,4c 10 33 82
1791530183150,RX,CfgRd,xio3130-downstream,0a:00.0,0,4,0xc,00 00 81 00
1791530183150,RX,CfgRd,xio3130-downstream,0a:00.0,0,4,0x18,0a 0b 0b 00
1791530183150,RX,CfgRd,xio3130-downstream,0a:00.0,0,4,0x10,00 00 00 00
1791530183150,RX,CfgRd,xio3130-downstream,0a:00.0,0,4,0x4,07 00 10 00
1791530183150,TX,CfgWr,xio3130-downstream,0a:00.0,0,4,0x4,04 00 10 00
1791530183150,TX,CfgWr,xio3130-downstream,0a:00.0,0,4,0x10,ff ff ff ff
1791530183150,RX,CfgRd,xio3130-downstream,0a:00.0,0,4,0x10,00 00 00 00
1791530183150,TX,CfgWr,xio3130-downstream,0a:00.0,0,4,0x10,00 00 00 00
1791530183150,TX,CfgWr,xio3130-downstream,0a:00.0,0,4,0x4,07 00 10 00
1791530183150,RX,CfgRd,xio3130-downstream,0a:00.0,0,4,0x10,00 00 00 00
1791530183150,RX,CfgRd,xio3130-downstream,0a:00.0,0,4,0x4,07 00 10 00
1791530183150,TX,CfgWr,xio3130-downstream,0a:00.0,0,4,0x4,04 00 10 00
1791530183150,TX,CfgWr,xio3130-downstream,0a:00.0,0,4,0x10,ff ff ff ff
1791530183150,RX,CfgRd,xio3130-downstream,0a:00.0,0,4,0x10,00 00 00 00
1791530183150,TX,CfgWr,xio3130-downstream,0a:00.0,0,4,0x10,00 00 00 00
1791530183150,TX,CfgWr,xio3130-downstream,0a:00.0,0,4,0x4,07 00 10 00
1791530183150,RX,CfgRd,xio3130-downstream,0a:00.0,0,4,0x10,00 00 00 00
1791530183150,RX,CfgRd,xio3130-downstream,0a:00.0,0,4,0x14,00 00 00 00
1791530183150,RX,CfgRd,xio3130-downstream,0a:00.0,0,4,0x4,07 00 10 00
1791530183150,TX,CfgWr,xio3130-downstream,0a:00.0,0,4,0x4,04 00 10 00
1791530183150,TX,CfgWr,xio3130-downstream,0a:00.0,0,4,0x14,ff ff ff ff
1791530183150,RX,CfgRd,xio3130-downstream,0a:00.0,0,4,0x14,00 00 00 00
1791530183150,TX,CfgWr,xio3130-downstream,0a:00.0,0,4,0x14,00 00 00 00
1791530183150,TX,CfgWr,xio3130-downstream,0a:00.0,0,4,0x4,07 00 10 00
1791530183150,RX,CfgRd,xio3130-downstream,0a:00.0,0,4,0x10,00 00 00 00
1791530183150,RX,CfgRd,xio3130-downstream,0a:00.0,0,4,0x14,00 00 00 00
1791530183150,RX,CfgRd,xio3130-downstream,0a:00.0,0,4,0x4,07 00 10 00
1791530183150,TX,CfgWr,xio3130-downstream,0a:00.0,0,4,0x4,04 00 10 00
1791530183150,TX,CfgWr,xio3130-downstream,0a:00.0,0,4,0x14,ff ff ff ff
1791530183150,RX,CfgRd,xio3130-downstream,0a:00.0,0,4,0x14,00 00 00 00
1791530183150,TX,CfgWr,xio3130-downstream,0a:00.0,0,4,0x14,00 00 00 00
1791530183150,TX,CfgWr,xio3130-downstream,0a:00.0,0,4,0x4,07 00 10 00
1791530183150,RX,CfgRd,xio3130-downstream,0a:00.0,0,4,0x10,00 00 00 00
1791530183150,RX,CfgRd,xio3130-downstream,0a:00.0,0,4,0x14,00 00 00 00
1791530183150,RX,CfgRd,xio3130-downstream,0a:00.0,0,4,0x18,0a 0b 0b 00
1791530183150,RX,CfgRd,xio3130-downstream,0a:00.0,0,4,0x10,00 00 00 00
1791530183150,RX,CfgRd,xio3130-downstream,0a:00.0,0,4,0x14,00 00 00 00
1791530183150,RX,CfgRd,xio3130-downstream,0a:00.0,0,4,0x18,0a 0b 0b 00
1791530183150,RX,CfgRd,xio3130-downstream,0a:00.0,0,4,0x10,00 00 00 00
1791530183150,RX,CfgRd,xio3130-downstream,0a:00.0,0,4,0x14,00 00 00 00
1791530183150,RX,CfgRd,xio3130-downstream,0a:00.0,0,4,0x18,0a 0b 0b 00
1791530183150,RX,CfgRd,xio3130-downstream,0a:00.0,0,4,0x1c,00 00 00 00
1791530183150,RX,CfgRd,xio3130-downstream,0a:00.0,0,4,0x4,07 00 10 00
1791530183150,TX,CfgWr,xio3130-downstream,0a:00.0,0,4,0x4,04 00 10 00
1791530183150,TX,CfgWr,xio3130-downstream,0a:00.0,0,4,0x1c,ff ff ff ff
1791530183150,RX,CfgRd,xio3130-downstream,0a:00.0,0,4,0x1c,f0 f0 00 00
1791530183150,TX,CfgWr,xio3130-downstream,0a:00.0,0,4,0x1c,00 00 00 00
1791530183150,TX,CfgWr,xio3130-downstream,0a:00.0,0,4,0x4,07 00 10 00
1791530183150,RX,CfgRd,xio3130-downstream,0a:00.0,0,4,0x10,00 00 00 00
1791530183150,RX,CfgRd,xio3130-downstream,0a:00.0,0,4,0x14,00 00 00 00
1791530183150,RX,CfgRd,xio3130-downstream,0a:00.0,0,4,0x18,0a 0b 0b 00
1791530183150,RX,CfgRd,xio3130-downstream,0a:00.0,0,4,0x1c,00 00 00 00
1791530183150,RX,CfgRd,xio3130-downstream,0a:00.0,0,4,0x4,07 00 10 00
1791530183151,TX,CfgWr,xio3130-downstream,0a:00.0,0,4,0x4,04 00 10 00
1791530183151,TX,CfgWr,xio3130-downstream,0a:00.0,0,4,0x1c,ff ff ff ff
1791530183151,RX,CfgRd,xio3130-downstream,0a:00.0,0,4,0x1c,f0 f0 00 00
1791530183151,TX,CfgWr,xio3130-downstream,0a:00.0,0,4,0x1c,00 00 00 00
1791530183151,TX,CfgWr,xio3130-downstream,0a:00.0,0,4,0x4,07 00 10 00
1791530183151,RX,CfgRd,xio3130-downstream,0a:00.0,0,4,0x10,00 00 00 00
1791530183151,RX,CfgRd,xio3130-downstream,0a:00.0,0,4,0x14,00 00 00 00
1791530183151,RX,CfgRd,xio3130-downstream,0a:00.0,0,4,0x18,0a 0b 0b 00
1791530183151,RX,CfgRd,xio3130-downstream,0a:00.0,0,4,0x1c,00 00 00 00
1791530183151,RX,CfgRd,xio3130-downstream,0a:00.0,0,4,0x20,30 10 20 10
1791530183151,RX,CfgRd,xio3130-downstream,0a:00.0,0,4,0x4,07 00 10 00
1791530183151,TX,CfgWr,xio3130-downstream,0a:00.0,0,4,0x4,04 00 10 00
1791530183151,TX,CfgWr,xio3130-downstream,0a:00.0,0,4,0x20,ff ff ff ff
1791530183151,RX,CfgRd,xio3130-downstream,0a:00.0,0,4,0x20,f0 ff f0 ff
1791530183151,TX,CfgWr,xio3130-downstream,0a:00.0,0,4,0x20,30 10 20 10
1791530183151,TX,CfgWr,xio3130-downstream,0a:00.0,0,4,0x4,07 00 10 00
1791530183151,RX,CfgRd,xio3130-downstream,0a:00.0,0,4,0x20,30 10 20 10
1791530183151,RX,CfgRd,xio3130-downstream,0a:00.0,0,4,0x4,07 00 10 00
1791530183151,TX,CfgWr,xio3130-downstream,0a:00.0,0,4,0x4,04 00 10 00
1791530183151,TX,CfgWr,xio3130-downstream,0a:00.0,0,4,0x20,ff ff ff ff
1791530183151,RX,CfgRd,xio3130-downstream,0a:00.0,0,4,0x20,f0 ff f0 ff
1791530183151,TX,CfgWr,xio3130-downstream,0a:00.0,0,4,0x20,30 10 20 10
1791530183151,TX,CfgWr,xio3130-downstream,0a:00.0,0,4,0x4,07 00 10 00
1791530183151,RX,CfgRd,xio3130-downstream,0a:00.0,0,4,0x10,00 00 00 00
1791530183151,RX,CfgRd,xio3130-downstream,0a:00.0,0,4,0x14,00 00 00 00
1791530183151,RX,CfgRd,xio3130-downstream,0a:00.0,0,4,0x18,0a 0b 0b 00
1791530183151,RX,CfgRd,xio3130-downstream,0a:00.0,0,4,0x1c,00 00 00 00
1791530183151,RX,CfgRd,xio3130-downstream,0a:00.0,0,4,0x20,30 10 20 10
1791530183151,RX,CfgRd,xio3130-downstream,0a:00.0,0,4,0x4,07 00 10 00
1791530183151,TX,CfgWr,xio3130-downstream,0a:00.0,0,4,0x4,04 00 10 00
1791530183151,TX,CfgWr,xio3130-downstream,0a:00.0,0,4,0x20,ff ff ff ff
1791530183151,RX,CfgRd,xio3130-downstream,0a:00.0,0,4,0x20,f0 ff f0 ff
1791530183151,TX,CfgWr,xio3130-downstream,0a:00.0,0,4,0x20,30 10 20 10
1791530183151,TX,CfgWr,xio3130-downstream,0a:00.0,0,4,0x4,07 00 10 00
1791530183151,RX,CfgRd,xio3130-downstream,0a:00.0,0,4,0x20,30 10 20 10
1791530183151,RX,CfgRd,xio3130-downstream,0a:00.0,0,4,0x4,07 00 10 00
1791530183151,TX,CfgWr,xio3130-downstream,0a:00.0,0,4,0x4,04 00 10 00
1791530183151,TX,CfgWr,xio3130-downstream,0a:00.0,0,4,0x20,ff ff ff ff
1791530183151,RX,CfgRd,xio3130-downstream,0a:00.0,0,4,0x20,f0 ff f0 ff
1791530183151,TX,CfgWr,xio3130-downstream,0a:00.0,0,4,0x20,30 10 20 10
1791530183151,TX,CfgWr,xio3130-downstream,0a:00.0,0,4,0x4,07 00 10 00
1791530183151,RX,CfgRd,xio3130-downstream,0a:00.0,0,4,0x10,00 00 00 00
1791530183151,RX,CfgRd,xio3130-downstream,0a:00.0,0,4,0x14,00 00 00 00
1791530183151,RX,CfgRd,xio3130-downstream,0a:00.0,0,4,0x18,0a 0b 0b 00
1791530183151,RX,CfgRd,xio3130-downstream,0a:00.0,0,4,0x1c,00 00 00 00
1791530183151,RX,CfgRd,xio3130-downstream,0a:00.0,0,4,0x20,30 10 20 10
1791530183151,RX,CfgRd,xio3130-downstream,0a:00.0,0,4,0x24,41 00 41 00
1791530183151,RX,CfgRd,xio3130-downstream,0a:00.0,0,4,0x4,07 00 10 00
1791530183151,TX,CfgWr,xio3130-downstream,0a:00.0,0,4,0x4,04 00 10 00
1791530183151,TX,CfgWr,xio3130-downstream,0a:00.0,0,4,0x24,ff ff ff ff
1791530183151,RX,CfgRd,xio3130-downstream,0a:00.0,0,4,0x24,f1 ff f1 ff
1791530183151,TX,CfgWr,xio3130-downstream,0a:00.0,0,4,0x24,41 00 41 00
1791530183151,TX,CfgWr,xio3130-downstream,0a:00.0,0,4,0x4,07 00 10 00
1791530183151,RX,CfgRd,xio3130-downstream,0a:00.0,0,4,0x24,41 00 41 00
1791530183151,RX,CfgRd,xio3130-downstream,0a:00.0,0,4,0x4,07 00 10 00
1791530183151,TX,CfgWr,xio3130-downstream,0a:00.0,0,4,0x4,04 00 10 00
1791530183151,TX,CfgWr,xio3130-downstream,0a:00.0,0,4,0x24,ff ff ff ff
1791530183151,RX,CfgRd,xio3130-downstream,0a:00.0,0,4,0x24,f1 ff f1 ff
1791530183151,TX,CfgWr,xio3130-downstream,0a:00.0,0,4,0x24,41 00 41 00
1791530183151,TX,CfgWr,xio3130-downstream,0a:00.0,0,4,0x4,07 00 10 00
1791530183151,RX,CfgRd,xio3130-downstream,0a:00.0,0,4,0x10,00 00 00 00
1791530183151,RX,CfgRd,xio3130-downstream,0a:00.0,0,4,0x14,00 00 00 00
1791530183151,RX,CfgRd,xio3130-downstream,0a:00.0,0,4,0x18,0a 0b 0b 00
1791530183151,RX,CfgRd,xio3130-downstream,0a:00.0,0,4,0x1c,00 00 00 00
1791530183151,RX,CfgRd,xio3130-downstream,0a:00.0,0,4,0x20,30 10 20 10
1791530183151,RX,CfgRd,xio3130-downstream,0a:00.0,0,4,0x24,41 00 41 00
1791530183151,RX,CfgRd,xio3130-downstream,0a:00.0,0,4,0x4,07 00 10 00
1791530183151,TX,CfgWr,xio3130-downstream,0a:00.0,0,4,0x4,04 00 10 00
1791530183151,TX,CfgWr,xio3130-downstream,0a:00.0,0,4,0x24,ff ff ff ff
1791530183151,RX,CfgRd,xio3130-downstream,0a:00.0,0,4,0x24,f1 ff f1 ff
1791530183151,TX,CfgWr,xio3130-downstream,0a:00.0,0,4,0x24,41 00 41 00
1791530183151,TX,CfgWr,xio3130-downstream,0a:00.0,0,4,0x4,07 00 10 00
1791530183151,RX,CfgRd,xio3130-downstream,0a:00.0,0,4,0x24,41 00 41 00
1791530183151,RX,CfgRd,xio3130-downstream,0a:00.0,0,4,0x4,07 00 10 00
1791530183151,TX,CfgWr,xio3130-downstream,0a:00.0,0,4,0x4,04 00 10 00
1791530183151,TX,CfgWr,xio3130-downstream,0a:00.0,0,4,0x24,ff ff ff ff
1791530183151,RX,CfgRd,xio3130-downstream,0a:00.0,0,4,0x24,f1 ff f1 ff
1791530183151,TX,CfgWr,xio3130-downstream,0a:00.0,0,4,0x24,41 00 41 00
1791530183151,TX,CfgWr,xio3130-downstream,0a:00.0,0,4,0x4,07 00 10 00
1791530183151,RX,CfgRd,xio3130-downstream,0a:00.0,0,4,0x4,07 00 10 00
1791530183151,RX,CfgRd,xio3130-downstream,0a:00.0,0,4,0x34,90 00 00 00
1791530183151,RX,CfgRd,xio3130-downstream,0a:00.0,0,4,0x90,10 80 62 01
1791530183151,RX,CfgRd,xio3130-downstream,0a:00.0,0,4,0x80,0d 70 00 00
1791530183151,RX,CfgRd,xio3130-downstream,0a:00.0,0,4,0x70,05 00 80 00
1791530183151,RX,CfgRd,xio3130-downstream,0a:00.0,0,4,0x100,01 00 02 00
1791530183151,RX,CfgRd,xio3130-downstream,0a:00.0,0,4,0x4,07 00 10 00
1791530183151,TX,CfgWr,xio3130-downstream,0a:00.0,0,4,0x4,07 00 10 00
1791530183151,RX,CfgRd,xio3130-downstream,0a:00.0,0,4,0x4,07 00 10 00
1791530183151,RX,CfgRd,xio3130-downstream,0a:00.0,0,4,0x4,07 00 10 00
1791530183151,TX,CfgWr,xio3130-downstream,0a:00.0,0,4,0x4,01 00 10 00
1791530183151,RX,CfgRd,xio3130-downstream,0a:00.0,0,4,0x3c,00 00 00 00
1791530183151,RX,CfgRd,nvme,0b:00.0,0,4,0x0,36 1b 10 00
1791530183151,RX,CfgRd,nvme,0b:00.0,0,4,0xc,00 00 00 00
1791530183151,RX,CfgRd,nvme,0b:00.0,0,4,0x10,04 00 40 00
1791530183151,RX,CfgRd,nvme,0b:00.0,0,4,0x4,00 00 10 00
1791530183151,TX,CfgWr,nvme,0b:00.0,0,4,0x4,00 00 10 00
1791530183151,TX,CfgWr,nvme,0b:00.0,0,4,0x10,ff ff ff ff
1791530183151,RX,CfgRd,nvme,0b:00.0,0,4,0x10,04 c0 ff ff
1791530183151,TX,CfgWr,nvme,0b:00.0,0,4,0x10,04 00 40 00
1791530183151,RX,CfgRd,nvme,0b:00.0,0,4,0x14,80 00 00 00
1791530183151,TX,CfgWr,nvme,0b:00.0,0,4,0x14,ff ff ff ff
1791530183151,RX,CfgRd,nvme,0b:00.0,0,4,0x14,ff ff ff ff
1791530183151,TX,CfgWr,nvme,0b:00.0,0,4,0x14,80 00 00 00
1791530183151,TX,CfgWr,nvme,0b:00.0,0,4,0x4,00 00 10 00
1791530183151,RX,CfgRd,nvme,0b:00.0,0,4,0x10,04 00 40 00
1791530183151,RX,CfgRd,nvme,0b:00.0,0,4,0x4,00 00 10 00
1791530183151,TX,CfgWr,nvme,0b:00.0,0,4,0x4,00 00 10 00
1791530183151,TX,CfgWr,nvme,0b:00.0,0,4,0x10,ff ff ff ff
1791530183151,RX,CfgRd,nvme,0b:00.0,0,4,0x10,04 c0 ff ff
1791530183151,TX,CfgWr,nvme,0b:00.0,0,4,0x10,04 00 40 00
1791530183151,RX,CfgRd,nvme,0b:00.0,0,4,0x14,80 00 00 00
1791530183151,TX,CfgWr,nvme,0b:00.0,0,4,0x14,ff ff ff ff
1791530183151,RX,CfgRd,nvme,0b:00.0,0,4,0x14,ff ff ff ff
1791530183151,TX,CfgWr,nvme,0b:00.0,0,4,0x14,80 00 00 00
1791530183151,TX,CfgWr,nvme,0b:00.0,0,4,0x4,00 00 10 00
1791530183151,RX,CfgRd,nvme,0b:00.0,0,4,0x10,04 00 40 00
1791530183151,RX,CfgRd,nvme,0b:00.0,0,4,0x4,00 00 10 00
1791530183151,TX,CfgWr,nvme,0b:00.0,0,4,0x4,00 00 10 00
1791530183151,TX,CfgWr,nvme,0b:00.0,0,4,0x10,ff ff ff ff
1791530183151,RX,CfgRd,nvme,0b:00.0,0,4,0x10,04 c0 ff ff
1791530183151,TX,CfgWr,nvme,0b:00.0,0,4,0x10,04 00 40 00
1791530183152,RX,CfgRd,nvme,0b:00.0,0,4,0x14,80 00 00 00
1791530183152,TX,CfgWr,nvme,0b:00.0,0,4,0x14,ff ff ff ff
1791530183152,RX,CfgRd,nvme,0b:00.0,0,4,0x14,ff ff ff ff
1791530183152,TX,CfgWr,nvme,0b:00.0,0,4,0x14,80 00 00 00
1791530183152,TX,CfgWr,nvme,0b:00.0,0,4,0x4,00 00 10 00
1791530183152,RX,CfgRd,nvme,0b:00.0,0,4,0x10,04 00 40 00
1791530183152,RX,CfgRd,nvme,0b:00.0,0,4,0x4,00 00 10 00
1791530183152,TX,CfgWr,nvme,0b:00.0,0,4,0x4,00 00 10 00
1791530183152,TX,CfgWr,nvme,0b:00.0,0,4,0x10,ff ff ff ff
1791530183152,RX,CfgRd,nvme,0b:00.0,0,4,0x10,04 c0 ff ff
1791530183152,TX,CfgWr,nvme,0b:00.0,0,4,0x10,04 00 40 00
1791530183152,RX,CfgRd,nvme,0b:00.0,0,4,0x14,80 00 00 00
1791530183152,TX,CfgWr,nvme,0b:00.0,0,4,0x14,ff ff ff ff
1791530183152,RX,CfgRd,nvme,0b:00.0,0,4,0x14,ff ff ff ff
1791530183152,TX,CfgWr,nvme,0b:00.0,0,4,0x14,80 00 00 00
1791530183152,TX,CfgWr,nvme,0b:00.0,0,4,0x4,00 00 10 00
1791530183152,RX,CfgRd,nvme,0b:00.0,0,4,0x10,04 00 40 00
1791530183152,RX,CfgRd,nvme,0b:00.0,0,4,0x18,00 00 00 00
1791530183152,RX,CfgRd,nvme,0b:00.0,0,4,0x4,00 00 10 00
1791530183152,TX,CfgWr,nvme,0b:00.0,0,4,0x4,00 00 10 00
1791530183152,TX,CfgWr,nvme,0b:00.0,0,4,0x18,ff ff ff ff
1791530183152,RX,CfgRd,nvme,0b:00.0,0,4,0x18,00 00 00 00
1791530183152,TX,CfgWr,nvme,0b:00.0,0,4,0x18,00 00 00 00
1791530183152,TX,CfgWr,nvme,0b:00.0,0,4,0x4,00 00 10 00
1791530183152,RX,CfgRd,nvme,0b:00.0,0,4,0x10,04 00 40 00
1791530183152,RX,CfgRd,nvme,0b:00.0,0,4,0x18,00 00 00 00
1791530183152,RX,CfgRd,nvme,0b:00.0,0,4,0x4,00 00 10 00
1791530183152,TX,CfgWr,nvme,0b:00.0,0,4,0x4,00 00 10 00
1791530183152,TX,CfgWr,nvme,0b:00.0,0,4,0x18,ff ff ff ff
1791530183152,RX,CfgRd,nvme,0b:00.0,0,4,0x18,00 00 00 00
1791530183152,TX,CfgWr,nvme,0b:00.0,0,4,0x18,00 00 00 00
1791530183152,TX,CfgWr,nvme,0b:00.0,0,4,0x4,00 00 10 00
1791530183152,RX,CfgRd,nvme,0b:00.0,0,4,0x10,04 00 40 00
1791530183152,RX,CfgRd,nvme,0b:00.0,0,4,0x18,00 00 00 00
1791530183152,RX,CfgRd,nvme,0b:00.0,0,4,0x1c,00 00 00 00
1791530183152,RX,CfgRd,nvme,0b:00.0,0,4,0x4,00 00 10 00
1791530183152,TX,CfgWr,nvme,0b:00.0,0,4,0x4,00 00 10 00
1791530183152,TX,CfgWr,nvme,0b:00.0,0,4,0x1c,ff ff ff ff
1791530183152,RX,CfgRd,nvme,0b:00.0,0,4,0x1c,00 00 00 00
1791530183152,TX,CfgWr,nvme,0b:00.0,0,4,0x1c,00 00 00 00
1791530183152,TX,CfgWr,nvme,0b:00.0,0,4,0x4,00 00 10 00
1791530183152,RX,CfgRd,nvme,0b:00.0,0,4,0x10,04 00 40 00
1791530183152,RX,CfgRd,nvme,0b:00.0,0,4,0x18,00 00 00 00
1791530183152,RX,CfgRd,nvme,0b:00.0,0,4,0x1c,00 00 00 00
1791530183152,RX,CfgRd,nvme,0b:00.0,0,4,0x4,00 00 10 00
1791530183152,TX,CfgWr,nvme,0b:00.0,0,4,0x4,00 00 10 00
1791530183152,TX,CfgWr,nvme,0b:00.0,0,4,0x1c,ff ff ff ff
1791530183152,RX,CfgRd,nvme,0b:00.0,0,4,0x1c,00 00 00 00
1791530183152,TX,CfgWr,nvme,0b:00.0,0,4,0x1c,00 00 00 00
1791530183152,TX,CfgWr,nvme,0b:00.0,0,4,0x4,00 00 10 00
1791530183152,RX,CfgRd,nvme,0b:00.0,0,4,0x10,04 00 40 00
1791530183152,RX,CfgRd,nvme,0b:00.0,0,4,0x18,00 00 00 00
1791530183152,RX,CfgRd,nvme,0b:00.0,0,4,0x1c,00 00 00 00
1791530183152,RX,CfgRd,nvme,0b:00.0,0,4,0x20,00 00 00 00
1791530183152,RX,CfgRd,nvme,0b:00.0,0,4,0x4,00 00 10 00
1791530183152,TX,CfgWr,nvme,0b:00.0,0,4,0x4,00 00 10 00
1791530183152,TX,CfgWr,nvme,0b:00.0,0,4,0x20,ff ff ff ff
1791530183152,RX,CfgRd,nvme,0b:00.0,0,4,0x20,00 00 00 00
1791530183152,TX,CfgWr,nvme,0b:00.0,0,4,0x20,00 00 00 00
1791530183152,TX,CfgWr,nvme,0b:00.0,0,4,0x4,00 00 10 00
1791530183152,RX,CfgRd,nvme,0b:00.0,0,4,0x10,04 00 40 00
1791530183152,RX,CfgRd,nvme,0b:00.0,0,4,0x18,00 00 00 00
1791530183152,RX,CfgRd,nvme,0b:00.0,0,4,0x1c,00 00 00 00
1791530183152,RX,CfgRd,nvme,0b:00.0,0,4,0x20,00 00 00 00
1791530183152,RX,CfgRd,nvme,0b:00.0,0,4,0x4,00 00 10 00
1791530183152,TX,CfgWr,nvme,0b:00.0,0,4,0x4,00 00 10 00
1791530183152,TX,CfgWr,nvme,0b:00.0,0,4,0x20,ff ff ff ff
1791530183152,RX,CfgRd,nvme,0b:00.0,0,4,0x20,00 00 00 00
1791530183152,TX,CfgWr,nvme,0b:00.0,0,4,0x20,00 00 00 00
1791530183152,TX,CfgWr,nvme,0b:00.0,0,4,0x4,00 00 10 00
1791530183152,RX,CfgRd,nvme,0b:00.0,0,4,0x10,04 00 40 00
1791530183152,RX,CfgRd,nvme,0b:00.0,0,4,0x18,00 00 00 00
1791530183152,RX,CfgRd,nvme,0b:00.0,0,4,0x1c,00 00 00 00
1791530183152,RX,CfgRd,nvme,0b:00.0,0,4,0x20,00 00 00 00
1791530183152,RX,CfgRd,nvme,0b:00.0,0,4,0x24,00 00 00 00
1791530183152,RX,CfgRd,nvme,0b:00.0,0,4,0x4,00 00 10 00
1791530183152,TX,CfgWr,nvme,0b:00.0,0,4,0x4,00 00 10 00
1791530183152,TX,CfgWr,nvme,0b:00.0,0,4,0x24,ff ff ff ff
1791530183152,RX,CfgRd,nvme,0b:00.0,0,4,0x24,00 00 00 00
1791530183152,TX,CfgWr,nvme,0b:00.0,0,4,0x24,00 00 00 00
1791530183153,TX,CfgWr,nvme,0b:00.0,0,4,0x4,00 00 10 00
1791530183153,RX,CfgRd,nvme,0b:00.0,0,4,0x10,04 00 40 00
1791530183153,RX,CfgRd,nvme,0b:00.0,0,4,0x18,00 00 00 00
1791530183153,RX,CfgRd,nvme,0b:00.0,0,4,0x1c,00 00 00 00
1791530183153,RX,CfgRd,nvme,0b:00.0,0,4,0x20,00 00 00 00
1791530183153,RX,CfgRd,nvme,0b:00.0,0,4,0x24,00 00 00 00
1791530183153,RX,CfgRd,nvme,0b:00.0,0,4,0x4,00 00 10 00
1791530183153,TX,CfgWr,nvme,0b:00.0,0,4,0x4,00 00 10 00
1791530183153,TX,CfgWr,nvme,0b:00.0,0,4,0x24,ff ff ff ff
1791530183153,RX,CfgRd,nvme,0b:00.0,0,4,0x24,00 00 00 00
1791530183153,TX,CfgWr,nvme,0b:00.0,0,4,0x24,00 00 00 00
1791530183153,TX,CfgWr,nvme,0b:00.0,0,4,0x4,00 00 10 00
1791530183153,RX,CfgRd,nvme,0b:00.0,0,4,0x10,04 00 40 00
1791530183153,RX,CfgRd,nvme,0b:00.0,0,4,0x18,00 00 00 00
1791530183153,RX,CfgRd,nvme,0b:00.0,0,4,0x1c,00 00 00 00
1791530183153,RX,CfgRd,nvme,0b:00.0,0,4,0x20,00 00 00 00
1791530183153,RX,CfgRd,nvme,0b:00.0,0,4,0x24,00 00 00 00
1791530183153,RX,CfgRd,nvme,0b:00.0,0,4,0x10,04 00 40 00
1791530183153,RX,CfgRd,nvme,0b:00.0,0,4,0x18,00 00 00 00
1791530183153,RX,CfgRd,nvme,0b:00.0,0,4,0x1c,00 00 00 00
1791530183153,RX,CfgRd,nvme,0b:00.0,0,4,0x20,00 00 00 00
1791530183153,RX,CfgRd,nvme,0b:00.0,0,4,0x24,00 00 00 00
1791530183153,RX,CfgRd,nvme,0b:00.0,0,4,0x4,00 00 10 00
1791530183153,RX,CfgRd,nvme,0b:00.0,0,4,0x34,40 00 00 00
1791530183153,RX,CfgRd,nvme,0b:00.0,0,4,0x40,11 80 40 00
1791530183153,RX,CfgRd,nvme,0b:00.0,0,4,0x80,10 60 02 00
1791530183153,RX,CfgRd,nvme,0b:00.0,0,4,0x60,01 00 03 00
1791530183153,RX,CfgRd,nvme,0b:00.0,0,4,0x100,00 00 00 00
1791530183153,RX,CfgRd,nvme,0b:00.0,0,4,0x4,00 00 10 00
1791530183153,TX,CfgWr,nvme,0b:00.0,0,4,0x4,06 00 10 00
1791530183153,RX,CfgRd,nvme,0b:00.0,0,4,0x4,06 00 10 00
1791530183153,RX,CfgRd,nvme,0b:00.0,0,4,0x4,06 00 10 00
1791530183153,TX,CfgWr,nvme,0b:00.0,0,4,0x4,00 00 10 00
1791530183153,RX,CfgRd,nvme,0b:00.0,0,4,0x3c,00 01 00 00
1791530183154,RX,CfgRd,xio3130-downstream,0a:00.1,0,4,0x0,4c 10 33 82
1791530183154,RX,CfgRd,xio3130-downstream,0a:00.1,0,4,0xc,00 00 01 00
1791530183154,RX,CfgRd,xio3130-downstream,0a:00.1,0,4,0x18,0a 0c 0c 00
1791530183154,RX,CfgRd,xio3130-downstream,0a:00.1,0,4,0x10,00 00 00 00
1791530183154,RX,CfgRd,xio3130-downstream,0a:00.1,0,4,0x4,07 00 10 00
1791530183154,TX,CfgWr,xio3130-downstream,0a:00.1,0,4,0x4,04 00 10 00
1791530183154,TX,CfgWr,xio3130-downstream,0a:00.1,0,4,0x10,ff ff ff ff
1791530183154,RX,CfgRd,xio3130-downstream,0a:00.1,0,4,0x10,00 00 00 00
1791530183154,TX,CfgWr,xio3130-downstream,0a:00.1,0,4,0x10,00 00 00 00
1791530183154,TX,CfgWr,xio3130-downstream,0a:00.1,0,4,0x4,07 00 10 00
1791530183154,RX,CfgRd,xio3130-downstream,0a:00.1,0,4,0x10,00 00 00 00
1791530183154,RX,CfgRd,xio3130-downstream,0a:00.1,0,4,0x4,07 00 10 00
1791530183154,TX,CfgWr,xio3130-downstream,0a:00.1,0,4,0x4,04 00 10 00
1791530183154,TX,CfgWr,xio3130-downstream,0a:00.1,0,4,0x10,ff ff ff ff
1791530183154,RX,CfgRd,xio3130-downstream,0a:00.1,0,4,0x10,00 00 00 00
1791530183154,TX,CfgWr,xio3130-downstream,0a:00.1,0,4,0x10,00 00 00 00
1791530183154,TX,CfgWr,xio3130-downstream,0a:00.1,0,4,0x4,07 00 10 00
1791530183154,RX,CfgRd,xio3130-downstream,0a:00.1,0,4,0x10,00 00 00 00
1791530183154,RX,CfgRd,xio3130-downstream,0a:00.1,0,4,0x14,00 00 00 00
1791530183154,RX,CfgRd,xio3130-downstream,0a:00.1,0,4,0x4,07 00 10 00
1791530183154,TX,CfgWr,xio3130-downstream,0a:00.1,0,4,0x4,04 00 10 00
1791530183154,TX,CfgWr,xio3130-downstream,0a:00.1,0,4,0x14,ff ff ff ff
1791530183154,RX,CfgRd,xio3130-downstream,0a:00.1,0,4,0x14,00 00 00 00
1791530183154,TX,CfgWr,xio3130-downstream,0a:00.1,0,4,0x14,00 00 00 00
1791530183154,TX,CfgWr,xio3130-downstream,0a:00.1,0,4,0x4,07 00 10 00
1791530183154,RX,CfgRd,xio3130-downstream,0a:00.1,0,4,0x10,00 00 00 00
1791530183154,RX,CfgRd,xio3130-downstream,0a:00.1,0,4,0x14,00 00 00 00
1791530183154,RX,CfgRd,xio3130-downstream,0a:00.1,0,4,0x4,07 00 10 00
1791530183154,TX,CfgWr,xio3130-downstream,0a:00.1,0,4,0x4,04 00 10 00
1791530183154,TX,CfgWr,xio3130-downstream,0a:00.1,0,4,0x14,ff ff ff ff
1791530183154,RX,CfgRd,xio3130-downstream,0a:00.1,0,4,0x14,00 00 00 00
1791530183154,TX,CfgWr,xio3130-downstream,0a:00.1,0,4,0x14,00 00 00 00
1791530183154,TX,CfgWr,xio3130-downstream,0a:00.1,0,4,0x4,07 00 10 00
1791530183154,RX,CfgRd,xio3130-downstream,0a:00.1,0,4,0x10,00 00 00 00
1791530183154,RX,CfgRd,xio3130-downstream,0a:00.1,0,4,0x14,00 00 00 00
1791530183154,RX,CfgRd,xio3130-downstream,0a:00.1,0,4,0x18,0a 0c 0c 00
1791530183155,RX,CfgRd,xio3130-downstream,0a:00.1,0,4,0x10,00 00 00 00
1791530183155,RX,CfgRd,xio3130-downstream,0a:00.1,0,4,0x14,00 00 00 00
1791530183155,RX,CfgRd,xio3130-downstream,0a:00.1,0,4,0x18,0a 0c 0c 00
1791530183155,RX,CfgRd,xio3130-downstream,0a:00.1,0,4,0x10,00 00 00 00
1791530183155,RX,CfgRd,xio3130-downstream,0a:00.1,0,4,0x14,00 00 00 00
1791530183155,RX,CfgRd,xio3130-downstream,0a:00.1,0,4,0x18,0a 0c 0c 00
1791530183155,RX,CfgRd,xio3130-downstream,0a:00.1,0,4,0x1c,00 00 00 00
1791530183155,RX,CfgRd,xio3130-downstream,0a:00.1,0,4,0x4,07 00 10 00
1791530183155,TX,CfgWr,xio3130-downstream,0a:00.1,0,4,0x4,04 00 10 00
1791530183155,TX,CfgWr,xio3130-downstream,0a:00.1,0,4,0x1c,ff ff ff ff
1791530183155,RX,CfgRd,xio3130-downstream,0a:00.1,0,4,0x1c,f0 f0 00 00
1791530183155,TX,CfgWr,xio3130-downstream,0a:00.1,0,4,0x1c,00 00 00 00
1791530183155,TX,CfgWr,xio3130-downstream,0a:00.1,0,4,0x4,07 00 10 00
1791530183155,RX,CfgRd,xio3130-downstream,0a:00.1,0,4,0x10,00 00 00 00
1791530183155,RX,CfgRd,xio3130-downstream,0a:00.1,0,4,0x14,00 00 00 00
1791530183155,RX,CfgRd,xio3130-downstream,0a:00.1,0,4,0x18,0a 0c 0c 00
1791530183155,RX,CfgRd,xio3130-downstream,0a:00.1,0,4,0x1c,00 00 00 00
1791530183155,RX,CfgRd,xio3130-downstream,0a:00.1,0,4,0x4,07 00 10 00
1791530183155,TX,CfgWr,xio3130-downstream,0a:00.1,0,4,0x4,04 00 10 00
1791530183155,TX,CfgWr,xio3130-downstream,0a:00.1,0,4,0x1c,ff ff ff ff
1791530183155,RX,CfgRd,xio3130-downstream,0a:00.1,0,4,0x1c,f0 f0 00 00
1791530183155,TX,CfgWr,xio3130-downstream,0a:00.1,0,4,0x1c,00 00 00 00
1791530183155,TX,CfgWr,xio3130-downstream,0a:00.1,0,4,0x4,07 00 10 00
1791530183155,RX,CfgRd,xio3130-downstream,0a:00.1,0,4,0x10,00 00 00 00
1791530183155,RX,CfgRd,xio3130-downstream,0a:00.1,0,4,0x14,00 00 00 00
1791530183155,RX,CfgRd,xio3130-downstream,0a:00.1,0,4,0x18,0a 0c 0c 00
1791530183155,RX,CfgRd,xio3130-downstream,0a:00.1,0,4,0x1c,00 00 00 00
1791530183155,RX,CfgRd,xio3130-downstream,0a:00.1,0,4,0x20,30 10 20 10
1791530183155,RX,CfgRd,xio3130-downstream,0a:00.1,0,4,0x4,07 00 10 00
1791530183155,TX,CfgWr,xio3130-downstream,0a:00.1,0,4,0x4,04 00 10 00
1791530183155,TX,CfgWr,xio3130-downstream,0a:00.1,0,4,0x20,ff ff ff ff
1791530183155,RX,CfgRd,xio3130-downstream,0a:00.1,0,4,0x20,f0 ff f0 ff
1791530183155,TX,CfgWr,xio3130-downstream,0a:00.1,0,4,0x20,30 10 20 10
1791530183155,TX,CfgWr,xio3130-downstream,0a:00.1,0,4,0x4,07 00 10 00
1791530183155,RX,CfgRd,xio3130-downstream,0a:00.1,0,4,0x20,30 10 20 10
1791530183155,RX,CfgRd,xio3130-downstream,0a:00.1,0,4,0x4,07 00 10 00
1791530183155,TX,CfgWr,xio3130-downstream,0a:00.1,0,4,0x4,04 00 10 00
1791530183155,TX,CfgWr,xio3130-downstream,0a:00.1,0,4,0x20,ff ff ff ff
1791530183155,RX,CfgRd,xio3130-downstream,0a:00.1,0,4,0x20,f0 ff f0 ff
1791530183155,TX,CfgWr,xio3130-downstream,0a:00.1,0,4,0x20,30 10 20 10
1791530183155,TX,CfgWr,xio3130-downstream,0a:00.1,0,4,0x4,07 00 10 00
1791530183155,RX,CfgRd,xio3130-downstream,0a:00.1,0,4,0x10,00 00 00 00
1791530183155,RX,CfgRd,xio3130-downstream,0a:00.1,0,4,0x14,00 00 00 00
1791530183155,RX,CfgRd,xio3130-downstream,0a:00.1,0,4,0x18,0a 0c 0c 00
1791530183155,RX,CfgRd,xio3130-downstream,0a:00.1,0,4,0x1c,00 00 00 00
1791530183155,RX,CfgRd,xio3130-downstream,0a:00.1,0,4,0x20,30 10 20 10
1791530183155,RX,CfgRd,xio3130-downstream,0a:00.1,0,4,0x4,07 00 10 00
1791530183155,TX,CfgWr,xio3130-downstream,0a:00.1,0,4,0x4,04 00 10 00
1791530183155,TX,CfgWr,xio3130-downstream,0a:00.1,0,4,0x20,ff ff ff ff
1791530183155,RX,CfgRd,xio3130-downstream,0a:00.1,0,4,0x20,f0 ff f0 ff
1791530183155,TX,CfgWr,xio3130-downstream,0a:00.1,0,4,0x20,30 10 20 10
1791530183155,TX,CfgWr,xio3130-downstream,0a:00.1,0,4,0x4,07 00 10 00
1791530183155,RX,CfgRd,xio3130-downstream,0a:00.1,0,4,0x20,30 10 20 10
1791530183155,RX,CfgRd,xio3130-downstream,0a:00.1,0,4,0x4,07 00 10 00
1791530183155,TX,CfgWr,xio3130-downstream,0a:00.1,0,4,0x4,04 00 10 00
1791530183155,TX,CfgWr,xio3130-downstream,0a:00.1,0,4,0x20,ff ff ff ff
1791530183155,RX,CfgRd,xio3130-downstream,0a:00.1,0,4,0x20,f0 ff f0 ff
1791530183155,TX,CfgWr,xio3130-downstream,0a:00.1,0,4,0x20,30 10 20 10
1791530183155,TX,CfgWr,xio3130-downstream,0a:00.1,0,4,0x4,07 00 10 00
1791530183155,RX,CfgRd,xio3130-downstream,0a:00.1,0,4,0x10,00 00 00 00
1791530183155,RX,CfgRd,xio3130-downstream,0a:00.1,0,4,0x14,00 00 00 00
1791530183155,RX,CfgRd,xio3130-downstream,0a:00.1,0,4,0x18,0a 0c 0c 00
1791530183155,RX,CfgRd,xio3130-downstream,0a:00.1,0,4,0x1c,00 00 00 00
1791530183155,RX,CfgRd,xio3130-downstream,0a:00.1,0,4,0x20,30 10 20 10
1791530183155,RX,CfgRd,xio3130-downstream,0a:00.1,0,4,0x24,51 00 51 00
1791530183155,RX,CfgRd,xio3130-downstream,0a:00.1,0,4,0x4,07 00 10 00
1791530183155,TX,CfgWr,xio3130-downstream,0a:00.1,0,4,0x4,04 00 10 00
1791530183155,TX,CfgWr,xio3130-downstream,0a:00.1,0,4,0x24,ff ff ff ff
1791530183155,RX,CfgRd,xio3130-downstream,0a:00.1,0,4,0x24,f1 ff f1 ff
1791530183155,TX,CfgWr,xio3130-downstream,0a:00.1,0,4,0x24,51 00 51 00
1791530183155,TX,CfgWr,xio3130-downstream,0a:00.1,0,4,0x4,07 00 10 00
1791530183155,RX,CfgRd,xio3130-downstream,0a:00.1,0,4,0x24,51 00 51 00
1791530183155,RX,CfgRd,xio3130-downstream,0a:00.1,0,4,0x4,07 00 10 00
1791530183155,TX,CfgWr,xio3130-downstream,0a:00.1,0,4,0x4,04 00 10 00
1791530183155,TX,CfgWr,xio3130-downstream,0a:00.1,0,4,0x24,ff ff ff ff
1791530183155,RX,CfgRd,xio3130-downstream,0a:00.1,0,4,0x24,f1 ff f1 ff
1791530183155,TX,CfgWr,xio3130-downstream,0a:00.1,0,4,0x24,51 00 51 00
1791530183155,TX,CfgWr,xio3130-downstream,0a:00.1,0,4,0x4,07 00 10 00
1791530183155,RX,CfgRd,xio3130-downstream,0a:00.1,0,4,0x10,00 00 00 00
1791530183155,RX,CfgRd,xio3130-downstream,0a:00.1,0,4,0x14,00 00 00 00
1791530183155,RX,CfgRd,xio3130-downstream,0a:00.1,0,4,0x18,0a 0c 0c 00
1791530183155,RX,CfgRd,xio3130-downstream,0a:00.1,0,4,0x1c,00 00 00 00
1791530183155,RX,CfgRd,xio3130-downstream,0a:00.1,0,4,0x20,30 10 20 10
1791530183155,RX,CfgRd,xio3130-downstream,0a:00.1,0,4,0x24,51 00 51 00
1791530183155,RX,CfgRd,xio3130-downstream,0a:00.1,0,4,0x4,07 00 10 00
1791530183155,TX,CfgWr,xio3130-downstream,0a:00.1,0,4,0x4,04 00 10 00
1791530183155,TX,CfgWr,xio3130-downstream,0a:00.1,0,4,0x24,ff ff ff ff
1791530183155,RX,CfgRd,xio3130-downstream,0a:00.1,0,4,0x24,f1 ff f1 ff
1791530183155,TX,CfgWr,xio3130-downstream,0a:00.1,0,4,0x24,51 00 51 00
1791530183155,TX,CfgWr,xio3130-downstream,0a:00.1,0,4,0x4,07 00 10 00
1791530183155,RX,CfgRd,xio3130-downstream,0a:00.1,0,4,0x24,51 00 51 00
1791530183155,RX,CfgRd,xio3130-downstream,0a:00.1,0,4,0x4,07 00 10 00
1791530183155,TX,CfgWr,xio3130-downstream,0a:00.1,0,4,0x4,04 00 10 00
1791530183155,TX,CfgWr,xio3130-downstream,0a:00.1,0,4,0x24,ff ff ff ff
1791530183155,RX,CfgRd,xio3130-downstream,0a:00.1,0,4,0x24,f1 ff f1 ff
1791530183155,TX,CfgWr,xio3130-downstream,0a:00.1,0,4,0x24,51 00 51 00
1791530183155,TX,CfgWr,xio3130-downstream,0a:00.1,0,4,0x4,07 00 10 00
1791530183155,RX,CfgRd,xio3130-downstream,0a:00.1,0,4,0x4,07 00 10 00
1791530183155,RX,CfgRd,xio3130-downstream,0a:00.1,0,4,0x34,90 00 00 00
1791530183155,RX,CfgRd,xio3130-downstream,0a:00.1,0,4,0x90,10 80 62 01
1791530183155,RX,CfgRd,xio3130-downstream,0a:00.1,0,4,0x80,0d 70 00 00
1791530183155,RX,CfgRd,xio3130-downstream,0a:00.1,0,4,0x70,05 00 80 00
1791530183155,RX,CfgRd,xio3130-downstream,0a:00.1,0,4,0x100,01 00 02 00
1791530183155,RX,CfgRd,xio3130-downstream,0a:00.1,0,4,0x4,07 00 10 00
1791530183155,TX,CfgWr,xio3130-downstream,0a:00.1,0,4,0x4,07 00 10 00
1791530183155,RX,CfgRd,xio3130-downstream,0a:00.1,0,4,0x4,07 00 10 00
1791530183155,RX,CfgRd,xio3130-downstream,0a:00.1,0,4,0x4,07 00 10 00
1791530183155,TX,CfgWr,xio3130-downstream,0a:00.1,0,4,0x4,01 00 10 00
1791530183155,RX,CfgRd,xio3130-downstream,0a:00.1,0,4,0x3c,00 00 00 00
1791530183155,RX,CfgRd,nvme,0c:00.0,0,4,0x0,36 1b 10 00
1791530183155,RX,CfgRd,nvme,0c:00.0,0,4,0xc,00 00 00 00
1791530183155,RX,CfgRd,nvme,0c:00.0,0,4,0x10,04 00 50 00
1791530183155,RX,CfgRd,nvme,0c:00.0,0,4,0x4,00 00 10 00
1791530183155,TX,CfgWr,nvme,0c:00.0,0,4,0x4,00 00 10 00
1791530183156,TX,CfgWr,nvme,0c:00.0,0,4,0x10,ff ff ff ff
1791530183156,RX,CfgRd,nvme,0c:00.0,0,4,0x10,04 c0 ff ff
1791530183156,TX,CfgWr,nvme,0c:00.0,0,4,0x10,04 00 50 00
1791530183156,RX,CfgRd,nvme,0c:00.0,0,4,0x14,80 00 00 00
1791530183156,TX,CfgWr,nvme,0c:00.0,0,4,0x14,ff ff ff ff
1791530183156,RX,CfgRd,nvme,0c:00.0,0,4,0x14,ff ff ff ff
1791530183156,TX,CfgWr,nvme,0c:00.0,0,4,0x14,80 00 00 00
1791530183156,TX,CfgWr,nvme,0c:00.0,0,4,0x4,00 00 10 00
1791530183156,RX,CfgRd,nvme,0c:00.0,0,4,0x10,04 00 50 00
1791530183156,RX,CfgRd,nvme,0c:00.0,0,4,0x4,00 00 10 00
1791530183156,TX,CfgWr,nvme,0c:00.0,0,4,0x4,00 00 10 00
1791530183156,TX,CfgWr,nvme,0c:00.0,0,4,0x10,ff ff ff ff
1791530183156,RX,CfgRd,nvme,0c:00.0,0,4,0x10,04 c0 ff ff
1791530183156,TX,CfgWr,nvme,0c:00.0,0,4,0x10,04 00 50 00
1791530183156,RX,CfgRd,nvme,0c:00.0,0,4,0x14,80 00 00 00
1791530183156,TX,CfgWr,nvme,0c:00.0,0,4,0x14,ff ff ff ff
1791530183156,RX,CfgRd,nvme,0c:00.0,0,4,0x14,ff ff ff ff
1791530183156,TX,CfgWr,nvme,0c:00.0,0,4,0x14,80 00 00 00
1791530183156,TX,CfgWr,nvme,0c:00.0,0,4,0x4,00 00 10 00
1791530183156,RX,CfgRd,nvme,0c:00.0,0,4,0x10,04 00 50 00
1791530183156,RX,CfgRd,nvme,0c:00.0,0,4,0x4,00 00 10 00
1791530183156,TX,CfgWr,nvme,0c:00.0,0,4,0x4,00 00 10 00
1791530183156,TX,CfgWr,nvme,0c:00.0,0,4,0x10,ff ff ff ff
1791530183156,RX,CfgRd,nvme,0c:00.0,0,4,0x10,04 c0 ff ff
1791530183156,TX,CfgWr,nvme,0c:00.0,0,4,0x10,04 00 50 00
1791530183156,RX,CfgRd,nvme,0c:00.0,0,4,0x14,80 00 00 00
1791530183156,TX,CfgWr,nvme,0c:00.0,0,4,0x14,ff ff ff ff
1791530183156,RX,CfgRd,nvme,0c:00.0,0,4,0x14,ff ff ff ff
1791530183156,TX,CfgWr,nvme,0c:00.0,0,4,0x14,80 00 00 00
1791530183156,TX,CfgWr,nvme,0c:00.0,0,4,0x4,00 00 10 00
1791530183156,RX,CfgRd,nvme,0c:00.0,0,4,0x10,04 00 50 00
1791530183156,RX,CfgRd,nvme,0c:00.0,0,4,0x4,00 00 10 00
1791530183156,TX,CfgWr,nvme,0c:00.0,0,4,0x4,00 00 10 00
1791530183156,TX,CfgWr,nvme,0c:00.0,0,4,0x10,ff ff ff ff
1791530183156,RX,CfgRd,nvme,0c:00.0,0,4,0x10,04 c0 ff ff
1791530183156,TX,CfgWr,nvme,0c:00.0,0,4,0x10,04 00 50 00
1791530183156,RX,CfgRd,nvme,0c:00.0,0,4,0x14,80 00 00 00
1791530183156,TX,CfgWr,nvme,0c:00.0,0,4,0x14,ff ff ff ff
1791530183156,RX,CfgRd,nvme,0c:00.0,0,4,0x14,ff ff ff ff
1791530183156,TX,CfgWr,nvme,0c:00.0,0,4,0x14,80 00 00 00
1791530183156,TX,CfgWr,nvme,0c:00.0,0,4,0x4,00 00 10 00
1791530183156,RX,CfgRd,nvme,0c:00.0,0,4,0x10,04 00 50 00
1791530183156,RX,CfgRd,nvme,0c:00.0,0,4,0x18,00 00 00 00
1791530183156,RX,CfgRd,nvme,0c:00.0,0,4,0x4,00 00 10 00
1791530183156,TX,CfgWr,nvme,0c:00.0,0,4,0x4,00 00 10 00
1791530183156,TX,CfgWr,nvme,0c:00.0,0,4,0x18,ff ff ff ff
1791530183156,RX,CfgRd,nvme,0c:00.0,0,4,0x18,00 00 00 00
1791530183156,TX,CfgWr,nvme,0c:00.0,0,4,0x18,00 00 00 00
1791530183156,TX,CfgWr,nvme,0c:00.0,0,4,0x4,00 00 10 00
1791530183156,RX,CfgRd,nvme,0c:00.0,0,4,0x10,04 00 50 00
1791530183156,RX,CfgRd,nvme,0c:00.0,0,4,0x18,00 00 00 00
1791530183156,RX,CfgRd,nvme,0c:00.0,0,4,0x4,00 00 10 00
1791530183156,TX,CfgWr,nvme,0c:00.0,0,4,0x4,00 00 10 00
1791530183156,TX,CfgWr,nvme,0c:00.0,0,4,0x18,ff ff ff ff
1791530183156,RX,CfgRd,nvme,0c:00.0,0,4,0x18,00 00 00 00
1791530183156,TX,CfgWr,nvme,0c:00.0,0,4,0x18,00 00 00 00
1791530183156,TX,CfgWr,nvme,0c:00.0,0,4,0x4,00 00 10 00
1791530183156,RX,CfgRd,nvme,0c:00.0,0,4,0x10,04 00 50 00
1791530183156,RX,CfgRd,nvme,0c:00.0,0,4,0x18,00 00 00 00
1791530183156,RX,CfgRd,nvme,0c:00.0,0,4,0x1c,00 00 00 00
1791530183156,RX,CfgRd,nvme,0c:00.0,0,4,0x4,00 00 10 00
1791530183156,TX,CfgWr,nvme,0c:00.0,0,4,0x4,00 00 10 00
1791530183156,TX,CfgWr,nvme,0c:00.0,0,4,0x1c,ff ff ff ff
1791530183156,RX,CfgRd,nvme,0c:00.0,0,4,0x1c,00 00 00 00
1791530183156,TX,CfgWr,nvme,0c:00.0,0,4,0x1c,00 00 00 00
1791530183156,TX,CfgWr,nvme,0c:00.0,0,4,0x4,00 00 10 00
1791530183156,RX,CfgRd,nvme,0c:00.0,0,4,0x10,04 00 50 00
1791530183156,RX,CfgRd,nvme,0c:00.0,0,4,0x18,00 00 00 00
1791530183156,RX,CfgRd,nvme,0c:00.0,0,4,0x1c,00 00 00 00
1791530183156,RX,CfgRd,nvme,0c:00.0,0,4,0x4,00 00 10 00
1791530183156,TX,CfgWr,nvme,0c:00.0,0,4,0x4,00 00 10 00
1791530183156,TX,CfgWr,nvme,0c:00.0,0,4,0x1c,ff ff ff ff
1791530183156,RX,CfgRd,nvme,0c:00.0,0,4,0x1c,00 00 00 00
1791530183156,TX,CfgWr,nvme,0c:00.0,0,4,0x1c,00 00 00 00
1791530183156,TX,CfgWr,nvme,0c:00.0,0,4,0x4,00 00 10 00
1791530183156,RX,CfgRd,nvme,0c:00.0,0,4,0x10,04 00 50 00
1791530183156,RX,CfgRd,nvme,0c:00.0,0,4,0x18,00 00 00 00
1791530183156,RX,CfgRd,nvme,0c:00.0,0,4,0x1c,00 00 00 00
1791530183156,RX,CfgRd,nvme,0c:00.0,0,4,0x20,00 00 00 00
1791530183156,RX,CfgRd,nvme,0c:00.0,0,4,0x4,00 00 10 00
1791530183156,TX,CfgWr,nvme,0c:00.0,0,4,0x4,00 00 10 00
1791530183156,TX,CfgWr,nvme,0c:00.0,0,4,0x20,ff ff ff ff
1791530183156,RX,CfgRd,nvme,0c:00.0,0,4,0x20,00 00 00 00
1791530183156,TX,CfgWr,nvme,0c:00.0,0,4,0x20,00 00 00 00
1791530183156,TX,CfgWr,nvme,0c:00.0,0,4,0x4,00 00 10 00
1791530183156,RX,CfgRd,nvme,0c:00.0,0,4,0x10,04 00 50 00
1791530183156,RX,CfgRd,nvme,0c:00.0,0,4,0x18,00 00 00 00
1791530183156,RX,CfgRd,nvme,0c:00.0,0,4,0x1c,00 00 00 00
1791530183156,RX,CfgRd,nvme,0c:00.0,0,4,0x20,00 00 00 00
1791530183156,RX,CfgRd,nvme,0c:00.0,0,4,0x4,00 00 10 00
1791530183156,TX,CfgWr,nvme,0c:00.0,0,4,0x4,00 00 10 00
1791530183156,TX,CfgWr,nvme,0c:00.0,0,4,0x20,ff ff ff ff
1791530183156,RX,CfgRd,nvme,0c:00.0,0,4,0x20,00 00 00 00
1791530183157,TX,CfgWr,nvme,0c:00.0,0,4,0x20,00 00 00 00
1791530183157,TX,CfgWr,nvme,0c:00.0,0,4,0x4,00 00 10 00
1791530183157,RX,CfgRd,nvme,0c:00.0,0,4,0x10,04 00 50 00
1791530183157,RX,CfgRd,nvme,0c:00.0,0,4,0x18,00 00 00 00
1791530183157,RX,CfgRd,nvme,0c:00.0,0,4,0x1c,00 00 00 00
1791530183157,RX,CfgRd,nvme,0c:00.0,0,4,0x20,00 00 00 00
1791530183157,RX,CfgRd,nvme,0c:00.0,0,4,0x24,00 00 00 00
1791530183157,RX,CfgRd,nvme,0c:00.0,0,4,0x4,00 00 10 00
1791530183157,TX,CfgWr,nvme,0c:00.0,0,4,0x4,00 00 10 00
1791530183157,TX,CfgWr,nvme,0c:00.0,0,4,0x24,ff ff ff ff
1791530183157,RX,CfgRd,nvme,0c:00.0,0,4,0x24,00 00 00 00
1791530183157,TX,CfgWr,nvme,0c:00.0,0,4,0x24,00 00 00 00
1791530183157,TX,CfgWr,nvme,0c:00.0,0,4,0x4,00 00 10 00
1791530183157,RX,CfgRd,nvme,0c:00.0,0,4,0x10,04 00 50 00
1791530183157,RX,CfgRd,nvme,0c:00.0,0,4,0x18,00 00 00 00
1791530183157,RX,CfgRd,nvme,0c:00.0,0,4,0x1c,00 00 00 00
1791530183157,RX,CfgRd,nvme,0c:00.0,0,4,0x20,00 00 00 00
1791530183157,RX,CfgRd,nvme,0c:00.0,0,4,0x24,00 00 00 00
1791530183157,RX,CfgRd,nvme,0c:00.0,0,4,0x4,00 00 10 00
1791530183157,TX,CfgWr,nvme,0c:00.0,0,4,0x4,00 00 10 00
1791530183157,TX,CfgWr,nvme,0c:00.0,0,4,0x24,ff ff ff ff
1791530183157,RX,CfgRd,nvme,0c:00.0,0,4,0x24,00 00 00 00
1791530183157,TX,CfgWr,nvme,0c:00.0,0,4,0x24,00 00 00 00
1791530183157,TX,CfgWr,nvme,0c:00.0,0,4,0x4,00 00 10 00
1791530183157,RX,CfgRd,nvme,0c:00.0,0,4,0x10,04 00 50 00
1791530183157,RX,CfgRd,nvme,0c:00.0,0,4,0x18,00 00 00 00
1791530183157,RX,CfgRd,nvme,0c:00.0,0,4,0x1c,00 00 00 00
1791530183157,RX,CfgRd,nvme,0c:00.0,0,4,0x20,00 00 00 00
1791530183157,RX,CfgRd,nvme,0c:00.0,0,4,0x24,00 00 00 00
1791530183157,RX,CfgRd,nvme,0c:00.0,0,4,0x10,04 00 50 00
1791530183157,RX,CfgRd,nvme,0c:00.0,0,4,0x18,00 00 00 00
1791530183157,RX,CfgRd,nvme,0c:00.0,0,4,0x1c,00 00 00 00
1791530183157,RX,CfgRd,nvme,0c:00.0,0,4,0x20,00 00 00 00
1791530183157,RX,CfgRd,nvme,0c:00.0,0,4,0x24,00 00 00 00
1791530183157,RX,CfgRd,nvme,0c:00.0,0,4,0x4,00 00 10 00
1791530183157,RX,CfgRd,nvme,0c:00.0,0,4,0x34,40 00 00 00
1791530183157,RX,CfgRd,nvme,0c:00.0,0,4,0x40,11 80 40 00
1791530183157,RX,CfgRd,nvme,0c:00.0,0,4,0x80,10 60 02 00
1791530183157,RX,CfgRd,nvme,0c:00.0,0,4,0x60,01 00 03 00
1791530183157,RX,CfgRd,nvme,0c:00.0,0,4,0x100,00 00 00 00
1791530183157,RX,CfgRd,nvme,0c:00.0,0,4,0x4,00 00 10 00
1791530183157,TX,CfgWr,nvme,0c:00.0,0,4,0x4,06 00 10 00
1791530183157,RX,CfgRd,nvme,0c:00.0,0,4,0x4,06 00 10 00
1791530183157,RX,CfgRd,nvme,0c:00.0,0,4,0x4,06 00 10 00
1791530183157,TX,CfgWr,nvme,0c:00.0,0,4,0x4,00 00 10 00
1791530183157,RX,CfgRd,nvme,0c:00.0,0,4,0x3c,00 01 00 00
1791530183163,RX,CfgRd,pcie-root-port,00:01.3,0,4,0x0,36 1b 0c 00
1791530183163,RX,CfgRd,pcie-root-port,00:01.3,0,4,0xc,00 00 01 00
1791530183163,RX,CfgRd,pcie-root-port,00:01.3,0,4,0x18,00 0d 10 00
1791530183163,RX,CfgRd,pcie-root-port,00:01.3,0,4,0x10,00 00 30 10
1791530183163,RX,CfgRd,pcie-root-port,00:01.3,0,4,0x4,07 00 10 00
1791530183163,TX,CfgWr,pcie-root-port,00:01.3,0,4,0x4,04 00 10 00
1791530183163,TX,CfgWr,pcie-root-port,00:01.3,0,4,0x10,ff ff ff ff
1791530183163,RX,CfgRd,pcie-root-port,00:01.3,0,4,0x10,00 f0 ff ff
1791530183163,TX,CfgWr,pcie-root-port,00:01.3,0,4,0x10,00 00 30 10
1791530183163,TX,CfgWr,pcie-root-port,00:01.3,0,4,0x4,07 00 10 00
1791530183163,RX,CfgRd,pcie-root-port,00:01.3,0,4,0x10,00 00 30 10
1791530183163,RX,CfgRd,pcie-root-port,00:01.3,0,4,0x4,07 00 10 00
1791530183163,TX,CfgWr,pcie-root-port,00:01.3,0,4,0x4,04 00 10 00
1791530183163,TX,CfgWr,pcie-root-port,00:01.3,0,4,0x10,ff ff ff ff
1791530183163,RX,CfgRd,pcie-root-port,00:01.3,0,4,0x10,00 f0 ff ff
1791530183163,TX,CfgWr,pcie-root-port,00:01.3,0,4,0x10,00 00 30 10
1791530183163,TX,CfgWr,pcie-root-port,00:01.3,0,4,0x4,07 00 10 00
1791530183163,RX,CfgRd,pcie-root-port,00:01.3,0,4,0x10,00 00 30 10
1791530183163,RX,CfgRd,pcie-root-port,00:01.3,0,4,0x4,07 00 10 00
1791530183163,TX,CfgWr,pcie-root-port,00:01.3,0,4,0x4,04 00 10 00
1791530183163,TX,CfgWr,pcie-root-port,00:01.3,0,4,0x10,ff ff ff ff
1791530183163,RX,CfgRd,pcie-root-port,00:01.3,0,4,0x10,00 f0 ff ff
1791530183163,TX,CfgWr,pcie-root-port,00:01.3,0,4,0x10,00 00 30 10
1791530183163,TX,CfgWr,pcie-root-port,00:01.3,0,4,0x4,07 00 10 00
1791530183163,RX,CfgRd,pcie-root-port,00:01.3,0,4,0x10,00 00 30 10
1791530183163,RX,CfgRd,pcie-root-port,00:01.3,0,4,0x4,07 00 10 00
1791530183163,TX,CfgWr,pcie-root-port,00:01.3,0,4,0x4,04 00 10 00
1791530183163,TX,CfgWr,pcie-root-port,00:01.3,0,4,0x10,ff ff ff ff
1791530183163,RX,CfgRd,pcie-root-port,00:01.3,0,4,0x10,00 f0 ff ff
1791530183163,TX,CfgWr,pcie-root-port,00:01.3,0,4,0x10,00 00 30 10
1791530183163,TX,CfgWr,pcie-root-port,00:01.3,0,4,0x4,07 00 10 00
1791530183163,RX,CfgRd,pcie-root-port,00:01.3,0,4,0x10,00 00 30 10
1791530183163,RX,CfgRd,pcie-root-port,00:01.3,0,4,0x14,00 00 00 00
1791530183163,RX,CfgRd,pcie-root-port,00:01.3,0,4,0x4,07 00 10 00
1791530183163,TX,CfgWr,pcie-root-port,00:01.3,0,4,0x4,04 00 10 00
1791530183163,TX,CfgWr,pcie-root-port,00:01.3,0,4,0x14,ff ff ff ff
1791530183163,RX,CfgRd,pcie-root-port,00:01.3,0,4,0x14,00 00 00 00
1791530183163,TX,CfgWr,pcie-root-port,00:01.3,0,4,0x14,00 00 00 00
1791530183163,TX,CfgWr,pcie-root-port,00:01.3,0,4,0x4,07 00 10 00
1791530183163,RX,CfgRd,pcie-root-port,00:01.3,0,4,0x10,00 00 30 10
1791530183163,RX,CfgRd,pcie-root-port,00:01.3,0,4,0x14,00 00 00 00
1791530183163,RX,CfgRd,pcie-root-port,00:01.3,0,4,0x4,07 00 10 00
1791530183164,TX,CfgWr,pcie-root-port,00:01.3,0,4,0x4,04 00 10 00
1791530183164,TX,CfgWr,pcie-root-port,00:01.3,0,4,0x14,ff ff ff ff
1791530183164,RX,CfgRd,pcie-root-port,00:01.3,0,4,0x14,00 00 00 00
1791530183164,TX,CfgWr,pcie-root-port,00:01.3,0,4,0x14,00 00 00 00
1791530183164,TX,CfgWr,pcie-root-port,00:01.3,0,4,0x4,07 00 10 00
1791530183164,RX,CfgRd,pcie-root-port,00:01.3,0,4,0x10,00 00 30 10
1791530183164,RX,CfgRd,pcie-root-port,00:01.3,0,4,0x14,00 00 00 00
1791530183164,RX,CfgRd,pcie-root-port,00:01.3,0,4,0x18,00 0d 10 00
1791530183164,RX,CfgRd,pcie-root-port,00:01.3,0,4,0x4,07 00 10 00
1791530183164,TX,CfgWr,pcie-root-port,00:01.3,0,4,0x4,04 00 10 00
1791530183164,TX,CfgWr,pcie-root-port,00:01.3,0,4,0x18,ff ff ff ff
1791530183164,RX,CfgRd,pcie-root-port,00:01.3,0,4,0x18,ff ff ff 00
1791530183164,TX,CfgWr,pcie-root-port,00:01.3,0,4,0x18,00 0d 10 00
1791530183164,TX,CfgWr,pcie-root-port,00:01.3,0,4,0x4,07 00 10 00
1791530183164,RX,CfgRd,pcie-root-port,00:01.3,0,4,0x18,00 0d 10 00
1791530183164,RX,CfgRd,pcie-root-port,00:01.3,0,4,0x4,07 00 10 00
1791530183164,TX,CfgWr,pcie-root-port,00:01.3,0,4,0x4,04 00 10 00
1791530183164,TX,CfgWr,pcie-root-port,00:01.3,0,4,0x18,ff ff ff ff
1791530183164,RX,CfgRd,pcie-root-port,00:01.3,0,4,0x18,ff ff ff 00
1791530183164,TX,CfgWr,pcie-root-port,00:01.3,0,4,0x18,00 0d 10 00
1791530183164,TX,CfgWr,pcie-root-port,00:01.3,0,4,0x4,07 00 10 00
1791530183164,RX,CfgRd,pcie-root-port,00:01.3,0,4,0x10,00 00 30 10
1791530183164,RX,CfgRd,pcie-root-port,00:01.3,0,4,0x14,00 00 00 00
1791530183164,RX,CfgRd,pcie-root-port,00:01.3,0,4,0x18,00 0d 10 00
1791530183164,RX,CfgRd,pcie-root-port,00:01.3,0,4,0x4,07 00 10 00
1791530183164,TX,CfgWr,pcie-root-port,00:01.3,0,4,0x4,04 00 10 00
1791530183164,TX,CfgWr,pcie-root-port,00:01.3,0,4,0x18,ff ff ff ff
1791530183164,RX,CfgRd,pcie-root-port,00:01.3,0,4,0x18,ff ff ff 00
1791530183164,TX,CfgWr,pcie-root-port,00:01.3,0,4,0x18,00 0d 10 00
1791530183164,TX,CfgWr,pcie-root-port,00:01.3,0,4,0x4,07 00 10 00
1791530183164,RX,CfgRd,pcie-root-port,00:01.3,0,4,0x18,00 0d 10 00
1791530183164,RX,CfgRd,pcie-root-port,00:01.3,0,4,0x4,07 00 10 00
1791530183164,TX,CfgWr,pcie-root-port,00:01.3,0,4,0x4,04 00 10 00
1791530183164,TX,CfgWr,pcie-root-port,00:01.3,0,4,0x18,ff ff ff ff
1791530183164,RX,CfgRd,pcie-root-port,00:01.3,0,4,0x18,ff ff ff 00
