timestamp_ns,direction,type,requester_id,completer_id,tag,length,addr,payload
1791530182647,TX,MemRd,cpu0,pcie-mmcfg-mmio,0,4,0x0,36 1b 08 00
1791530182647,TX,MemRd,cpu0,pcie-mmcfg-mmio,0,4,0x8,00 00 00 06
1791530182647,TX,MemRd,cpu0,pcie-mmcfg-mmio,0,4,0xc,00 00 00 00
1791530182647,TX,MemRd,cpu0,pcie-mmcfg-mmio,0,4,0x10,00 00 00 00
1791530182647,TX,MemWr,cpu0,pcie-mmcfg-mmio,0,4,0x10,ff ff ff ff
1791530182647,TX,MemRd,cpu0,pcie-mmcfg-mmio,0,4,0x10,00 00 00 00
1791530182647,TX,MemWr,cpu0,pcie-mmcfg-mmio,0,4,0x10,00 00 00 00
1791530182647,TX,MemRd,cpu0,pcie-mmcfg-mmio,0,4,0x14,00 00 00 00
1791530182647,TX,MemWr,cpu0,pcie-mmcfg-mmio,0,4,0x14,ff ff ff ff
1791530182647,TX,MemRd,cpu0,pcie-mmcfg-mmio,0,4,0x14,00 00 00 00
1791530182647,TX,MemWr,cpu0,pcie-mmcfg-mmio,0,4,0x14,00 00 00 00
1791530182647,TX,MemRd,cpu0,pcie-mmcfg-mmio,0,4,0x18,00 00 00 00
1791530182647,TX,MemWr,cpu0,pcie-mmcfg-mmio,0,4,0x18,ff ff ff ff
1791530182647,TX,MemRd,cpu0,pcie-mmcfg-mmio,0,4,0x18,00 00 00 00
1791530182647,TX,MemWr,cpu0,pcie-mmcfg-mmio,0,4,0x18,00 00 00 00
1791530182647,TX,MemRd,cpu0,pcie-mmcfg-mmio,0,4,0x1c,00 00 00 00
1791530182647,TX,MemWr,cpu0,pcie-mmcfg-mmio,0,4,0x1c,ff ff ff ff
1791530182647,TX,MemRd,cpu0,pcie-mmcfg-mmio,0,4,0x1c,00 00 00 00
1791530182647,TX,MemWr,cpu0,pcie-mmcfg-mmio,0,4,0x1c,00 00 00 00
1791530182647,TX,MemRd,cpu0,pcie-mmcfg-mmio,0,4,0x20,00 00 00 00
1791530182647,TX,MemWr,cpu0,pcie-mmcfg-mmio,0,4,0x20,ff ff ff ff
1791530182647,TX,MemRd,cpu0,pcie-mmcfg-mmio,0,4,0x20,00 00 00 00
1791530182647,TX,MemWr,cpu0,pcie-mmcfg-mmio,0,4,0x20,00 00 00 00
1791530182647,TX,MemRd,cpu0,pcie-mmcfg-mmio,0,4,0x24,00 00 00 00
1791530182647,TX,MemWr,cpu0,pcie-mmcfg-mmio,0,4,0x24,ff ff ff ff
1791530182647,TX,MemRd,cpu0,pcie-mmcfg-mmio,0,4,0x24,00 00 00 00
1791530182647,TX,MemWr,cpu0,pcie-mmcfg-mmio,0,4,0x24,00 00 00 00
1791530182647,TX,MemRd,cpu0,pcie-mmcfg-mmio,0,4,0x8000,36 1b 0c 00
1791530182647,TX,MemRd,cpu0,pcie-mmcfg-mmio,0,4,0x8008,00 00 04 06
1791530182647,TX,MemRd,cpu0,pcie-mmcfg-mmio,0,4,0x800c,00 00 81 00
1791530182647,TX,MemRd,cpu0,pcie-mmcfg-mmio,0,4,0x8008,00 00 04 06
1791530182647,TX,MemRd,cpu0,pcie-mmcfg-mmio,0,4,0x8018,00 00 00 00
1791530182647,TX,MemRd,cpu0,pcie-mmcfg-mmio,0,4,0x8010,00 00 00 00
1791530182647,TX,MemWr,cpu0,pcie-mmcfg-mmio,0,4,0x8010,ff ff ff ff
1791530182647,TX,MemRd,cpu0,pcie-mmcfg-mmio,0,4,0x8010,00 f0 ff ff
1791530182647,TX,MemWr,cpu0,pcie-mmcfg-mmio,0,4,0x8010,00 00 00 00
1791530182647,TX,MemWr,cpu0,pcie-mmcfg-mmio,0,4,0x8010,00 00 00 10
1791530182647,TX,MemRd,cpu0,pcie-mmcfg-mmio,0,4,0x8014,00 00 00 00
1791530182647,TX,MemWr,cpu0,pcie-mmcfg-mmio,0,4,0x8014,ff ff ff ff
1791530182647,TX,MemRd,cpu0,pcie-mmcfg-mmio,0,4,0x8014,00 00 00 00
1791530182647,TX,MemWr,cpu0,pcie-mmcfg-mmio,0,4,0x8014,00 00 00 00
1791530182647,TX,MemWr,cpu0,pcie-mmcfg-mmio,0,4,0x8018,00 01 ff 00
1791530182647,TX,MemRd,cpu0,pcie-mmcfg-mmio,0,4,0x801c,f0 00 00 00
1791530182647,TX,MemRd,cpu0,pcie-mmcfg-mmio,0,4,0x8030,00 00 00 00
1791530182647,TX,MemWr,cpu0,pcie-mmcfg-mmio,0,4,0x801c,f0 00 00 00
1791530182647,TX,MemWr,cpu0,pcie-mmcfg-mmio,0,4,0x8030,00 00 00 00
1791530182647,TX,MemRd,cpu0,pcie-mmcfg-mmio,0,4,0x8004,00 00 10 00
1791530182647,TX,MemWr,cpu0,pcie-mmcfg-mmio,0,4,0x8004,01 00 10 00
1791530182647,TX,MemRd,cpu0,pcie-mmcfg-mmio,0,4,0x8020,f0 ff 00 00
1791530182647,TX,MemWr,cpu0,pcie-mmcfg-mmio,0,4,0x8020,10 10 00 00
1791530182647,TX,MemRd,cpu0,pcie-mmcfg-mmio,0,4,0x8004,01 00 10 00
1791530182647,TX,MemWr,cpu0,pcie-mmcfg-mmio,0,4,0x8004,03 00 10 00
1791530182647,TX,MemRd,cpu0,pcie-mmcfg-mmio,0,4,0x8024,f1 ff 01 00
1791530182647,TX,MemWr,cpu0,pcie-mmcfg-mmio,0,4,0x8024,00 00 01 00
1791530182647,TX,MemWr,cpu0,pcie-mmcfg-mmio,0,4,0x8028,80 00 00 00
1791530182647,TX,MemRd,cpu0,pcie-mmcfg-mmio,0,4,0x8004,03 00 10 00
1791530182647,TX,MemWr,cpu0,pcie-mmcfg-mmio,0,4,0x8004,03 00 10 00
1791530182647,TX,MemRd,cpu0,pcie-mmcfg-mmio,0,4,0x8004,03 00 10 00
1791530182647,TX,MemWr,cpu0,pcie-mmcfg-mmio,0,4,0x8004,07 00 10 00
1791530182647,TX,MemRd,cpu0,pcie-mmcfg-mmio,0,4,0x100000,4c 10 32 82
1791530182647,TX,MemRd,cpu0,pcie-mmcfg-mmio,0,4,0x100008,02 00 04 06
1791530182647,TX,MemRd,cpu0,pcie-mmcfg-mmio,0,4,0x10000c,00 00 01 00
1791530182647,TX,MemRd,cpu0,pcie-mmcfg-mmio,0,4,0x100008,02 00 04 06
1791530182647,TX,MemRd,cpu0,pcie-mmcfg-mmio,0,4,0x100018,00 00 00 00
1791530182647,TX,MemRd,cpu0,pcie-mmcfg-mmio,0,4,0x100010,00 00 00 00
1791530182647,TX,MemWr,cpu0,pcie-mmcfg-mmio,0,4,0x100010,ff ff ff ff
1791530182647,TX,MemRd,cpu0,pcie-mmcfg-mmio,0,4,0x100010,00 00 00 00
1791530182647,TX,MemWr,cpu0,pcie-mmcfg-mmio,0,4,0x100010,00 00 00 00
1791530182647,TX,MemRd,cpu0,pcie-mmcfg-mmio,0,4,0x100014,00 00 00 00
1791530182647,TX,MemWr,cpu0,pcie-mmcfg-mmio,0,4,0x100014,ff ff ff ff
1791530182647,TX,MemRd,cpu0,pcie-mmcfg-mmio,0,4,0x100014,00 00 00 00
1791530182647,TX,MemWr,cpu0,pcie-mmcfg-mmio,0,4,0x100014,00 00 00 00
1791530182647,TX,MemWr,cpu0,pcie-mmcfg-mmio,0,4,0x100018,01 02 ff 00
1791530182647,TX,MemRd,cpu0,pcie-mmcfg-mmio,0,4,0x10001c,00 00 00 00
1791530182647,TX,MemRd,cpu0,pcie-mmcfg-mmio,0,4,0x100030,00 00 00 00
1791530182647,TX,MemWr,cpu0,pcie-mmcfg-mmio,0,4,0x10001c,00 00 00 00
1791530182647,TX,MemWr,cpu0,pcie-mmcfg-mmio,0,4,0x100030,00 00 00 00
1791530182647,TX,MemRd,cpu0,pcie-mmcfg-mmio,0,4,0x100004,00 00 10 00
1791530182647,TX,MemWr,cpu0,pcie-mmcfg-mmio,0,4,0x100004,01 00 10 00
1791530182647,TX,MemRd,cpu0,pcie-mmcfg-mmio,0,4,0x100020,00 00 00 00
1791530182647,TX,MemWr,cpu0,pcie-mmcfg-mmio,0,4,0x100020,10 10 00 00
1791530182647,TX,MemRd,cpu0,pcie-mmcfg-mmio,0,4,0x100004,01 00 10 00
1791530182647,TX,MemWr,cpu0,pcie-mmcfg-mmio,0,4,0x100004,03 00 10 00
1791530182647,TX,MemRd,cpu0,pcie-mmcfg-mmio,0,4,0x100024,01 00 01 00
1791530182647,TX,MemWr,cpu0,pcie-mmcfg-mmio,0,4,0x100024,00 00 01 00
1791530182647,TX,MemWr,cpu0,pcie-mmcfg-mmio,0,4,0x100028,80 00 00 00
1791530182647,TX,MemRd,cpu0,pcie-mmcfg-mmio,0,4,0x100004,03 00 10 00
1791530182647,TX,MemWr,cpu0,pcie-mmcfg-mmio,0,4,0x100004,03 00 10 00
1791530182647,TX,MemRd,cpu0,pcie-mmcfg-mmio,0,4,0x100004,03 00 10 00
1791530182647,TX,MemWr,cpu0,pcie-mmcfg-mmio,0,4,0x100004,07 00 10 00
1791530182647,TX,MemRd,cpu0,pcie-mmcfg-mmio,0,4,0x200000,4c 10 33 82
1791530182647,TX,MemRd,cpu0,pcie-mmcfg-mmio,0,4,0x200008,01 00 04 06
1791530182647,TX,MemRd,cpu0,pcie-mmcfg-mmio,0,4,0x20000c,00 00 81 00
1791530182648,TX,MemRd,cpu0,pcie-mmcfg-mmio,0,4,0x200008,01 00 04 06
1791530182648,TX,MemRd,cpu0,pcie-mmcfg-mmio,0,4,0x200018,00 00 00 00
1791530182648,TX,MemRd,cpu0,pcie-mmcfg-mmio,0,4,0x200010,00 00 00 00
1791530182648,TX,MemWr,cpu0,pcie-mmcfg-mmio,0,4,0x200010,ff ff ff ff
1791530182648,TX,MemRd,cpu0,pcie-mmcfg-mmio,0,4,0x200010,00 00 00 00
1791530182648,TX,MemWr,cpu0,pcie-mmcfg-mmio,0,4,0x200010,00 00 00 00
1791530182648,TX,MemRd,cpu0,pcie-mmcfg-mmio,0,4,0x200014,00 00 00 00
1791530182648,TX,MemWr,cpu0,pcie-mmcfg-mmio,0,4,0x200014,ff ff ff ff
1791530182648,TX,MemRd,cpu0,pcie-mmcfg-mmio,0,4,0x200014,00 00 00 00
1791530182648,TX,MemWr,cpu0,pcie-mmcfg-mmio,0,4,0x200014,00 00 00 00
1791530182648,TX,MemWr,cpu0,pcie-mmcfg-mmio,0,4,0x200018,02 03 ff 00
1791530182648,TX,MemRd,cpu0,pcie-mmcfg-mmio,0,4,0x20001c,00 00 00 00
1791530182648,TX,MemRd,cpu0,pcie-mmcfg-mmio,0,4,0x200030,00 00 00 00
1791530182648,TX,MemWr,cpu0,pcie-mmcfg-mmio,0,4,0x20001c,00 00 00 00
1791530182648,TX,MemWr,cpu0,pcie-mmcfg-mmio,0,4,0x200030,00 00 00 00
1791530182648,TX,MemRd,cpu0,pcie-mmcfg-mmio,0,4,0x200004,00 00 10 00
1791530182648,TX,MemWr,cpu0,pcie-mmcfg-mmio,0,4,0x200004,01 00 10 00
1791530182648,TX,MemRd,cpu0,pcie-mmcfg-mmio,0,4,0x200020,00 00 00 00
1791530182648,TX,MemWr,cpu0,pcie-mmcfg-mmio,0,4,0x200020,10 10 00 00
1791530182648,TX,MemRd,cpu0,pcie-mmcfg-mmio,0,4,0x200004,01 00 10 00
1791530182648,TX,MemWr,cpu0,pcie-mmcfg-mmio,0,4,0x200004,03 00 10 00
1791530182648,TX,MemRd,cpu0,pcie-mmcfg-mmio,0,4,0x200024,01 00 01 00
1791530182648,TX,MemWr,cpu0,pcie-mmcfg-mmio,0,4,0x200024,00 00 01 00
1791530182648,TX,MemWr,cpu0,pcie-mmcfg-mmio,0,4,0x200028,80 00 00 00
1791530182648,TX,MemRd,cpu0,pcie-mmcfg-mmio,0,4,0x200004,03 00 10 00
1791530182648,TX,MemWr,cpu0,pcie-mmcfg-mmio,0,4,0x200004,03 00 10 00
1791530182648,TX,MemRd,cpu0,pcie-mmcfg-mmio,0,4,0x200004,03 00 10 00
1791530182648,TX,MemWr,cpu0,pcie-mmcfg-mmio,0,4,0x200004,07 00 10 00
1791530182648,TX,MemRd,cpu0,pcie-mmcfg-mmio,0,4,0x300000,36 1b 10 00
1791530182648,TX,MemRd,cpu0,pcie-mmcfg-mmio,0,4,0x300008,02 02 08 01
1791530182648,TX,MemRd,cpu0,pcie-mmcfg-mmio,0,4,0x30000c,00 00 00 00
1791530182648,TX,MemRd,cpu0,pcie-mmcfg-mmio,0,4,0x300010,04 00 00 00
1791530182648,TX,MemRd,cpu0,pcie-mmcfg-mmio,0,4,0x300014,00 00 00 00
1791530182648,TX,MemWr,cpu0,pcie-mmcfg-mmio,0,4,0x300010,ff ff ff ff
1791530182648,TX,MemRd,cpu0,pcie-mmcfg-mmio,0,4,0x300010,04 c0 ff ff
1791530182648,TX,MemWr,cpu0,pcie-mmcfg-mmio,0,4,0x300010,04 00 00 00
1791530182648,TX,MemWr,cpu0,pcie-mmcfg-mmio,0,4,0x300014,ff ff ff ff
1791530182648,TX,MemRd,cpu0,pcie-mmcfg-mmio,0,4,0x300014,ff ff ff ff
1791530182648,TX,MemWr,cpu0,pcie-mmcfg-mmio,0,4,0x300014,00 00 00 00
1791530182648,TX,MemWr,cpu0,pcie-mmcfg-mmio,0,4,0x300010,00 00 00 00
1791530182648,TX,MemWr,cpu0,pcie-mmcfg-mmio,0,4,0x300014,80 00 00 00
1791530182648,TX,MemRd,cpu0,pcie-mmcfg-mmio,0,4,0x300018,00 00 00 00
1791530182648,TX,MemWr,cpu0,pcie-mmcfg-mmio,0,4,0x300018,ff ff ff ff
1791530182648,TX,MemRd,cpu0,pcie-mmcfg-mmio,0,4,0x300018,00 00 00 00
1791530182648,TX,MemWr,cpu0,pcie-mmcfg-mmio,0,4,0x300018,00 00 00 00
1791530182648,TX,MemRd,cpu0,pcie-mmcfg-mmio,0,4,0x30001c,00 00 00 00
1791530182648,TX,MemWr,cpu0,pcie-mmcfg-mmio,0,4,0x30001c,ff ff ff ff
1791530182648,TX,MemRd,cpu0,pcie-mmcfg-mmio,0,4,0x30001c,00 00 00 00
1791530182648,TX,MemWr,cpu0,pcie-mmcfg-mmio,0,4,0x30001c,00 00 00 00
1791530182648,TX,MemRd,cpu0,pcie-mmcfg-mmio,0,4,0x300020,00 00 00 00
1791530182648,TX,MemWr,cpu0,pcie-mmcfg-mmio,0,4,0x300020,ff ff ff ff
1791530182648,TX,MemRd,cpu0,pcie-mmcfg-mmio,0,4,0x300020,00 00 00 00
1791530182648,TX,MemWr,cpu0,pcie-mmcfg-mmio,0,4,0x300020,00 00 00 00
1791530182648,TX,MemRd,cpu0,pcie-mmcfg-mmio,0,4,0x300024,00 00 00 00
1791530182648,TX,MemWr,cpu0,pcie-mmcfg-mmio,0,4,0x300024,ff ff ff ff
1791530182648,TX,MemRd,cpu0,pcie-mmcfg-mmio,0,4,0x300024,00 00 00 00
1791530182648,TX,MemWr,cpu0,pcie-mmcfg-mmio,0,4,0x300024,00 00 00 00
1791530182648,TX,MemRd,cpu0,pcie-mmcfg-mmio,0,4,0x308000,ff ff ff ff
1791530182648,TX,MemRd,cpu0,pcie-mmcfg-mmio,0,4,0x309000,ff ff ff ff
1791530182648,TX,MemRd,cpu0,pcie-mmcfg-mmio,0,4,0x30a000,ff ff ff ff
1791530182648,TX,MemRd,cpu0,pcie-mmcfg-mmio,0,4,0x30b000,ff ff ff ff
1791530182648,TX,MemRd,cpu0,pcie-mmcfg-mmio,0,4,0x30c000,ff ff ff ff
1791530182648,TX,MemRd,cpu0,pcie-mmcfg-mmio,0,4,0x30d000,ff ff ff ff
1791530182648,TX,MemRd,cpu0,pcie-mmcfg-mmio,0,4,0x30e000,ff ff ff ff
1791530182648,TX,MemRd,cpu0,pcie-mmcfg-mmio,0,4,0x30f000,ff ff ff ff
1791530182648,TX,MemRd,cpu0,pcie-mmcfg-mmio,0,4,0x310000,ff ff ff ff
1791530182648,TX,MemRd,cpu0,pcie-mmcfg-mmio,0,4,0x311000,ff ff ff ff
1791530182648,TX,MemRd,cpu0,pcie-mmcfg-mmio,0,4,0x312000,ff ff ff ff
1791530182648,TX,MemRd,cpu0,pcie-mmcfg-mmio,0,4,0x313000,ff ff ff ff
1791530182648,TX,MemRd,cpu0,pcie-mmcfg-mmio,0,4,0x314000,ff ff ff ff
1791530182648,TX,MemRd,cpu0,pcie-mmcfg-mmio,0,4,0x315000,ff ff ff ff
1791530182648,TX,MemRd,cpu0,pcie-mmcfg-mmio,0,4,0x316000,ff ff ff ff
1791530182648,TX,MemRd,cpu0,pcie-mmcfg-mmio,0,4,0x317000,ff ff ff ff
1791530182648,TX,MemRd,cpu0,pcie-mmcfg-mmio,0,4,0x318000,ff ff ff ff
1791530182648,TX,MemRd,cpu0,pcie-mmcfg-mmio,0,4,0x319000,ff ff ff ff
1791530182648,TX,MemRd,cpu0,pcie-mmcfg-mmio,0,4,0x31a000,ff ff ff ff
1791530182648,TX,MemRd,cpu0,pcie-mmcfg-mmio,0,4,0x31b000,ff ff ff ff
1791530182648,TX,MemRd,cpu0,pcie-mmcfg-mmio,0,4,0x31c000,ff ff ff ff
1791530182648,TX,MemRd,cpu0,pcie-mmcfg-mmio,0,4,0x31d000,ff ff ff ff
1791530182648,TX,MemRd,cpu0,pcie-mmcfg-mmio,0,4,0x31e000,ff ff ff ff
1791530182648,TX,MemRd,cpu0,pcie-mmcfg-mmio,0,4,0x31f000,ff ff ff ff
1791530182648,TX,MemRd,cpu0,pcie-mmcfg-mmio,0,4,0x320000,ff ff ff ff
1791530182648,TX,MemRd,cpu0,pcie-mmcfg-mmio,0,4,0x321000,ff ff ff ff
1791530182648,TX,MemRd,cpu0,pcie-mmcfg-mmio,0,4,0x322000,ff ff ff ff
1791530182648,TX,MemRd,cpu0,pcie-mmcfg-mmio,0,4,0x323000,ff ff ff ff
1791530182648,TX,MemRd,cpu0,pcie-mmcfg-mmio,0,4,0x324000,ff ff ff ff
1791530182648,TX,MemRd,cpu0,pcie-mmcfg-mmio,0,4,0x325000,ff ff ff ff
1791530182648,TX,MemRd,cpu0,pcie-mmcfg-mmio,0,4,0x326000,ff ff ff ff
1791530182648,TX,MemRd,cpu0,pcie-mmcfg-mmio,0,4,0x327000,ff ff ff ff
1791530182648,TX,MemRd,cpu0,pcie-mmcfg-mmio,0,4,0x328000,ff ff ff ff
1791530182648,TX,MemRd,cpu0,pcie-mmcfg-mmio,0,4,0x329000,ff ff ff ff
1791530182648,TX,MemRd,cpu0,pcie-mmcfg-mmio,0,4,0x32a000,ff ff ff ff
1791530182648,TX,MemRd,cpu0,pcie-mmcfg-mmio,0,4,0x32b000,ff ff ff ff
1791530182648,TX,MemRd,cpu0,pcie-mmcfg-mmio,0,4,0x32c000,ff ff ff ff
1791530182648,TX,MemRd,cpu0,pcie-mmcfg-mmio,0,4,0x32d000,ff ff ff ff
1791530182648,TX,MemRd,cpu0,pcie-mmcfg-mmio,0,4,0x32e000,ff ff ff ff
1791530182648,TX,MemRd,cpu0,pcie-mmcfg-mmio,0,4,0x32f000,ff ff ff ff
1791530182648,TX,MemRd,cpu0,pcie-mmcfg-mmio,0,4,0x330000,ff ff ff ff
1791530182648,TX,MemRd,cpu0,pcie-mmcfg-mmio,0,4,0x331000,ff ff ff ff
1791530182648,TX,MemRd,cpu0,pcie-mmcfg-mmio,0,4,0x332000,ff ff ff ff
1791530182648,TX,MemRd,cpu0,pcie-mmcfg-mmio,0,4,0x333000,ff ff ff ff
1791530182648,TX,MemRd,cpu0,pcie-mmcfg-mmio,0,4,0x334000,ff ff ff ff
1791530182648,TX,MemRd,cpu0,pcie-mmcfg-mmio,0,4,0x335000,ff ff ff ff
1791530182648,TX,MemRd,cpu0,pcie-mmcfg-mmio,0,4,0x336000,ff ff ff ff
1791530182648,TX,MemRd,cpu0,pcie-mmcfg-mmio,0,4,0x337000,ff ff ff ff
1791530182648,TX,MemRd,cpu0,pcie-mmcfg-mmio,0,4,0x338000,ff ff ff ff
1791530182648,TX,MemRd,cpu0,pcie-mmcfg-mmio,0,4,0x339000,ff ff ff ff
1791530182648,TX,MemRd,cpu0,pcie-mmcfg-mmio,0,4,0x33a000,ff ff ff ff
1791530182648,TX,MemRd,cpu0,pcie-mmcfg-mmio,0,4,0x33b000,ff ff ff ff
1791530182648,TX,MemRd,cpu0,pcie-mmcfg-mmio,0,4,0x33c000,ff ff ff ff
1791530182648,TX,MemRd,cpu0,pcie-mmcfg-mmio,0,4,0x33d000,ff ff ff ff
1791530182648,TX,MemRd,cpu0,pcie-mmcfg-mmio,0,4,0x33e000,ff ff ff ff
1791530182648,TX,MemRd,cpu0,pcie-mmcfg-mmio,0,4,0x33f000,ff ff ff ff
1791530182648,TX,MemRd,cpu0,pcie-mmcfg-mmio,0,4,0x340000,ff ff ff ff
1791530182648,TX,MemRd,cpu0,pcie-mmcfg-mmio,0,4,0x341000,ff ff ff ff
1791530182648,TX,MemRd,cpu0,pcie-mmcfg-mmio,0,4,0x342000,ff ff ff ff
1791530182648,TX,MemRd,cpu0,pcie-mmcfg-mmio,0,4,0x343000,ff ff ff ff
1791530182648,TX,MemRd,cpu0,pcie-mmcfg-mmio,0,4,0x344000,ff ff ff ff
1791530182648,TX,MemRd,cpu0,pcie-mmcfg-mmio,0,4,0x345000,ff ff ff ff
1791530182648,TX,MemRd,cpu0,pcie-mmcfg-mmio,0,4,0x346000,ff ff ff ff
1791530182648,TX,MemRd,cpu0,pcie-mmcfg-mmio,0,4,0x347000,ff ff ff ff
1791530182648,TX,MemRd,cpu0,pcie-mmcfg-mmio,0,4,0x348000,ff ff ff ff
1791530182648,TX,MemRd,cpu0,pcie-mmcfg-mmio,0,4,0x349000,ff ff ff ff
1791530182648,TX,MemRd,cpu0,pcie-mmcfg-mmio,0,4,0x34a000,ff ff ff ff
1791530182648,TX,MemRd,cpu0,pcie-mmcfg-mmio,0,4,0x34b000,ff ff ff ff
1791530182648,TX,MemRd,cpu0,pcie-mmcfg-mmio,0,4,0x34c000,ff ff ff ff
1791530182648,TX,MemRd,cpu0,pcie-mmcfg-mmio,0,4,0x34d000,ff ff ff ff
1791530182648,TX,MemRd,cpu0,pcie-mmcfg-mmio,0,4,0x34e000,ff ff ff ff
1791530182648,TX,MemRd,cpu0,pcie-mmcfg-mmio,0,4,0x34f000,ff ff ff ff
1791530182648,TX,MemRd,cpu0,pcie-mmcfg-mmio,0,4,0x350000,ff ff ff ff
1791530182648,TX,MemRd,cpu0,pcie-mmcfg-mmio,0,4,0x351000,ff ff ff ff
1791530182648,TX,MemRd,cpu0,pcie-mmcfg-mmio,0,4,0x352000,ff ff ff ff
1791530182648,TX,MemRd,cpu0,pcie-mmcfg-mmio,0,4,0x353000,ff ff ff ff
1791530182648,TX,MemRd,cpu0,pcie-mmcfg-mmio,0,4,0x354000,ff ff ff ff
1791530182648,TX,MemRd,cpu0,pcie-mmcfg-mmio,0,4,0x355000,ff ff ff ff
1791530182648,TX,MemRd,cpu0,pcie-mmcfg-mmio,0,4,0x356000,ff ff ff ff
1791530182648,TX,MemRd,cpu0,pcie-mmcfg-mmio,0,4,0x357000,ff ff ff ff
1791530182648,TX,MemRd,cpu0,pcie-mmcfg-mmio,0,4,0x358000,ff ff ff ff
1791530182648,TX,MemRd,cpu0,pcie-mmcfg-mmio,0,4,0x359000,ff ff ff ff
1791530182648,TX,MemRd,cpu0,pcie-mmcfg-mmio,0,4,0x35a000,ff ff ff ff
1791530182648,TX,MemRd,cpu0,pcie-mmcfg-mmio,0,4,0x35b000,ff ff ff ff
1791530182648,TX,MemRd,cpu0,pcie-mmcfg-mmio,0,4,0x35c000,ff ff ff ff
1791530182648,TX,MemRd,cpu0,pcie-mmcfg-mmio,0,4,0x35d000,ff ff ff ff
1791530182648,TX,MemRd,cpu0,pcie-mmcfg-mmio,0,4,0x35e000,ff ff ff ff
1791530182648,TX,MemRd,cpu0,pcie-mmcfg-mmio,0,4,0x35f000,ff ff ff ff
1791530182648,TX,MemRd,cpu0,pcie-mmcfg-mmio,0,4,0x360000,ff ff ff ff
1791530182648,TX,MemRd,cpu0,pcie-mmcfg-mmio,0,4,0x361000,ff ff ff ff
1791530182648,TX,MemRd,cpu0,pcie-mmcfg-mmio,0,4,0x362000,ff ff ff ff
1791530182648,TX,MemRd,cpu0,pcie-mmcfg-mmio,0,4,0x363000,ff ff ff ff
1791530182648,TX,MemRd,cpu0,pcie-mmcfg-mmio,0,4,0x364000,ff ff ff ff
1791530182648,TX,MemRd,cpu0,pcie-mmcfg-mmio,0,4,0x365000,ff ff ff ff
1791530182648,TX,MemRd,cpu0,pcie-mmcfg-mmio,0,4,0x366000,ff ff ff ff
1791530182648,TX,MemRd,cpu0,pcie-mmcfg-mmio,0,4,0x367000,ff ff ff ff
1791530182648,TX,MemRd,cpu0,pcie-mmcfg-mmio,0,4,0x368000,ff ff ff ff
1791530182648,TX,MemRd,cpu0,pcie-mmcfg-mmio,0,4,0x369000,ff ff ff ff
1791530182648,TX,MemRd,cpu0,pcie-mmcfg-mmio,0,4,0x36a000,ff ff ff ff
1791530182648,TX,MemRd,cpu0,pcie-mmcfg-mmio,0,4,0x36b000,ff ff ff ff
1791530182648,TX,MemRd,cpu0,pcie-mmcfg-mmio,0,4,0x36c000,ff ff ff ff
1791530182648,TX,MemRd,cpu0,pcie-mmcfg-mmio,0,4,0x36d000,ff ff ff ff
1791530182648,TX,MemRd,cpu0,pcie-mmcfg-mmio,0,4,0x36e000,ff ff ff ff
1791530182648,TX,MemRd,cpu0,pcie-mmcfg-mmio,0,4,0x36f000,ff ff ff ff
1791530182648,TX,MemRd,cpu0,pcie-mmcfg-mmio,0,4,0x370000,ff ff ff ff
1791530182648,TX,MemRd,cpu0,pcie-mmcfg-mmio,0,4,0x371000,ff ff ff ff
1791530182648,TX,MemRd,cpu0,pcie-mmcfg-mmio,0,4,0x372000,ff ff ff ff
1791530182648,TX,MemRd,cpu0,pcie-mmcfg-mmio,0,4,0x373000,ff ff ff ff
1791530182648,TX,MemRd,cpu0,pcie-mmcfg-mmio,0,4,0x374000,ff ff ff ff
1791530182648,TX,MemRd,cpu0,pcie-mmcfg-mmio,0,4,0x375000,ff ff ff ff
1791530182648,TX,MemRd,cpu0,pcie-mmcfg-mmio,0,4,0x376000,ff ff ff ff
1791530182648,TX,MemRd,cpu0,pcie-mmcfg-mmio,0,4,0x377000,ff ff ff ff
1791530182648,TX,MemRd,cpu0,pcie-mmcfg-mmio,0,4,0x378000,ff ff ff ff
1791530182648,TX,MemRd,cpu0,pcie-mmcfg-mmio,0,4,0x379000,ff ff ff ff
1791530182648,TX,MemRd,cpu0,pcie-mmcfg-mmio,0,4,0x37a000,ff ff ff ff
1791530182648,TX,MemRd,cpu0,pcie-mmcfg-mmio,0,4,0x37b000,ff ff ff ff
1791530182648,TX,MemRd,cpu0,pcie-mmcfg-mmio,0,4,0x37c000,ff ff ff ff
1791530182648,TX,MemRd,cpu0,pcie-mmcfg-mmio,0,4,0x37d000,ff ff ff ff
1791530182648,TX,MemRd,cpu0,pcie-mmcfg-mmio,0,4,0x37e000,ff ff ff ff
1791530182648,TX,MemRd,cpu0,pcie-mmcfg-mmio,0,4,0x37f000,ff ff ff ff
1791530182648,TX,MemRd,cpu0,pcie-mmcfg-mmio,0,4,0x380000,ff ff ff ff
1791530182648,TX,MemRd,cpu0,pcie-mmcfg-mmio,0,4,0x381000,ff ff ff ff
1791530182648,TX,MemRd,cpu0,pcie-mmcfg-mmio,0,4,0x382000,ff ff ff ff
1791530182648,TX,MemRd,cpu0,pcie-mmcfg-mmio,0,4,0x383000,ff ff ff ff
1791530182649,TX,MemRd,cpu0,pcie-mmcfg-mmio,0,4,0x384000,ff ff ff ff
1791530182649,TX,MemRd,cpu0,pcie-mmcfg-mmio,0,4,0x385000,ff ff ff ff
1791530182649,TX,MemRd,cpu0,pcie-mmcfg-mmio,0,4,0x386000,ff ff ff ff
1791530182649,TX,MemRd,cpu0,pcie-mmcfg-mmio,0,4,0x387000,ff ff ff ff
1791530182649,TX,MemRd,cpu0,pcie-mmcfg-mmio,0,4,0x388000,ff ff ff ff
1791530182649,TX,MemRd,cpu0,pcie-mmcfg-mmio,0,4,0x389000,ff ff ff ff
1791530182649,TX,MemRd,cpu0,pcie-mmcfg-mmio,0,4,0x38a000,ff ff ff ff
1791530182649,TX,MemRd,cpu0,pcie-mmcfg-mmio,0,4,0x38b000,ff ff ff ff
1791530182649,TX,MemRd,cpu0,pcie-mmcfg-mmio,0,4,0x38c000,ff ff ff ff
1791530182649,TX,MemRd,cpu0,pcie-mmcfg-mmio,0,4,0x38d000,ff ff ff ff
1791530182649,TX,MemRd,cpu0,pcie-mmcfg-mmio,0,4,0x38e000,ff ff ff ff
1791530182649,TX,MemRd,cpu0,pcie-mmcfg-mmio,0,4,0x38f000,ff ff ff ff
1791530182649,TX,MemRd,cpu0,pcie-mmcfg-mmio,0,4,0x390000,ff ff ff ff
1791530182649,TX,MemRd,cpu0,pcie-mmcfg-mmio,0,4,0x391000,ff ff ff ff
1791530182649,TX,MemRd,cpu0,pcie-mmcfg-mmio,0,4,0x392000,ff ff ff ff
1791530182649,TX,MemRd,cpu0,pcie-mmcfg-mmio,0,4,0x393000,ff ff ff ff
1791530182649,TX,MemRd,cpu0,pcie-mmcfg-mmio,0,4,0x394000,ff ff ff ff
1791530182649,TX,MemRd,cpu0,pcie-mmcfg-mmio,0,4,0x395000,ff ff ff ff
1791530182649,TX,MemRd,cpu0,pcie-mmcfg-mmio,0,4,0x396000,ff ff ff ff
1791530182649,TX,MemRd,cpu0,pcie-mmcfg-mmio,0,4,0x397000,ff ff ff ff
1791530182649,TX,MemRd,cpu0,pcie-mmcfg-mmio,0,4,0x398000,ff ff ff ff
1791530182649,TX,MemRd,cpu0,pcie-mmcfg-mmio,0,4,0x399000,ff ff ff ff
1791530182649,TX,MemRd,cpu0,pcie-mmcfg-mmio,0,4,0x39a000,ff ff ff ff
1791530182649,TX,MemRd,cpu0,pcie-mmcfg-mmio,0,4,0x39b000,ff ff ff ff
1791530182649,TX,MemRd,cpu0,pcie-mmcfg-mmio,0,4,0x39c000,ff ff ff ff
1791530182649,TX,MemRd,cpu0,pcie-mmcfg-mmio,0,4,0x39d000,ff ff ff ff
1791530182649,TX,MemRd,cpu0,pcie-mmcfg-mmio,0,4,0x39e000,ff ff ff ff
1791530182649,TX,MemRd,cpu0,pcie-mmcfg-mmio,0,4,0x39f000,ff ff ff ff
1791530182649,TX,MemRd,cpu0,pcie-mmcfg-mmio,0,4,0x3a0000,ff ff ff ff
1791530182649,TX,MemRd,cpu0,pcie-mmcfg-mmio,0,4,0x3a1000,ff ff ff ff
1791530182649,TX,MemRd,cpu0,pcie-mmcfg-mmio,0,4,0x3a2000,ff ff ff ff
1791530182649,TX,MemRd,cpu0,pcie-mmcfg-mmio,0,4,0x3a3000,ff ff ff ff
1791530182649,TX,MemRd,cpu0,pcie-mmcfg-mmio,0,4,0x3a4000,ff ff ff ff
1791530182649,TX,MemRd,cpu0,pcie-mmcfg-mmio,0,4,0x3a5000,ff ff ff ff
1791530182649,TX,MemRd,cpu0,pcie-mmcfg-mmio,0,4,0x3a6000,ff ff ff ff
1791530182649,TX,MemRd,cpu0,pcie-mmcfg-mmio,0,4,0x3a7000,ff ff ff ff
1791530182649,TX,MemRd,cpu0,pcie-mmcfg-mmio,0,4,0x3a8000,ff ff ff ff
1791530182649,TX,MemRd,cpu0,pcie-mmcfg-mmio,0,4,0x3a9000,ff ff ff ff
1791530182649,TX,MemRd,cpu0,pcie-mmcfg-mmio,0,4,0x3aa000,ff ff ff ff
1791530182649,TX,MemRd,cpu0,pcie-mmcfg-mmio,0,4,0x3ab000,ff ff ff ff
1791530182649,TX,MemRd,cpu0,pcie-mmcfg-mmio,0,4,0x3ac000,ff ff ff ff
1791530182649,TX,MemRd,cpu0,pcie-mmcfg-mmio,0,4,0x3ad000,ff ff ff ff
1791530182649,TX,MemRd,cpu0,pcie-mmcfg-mmio,0,4,0x3ae000,ff ff ff ff
1791530182649,TX,MemRd,cpu0,pcie-mmcfg-mmio,0,4,0x3af000,ff ff ff ff
1791530182649,TX,MemRd,cpu0,pcie-mmcfg-mmio,0,4,0x3b0000,ff ff ff ff
1791530182649,TX,MemRd,cpu0,pcie-mmcfg-mmio,0,4,0x3b1000,ff ff ff ff
1791530182649,TX,MemRd,cpu0,pcie-mmcfg-mmio,0,4,0x3b2000,ff ff ff ff
1791530182649,TX,MemRd,cpu0,pcie-mmcfg-mmio,0,4,0x3b3000,ff ff ff ff
1791530182649,TX,MemRd,cpu0,pcie-mmcfg-mmio,0,4,0x3b4000,ff ff ff ff
1791530182649,TX,MemRd,cpu0,pcie-mmcfg-mmio,0,4,0x3b5000,ff ff ff ff
1791530182649,TX,MemRd,cpu0,pcie-mmcfg-mmio,0,4,0x3b6000,ff ff ff ff
1791530182649,TX,MemRd,cpu0,pcie-mmcfg-mmio,0,4,0x3b7000,ff ff ff ff
1791530182649,TX,MemRd,cpu0,pcie-mmcfg-mmio,0,4,0x3b8000,ff ff ff ff
1791530182649,TX,MemRd,cpu0,pcie-mmcfg-mmio,0,4,0x3b9000,ff ff ff ff
1791530182649,TX,MemRd,cpu0,pcie-mmcfg-mmio,0,4,0x3ba000,ff ff ff ff
1791530182649,TX,MemRd,cpu0,pcie-mmcfg-mmio,0,4,0x3bb000,ff ff ff ff
1791530182649,TX,MemRd,cpu0,pcie-mmcfg-mmio,0,4,0x3bc000,ff ff ff ff
1791530182649,TX,MemRd,cpu0,pcie-mmcfg-mmio,0,4,0x3bd000,ff ff ff ff
1791530182649,TX,MemRd,cpu0,pcie-mmcfg-mmio,0,4,0x3be000,ff ff ff ff
1791530182649,TX,MemRd,cpu0,pcie-mmcfg-mmio,0,4,0x3bf000,ff ff ff ff
1791530182649,TX,MemRd,cpu0,pcie-mmcfg-mmio,0,4,0x3c0000,ff ff ff ff
1791530182649,TX,MemRd,cpu0,pcie-mmcfg-mmio,0,4,0x3c1000,ff ff ff ff
1791530182649,TX,MemRd,cpu0,pcie-mmcfg-mmio,0,4,0x3c2000,ff ff ff ff
1791530182649,TX,MemRd,cpu0,pcie-mmcfg-mmio,0,4,0x3c3000,ff ff ff ff
1791530182649,TX,MemRd,cpu0,pcie-mmcfg-mmio,0,4,0x3c4000,ff ff ff ff
1791530182649,TX,MemRd,cpu0,pcie-mmcfg-mmio,0,4,0x3c5000,ff ff ff ff
1791530182649,TX,MemRd,cpu0,pcie-mmcfg-mmio,0,4,0x3c6000,ff ff ff ff
1791530182649,TX,MemRd,cpu0,pcie-mmcfg-mmio,0,4,0x3c7000,ff ff ff ff
1791530182649,TX,MemRd,cpu0,pcie-mmcfg-mmio,0,4,0x3c8000,ff ff ff ff
1791530182649,TX,MemRd,cpu0,pcie-mmcfg-mmio,0,4,0x3c9000,ff ff ff ff
1791530182649,TX,MemRd,cpu0,pcie-mmcfg-mmio,0,4,0x3ca000,ff ff ff ff
1791530182649,TX,MemRd,cpu0,pcie-mmcfg-mmio,0,4,0x3cb000,ff ff ff ff
1791530182649,TX,MemRd,cpu0,pcie-mmcfg-mmio,0,4,0x3cc000,ff ff ff ff
1791530182649,TX,MemRd,cpu0,pcie-mmcfg-mmio,0,4,0x3cd000,ff ff ff ff
1791530182649,TX,MemRd,cpu0,pcie-mmcfg-mmio,0,4,0x3ce000,ff ff ff ff
1791530182649,TX,MemRd,cpu0,pcie-mmcfg-mmio,0,4,0x3cf000,ff ff ff ff
1791530182649,TX,MemRd,cpu0,pcie-mmcfg-mmio,0,4,0x3d0000,ff ff ff ff
1791530182649,TX,MemRd,cpu0,pcie-mmcfg-mmio,0,4,0x3d1000,ff ff ff ff
1791530182649,TX,MemRd,cpu0,pcie-mmcfg-mmio,0,4,0x3d2000,ff ff ff ff
1791530182649,TX,MemRd,cpu0,pcie-mmcfg-mmio,0,4,0x3d3000,ff ff ff ff
1791530182649,TX,MemRd,cpu0,pcie-mmcfg-mmio,0,4,0x3d4000,ff ff ff ff
1791530182649,TX,MemRd,cpu0,pcie-mmcfg-mmio,0,4,0x3d5000,ff ff ff ff
1791530182649,TX,MemRd,cpu0,pcie-mmcfg-mmio,0,4,0x3d6000,ff ff ff ff
1791530182649,TX,MemRd,cpu0,pcie-mmcfg-mmio,0,4,0x3d7000,ff ff ff ff
1791530182649,TX,MemRd,cpu0,pcie-mmcfg-mmio,0,4,0x3d8000,ff ff ff ff
1791530182649,TX,MemRd,cpu0,pcie-mmcfg-mmio,0,4,0x3d9000,ff ff ff ff
1791530182649,TX,MemRd,cpu0,pcie-mmcfg-mmio,0,4,0x3da000,ff ff ff ff
1791530182649,TX,MemRd,cpu0,pcie-mmcfg-mmio,0,4,0x3db000,ff ff ff ff
1791530182649,TX,MemRd,cpu0,pcie-mmcfg-mmio,0,4,0x3dc000,ff ff ff ff
1791530182649,TX,MemRd,cpu0,pcie-mmcfg-mmio,0,4,0x3dd000,ff ff ff ff
1791530182649,TX,MemRd,cpu0,pcie-mmcfg-mmio,0,4,0x3de000,ff ff ff ff
1791530182649,TX,MemRd,cpu0,pcie-mmcfg-mmio,0,4,0x3df000,ff ff ff ff
1791530182649,TX,MemRd,cpu0,pcie-mmcfg-mmio,0,4,0x3e0000,ff ff ff ff
1791530182649,TX,MemRd,cpu0,pcie-mmcfg-mmio,0,4,0x3e1000,ff ff ff ff
1791530182649,TX,MemRd,cpu0,pcie-mmcfg-mmio,0,4,0x3e2000,ff ff ff ff
1791530182649,TX,MemRd,cpu0,pcie-mmcfg-mmio,0,4,0x3e3000,ff ff ff ff
1791530182649,TX,MemRd,cpu0,pcie-mmcfg-mmio,0,4,0x3e4000,ff ff ff ff
1791530182649,TX,MemRd,cpu0,pcie-mmcfg-mmio,0,4,0x3e5000,ff ff ff ff
1791530182649,TX,MemRd,cpu0,pcie-mmcfg-mmio,0,4,0x3e6000,ff ff ff ff
1791530182649,TX,MemRd,cpu0,pcie-mmcfg-mmio,0,4,0x3e7000,ff ff ff ff
1791530182649,TX,MemRd,cpu0,pcie-mmcfg-mmio,0,4,0x3e8000,ff ff ff ff
1791530182649,TX,MemRd,cpu0,pcie-mmcfg-mmio,0,4,0x3e9000,ff ff ff ff
1791530182649,TX,MemRd,cpu0,pcie-mmcfg-mmio,0,4,0x3ea000,ff ff ff ff
1791530182649,TX,MemRd,cpu0,pcie-mmcfg-mmio,0,4,0x3eb000,ff ff ff ff
1791530182649,TX,MemRd,cpu0,pcie-mmcfg-mmio,0,4,0x3ec000,ff ff ff ff
1791530182649,TX,MemRd,cpu0,pcie-mmcfg-mmio,0,4,0x3ed000,ff ff ff ff
1791530182649,TX,MemRd,cpu0,pcie-mmcfg-mmio,0,4,0x3ee000,ff ff ff ff
1791530182649,TX,MemRd,cpu0,pcie-mmcfg-mmio,0,4,0x3ef000,ff ff ff ff
1791530182649,TX,MemRd,cpu0,pcie-mmcfg-mmio,0,4,0x3f0000,ff ff ff ff
1791530182649,TX,MemRd,cpu0,pcie-mmcfg-mmio,0,4,0x3f1000,ff ff ff ff
1791530182649,TX,MemRd,cpu0,pcie-mmcfg-mmio,0,4,0x3f2000,ff ff ff ff
1791530182649,TX,MemRd,cpu0,pcie-mmcfg-mmio,0,4,0x3f3000,ff ff ff ff
1791530182649,TX,MemRd,cpu0,pcie-mmcfg-mmio,0,4,0x3f4000,ff ff ff ff
1791530182649,TX,MemRd,cpu0,pcie-mmcfg-mmio,0,4,0x3f5000,ff ff ff ff
1791530182649,TX,MemRd,cpu0,pcie-mmcfg-mmio,0,4,0x3f6000,ff ff ff ff
1791530182649,TX,MemRd,cpu0,pcie-mmcfg-mmio,0,4,0x3f7000,ff ff ff ff
1791530182649,TX,MemRd,cpu0,pcie-mmcfg-mmio,0,4,0x3f8000,ff ff ff ff
1791530182649,TX,MemRd,cpu0,pcie-mmcfg-mmio,0,4,0x3f9000,ff ff ff ff
1791530182649,TX,MemRd,cpu0,pcie-mmcfg-mmio,0,4,0x3fa000,ff ff ff ff
1791530182649,TX,MemRd,cpu0,pcie-mmcfg-mmio,0,4,0x3fb000,ff ff ff ff
1791530182649,TX,MemRd,cpu0,pcie-mmcfg-mmio,0,4,0x3fc000,ff ff ff ff
1791530182649,TX,MemRd,cpu0,pcie-mmcfg-mmio,0,4,0x3fd000,ff ff ff ff
1791530182649,TX,MemRd,cpu0,pcie-mmcfg-mmio,0,4,0x3fe000,ff ff ff ff
1791530182649,TX,MemRd,cpu0,pcie-mmcfg-mmio,0,4,0x3ff000,ff ff ff ff
1791530182649,TX,MemRd,cpu0,pcie-mmcfg-mmio,0,4,0x200018,02 03 ff 00
1791530182649,TX,MemWr,cpu0,pcie-mmcfg-mmio,0,4,0x200018,02 03 03 00
1791530182649,TX,MemRd,cpu0,pcie-mmcfg-mmio,0,4,0x20001c,00 00 00 00
1791530182649,TX,MemRd,cpu0,pcie-mmcfg-mmio,0,4,0x200030,00 00 00 00
1791530182649,TX,MemWr,cpu0,pcie-mmcfg-mmio,0,4,0x20001c,00 00 00 00
1791530182649,TX,MemWr,cpu0,pcie-mmcfg-mmio,0,4,0x200030,00 00 00 00
1791530182649,TX,MemRd,cpu0,pcie-mmcfg-mmio,0,4,0x200020,10 10 00 00
1791530182649,TX,MemWr,cpu0,pcie-mmcfg-mmio,0,4,0x200020,10 10 0f 10
1791530182649,TX,MemRd,cpu0,pcie-mmcfg-mmio,0,4,0x200024,01 00 01 00
1791530182649,TX,MemWr,cpu0,pcie-mmcfg-mmio,0,4,0x200024,01 00 0f 00
1791530182649,TX,MemWr,cpu0,pcie-mmcfg-mmio,0,4,0x20002c,80 00 00 00
1791530182649,TX,MemRd,cpu0,pcie-mmcfg-mmio,0,4,0x201000,4c 10 33 82
1791530182649,TX,MemRd,cpu0,pcie-mmcfg-mmio,0,4,0x201008,01 00 04 06
1791530182649,TX,MemRd,cpu0,pcie-mmcfg-mmio,0,4,0x20100c,00 00 01 00
1791530182649,TX,MemRd,cpu0,pcie-mmcfg-mmio,0,4,0x201008,01 00 04 06
1791530182649,TX,MemRd,cpu0,pcie-mmcfg-mmio,0,4,0x201018,00 00 00 00
1791530182649,TX,MemRd,cpu0,pcie-mmcfg-mmio,0,4,0x201010,00 00 00 00
1791530182649,TX,MemWr,cpu0,pcie-mmcfg-mmio,0,4,0x201010,ff ff ff ff
1791530182649,TX,MemRd,cpu0,pcie-mmcfg-mmio,0,4,0x201010,00 00 00 00
1791530182649,TX,MemWr,cpu0,pcie-mmcfg-mmio,0,4,0x201010,00 00 00 00
1791530182649,TX,MemRd,cpu0,pcie-mmcfg-mmio,0,4,0x201014,00 00 00 00
1791530182649,TX,MemWr,cpu0,pcie-mmcfg-mmio,0,4,0x201014,ff ff ff ff
1791530182649,TX,MemRd,cpu0,pcie-mmcfg-mmio,0,4,0x201014,00 00 00 00
1791530182649,TX,MemWr,cpu0,pcie-mmcfg-mmio,0,4,0x201014,00 00 00 00
1791530182649,TX,MemWr,cpu0,pcie-mmcfg-mmio,0,4,0x201018,02 04 ff 00
1791530182649,TX,MemRd,cpu0,pcie-mmcfg-mmio,0,4,0x20101c,00 00 00 00
1791530182649,TX,MemRd,cpu0,pcie-mmcfg-mmio,0,4,0x201030,00 00 00 00
1791530182649,TX,MemWr,cpu0,pcie-mmcfg-mmio,0,4,0x20101c,00 00 00 00
1791530182649,TX,MemWr,cpu0,pcie-mmcfg-mmio,0,4,0x201030,00 00 00 00
1791530182649,TX,MemRd,cpu0,pcie-mmcfg-mmio,0,4,0x201004,00 00 10 00
1791530182649,TX,MemWr,cpu0,pcie-mmcfg-mmio,0,4,0x201004,01 00 10 00
1791530182649,TX,MemRd,cpu0,pcie-mmcfg-mmio,0,4,0x201020,00 00 00 00
1791530182649,TX,MemWr,cpu0,pcie-mmcfg-mmio,0,4,0x201020,10 10 00 00
1791530182649,TX,MemRd,cpu0,pcie-mmcfg-mmio,0,4,0x201004,01 00 10 00
1791530182649,TX,MemWr,cpu0,pcie-mmcfg-mmio,0,4,0x201004,03 00 10 00
1791530182649,TX,MemRd,cpu0,pcie-mmcfg-mmio,0,4,0x201024,01 00 01 00
1791530182649,TX,MemWr,cpu0,pcie-mmcfg-mmio,0,4,0x201024,10 00 01 00
1791530182649,TX,MemWr,cpu0,pcie-mmcfg-mmio,0,4,0x201028,80 00 00 00
1791530182649,TX,MemRd,cpu0,pcie-mmcfg-mmio,0,4,0x201004,03 00 10 00
1791530182649,TX,MemWr,cpu0,pcie-mmcfg-mmio,0,4,0x201004,03 00 10 00
1791530182649,TX,MemRd,cpu0,pcie-mmcfg-mmio,0,4,0x201004,03 00 10 00
1791530182649,TX,MemWr,cpu0,pcie-mmcfg-mmio,0,4,0x201004,07 00 10 00
1791530182649,TX,MemRd,cpu0,pcie-mmcfg-mmio,0,4,0x400000,36 1b 10 00
1791530182649,TX,MemRd,cpu0,pcie-mmcfg-mmio,0,4,0x400008,02 02 08 01
1791530182649,TX,MemRd,cpu0,pcie-mmcfg-mmio,0,4,0x40000c,00 00 00 00
1791530182649,TX,MemRd,cpu0,pcie-mmcfg-mmio,0,4,0x400010,04 00 00 00
1791530182649,TX,MemRd,cpu0,pcie-mmcfg-mmio,0,4,0x400014,00 00 00 00
1791530182649,TX,MemWr,cpu0,pcie-mmcfg-mmio,0,4,0x400010,ff ff ff ff
1791530182650,TX,MemRd,cpu0,pcie-mmcfg-mmio,0,4,0x400010,04 c0 ff ff
1791530182650,TX,MemWr,cpu0,pcie-mmcfg-mmio,0,4,0x400010,04 00 00 00
1791530182650,TX,MemWr,cpu0,pcie-mmcfg-mmio,0,4,0x400014,ff ff ff ff
1791530182650,TX,MemRd,cpu0,pcie-mmcfg-mmio,0,4,0x400014,ff ff ff ff
1791530182650,TX,MemWr,cpu0,pcie-mmcfg-mmio,0,4,0x400014,00 00 00 00
1791530182650,TX,MemWr,cpu0,pcie-mmcfg-mmio,0,4,0x400010,00 00 10 00
1791530182650,TX,MemWr,cpu0,pcie-mmcfg-mmio,0,4,0x400014,80 00 00 00
1791530182650,TX,MemRd,cpu0,pcie-mmcfg-mmio,0,4,0x400018,00 00 00 00
1791530182650,TX,MemWr,cpu0,pcie-mmcfg-mmio,0,4,0x400018,ff ff ff ff
1791530182650,TX,MemRd,cpu0,pcie-mmcfg-mmio,0,4,0x400018,00 00 00 00
1791530182650,TX,MemWr,cpu0,pcie-mmcfg-mmio,0,4,0x400018,00 00 00 00
1791530182650,TX,MemRd,cpu0,pcie-mmcfg-mmio,0,4,0x40001c,00 00 00 00
1791530182650,TX,MemWr,cpu0,pcie-mmcfg-mmio,0,4,0x40001c,ff ff ff ff
1791530182650,TX,MemRd,cpu0,pcie-mmcfg-mmio,0,4,0x40001c,00 00 00 00
1791530182650,TX,MemWr,cpu0,pcie-mmcfg-mmio,0,4,0x40001c,00 00 00 00
1791530182650,TX,MemRd,cpu0,pcie-mmcfg-mmio,0,4,0x400020,00 00 00 00
1791530182650,TX,MemWr,cpu0,pcie-mmcfg-mmio,0,4,0x400020,ff ff ff ff
1791530182650,TX,MemRd,cpu0,pcie-mmcfg-mmio,0,4,0x400020,00 00 00 00
1791530182650,TX,MemWr,cpu0,pcie-mmcfg-mmio,0,4,0x400020,00 00 00 00
1791530182650,TX,MemRd,cpu0,pcie-mmcfg-mmio,0,4,0x400024,00 00 00 00
1791530182650,TX,MemWr,cpu0,pcie-mmcfg-mmio,0,4,0x400024,ff ff ff ff
1791530182650,TX,MemRd,cpu0,pcie-mmcfg-mmio,0,4,0x400024,00 00 00 00
1791530182650,TX,MemWr,cpu0,pcie-mmcfg-mmio,0,4,0x400024,00 00 00 00
1791530182650,TX,MemRd,cpu0,pcie-mmcfg-mmio,0,4,0x408000,ff ff ff ff
1791530182650,TX,MemRd,cpu0,pcie-mmcfg-mmio,0,4,0x409000,ff ff ff ff
1791530182650,TX,MemRd,cpu0,pcie-mmcfg-mmio,0,4,0x40a000,ff ff ff ff
1791530182650,TX,MemRd,cpu0,pcie-mmcfg-mmio,0,4,0x40b000,ff ff ff ff
1791530182650,TX,MemRd,cpu0,pcie-mmcfg-mmio,0,4,0x40c000,ff ff ff ff
1791530182650,TX,MemRd,cpu0,pcie-mmcfg-mmio,0,4,0x40d000,ff ff ff ff
1791530182650,TX,MemRd,cpu0,pcie-mmcfg-mmio,0,4,0x40e000,ff ff ff ff
1791530182650,TX,MemRd,cpu0,pcie-mmcfg-mmio,0,4,0x40f000,ff ff ff ff
1791530182650,TX,MemRd,cpu0,pcie-mmcfg-mmio,0,4,0x410000,ff ff ff ff
1791530182650,TX,MemRd,cpu0,pcie-mmcfg-mmio,0,4,0x411000,ff ff ff ff
1791530182650,TX,MemRd,cpu0,pcie-mmcfg-mmio,0,4,0x412000,ff ff ff ff
1791530182650,TX,MemRd,cpu0,pcie-mmcfg-mmio,0,4,0x413000,ff ff ff ff
1791530182650,TX,MemRd,cpu0,pcie-mmcfg-mmio,0,4,0x414000,ff ff ff ff
1791530182650,TX,MemRd,cpu0,pcie-mmcfg-mmio,0,4,0x415000,ff ff ff ff
1791530182650,TX,MemRd,cpu0,pcie-mmcfg-mmio,0,4,0x416000,ff ff ff ff
1791530182650,TX,MemRd,cpu0,pcie-mmcfg-mmio,0,4,0x417000,ff ff ff ff
1791530182650,TX,MemRd,cpu0,pcie-mmcfg-mmio,0,4,0x418000,ff ff ff ff
1791530182650,TX,MemRd,cpu0,pcie-mmcfg-mmio,0,4,0x419000,ff ff ff ff
1791530182650,TX,MemRd,cpu0,pcie-mmcfg-mmio,0,4,0x41a000,ff ff ff ff
1791530182650,TX,MemRd,cpu0,pcie-mmcfg-mmio,0,4,0x41b000,ff ff ff ff
1791530182650,TX,MemRd,cpu0,pcie-mmcfg-mmio,0,4,0x41c000,ff ff ff ff
1791530182650,TX,MemRd,cpu0,pcie-mmcfg-mmio,0,4,0x41d000,ff ff ff ff
1791530182650,TX,MemRd,cpu0,pcie-mmcfg-mmio,0,4,0x41e000,ff ff ff ff
1791530182650,TX,MemRd,cpu0,pcie-mmcfg-mmio,0,4,0x41f000,ff ff ff ff
1791530182650,TX,MemRd,cpu0,pcie-mmcfg-mmio,0,4,0x420000,ff ff ff ff
1791530182650,TX,MemRd,cpu0,pcie-mmcfg-mmio,0,4,0x421000,ff ff ff ff
1791530182650,TX,MemRd,cpu0,pcie-mmcfg-mmio,0,4,0x422000,ff ff ff ff
1791530182650,TX,MemRd,cpu0,pcie-mmcfg-mmio,0,4,0x423000,ff ff ff ff
1791530182650,TX,MemRd,cpu0,pcie-mmcfg-mmio,0,4,0x424000,ff ff ff ff
1791530182650,TX,MemRd,cpu0,pcie-mmcfg-mmio,0,4,0x425000,ff ff ff ff
1791530182650,TX,MemRd,cpu0,pcie-mmcfg-mmio,0,4,0x426000,ff ff ff ff
1791530182650,TX,MemRd,cpu0,pcie-mmcfg-mmio,0,4,0x427000,ff ff ff ff
1791530182650,TX,MemRd,cpu0,pcie-mmcfg-mmio,0,4,0x428000,ff ff ff ff
1791530182650,TX,MemRd,cpu0,pcie-mmcfg-mmio,0,4,0x429000,ff ff ff ff
1791530182650,TX,MemRd,cpu0,pcie-mmcfg-mmio,0,4,0x42a000,ff ff ff ff
1791530182650,TX,MemRd,cpu0,pcie-mmcfg-mmio,0,4,0x42b000,ff ff ff ff
1791530182650,TX,MemRd,cpu0,pcie-mmcfg-mmio,0,4,0x42c000,ff ff ff ff
1791530182650,TX,MemRd,cpu0,pcie-mmcfg-mmio,0,4,0x42d000,ff ff ff ff
1791530182650,TX,MemRd,cpu0,pcie-mmcfg-mmio,0,4,0x42e000,ff ff ff ff
1791530182650,TX,MemRd,cpu0,pcie-mmcfg-mmio,0,4,0x42f000,ff ff ff ff
1791530182650,TX,MemRd,cpu0,pcie-mmcfg-mmio,0,4,0x430000,ff ff ff ff
1791530182650,TX,MemRd,cpu0,pcie-mmcfg-mmio,0,4,0x431000,ff ff ff ff
1791530182650,TX,MemRd,cpu0,pcie-mmcfg-mmio,0,4,0x432000,ff ff ff ff
1791530182650,TX,MemRd,cpu0,pcie-mmcfg-mmio,0,4,0x433000,ff ff ff ff
1791530182650,TX,MemRd,cpu0,pcie-mmcfg-mmio,0,4,0x434000,ff ff ff ff
1791530182650,TX,MemRd,cpu0,pcie-mmcfg-mmio,0,4,0x435000,ff ff ff ff
1791530182650,TX,MemRd,cpu0,pcie-mmcfg-mmio,0,4,0x436000,ff ff ff ff
1791530182650,TX,MemRd,cpu0,pcie-mmcfg-mmio,0,4,0x437000,ff ff ff ff
1791530182650,TX,MemRd,cpu0,pcie-mmcfg-mmio,0,4,0x438000,ff ff ff ff
1791530182650,TX,MemRd,cpu0,pcie-mmcfg-mmio,0,4,0x439000,ff ff ff ff
1791530182650,TX,MemRd,cpu0,pcie-mmcfg-mmio,0,4,0x43a000,ff ff ff ff
1791530182650,TX,MemRd,cpu0,pcie-mmcfg-mmio,0,4,0x43b000,ff ff ff ff
1791530182650,TX,MemRd,cpu0,pcie-mmcfg-mmio,0,4,0x43c000,ff ff ff ff
1791530182650,TX,MemRd,cpu0,pcie-mmcfg-mmio,0,4,0x43d000,ff ff ff ff
1791530182650,TX,MemRd,cpu0,pcie-mmcfg-mmio,0,4,0x43e000,ff ff ff ff
1791530182650,TX,MemRd,cpu0,pcie-mmcfg-mmio,0,4,0x43f000,ff ff ff ff
1791530182650,TX,MemRd,cpu0,pcie-mmcfg-mmio,0,4,0x440000,ff ff ff ff
1791530182650,TX,MemRd,cpu0,pcie-mmcfg-mmio,0,4,0x441000,ff ff ff ff
1791530182650,TX,MemRd,cpu0,pcie-mmcfg-mmio,0,4,0x442000,ff ff ff ff
1791530182650,TX,MemRd,cpu0,pcie-mmcfg-mmio,0,4,0x443000,ff ff ff ff
1791530182650,TX,MemRd,cpu0,pcie-mmcfg-mmio,0,4,0x444000,ff ff ff ff
1791530182650,TX,MemRd,cpu0,pcie-mmcfg-mmio,0,4,0x445000,ff ff ff ff
1791530182650,TX,MemRd,cpu0,pcie-mmcfg-mmio,0,4,0x446000,ff ff ff ff
1791530182650,TX,MemRd,cpu0,pcie-mmcfg-mmio,0,4,0x447000,ff ff ff ff
1791530182650,TX,MemRd,cpu0,pcie-mmcfg-mmio,0,4,0x448000,ff ff ff ff
1791530182650,TX,MemRd,cpu0,pcie-mmcfg-mmio,0,4,0x449000,ff ff ff ff
1791530182650,TX,MemRd,cpu0,pcie-mmcfg-mmio,0,4,0x44a000,ff ff ff ff
1791530182650,TX,MemRd,cpu0,pcie-mmcfg-mmio,0,4,0x44b000,ff ff ff ff
1791530182650,TX,MemRd,cpu0,pcie-mmcfg-mmio,0,4,0x44c000,ff ff ff ff
1791530182650,TX,MemRd,cpu0,pcie-mmcfg-mmio,0,4,0x44d000,ff ff ff ff
1791530182650,TX,MemRd,cpu0,pcie-mmcfg-mmio,0,4,0x44e000,ff ff ff ff
1791530182650,TX,MemRd,cpu0,pcie-mmcfg-mmio,0,4,0x44f000,ff ff ff ff
1791530182650,TX,MemRd,cpu0,pcie-mmcfg-mmio,0,4,0x450000,ff ff ff ff
1791530182650,TX,MemRd,cpu0,pcie-mmcfg-mmio,0,4,0x451000,ff ff ff ff
1791530182650,TX,MemRd,cpu0,pcie-mmcfg-mmio,0,4,0x452000,ff ff ff ff
1791530182650,TX,MemRd,cpu0,pcie-mmcfg-mmio,0,4,0x453000,ff ff ff ff
1791530182650,TX,MemRd,cpu0,pcie-mmcfg-mmio,0,4,0x454000,ff ff ff ff
1791530182650,TX,MemRd,cpu0,pcie-mmcfg-mmio,0,4,0x455000,ff ff ff ff
1791530182650,TX,MemRd,cpu0,pcie-mmcfg-mmio,0,4,0x456000,ff ff ff ff
1791530182650,TX,MemRd,cpu0,pcie-mmcfg-mmio,0,4,0x457000,ff ff ff ff
1791530182650,TX,MemRd,cpu0,pcie-mmcfg-mmio,0,4,0x458000,ff ff ff ff
1791530182650,TX,MemRd,cpu0,pcie-mmcfg-mmio,0,4,0x459000,ff ff ff ff
1791530182650,TX,MemRd,cpu0,pcie-mmcfg-mmio,0,4,0x45a000,ff ff ff ff
1791530182650,TX,MemRd,cpu0,pcie-mmcfg-mmio,0,4,0x45b000,ff ff ff ff
1791530182650,TX,MemRd,cpu0,pcie-mmcfg-mmio,0,4,0x45c000,ff ff ff ff
1791530182650,TX,MemRd,cpu0,pcie-mmcfg-mmio,0,4,0x45d000,ff ff ff ff
1791530182650,TX,MemRd,cpu0,pcie-mmcfg-mmio,0,4,0x45e000,ff ff ff ff
1791530182650,TX,MemRd,cpu0,pcie-mmcfg-mmio,0,4,0x45f000,ff ff ff ff
1791530182650,TX,MemRd,cpu0,pcie-mmcfg-mmio,0,4,0x460000,ff ff ff ff
1791530182650,TX,MemRd,cpu0,pcie-mmcfg-mmio,0,4,0x461000,ff ff ff ff
1791530182650,TX,MemRd,cpu0,pcie-mmcfg-mmio,0,4,0x462000,ff ff ff ff
1791530182650,TX,MemRd,cpu0,pcie-mmcfg-mmio,0,4,0x463000,ff ff ff ff
1791530182650,TX,MemRd,cpu0,pcie-mmcfg-mmio,0,4,0x464000,ff ff ff ff
1791530182650,TX,MemRd,cpu0,pcie-mmcfg-mmio,0,4,0x465000,ff ff ff ff
1791530182650,TX,MemRd,cpu0,pcie-mmcfg-mmio,0,4,0x466000,ff ff ff ff
1791530182650,TX,MemRd,cpu0,pcie-mmcfg-mmio,0,4,0x467000,ff ff ff ff
1791530182650,TX,MemRd,cpu0,pcie-mmcfg-mmio,0,4,0x468000,ff ff ff ff
1791530182650,TX,MemRd,cpu0,pcie-mmcfg-mmio,0,4,0x469000,ff ff ff ff
1791530182650,TX,MemRd,cpu0,pcie-mmcfg-mmio,0,4,0x46a000,ff ff ff ff
1791530182650,TX,MemRd,cpu0,pcie-mmcfg-mmio,0,4,0x46b000,ff ff ff ff
1791530182650,TX,MemRd,cpu0,pcie-mmcfg-mmio,0,4,0x46c000,ff ff ff ff
1791530182650,TX,MemRd,cpu0,pcie-mmcfg-mmio,0,4,0x46d000,ff ff ff ff
1791530182650,TX,MemRd,cpu0,pcie-mmcfg-mmio,0,4,0x46e000,ff ff ff ff
1791530182650,TX,MemRd,cpu0,pcie-mmcfg-mmio,0,4,0x46f000,ff ff ff ff
1791530182650,TX,MemRd,cpu0,pcie-mmcfg-mmio,0,4,0x470000,ff ff ff ff
1791530182650,TX,MemRd,cpu0,pcie-mmcfg-mmio,0,4,0x471000,ff ff ff ff
1791530182650,TX,MemRd,cpu0,pcie-mmcfg-mmio,0,4,0x472000,ff ff ff ff
1791530182650,TX,MemRd,cpu0,pcie-mmcfg-mmio,0,4,0x473000,ff ff ff ff
1791530182650,TX,MemRd,cpu0,pcie-mmcfg-mmio,0,4,0x474000,ff ff ff ff
1791530182650,TX,MemRd,cpu0,pcie-mmcfg-mmio,0,4,0x475000,ff ff ff ff
1791530182650,TX,MemRd,cpu0,pcie-mmcfg-mmio,0,4,0x476000,ff ff ff ff
1791530182650,TX,MemRd,cpu0,pcie-mmcfg-mmio,0,4,0x477000,ff ff ff ff
1791530182650,TX,MemRd,cpu0,pcie-mmcfg-mmio,0,4,0x478000,ff ff ff ff
1791530182650,TX,MemRd,cpu0,pcie-mmcfg-mmio,0,4,0x479000,ff ff ff ff
1791530182650,TX,MemRd,cpu0,pcie-mmcfg-mmio,0,4,0x47a000,ff ff ff ff
1791530182650,TX,MemRd,cpu0,pcie-mmcfg-mmio,0,4,0x47b000,ff ff ff ff
1791530182650,TX,MemRd,cpu0,pcie-mmcfg-mmio,0,4,0x47c000,ff ff ff ff
1791530182650,TX,MemRd,cpu0,pcie-mmcfg-mmio,0,4,0x47d000,ff ff ff ff
1791530182650,TX,MemRd,cpu0,pcie-mmcfg-mmio,0,4,0x47e000,ff ff ff ff
1791530182650,TX,MemRd,cpu0,pcie-mmcfg-mmio,0,4,0x47f000,ff ff ff ff
1791530182650,TX,MemRd,cpu0,pcie-mmcfg-mmio,0,4,0x480000,ff ff ff ff
1791530182650,TX,MemRd,cpu0,pcie-mmcfg-mmio,0,4,0x481000,ff ff ff ff
1791530182650,TX,MemRd,cpu0,pcie-mmcfg-mmio,0,4,0x482000,ff ff ff ff
1791530182650,TX,MemRd,cpu0,pcie-mmcfg-mmio,0,4,0x483000,ff ff ff ff
1791530182650,TX,MemRd,cpu0,pcie-mmcfg-mmio,0,4,0x484000,ff ff ff ff
1791530182650,TX,MemRd,cpu0,pcie-mmcfg-mmio,0,4,0x485000,ff ff ff ff
1791530182650,TX,MemRd,cpu0,pcie-mmcfg-mmio,0,4,0x486000,ff ff ff ff
1791530182650,TX,MemRd,cpu0,pcie-mmcfg-mmio,0,4,0x487000,ff ff ff ff
1791530182650,TX,MemRd,cpu0,pcie-mmcfg-mmio,0,4,0x488000,ff ff ff ff
1791530182650,TX,MemRd,cpu0,pcie-mmcfg-mmio,0,4,0x489000,ff ff ff ff
1791530182650,TX,MemRd,cpu0,pcie-mmcfg-mmio,0,4,0x48a000,ff ff ff ff
1791530182650,TX,MemRd,cpu0,pcie-mmcfg-mmio,0,4,0x48b000,ff ff ff ff
1791530182650,TX,MemRd,cpu0,pcie-mmcfg-mmio,0,4,0x48c000,ff ff ff ff
1791530182650,TX,MemRd,cpu0,pcie-mmcfg-mmio,0,4,0x48d000,ff ff ff ff
1791530182650,TX,MemRd,cpu0,pcie-mmcfg-mmio,0,4,0x48e000,ff ff ff ff
1791530182650,TX,MemRd,cpu0,pcie-mmcfg-mmio,0,4,0x48f000,ff ff ff ff
1791530182650,TX,MemRd,cpu0,pcie-mmcfg-mmio,0,4,0x490000,ff ff ff ff
1791530182650,TX,MemRd,cpu0,pcie-mmcfg-mmio,0,4,0x491000,ff ff ff ff
1791530182650,TX,MemRd,cpu0,pcie-mmcfg-mmio,0,4,0x492000,ff ff ff ff
1791530182650,TX,MemRd,cpu0,pcie-mmcfg-mmio,0,4,0x493000,ff ff ff ff
1791530182650,TX,MemRd,cpu0,pcie-mmcfg-mmio,0,4,0x494000,ff ff ff ff
1791530182650,TX,MemRd,cpu0,pcie-mmcfg-mmio,0,4,0x495000,ff ff ff ff
1791530182650,TX,MemRd,cpu0,pcie-mmcfg-mmio,0,4,0x496000,ff ff ff ff
1791530182650,TX,MemRd,cpu0,pcie-mmcfg-mmio,0,4,0x497000,ff ff ff ff
1791530182650,TX,MemRd,cpu0,pcie-mmcfg-mmio,0,4,0x498000,ff ff ff ff
1791530182650,TX,MemRd,cpu0,pcie-mmcfg-mmio,0,4,0x499000,ff ff ff ff
1791530182650,TX,MemRd,cpu0,pcie-mmcfg-mmio,0,4,0x49a000,ff ff ff ff
1791530182650,TX,MemRd,cpu0,pcie-mmcfg-mmio,0,4,0x49b000,ff ff ff ff
1791530182650,TX,MemRd,cpu0,pcie-mmcfg-mmio,0,4,0x49c000,ff ff ff ff
1791530182650,TX,MemRd,cpu0,pcie-mmcfg-mmio,0,4,0x49d000,ff ff ff ff
1791530182650,TX,MemRd,cpu0,pcie-mmcfg-mmio,0,4,0x49e000,ff ff ff ff
1791530182650,TX,MemRd,cpu0,pcie-mmcfg-mmio,0,4,0x49f000,ff ff ff ff
1791530182650,TX,MemRd,cpu0,pcie-mmcfg-mmio,0,4,0x4a0000,ff ff ff ff
1791530182650,TX,MemRd,cpu0,pcie-mmcfg-mmio,0,4,0x4a1000,ff ff ff ff
1791530182650,TX,MemRd,cpu0,pcie-mmcfg-mmio,0,4,0x4a2000,ff ff ff ff
1791530182650,TX,MemRd,cpu0,pcie-mmcfg-mmio,0,4,0x4a3000,ff ff ff ff
1791530182650,TX,MemRd,cpu0,pcie-mmcfg-mmio,0,4,0x4a4000,ff ff ff ff
1791530182650,TX,MemRd,cpu0,pcie-mmcfg-mmio,0,4,0x4a5000,ff ff ff ff
1791530182650,TX,MemRd,cpu0,pcie-mmcfg-mmio,0,4,0x4a6000,ff ff ff ff
1791530182650,TX,MemRd,cpu0,pcie-mmcfg-mmio,0,4,0x4a7000,ff ff ff ff
1791530182650,TX,MemRd,cpu0,pcie-mmcfg-mmio,0,4,0x4a8000,ff ff ff ff
1791530182650,TX,MemRd,cpu0,pcie-mmcfg-mmio,0,4,0x4a9000,ff ff ff ff
1791530182650,TX,MemRd,cpu0,pcie-mmcfg-mmio,0,4,0x4aa000,ff ff ff ff
1791530182650,TX,MemRd,cpu0,pcie-mmcfg-mmio,0,4,0x4ab000,ff ff ff ff
1791530182650,TX,MemRd,cpu0,pcie-mmcfg-mmio,0,4,0x4ac000,ff ff ff ff
1791530182650,TX,MemRd,cpu0,pcie-mmcfg-mmio,0,4,0x4ad000,ff ff ff ff
1791530182650,TX,MemRd,cpu0,pcie-mmcfg-mmio,0,4,0x4ae000,ff ff ff ff
1791530182650,TX,MemRd,cpu0,pcie-mmcfg-mmio,0,4,0x4af000,ff ff ff ff
1791530182650,TX,MemRd,cpu0,pcie-mmcfg-mmio,0,4,0x4b0000,ff ff ff ff
1791530182650,TX,MemRd,cpu0,pcie-mmcfg-mmio,0,4,0x4b1000,ff ff ff ff
1791530182650,TX,MemRd,cpu0,pcie-mmcfg-mmio,0,4,0x4b2000,ff ff ff ff
1791530182650,TX,MemRd,cpu0,pcie-mmcfg-mmio,0,4,0x4b3000,ff ff ff ff
1791530182650,TX,MemRd,cpu0,pcie-mmcfg-mmio,0,4,0x4b4000,ff ff ff ff
1791530182650,TX,MemRd,cpu0,pcie-mmcfg-mmio,0,4,0x4b5000,ff ff ff ff
1791530182650,TX,MemRd,cpu0,pcie-mmcfg-mmio,0,4,0x4b6000,ff ff ff ff
1791530182650,TX,MemRd,cpu0,pcie-mmcfg-mmio,0,4,0x4b7000,ff ff ff ff
1791530182650,TX,MemRd,cpu0,pcie-mmcfg-mmio,0,4,0x4b8000,ff ff ff ff
1791530182650,TX,MemRd,cpu0,pcie-mmcfg-mmio,0,4,0x4b9000,ff ff ff ff
1791530182650,TX,MemRd,cpu0,pcie-mmcfg-mmio,0,4,0x4ba000,ff ff ff ff
1791530182650,TX,MemRd,cpu0,pcie-mmcfg-mmio,0,4,0x4bb000,ff ff ff ff
1791530182650,TX,MemRd,cpu0,pcie-mmcfg-mmio,0,4,0x4bc000,ff ff ff ff
1791530182650,TX,MemRd,cpu0,pcie-mmcfg-mmio,0,4,0x4bd000,ff ff ff ff
1791530182650,TX,MemRd,cpu0,pcie-mmcfg-mmio,0,4,0x4be000,ff ff ff ff
1791530182651,TX,MemRd,cpu0,pcie-mmcfg-mmio,0,4,0x4bf000,ff ff ff ff
1791530182651,TX,MemRd,cpu0,pcie-mmcfg-mmio,0,4,0x4c0000,ff ff ff ff
1791530182651,TX,MemRd,cpu0,pcie-mmcfg-mmio,0,4,0x4c1000,ff ff ff ff
1791530182651,TX,MemRd,cpu0,pcie-mmcfg-mmio,0,4,0x4c2000,ff ff ff ff
1791530182651,TX,MemRd,cpu0,pcie-mmcfg-mmio,0,4,0x4c3000,ff ff ff ff
1791530182651,TX,MemRd,cpu0,pcie-mmcfg-mmio,0,4,0x4c4000,ff ff ff ff
1791530182651,TX,MemRd,cpu0,pcie-mmcfg-mmio,0,4,0x4c5000,ff ff ff ff
1791530182651,TX,MemRd,cpu0,pcie-mmcfg-mmio,0,4,0x4c6000,ff ff ff ff
1791530182651,TX,MemRd,cpu0,pcie-mmcfg-mmio,0,4,0x4c7000,ff ff ff ff
1791530182651,TX,MemRd,cpu0,pcie-mmcfg-mmio,0,4,0x4c8000,ff ff ff ff
1791530182651,TX,MemRd,cpu0,pcie-mmcfg-mmio,0,4,0x4c9000,ff ff ff ff
1791530182651,TX,MemRd,cpu0,pcie-mmcfg-mmio,0,4,0x4ca000,ff ff ff ff
1791530182651,TX,MemRd,cpu0,pcie-mmcfg-mmio,0,4,0x4cb000,ff ff ff ff
1791530182651,TX,MemRd,cpu0,pcie-mmcfg-mmio,0,4,0x4cc000,ff ff ff ff
1791530182651,TX,MemRd,cpu0,pcie-mmcfg-mmio,0,4,0x4cd000,ff ff ff ff
1791530182651,TX,MemRd,cpu0,pcie-mmcfg-mmio,0,4,0x4ce000,ff ff ff ff
1791530182651,TX,MemRd,cpu0,pcie-mmcfg-mmio,0,4,0x4cf000,ff ff ff ff
1791530182651,TX,MemRd,cpu0,pcie-mmcfg-mmio,0,4,0x4d0000,ff ff ff ff
1791530182651,TX,MemRd,cpu0,pcie-mmcfg-mmio,0,4,0x4d1000,ff ff ff ff
1791530182651,TX,MemRd,cpu0,pcie-mmcfg-mmio,0,4,0x4d2000,ff ff ff ff
1791530182651,TX,MemRd,cpu0,pcie-mmcfg-mmio,0,4,0x4d3000,ff ff ff ff
1791530182651,TX,MemRd,cpu0,pcie-mmcfg-mmio,0,4,0x4d4000,ff ff ff ff
1791530182651,TX,MemRd,cpu0,pcie-mmcfg-mmio,0,4,0x4d5000,ff ff ff ff
1791530182651,TX,MemRd,cpu0,pcie-mmcfg-mmio,0,4,0x4d6000,ff ff ff ff
1791530182651,TX,MemRd,cpu0,pcie-mmcfg-mmio,0,4,0x4d7000,ff ff ff ff
1791530182651,TX,MemRd,cpu0,pcie-mmcfg-mmio,0,4,0x4d8000,ff ff ff ff
1791530182651,TX,MemRd,cpu0,pcie-mmcfg-mmio,0,4,0x4d9000,ff ff ff ff
1791530182651,TX,MemRd,cpu0,pcie-mmcfg-mmio,0,4,0x4da000,ff ff ff ff
1791530182651,TX,MemRd,cpu0,pcie-mmcfg-mmio,0,4,0x4db000,ff ff ff ff
1791530182651,TX,MemRd,cpu0,pcie-mmcfg-mmio,0,4,0x4dc000,ff ff ff ff
1791530182651,TX,MemRd,cpu0,pcie-mmcfg-mmio,0,4,0x4dd000,ff ff ff ff
1791530182651,TX,MemRd,cpu0,pcie-mmcfg-mmio,0,4,0x4de000,ff ff ff ff
1791530182651,TX,MemRd,cpu0,pcie-mmcfg-mmio,0,4,0x4df000,ff ff ff ff
1791530182651,TX,MemRd,cpu0,pcie-mmcfg-mmio,0,4,0x4e0000,ff ff ff ff
1791530182651,TX,MemRd,cpu0,pcie-mmcfg-mmio,0,4,0x4e1000,ff ff ff ff
1791530182651,TX,MemRd,cpu0,pcie-mmcfg-mmio,0,4,0x4e2000,ff ff ff ff
1791530182651,TX,MemRd,cpu0,pcie-mmcfg-mmio,0,4,0x4e3000,ff ff ff ff
1791530182651,TX,MemRd,cpu0,pcie-mmcfg-mmio,0,4,0x4e4000,ff ff ff ff
1791530182651,TX,MemRd,cpu0,pcie-mmcfg-mmio,0,4,0x4e5000,ff ff ff ff
1791530182651,TX,MemRd,cpu0,pcie-mmcfg-mmio,0,4,0x4e6000,ff ff ff ff
1791530182651,TX,MemRd,cpu0,pcie-mmcfg-mmio,0,4,0x4e7000,ff ff ff ff
1791530182651,TX,MemRd,cpu0,pcie-mmcfg-mmio,0,4,0x4e8000,ff ff ff ff
1791530182651,TX,MemRd,cpu0,pcie-mmcfg-mmio,0,4,0x4e9000,ff ff ff ff
1791530182651,TX,MemRd,cpu0,pcie-mmcfg-mmio,0,4,0x4ea000,ff ff ff ff
1791530182651,TX,MemRd,cpu0,pcie-mmcfg-mmio,0,4,0x4eb000,ff ff ff ff
1791530182651,TX,MemRd,cpu0,pcie-mmcfg-mmio,0,4,0x4ec000,ff ff ff ff
1791530182651,TX,MemRd,cpu0,pcie-mmcfg-mmio,0,4,0x4ed000,ff ff ff ff
1791530182651,TX,MemRd,cpu0,pcie-mmcfg-mmio,0,4,0x4ee000,ff ff ff ff
1791530182651,TX,MemRd,cpu0,pcie-mmcfg-mmio,0,4,0x4ef000,ff ff ff ff
1791530182651,TX,MemRd,cpu0,pcie-mmcfg-mmio,0,4,0x4f0000,ff ff ff ff
1791530182651,TX,MemRd,cpu0,pcie-mmcfg-mmio,0,4,0x4f1000,ff ff ff ff
1791530182651,TX,MemRd,cpu0,pcie-mmcfg-mmio,0,4,0x4f2000,ff ff ff ff
1791530182651,TX,MemRd,cpu0,pcie-mmcfg-mmio,0,4,0x4f3000,ff ff ff ff
1791530182651,TX,MemRd,cpu0,pcie-mmcfg-mmio,0,4,0x4f4000,ff ff ff ff
1791530182651,TX,MemRd,cpu0,pcie-mmcfg-mmio,0,4,0x4f5000,ff ff ff ff
1791530182651,TX,MemRd,cpu0,pcie-mmcfg-mmio,0,4,0x4f6000,ff ff ff ff
1791530182651,TX,MemRd,cpu0,pcie-mmcfg-mmio,0,4,0x4f7000,ff ff ff ff
1791530182651,TX,MemRd,cpu0,pcie-mmcfg-mmio,0,4,0x4f8000,ff ff ff ff
1791530182651,TX,MemRd,cpu0,pcie-mmcfg-mmio,0,4,0x4f9000,ff ff ff ff
1791530182651,TX,MemRd,cpu0,pcie-mmcfg-mmio,0,4,0x4fa000,ff ff ff ff
1791530182651,TX,MemRd,cpu0,pcie-mmcfg-mmio,0,4,0x4fb000,ff ff ff ff
1791530182651,TX,MemRd,cpu0,pcie-mmcfg-mmio,0,4,0x4fc000,ff ff ff ff
1791530182651,TX,MemRd,cpu0,pcie-mmcfg-mmio,0,4,0x4fd000,ff ff ff ff
1791530182651,TX,MemRd,cpu0,pcie-mmcfg-mmio,0,4,0x4fe000,ff ff ff ff
1791530182651,TX,MemRd,cpu0,pcie-mmcfg-mmio,0,4,0x4ff000,ff ff ff ff
1791530182651,TX,MemRd,cpu0,pcie-mmcfg-mmio,0,4,0x201018,02 04 ff 00
1791530182651,TX,MemWr,cpu0,pcie-mmcfg-mmio,0,4,0x201018,02 04 04 00
1791530182651,TX,MemRd,cpu0,pcie-mmcfg-mmio,0,4,0x20101c,00 00 00 00
1791530182651,TX,MemRd,cpu0,pcie-mmcfg-mmio,0,4,0x201030,00 00 00 00
1791530182651,TX,MemWr,cpu0,pcie-mmcfg-mmio,0,4,0x20101c,00 00 00 00
1791530182651,TX,MemWr,cpu0,pcie-mmcfg-mmio,0,4,0x201030,00 00 00 00
1791530182651,TX,MemRd,cpu0,pcie-mmcfg-mmio,0,4,0x201020,10 10 00 00
1791530182651,TX,MemWr,cpu0,pcie-mmcfg-mmio,0,4,0x201020,10 10 0f 10
1791530182651,TX,MemRd,cpu0,pcie-mmcfg-mmio,0,4,0x201024,11 00 01 00
1791530182651,TX,MemWr,cpu0,pcie-mmcfg-mmio,0,4,0x201024,11 00 1f 00
1791530182651,TX,MemWr,cpu0,pcie-mmcfg-mmio,0,4,0x20102c,80 00 00 00
1791530182651,TX,MemRd,cpu0,pcie-mmcfg-mmio,0,4,0x202000,ff ff ff ff
1791530182651,TX,MemRd,cpu0,pcie-mmcfg-mmio,0,4,0x203000,ff ff ff ff
1791530182651,TX,MemRd,cpu0,pcie-mmcfg-mmio,0,4,0x204000,ff ff ff ff
1791530182651,TX,MemRd,cpu0,pcie-mmcfg-mmio,0,4,0x205000,ff ff ff ff
1791530182651,TX,MemRd,cpu0,pcie-mmcfg-mmio,0,4,0x206000,ff ff ff ff
1791530182651,TX,MemRd,cpu0,pcie-mmcfg-mmio,0,4,0x207000,ff ff ff ff
1791530182651,TX,MemRd,cpu0,pcie-mmcfg-mmio,0,4,0x208000,ff ff ff ff
1791530182651,TX,MemRd,cpu0,pcie-mmcfg-mmio,0,4,0x209000,ff ff ff ff
1791530182651,TX,MemRd,cpu0,pcie-mmcfg-mmio,0,4,0x20a000,ff ff ff ff
1791530182651,TX,MemRd,cpu0,pcie-mmcfg-mmio,0,4,0x20b000,ff ff ff ff
1791530182651,TX,MemRd,cpu0,pcie-mmcfg-mmio,0,4,0x20c000,ff ff ff ff
1791530182651,TX,MemRd,cpu0,pcie-mmcfg-mmio,0,4,0x20d000,ff ff ff ff
1791530182651,TX,MemRd,cpu0,pcie-mmcfg-mmio,0,4,0x20e000,ff ff ff ff
1791530182651,TX,MemRd,cpu0,pcie-mmcfg-mmio,0,4,0x20f000,ff ff ff ff
1791530182651,TX,MemRd,cpu0,pcie-mmcfg-mmio,0,4,0x210000,ff ff ff ff
1791530182651,TX,MemRd,cpu0,pcie-mmcfg-mmio,0,4,0x211000,ff ff ff ff
1791530182651,TX,MemRd,cpu0,pcie-mmcfg-mmio,0,4,0x212000,ff ff ff ff
1791530182651,TX,MemRd,cpu0,pcie-mmcfg-mmio,0,4,0x213000,ff ff ff ff
1791530182651,TX,MemRd,cpu0,pcie-mmcfg-mmio,0,4,0x214000,ff ff ff ff
1791530182651,TX,MemRd,cpu0,pcie-mmcfg-mmio,0,4,0x215000,ff ff ff ff
1791530182651,TX,MemRd,cpu0,pcie-mmcfg-mmio,0,4,0x216000,ff ff ff ff
1791530182651,TX,MemRd,cpu0,pcie-mmcfg-mmio,0,4,0x217000,ff ff ff ff
1791530182651,TX,MemRd,cpu0,pcie-mmcfg-mmio,0,4,0x218000,ff ff ff ff
1791530182651,TX,MemRd,cpu0,pcie-mmcfg-mmio,0,4,0x219000,ff ff ff ff
1791530182651,TX,MemRd,cpu0,pcie-mmcfg-mmio,0,4,0x21a000,ff ff ff ff
1791530182651,TX,MemRd,cpu0,pcie-mmcfg-mmio,0,4,0x21b000,ff ff ff ff
1791530182651,TX,MemRd,cpu0,pcie-mmcfg-mmio,0,4,0x21c000,ff ff ff ff
1791530182651,TX,MemRd,cpu0,pcie-mmcfg-mmio,0,4,0x21d000,ff ff ff ff
1791530182651,TX,MemRd,cpu0,pcie-mmcfg-mmio,0,4,0x21e000,ff ff ff ff
1791530182651,TX,MemRd,cpu0,pcie-mmcfg-mmio,0,4,0x21f000,ff ff ff ff
1791530182651,TX,MemRd,cpu0,pcie-mmcfg-mmio,0,4,0x220000,ff ff ff ff
1791530182651,TX,MemRd,cpu0,pcie-mmcfg-mmio,0,4,0x221000,ff ff ff ff
1791530182651,TX,MemRd,cpu0,pcie-mmcfg-mmio,0,4,0x222000,ff ff ff ff
1791530182651,TX,MemRd,cpu0,pcie-mmcfg-mmio,0,4,0x223000,ff ff ff ff
1791530182651,TX,MemRd,cpu0,pcie-mmcfg-mmio,0,4,0x224000,ff ff ff ff
1791530182651,TX,MemRd,cpu0,pcie-mmcfg-mmio,0,4,0x225000,ff ff ff ff
1791530182651,TX,MemRd,cpu0,pcie-mmcfg-mmio,0,4,0x226000,ff ff ff ff
1791530182651,TX,MemRd,cpu0,pcie-mmcfg-mmio,0,4,0x227000,ff ff ff ff
1791530182651,TX,MemRd,cpu0,pcie-mmcfg-mmio,0,4,0x228000,ff ff ff ff
1791530182651,TX,MemRd,cpu0,pcie-mmcfg-mmio,0,4,0x229000,ff ff ff ff
1791530182651,TX,MemRd,cpu0,pcie-mmcfg-mmio,0,4,0x22a000,ff ff ff ff
1791530182651,TX,MemRd,cpu0,pcie-mmcfg-mmio,0,4,0x22b000,ff ff ff ff
1791530182651,TX,MemRd,cpu0,pcie-mmcfg-mmio,0,4,0x22c000,ff ff ff ff
1791530182651,TX,MemRd,cpu0,pcie-mmcfg-mmio,0,4,0x22d000,ff ff ff ff
1791530182651,TX,MemRd,cpu0,pcie-mmcfg-mmio,0,4,0x22e000,ff ff ff ff
1791530182651,TX,MemRd,cpu0,pcie-mmcfg-mmio,0,4,0x22f000,ff ff ff ff
1791530182651,TX,MemRd,cpu0,pcie-mmcfg-mmio,0,4,0x230000,ff ff ff ff
1791530182651,TX,MemRd,cpu0,pcie-mmcfg-mmio,0,4,0x231000,ff ff ff ff
1791530182651,TX,MemRd,cpu0,pcie-mmcfg-mmio,0,4,0x232000,ff ff ff ff
1791530182651,TX,MemRd,cpu0,pcie-mmcfg-mmio,0,4,0x233000,ff ff ff ff
1791530182651,TX,MemRd,cpu0,pcie-mmcfg-mmio,0,4,0x234000,ff ff ff ff
1791530182651,TX,MemRd,cpu0,pcie-mmcfg-mmio,0,4,0x235000,ff ff ff ff
1791530182651,TX,MemRd,cpu0,pcie-mmcfg-mmio,0,4,0x236000,ff ff ff ff
1791530182651,TX,MemRd,cpu0,pcie-mmcfg-mmio,0,4,0x237000,ff ff ff ff
1791530182651,TX,MemRd,cpu0,pcie-mmcfg-mmio,0,4,0x238000,ff ff ff ff
1791530182651,TX,MemRd,cpu0,pcie-mmcfg-mmio,0,4,0x239000,ff ff ff ff
1791530182651,TX,MemRd,cpu0,pcie-mmcfg-mmio,0,4,0x23a000,ff ff ff ff
1791530182651,TX,MemRd,cpu0,pcie-mmcfg-mmio,0,4,0x23b000,ff ff ff ff
1791530182651,TX,MemRd,cpu0,pcie-mmcfg-mmio,0,4,0x23c000,ff ff ff ff
1791530182651,TX,MemRd,cpu0,pcie-mmcfg-mmio,0,4,0x23d000,ff ff ff ff
1791530182651,TX,MemRd,cpu0,pcie-mmcfg-mmio,0,4,0x23e000,ff ff ff ff
1791530182651,TX,MemRd,cpu0,pcie-mmcfg-mmio,0,4,0x23f000,ff ff ff ff
1791530182651,TX,MemRd,cpu0,pcie-mmcfg-mmio,0,4,0x240000,ff ff ff ff
1791530182651,TX,MemRd,cpu0,pcie-mmcfg-mmio,0,4,0x241000,ff ff ff ff
1791530182651,TX,MemRd,cpu0,pcie-mmcfg-mmio,0,4,0x242000,ff ff ff ff
1791530182651,TX,MemRd,cpu0,pcie-mmcfg-mmio,0,4,0x243000,ff ff ff ff
1791530182651,TX,MemRd,cpu0,pcie-mmcfg-mmio,0,4,0x244000,ff ff ff ff
1791530182651,TX,MemRd,cpu0,pcie-mmcfg-mmio,0,4,0x245000,ff ff ff ff
1791530182651,TX,MemRd,cpu0,pcie-mmcfg-mmio,0,4,0x246000,ff ff ff ff
1791530182651,TX,MemRd,cpu0,pcie-mmcfg-mmio,0,4,0x247000,ff ff ff ff
1791530182651,TX,MemRd,cpu0,pcie-mmcfg-mmio,0,4,0x248000,ff ff ff ff
1791530182651,TX,MemRd,cpu0,pcie-mmcfg-mmio,0,4,0x249000,ff ff ff ff
1791530182651,TX,MemRd,cpu0,pcie-mmcfg-mmio,0,4,0x24a000,ff ff ff ff
1791530182651,TX,MemRd,cpu0,pcie-mmcfg-mmio,0,4,0x24b000,ff ff ff ff
1791530182651,TX,MemRd,cpu0,pcie-mmcfg-mmio,0,4,0x24c000,ff ff ff ff
1791530182651,TX,MemRd,cpu0,pcie-mmcfg-mmio,0,4,0x24d000,ff ff ff ff
1791530182651,TX,MemRd,cpu0,pcie-mmcfg-mmio,0,4,0x24e000,ff ff ff ff
1791530182651,TX,MemRd,cpu0,pcie-mmcfg-mmio,0,4,0x24f000,ff ff ff ff
1791530182651,TX,MemRd,cpu0,pcie-mmcfg-mmio,0,4,0x250000,ff ff ff ff
1791530182651,TX,MemRd,cpu0,pcie-mmcfg-mmio,0,4,0x251000,ff ff ff ff
1791530182651,TX,MemRd,cpu0,pcie-mmcfg-mmio,0,4,0x252000,ff ff ff ff
1791530182651,TX,MemRd,cpu0,pcie-mmcfg-mmio,0,4,0x253000,ff ff ff ff
1791530182651,TX,MemRd,cpu0,pcie-mmcfg-mmio,0,4,0x254000,ff ff ff ff
1791530182651,TX,MemRd,cpu0,pcie-mmcfg-mmio,0,4,0x255000,ff ff ff ff
1791530182651,TX,MemRd,cpu0,pcie-mmcfg-mmio,0,4,0x256000,ff ff ff ff
1791530182651,TX,MemRd,cpu0,pcie-mmcfg-mmio,0,4,0x257000,ff ff ff ff
1791530182651,TX,MemRd,cpu0,pcie-mmcfg-mmio,0,4,0x258000,ff ff ff ff
1791530182651,TX,MemRd,cpu0,pcie-mmcfg-mmio,0,4,0x259000,ff ff ff ff
1791530182651,TX,MemRd,cpu0,pcie-mmcfg-mmio,0,4,0x25a000,ff ff ff ff
1791530182651,TX,MemRd,cpu0,pcie-mmcfg-mmio,0,4,0x25b000,ff ff ff ff
1791530182651,TX,MemRd,cpu0,pcie-mmcfg-mmio,0,4,0x25c000,ff ff ff ff
1791530182651,TX,MemRd,cpu0,pcie-mmcfg-mmio,0,4,0x25d000,ff ff ff ff
1791530182651,TX,MemRd,cpu0,pcie-mmcfg-mmio,0,4,0x25e000,ff ff ff ff
1791530182651,TX,MemRd,cpu0,pcie-mmcfg-mmio,0,4,0x25f000,ff ff ff ff
1791530182651,TX,MemRd,cpu0,pcie-mmcfg-mmio,0,4,0x260000,ff ff ff ff
1791530182651,TX,MemRd,cpu0,pcie-mmcfg-mmio,0,4,0x261000,ff ff ff ff
1791530182651,TX,MemRd,cpu0,pcie-mmcfg-mmio,0,4,0x262000,ff ff ff ff
1791530182651,TX,MemRd,cpu0,pcie-mmcfg-mmio,0,4,0x263000,ff ff ff ff
1791530182651,TX,MemRd,cpu0,pcie-mmcfg-mmio,0,4,0x264000,ff ff ff ff
1791530182651,TX,MemRd,cpu0,pcie-mmcfg-mmio,0,4,0x265000,ff ff ff ff
1791530182651,TX,MemRd,cpu0,pcie-mmcfg-mmio,0,4,0x266000,ff ff ff ff
1791530182651,TX,MemRd,cpu0,pcie-mmcfg-mmio,0,4,0x267000,ff ff ff ff
1791530182651,TX,MemRd,cpu0,pcie-mmcfg-mmio,0,4,0x268000,ff ff ff ff
1791530182651,TX,MemRd,cpu0,pcie-mmcfg-mmio,0,4,0x269000,ff ff ff ff
1791530182651,TX,MemRd,cpu0,pcie-mmcfg-mmio,0,4,0x26a000,ff ff ff ff
1791530182651,TX,MemRd,cpu0,pcie-mmcfg-mmio,0,4,0x26b000,ff ff ff ff
1791530182651,TX,MemRd,cpu0,pcie-mmcfg-mmio,0,4,0x26c000,ff ff ff ff
1791530182651,TX,MemRd,cpu0,pcie-mmcfg-mmio,0,4,0x26d000,ff ff ff ff
1791530182651,TX,MemRd,cpu0,pcie-mmcfg-mmio,0,4,0x26e000,ff ff ff ff
1791530182651,TX,MemRd,cpu0,pcie-mmcfg-mmio,0,4,0x26f000,ff ff ff ff
1791530182651,TX,MemRd,cpu0,pcie-mmcfg-mmio,0,4,0x270000,ff ff ff ff
1791530182651,TX,MemRd,cpu0,pcie-mmcfg-mmio,0,4,0x271000,ff ff ff ff
1791530182651,TX,MemRd,cpu0,pcie-mmcfg-mmio,0,4,0x272000,ff ff ff ff
1791530182651,TX,MemRd,cpu0,pcie-mmcfg-mmio,0,4,0x273000,ff ff ff ff
1791530182651,TX,MemRd,cpu0,pcie-mmcfg-mmio,0,4,0x274000,ff ff ff ff
1791530182651,TX,MemRd,cpu0,pcie-mmcfg-mmio,0,4,0x275000,ff ff ff ff
1791530182651,TX,MemRd,cpu0,pcie-mmcfg-mmio,0,4,0x276000,ff ff ff ff
1791530182651,TX,MemRd,cpu0,pcie-mmcfg-mmio,0,4,0x277000,ff ff ff ff
1791530182651,TX,MemRd,cpu0,pcie-mmcfg-mmio,0,4,0x278000,ff ff ff ff
1791530182651,TX,MemRd,cpu0,pcie-mmcfg-mmio,0,4,0x279000,ff ff ff ff
1791530182651,TX,MemRd,cpu0,pcie-mmcfg-mmio,0,4,0x27a000,ff ff ff ff
1791530182651,TX,MemRd,cpu0,pcie-mmcfg-mmio,0,4,0x27b000,ff ff ff ff
1791530182651,TX,MemRd,cpu0,pcie-mmcfg-mmio,0,4,0x27c000,ff ff ff ff
1791530182651,TX,MemRd,cpu0,pcie-mmcfg-mmio,0,4,0x27d000,ff ff ff ff
1791530182651,TX,MemRd,cpu0,pcie-mmcfg-mmio,0,4,0x27e000,ff ff ff ff
1791530182651,TX,MemRd,cpu0,pcie-mmcfg-mmio,0,4,0x27f000,ff ff ff ff
1791530182651,TX,MemRd,cpu0,pcie-mmcfg-mmio,0,4,0x280000,ff ff ff ff
1791530182651,TX,MemRd,cpu0,pcie-mmcfg-mmio,0,4,0x281000,ff ff ff ff
1791530182651,TX,MemRd,cpu0,pcie-mmcfg-mmio,0,4,0x282000,ff ff ff ff
1791530182651,TX,MemRd,cpu0,pcie-mmcfg-mmio,0,4,0x283000,ff ff ff ff
1791530182651,TX,MemRd,cpu0,pcie-mmcfg-mmio,0,4,0x284000,ff ff ff ff
1791530182651,TX,MemRd,cpu0,pcie-mmcfg-mmio,0,4,0x285000,ff ff ff ff
1791530182651,TX,MemRd,cpu0,pcie-mmcfg-mmio,0,4,0x286000,ff ff ff ff
1791530182651,TX,MemRd,cpu0,pcie-mmcfg-mmio,0,4,0x287000,ff ff ff ff
1791530182651,TX,MemRd,cpu0,pcie-mmcfg-mmio,0,4,0x288000,ff ff ff ff
1791530182651,TX,MemRd,cpu0,pcie-mmcfg-mmio,0,4,0x289000,ff ff ff ff
1791530182651,TX,MemRd,cpu0,pcie-mmcfg-mmio,0,4,0x28a000,ff ff ff ff
1791530182651,TX,MemRd,cpu0,pcie-mmcfg-mmio,0,4,0x28b000,ff ff ff ff
1791530182652,TX,MemRd,cpu0,pcie-mmcfg-mmio,0,4,0x28c000,ff ff ff ff
1791530182652,TX,MemRd,cpu0,pcie-mmcfg-mmio,0,4,0x28d000,ff ff ff ff
1791530182652,TX,MemRd,cpu0,pcie-mmcfg-mmio,0,4,0x28e000,ff ff ff ff
1791530182652,TX,MemRd,cpu0,pcie-mmcfg-mmio,0,4,0x28f000,ff ff ff ff
1791530182652,TX,MemRd,cpu0,pcie-mmcfg-mmio,0,4,0x290000,ff ff ff ff
1791530182652,TX,MemRd,cpu0,pcie-mmcfg-mmio,0,4,0x291000,ff ff ff ff
1791530182652,TX,MemRd,cpu0,pcie-mmcfg-mmio,0,4,0x292000,ff ff ff ff
1791530182652,TX,MemRd,cpu0,pcie-mmcfg-mmio,0,4,0x293000,ff ff ff ff
1791530182652,TX,MemRd,cpu0,pcie-mmcfg-mmio,0,4,0x294000,ff ff ff ff
1791530182652,TX,MemRd,cpu0,pcie-mmcfg-mmio,0,4,0x295000,ff ff ff ff
1791530182652,TX,MemRd,cpu0,pcie-mmcfg-mmio,0,4,0x296000,ff ff ff ff
1791530182652,TX,MemRd,cpu0,pcie-mmcfg-mmio,0,4,0x297000,ff ff ff ff
1791530182652,TX,MemRd,cpu0,pcie-mmcfg-mmio,0,4,0x298000,ff ff ff ff
1791530182652,TX,MemRd,cpu0,pcie-mmcfg-mmio,0,4,0x299000,ff ff ff ff
1791530182652,TX,MemRd,cpu0,pcie-mmcfg-mmio,0,4,0x29a000,ff ff ff ff
1791530182652,TX,MemRd,cpu0,pcie-mmcfg-mmio,0,4,0x29b000,ff ff ff ff
1791530182652,TX,MemRd,cpu0,pcie-mmcfg-mmio,0,4,0x29c000,ff ff ff ff
1791530182652,TX,MemRd,cpu0,pcie-mmcfg-mmio,0,4,0x29d000,ff ff ff ff
1791530182652,TX,MemRd,cpu0,pcie-mmcfg-mmio,0,4,0x29e000,ff ff ff ff
1791530182652,TX,MemRd,cpu0,pcie-mmcfg-mmio,0,4,0x29f000,ff ff ff ff
1791530182652,TX,MemRd,cpu0,pcie-mmcfg-mmio,0,4,0x2a0000,ff ff ff ff
1791530182652,TX,MemRd,cpu0,pcie-mmcfg-mmio,0,4,0x2a1000,ff ff ff ff
1791530182652,TX,MemRd,cpu0,pcie-mmcfg-mmio,0,4,0x2a2000,ff ff ff ff
1791530182652,TX,MemRd,cpu0,pcie-mmcfg-mmio,0,4,0x2a3000,ff ff ff ff
1791530182652,TX,MemRd,cpu0,pcie-mmcfg-mmio,0,4,0x2a4000,ff ff ff ff
1791530182652,TX,MemRd,cpu0,pcie-mmcfg-mmio,0,4,0x2a5000,ff ff ff ff
1791530182652,TX,MemRd,cpu0,pcie-mmcfg-mmio,0,4,0x2a6000,ff ff ff ff
1791530182652,TX,MemRd,cpu0,pcie-mmcfg-mmio,0,4,0x2a7000,ff ff ff ff
1791530182652,TX,MemRd,cpu0,pcie-mmcfg-mmio,0,4,0x2a8000,ff ff ff ff
1791530182652,TX,MemRd,cpu0,pcie-mmcfg-mmio,0,4,0x2a9000,ff ff ff ff
1791530182652,TX,MemRd,cpu0,pcie-mmcfg-mmio,0,4,0x2aa000,ff ff ff ff
1791530182652,TX,MemRd,cpu0,pcie-mmcfg-mmio,0,4,0x2ab000,ff ff ff ff
1791530182652,TX,MemRd,cpu0,pcie-mmcfg-mmio,0,4,0x2ac000,ff ff ff ff
1791530182652,TX,MemRd,cpu0,pcie-mmcfg-mmio,0,4,0x2ad000,ff ff ff ff
1791530182652,TX,MemRd,cpu0,pcie-mmcfg-mmio,0,4,0x2ae000,ff ff ff ff
1791530182652,TX,MemRd,cpu0,pcie-mmcfg-mmio,0,4,0x2af000,ff ff ff ff
1791530182652,TX,MemRd,cpu0,pcie-mmcfg-mmio,0,4,0x2b0000,ff ff ff ff
1791530182652,TX,MemRd,cpu0,pcie-mmcfg-mmio,0,4,0x2b1000,ff ff ff ff
1791530182652,TX,MemRd,cpu0,pcie-mmcfg-mmio,0,4,0x2b2000,ff ff ff ff
1791530182652,TX,MemRd,cpu0,pcie-mmcfg-mmio,0,4,0x2b3000,ff ff ff ff
1791530182652,TX,MemRd,cpu0,pcie-mmcfg-mmio,0,4,0x2b4000,ff ff ff ff
1791530182652,TX,MemRd,cpu0,pcie-mmcfg-mmio,0,4,0x2b5000,ff ff ff ff
1791530182652,TX,MemRd,cpu0,pcie-mmcfg-mmio,0,4,0x2b6000,ff ff ff ff
1791530182652,TX,MemRd,cpu0,pcie-mmcfg-mmio,0,4,0x2b7000,ff ff ff ff
1791530182652,TX,MemRd,cpu0,pcie-mmcfg-mmio,0,4,0x2b8000,ff ff ff ff
1791530182652,TX,MemRd,cpu0,pcie-mmcfg-mmio,0,4,0x2b9000,ff ff ff ff
1791530182652,TX,MemRd,cpu0,pcie-mmcfg-mmio,0,4,0x2ba000,ff ff ff ff
1791530182652,TX,MemRd,cpu0,pcie-mmcfg-mmio,0,4,0x2bb000,ff ff ff ff
1791530182652,TX,MemRd,cpu0,pcie-mmcfg-mmio,0,4,0x2bc000,ff ff ff ff
1791530182652,TX,MemRd,cpu0,pcie-mmcfg-mmio,0,4,0x2bd000,ff ff ff ff
1791530182652,TX,MemRd,cpu0,pcie-mmcfg-mmio,0,4,0x2be000,ff ff ff ff
1791530182652,TX,MemRd,cpu0,pcie-mmcfg-mmio,0,4,0x2bf000,ff ff ff ff
1791530182652,TX,MemRd,cpu0,pcie-mmcfg-mmio,0,4,0x2c0000,ff ff ff ff
1791530182652,TX,MemRd,cpu0,pcie-mmcfg-mmio,0,4,0x2c1000,ff ff ff ff
1791530182652,TX,MemRd,cpu0,pcie-mmcfg-mmio,0,4,0x2c2000,ff ff ff ff
1791530182652,TX,MemRd,cpu0,pcie-mmcfg-mmio,0,4,0x2c3000,ff ff ff ff
1791530182652,TX,MemRd,cpu0,pcie-mmcfg-mmio,0,4,0x2c4000,ff ff ff ff
1791530182652,TX,MemRd,cpu0,pcie-mmcfg-mmio,0,4,0x2c5000,ff ff ff ff
1791530182652,TX,MemRd,cpu0,pcie-mmcfg-mmio,0,4,0x2c6000,ff ff ff ff
1791530182652,TX,MemRd,cpu0,pcie-mmcfg-mmio,0,4,0x2c7000,ff ff ff ff
1791530182652,TX,MemRd,cpu0,pcie-mmcfg-mmio,0,4,0x2c8000,ff ff ff ff
1791530182652,TX,MemRd,cpu0,pcie-mmcfg-mmio,0,4,0x2c9000,ff ff ff ff
1791530182652,TX,MemRd,cpu0,pcie-mmcfg-mmio,0,4,0x2ca000,ff ff ff ff
1791530182652,TX,MemRd,cpu0,pcie-mmcfg-mmio,0,4,0x2cb000,ff ff ff ff
1791530182652,TX,MemRd,cpu0,pcie-mmcfg-mmio,0,4,0x2cc000,ff ff ff ff
1791530182652,TX,MemRd,cpu0,pcie-mmcfg-mmio,0,4,0x2cd000,ff ff ff ff
1791530182652,TX,MemRd,cpu0,pcie-mmcfg-mmio,0,4,0x2ce000,ff ff ff ff
1791530182652,TX,MemRd,cpu0,pcie-mmcfg-mmio,0,4,0x2cf000,ff ff ff ff
1791530182652,TX,MemRd,cpu0,pcie-mmcfg-mmio,0,4,0x2d0000,ff ff ff ff
1791530182652,TX,MemRd,cpu0,pcie-mmcfg-mmio,0,4,0x2d1000,ff ff ff ff
1791530182652,TX,MemRd,cpu0,pcie-mmcfg-mmio,0,4,0x2d2000,ff ff ff ff
1791530182652,TX,MemRd,cpu0,pcie-mmcfg-mmio,0,4,0x2d3000,ff ff ff ff
1791530182652,TX,MemRd,cpu0,pcie-mmcfg-mmio,0,4,0x2d4000,ff ff ff ff
1791530182652,TX,MemRd,cpu0,pcie-mmcfg-mmio,0,4,0x2d5000,ff ff ff ff
1791530182652,TX,MemRd,cpu0,pcie-mmcfg-mmio,0,4,0x2d6000,ff ff ff ff
1791530182652,TX,MemRd,cpu0,pcie-mmcfg-mmio,0,4,0x2d7000,ff ff ff ff
1791530182652,TX,MemRd,cpu0,pcie-mmcfg-mmio,0,4,0x2d8000,ff ff ff ff
1791530182652,TX,MemRd,cpu0,pcie-mmcfg-mmio,0,4,0x2d9000,ff ff ff ff
1791530182652,TX,MemRd,cpu0,pcie-mmcfg-mmio,0,4,0x2da000,ff ff ff ff
1791530182652,TX,MemRd,cpu0,pcie-mmcfg-mmio,0,4,0x2db000,ff ff ff ff
1791530182652,TX,MemRd,cpu0,pcie-mmcfg-mmio,0,4,0x2dc000,ff ff ff ff
1791530182652,TX,MemRd,cpu0,pcie-mmcfg-mmio,0,4,0x2dd000,ff ff ff ff
1791530182652,TX,MemRd,cpu0,pcie-mmcfg-mmio,0,4,0x2de000,ff ff ff ff
1791530182652,TX,MemRd,cpu0,pcie-mmcfg-mmio,0,4,0x2df000,ff ff ff ff
1791530182652,TX,MemRd,cpu0,pcie-mmcfg-mmio,0,4,0x2e0000,ff ff ff ff
1791530182652,TX,MemRd,cpu0,pcie-mmcfg-mmio,0,4,0x2e1000,ff ff ff ff
1791530182652,TX,MemRd,cpu0,pcie-mmcfg-mmio,0,4,0x2e2000,ff ff ff ff
1791530182652,TX,MemRd,cpu0,pcie-mmcfg-mmio,0,4,0x2e3000,ff ff ff ff
1791530182652,TX,MemRd,cpu0,pcie-mmcfg-mmio,0,4,0x2e4000,ff ff ff ff
1791530182652,TX,MemRd,cpu0,pcie-mmcfg-mmio,0,4,0x2e5000,ff ff ff ff
1791530182652,TX,MemRd,cpu0,pcie-mmcfg-mmio,0,4,0x2e6000,ff ff ff ff
1791530182652,TX,MemRd,cpu0,pcie-mmcfg-mmio,0,4,0x2e7000,ff ff ff ff
1791530182652,TX,MemRd,cpu0,pcie-mmcfg-mmio,0,4,0x2e8000,ff ff ff ff
1791530182652,TX,MemRd,cpu0,pcie-mmcfg-mmio,0,4,0x2e9000,ff ff ff ff
1791530182652,TX,MemRd,cpu0,pcie-mmcfg-mmio,0,4,0x2ea000,ff ff ff ff
1791530182652,TX,MemRd,cpu0,pcie-mmcfg-mmio,0,4,0x2eb000,ff ff ff ff
1791530182652,TX,MemRd,cpu0,pcie-mmcfg-mmio,0,4,0x2ec000,ff ff ff ff
1791530182652,TX,MemRd,cpu0,pcie-mmcfg-mmio,0,4,0x2ed000,ff ff ff ff
1791530182652,TX,MemRd,cpu0,pcie-mmcfg-mmio,0,4,0x2ee000,ff ff ff ff
1791530182652,TX,MemRd,cpu0,pcie-mmcfg-mmio,0,4,0x2ef000,ff ff ff ff
1791530182652,TX,MemRd,cpu0,pcie-mmcfg-mmio,0,4,0x2f0000,ff ff ff ff
1791530182652,TX,MemRd,cpu0,pcie-mmcfg-mmio,0,4,0x2f1000,ff ff ff ff
1791530182652,TX,MemRd,cpu0,pcie-mmcfg-mmio,0,4,0x2f2000,ff ff ff ff
1791530182652,TX,MemRd,cpu0,pcie-mmcfg-mmio,0,4,0x2f3000,ff ff ff ff
1791530182652,TX,MemRd,cpu0,pcie-mmcfg-mmio,0,4,0x2f4000,ff ff ff ff
1791530182652,TX,MemRd,cpu0,pcie-mmcfg-mmio,0,4,0x2f5000,ff ff ff ff
1791530182652,TX,MemRd,cpu0,pcie-mmcfg-mmio,0,4,0x2f6000,ff ff ff ff
1791530182652,TX,MemRd,cpu0,pcie-mmcfg-mmio,0,4,0x2f7000,ff ff ff ff
1791530182652,TX,MemRd,cpu0,pcie-mmcfg-mmio,0,4,0x2f8000,ff ff ff ff
1791530182652,TX,MemRd,cpu0,pcie-mmcfg-mmio,0,4,0x2f9000,ff ff ff ff
1791530182652,TX,MemRd,cpu0,pcie-mmcfg-mmio,0,4,0x2fa000,ff ff ff ff
1791530182652,TX,MemRd,cpu0,pcie-mmcfg-mmio,0,4,0x2fb000,ff ff ff ff
1791530182652,TX,MemRd,cpu0,pcie-mmcfg-mmio,0,4,0x2fc000,ff ff ff ff
1791530182652,TX,MemRd,cpu0,pcie-mmcfg-mmio,0,4,0x2fd000,ff ff ff ff
1791530182652,TX,MemRd,cpu0,pcie-mmcfg-mmio,0,4,0x2fe000,ff ff ff ff
1791530182652,TX,MemRd,cpu0,pcie-mmcfg-mmio,0,4,0x2ff000,ff ff ff ff
1791530182652,TX,MemRd,cpu0,pcie-mmcfg-mmio,0,4,0x100018,01 02 ff 00
1791530182652,TX,MemWr,cpu0,pcie-mmcfg-mmio,0,4,0x100018,01 02 04 00
1791530182652,TX,MemRd,cpu0,pcie-mmcfg-mmio,0,4,0x10001c,00 00 00 00
1791530182652,TX,MemRd,cpu0,pcie-mmcfg-mmio,0,4,0x100030,00 00 00 00
1791530182652,TX,MemWr,cpu0,pcie-mmcfg-mmio,0,4,0x10001c,00 00 00 00
1791530182652,TX,MemWr,cpu0,pcie-mmcfg-mmio,0,4,0x100030,00 00 00 00
1791530182652,TX,MemRd,cpu0,pcie-mmcfg-mmio,0,4,0x100020,10 10 00 00
1791530182652,TX,MemWr,cpu0,pcie-mmcfg-mmio,0,4,0x100020,10 10 0f 10
1791530182652,TX,MemRd,cpu0,pcie-mmcfg-mmio,0,4,0x100024,01 00 01 00
1791530182652,TX,MemWr,cpu0,pcie-mmcfg-mmio,0,4,0x100024,01 00 1f 00
1791530182652,TX,MemWr,cpu0,pcie-mmcfg-mmio,0,4,0x10002c,80 00 00 00
1791530182652,TX,MemRd,cpu0,pcie-mmcfg-mmio,0,4,0x108000,ff ff ff ff
1791530182652,TX,MemRd,cpu0,pcie-mmcfg-mmio,0,4,0x109000,ff ff ff ff
1791530182652,TX,MemRd,cpu0,pcie-mmcfg-mmio,0,4,0x10a000,ff ff ff ff
1791530182652,TX,MemRd,cpu0,pcie-mmcfg-mmio,0,4,0x10b000,ff ff ff ff
1791530182652,TX,MemRd,cpu0,pcie-mmcfg-mmio,0,4,0x10c000,ff ff ff ff
1791530182652,TX,MemRd,cpu0,pcie-mmcfg-mmio,0,4,0x10d000,ff ff ff ff
1791530182652,TX,MemRd,cpu0,pcie-mmcfg-mmio,0,4,0x10e000,ff ff ff ff
1791530182652,TX,MemRd,cpu0,pcie-mmcfg-mmio,0,4,0x10f000,ff ff ff ff
1791530182652,TX,MemRd,cpu0,pcie-mmcfg-mmio,0,4,0x110000,ff ff ff ff
1791530182652,TX,MemRd,cpu0,pcie-mmcfg-mmio,0,4,0x111000,ff ff ff ff
1791530182652,TX,MemRd,cpu0,pcie-mmcfg-mmio,0,4,0x112000,ff ff ff ff
1791530182652,TX,MemRd,cpu0,pcie-mmcfg-mmio,0,4,0x113000,ff ff ff ff
1791530182652,TX,MemRd,cpu0,pcie-mmcfg-mmio,0,4,0x114000,ff ff ff ff
1791530182652,TX,MemRd,cpu0,pcie-mmcfg-mmio,0,4,0x115000,ff ff ff ff
1791530182652,TX,MemRd,cpu0,pcie-mmcfg-mmio,0,4,0x116000,ff ff ff ff
1791530182652,TX,MemRd,cpu0,pcie-mmcfg-mmio,0,4,0x117000,ff ff ff ff
1791530182652,TX,MemRd,cpu0,pcie-mmcfg-mmio,0,4,0x118000,ff ff ff ff
1791530182652,TX,MemRd,cpu0,pcie-mmcfg-mmio,0,4,0x119000,ff ff ff ff
1791530182652,TX,MemRd,cpu0,pcie-mmcfg-mmio,0,4,0x11a000,ff ff ff ff
1791530182652,TX,MemRd,cpu0,pcie-mmcfg-mmio,0,4,0x11b000,ff ff ff ff
1791530182652,TX,MemRd,cpu0,pcie-mmcfg-mmio,0,4,0x11c000,ff ff ff ff
1791530182652,TX,MemRd,cpu0,pcie-mmcfg-mmio,0,4,0x11d000,ff ff ff ff
1791530182652,TX,MemRd,cpu0,pcie-mmcfg-mmio,0,4,0x11e000,ff ff ff ff
1791530182652,TX,MemRd,cpu0,pcie-mmcfg-mmio,0,4,0x11f000,ff ff ff ff
1791530182652,TX,MemRd,cpu0,pcie-mmcfg-mmio,0,4,0x120000,ff ff ff ff
1791530182652,TX,MemRd,cpu0,pcie-mmcfg-mmio,0,4,0x121000,ff ff ff ff
1791530182652,TX,MemRd,cpu0,pcie-mmcfg-mmio,0,4,0x122000,ff ff ff ff
1791530182652,TX,MemRd,cpu0,pcie-mmcfg-mmio,0,4,0x123000,ff ff ff ff
1791530182652,TX,MemRd,cpu0,pcie-mmcfg-mmio,0,4,0x124000,ff ff ff ff
1791530182652,TX,MemRd,cpu0,pcie-mmcfg-mmio,0,4,0x125000,ff ff ff ff
1791530182652,TX,MemRd,cpu0,pcie-mmcfg-mmio,0,4,0x126000,ff ff ff ff
1791530182652,TX,MemRd,cpu0,pcie-mmcfg-mmio,0,4,0x127000,ff ff ff ff
1791530182652,TX,MemRd,cpu0,pcie-mmcfg-mmio,0,4,0x128000,ff ff ff ff
1791530182652,TX,MemRd,cpu0,pcie-mmcfg-mmio,0,4,0x129000,ff ff ff ff
1791530182652,TX,MemRd,cpu0,pcie-mmcfg-mmio,0,4,0x12a000,ff ff ff ff
1791530182652,TX,MemRd,cpu0,pcie-mmcfg-mmio,0,4,0x12b000,ff ff ff ff
1791530182652,TX,MemRd,cpu0,pcie-mmcfg-mmio,0,4,0x12c000,ff ff ff ff
1791530182652,TX,MemRd,cpu0,pcie-mmcfg-mmio,0,4,0x12d000,ff ff ff ff
1791530182652,TX,MemRd,cpu0,pcie-mmcfg-mmio,0,4,0x12e000,ff ff ff ff
1791530182652,TX,MemRd,cpu0,pcie-mmcfg-mmio,0,4,0x12f000,ff ff ff ff
1791530182652,TX,MemRd,cpu0,pcie-mmcfg-mmio,0,4,0x130000,ff ff ff ff
1791530182652,TX,MemRd,cpu0,pcie-mmcfg-mmio,0,4,0x131000,ff ff ff ff
1791530182652,TX,MemRd,cpu0,pcie-mmcfg-mmio,0,4,0x132000,ff ff ff ff
1791530182652,TX,MemRd,cpu0,pcie-mmcfg-mmio,0,4,0x133000,ff ff ff ff
1791530182652,TX,MemRd,cpu0,pcie-mmcfg-mmio,0,4,0x134000,ff ff ff ff
1791530182652,TX,MemRd,cpu0,pcie-mmcfg-mmio,0,4,0x135000,ff ff ff ff
1791530182652,TX,MemRd,cpu0,pcie-mmcfg-mmio,0,4,0x136000,ff ff ff ff
1791530182652,TX,MemRd,cpu0,pcie-mmcfg-mmio,0,4,0x137000,ff ff ff ff
1791530182652,TX,MemRd,cpu0,pcie-mmcfg-mmio,0,4,0x138000,ff ff ff ff
1791530182652,TX,MemRd,cpu0,pcie-mmcfg-mmio,0,4,0x139000,ff ff ff ff
1791530182652,TX,MemRd,cpu0,pcie-mmcfg-mmio,0,4,0x13a000,ff ff ff ff
1791530182652,TX,MemRd,cpu0,pcie-mmcfg-mmio,0,4,0x13b000,ff ff ff ff
1791530182652,TX,MemRd,cpu0,pcie-mmcfg-mmio,0,4,0x13c000,ff ff ff ff
1791530182652,TX,MemRd,cpu0,pcie-mmcfg-mmio,0,4,0x13d000,ff ff ff ff
1791530182652,TX,MemRd,cpu0,pcie-mmcfg-mmio,0,4,0x13e000,ff ff ff ff
1791530182652,TX,MemRd,cpu0,pcie-mmcfg-mmio,0,4,0x13f000,ff ff ff ff
1791530182652,TX,MemRd,cpu0,pcie-mmcfg-mmio,0,4,0x140000,ff ff ff ff
1791530182652,TX,MemRd,cpu0,pcie-mmcfg-mmio,0,4,0x141000,ff ff ff ff
1791530182652,TX,MemRd,cpu0,pcie-mmcfg-mmio,0,4,0x142000,ff ff ff ff
1791530182652,TX,MemRd,cpu0,pcie-mmcfg-mmio,0,4,0x143000,ff ff ff ff
1791530182652,TX,MemRd,cpu0,pcie-mmcfg-mmio,0,4,0x144000,ff ff ff ff
1791530182652,TX,MemRd,cpu0,pcie-mmcfg-mmio,0,4,0x145000,ff ff ff ff
1791530182652,TX,MemRd,cpu0,pcie-mmcfg-mmio,0,4,0x146000,ff ff ff ff
1791530182652,TX,MemRd,cpu0,pcie-mmcfg-mmio,0,4,0x147000,ff ff ff ff
1791530182652,TX,MemRd,cpu0,pcie-mmcfg-mmio,0,4,0x148000,ff ff ff ff
1791530182652,TX,MemRd,cpu0,pcie-mmcfg-mmio,0,4,0x149000,ff ff ff ff
1791530182652,TX,MemRd,cpu0,pcie-mmcfg-mmio,0,4,0x14a000,ff ff ff ff
1791530182652,TX,MemRd,cpu0,pcie-mmcfg-mmio,0,4,0x14b000,ff ff ff ff
1791530182652,TX,MemRd,cpu0,pcie-mmcfg-mmio,0,4,0x14c000,ff ff ff ff
1791530182652,TX,MemRd,cpu0,pcie-mmcfg-mmio,0,4,0x14d000,ff ff ff ff
1791530182652,TX,MemRd,cpu0,pcie-mmcfg-mmio,0,4,0x14e000,ff ff ff ff
1791530182652,TX,MemRd,cpu0,pcie-mmcfg-mmio,0,4,0x14f000,ff ff ff ff
1791530182652,TX,MemRd,cpu0,pcie-mmcfg-mmio,0,4,0x150000,ff ff ff ff
1791530182652,TX,MemRd,cpu0,pcie-mmcfg-mmio,0,4,0x151000,ff ff ff ff
1791530182652,TX,MemRd,cpu0,pcie-mmcfg-mmio,0,4,0x152000,ff ff ff ff
1791530182652,TX,MemRd,cpu0,pcie-mmcfg-mmio,0,4,0x153000,ff ff ff ff
1791530182652,TX,MemRd,cpu0,pcie-mmcfg-mmio,0,4,0x154000,ff ff ff ff
1791530182652,TX,MemRd,cpu0,pcie-mmcfg-mmio,0,4,0x155000,ff ff ff ff
1791530182652,TX,MemRd,cpu0,pcie-mmcfg-mmio,0,4,0x156000,ff ff ff ff
1791530182652,TX,MemRd,cpu0,pcie-mmcfg-mmio,0,4,0x157000,ff ff ff ff
1791530182652,TX,MemRd,cpu0,pcie-mmcfg-mmio,0,4,0x158000,ff ff ff ff
1791530182652,TX,MemRd,cpu0,pcie-mmcfg-mmio,0,4,0x159000,ff ff ff ff
1791530182652,TX,MemRd,cpu0,pcie-mmcfg-mmio,0,4,0x15a000,ff ff ff ff
1791530182652,TX,MemRd,cpu0,pcie-mmcfg-mmio,0,4,0x15b000,ff ff ff ff
1791530182652,TX,MemRd,cpu0,pcie-mmcfg-mmio,0,4,0x15c000,ff ff ff ff
1791530182652,TX,MemRd,cpu0,pcie-mmcfg-mmio,0,4,0x15d000,ff ff ff ff
1791530182652,TX,MemRd,cpu0,pcie-mmcfg-mmio,0,4,0x15e000,ff ff ff ff
1791530182652,TX,MemRd,cpu0,pcie-mmcfg-mmio,0,4,0x15f000,ff ff ff ff
1791530182652,TX,MemRd,cpu0,pcie-mmcfg-mmio,0,4,0x160000,ff ff ff ff
1791530182652,TX,MemRd,cpu0,pcie-mmcfg-mmio,0,4,0x161000,ff ff ff ff
1791530182652,TX,MemRd,cpu0,pcie-mmcfg-mmio,0,4,0x162000,ff ff ff ff
1791530182653,TX,MemRd,cpu0,pcie-mmcfg-mmio,0,4,0x163000,ff ff ff ff
1791530182653,TX,MemRd,cpu0,pcie-mmcfg-mmio,0,4,0x164000,ff ff ff ff
1791530182653,TX,MemRd,cpu0,pcie-mmcfg-mmio,0,4,0x165000,ff ff ff ff
1791530182653,TX,MemRd,cpu0,pcie-mmcfg-mmio,0,4,0x166000,ff ff ff ff
1791530182653,TX,MemRd,cpu0,pcie-mmcfg-mmio,0,4,0x167000,ff ff ff ff
1791530182653,TX,MemRd,cpu0,pcie-mmcfg-mmio,0,4,0x168000,ff ff ff ff
1791530182653,TX,MemRd,cpu0,pcie-mmcfg-mmio,0,4,0x169000,ff ff ff ff
1791530182653,TX,MemRd,cpu0,pcie-mmcfg-mmio,0,4,0x16a000,ff ff ff ff
1791530182653,TX,MemRd,cpu0,pcie-mmcfg-mmio,0,4,0x16b000,ff ff ff ff
1791530182653,TX,MemRd,cpu0,pcie-mmcfg-mmio,0,4,0x16c000,ff ff ff ff
1791530182653,TX,MemRd,cpu0,pcie-mmcfg-mmio,0,4,0x16d000,ff ff ff ff
1791530182653,TX,MemRd,cpu0,pcie-mmcfg-mmio,0,4,0x16e000,ff ff ff ff
1791530182653,TX,MemRd,cpu0,pcie-mmcfg-mmio,0,4,0x16f000,ff ff ff ff
1791530182653,TX,MemRd,cpu0,pcie-mmcfg-mmio,0,4,0x170000,ff ff ff ff
1791530182653,TX,MemRd,cpu0,pcie-mmcfg-mmio,0,4,0x171000,ff ff ff ff
1791530182653,TX,MemRd,cpu0,pcie-mmcfg-mmio,0,4,0x172000,ff ff ff ff
1791530182653,TX,MemRd,cpu0,pcie-mmcfg-mmio,0,4,0x173000,ff ff ff ff
1791530182653,TX,MemRd,cpu0,pcie-mmcfg-mmio,0,4,0x174000,ff ff ff ff
1791530182653,TX,MemRd,cpu0,pcie-mmcfg-mmio,0,4,0x175000,ff ff ff ff
1791530182653,TX,MemRd,cpu0,pcie-mmcfg-mmio,0,4,0x176000,ff ff ff ff
1791530182653,TX,MemRd,cpu0,pcie-mmcfg-mmio,0,4,0x177000,ff ff ff ff
1791530182653,TX,MemRd,cpu0,pcie-mmcfg-mmio,0,4,0x178000,ff ff ff ff
1791530182653,TX,MemRd,cpu0,pcie-mmcfg-mmio,0,4,0x179000,ff ff ff ff
1791530182653,TX,MemRd,cpu0,pcie-mmcfg-mmio,0,4,0x17a000,ff ff ff ff
1791530182653,TX,MemRd,cpu0,pcie-mmcfg-mmio,0,4,0x17b000,ff ff ff ff
1791530182653,TX,MemRd,cpu0,pcie-mmcfg-mmio,0,4,0x17c000,ff ff ff ff
1791530182653,TX,MemRd,cpu0,pcie-mmcfg-mmio,0,4,0x17d000,ff ff ff ff
1791530182653,TX,MemRd,cpu0,pcie-mmcfg-mmio,0,4,0x17e000,ff ff ff ff
1791530182653,TX,MemRd,cpu0,pcie-mmcfg-mmio,0,4,0x17f000,ff ff ff ff
1791530182653,TX,MemRd,cpu0,pcie-mmcfg-mmio,0,4,0x180000,ff ff ff ff
1791530182653,TX,MemRd,cpu0,pcie-mmcfg-mmio,0,4,0x181000,ff ff ff ff
1791530182653,TX,MemRd,cpu0,pcie-mmcfg-mmio,0,4,0x182000,ff ff ff ff
1791530182653,TX,MemRd,cpu0,pcie-mmcfg-mmio,0,4,0x183000,ff ff ff ff
1791530182653,TX,MemRd,cpu0,pcie-mmcfg-mmio,0,4,0x184000,ff ff ff ff
1791530182653,TX,MemRd,cpu0,pcie-mmcfg-mmio,0,4,0x185000,ff ff ff ff
1791530182653,TX,MemRd,cpu0,pcie-mmcfg-mmio,0,4,0x186000,ff ff ff ff
1791530182653,TX,MemRd,cpu0,pcie-mmcfg-mmio,0,4,0x187000,ff ff ff ff
1791530182653,TX,MemRd,cpu0,pcie-mmcfg-mmio,0,4,0x188000,ff ff ff ff
1791530182653,TX,MemRd,cpu0,pcie-mmcfg-mmio,0,4,0x189000,ff ff ff ff
1791530182653,TX,MemRd,cpu0,pcie-mmcfg-mmio,0,4,0x18a000,ff ff ff ff
1791530182653,TX,MemRd,cpu0,pcie-mmcfg-mmio,0,4,0x18b000,ff ff ff ff
1791530182653,TX,MemRd,cpu0,pcie-mmcfg-mmio,0,4,0x18c000,ff ff ff ff
1791530182653,TX,MemRd,cpu0,pcie-mmcfg-mmio,0,4,0x18d000,ff ff ff ff
1791530182653,TX,MemRd,cpu0,pcie-mmcfg-mmio,0,4,0x18e000,ff ff ff ff
1791530182653,TX,MemRd,cpu0,pcie-mmcfg-mmio,0,4,0x18f000,ff ff ff ff
1791530182653,TX,MemRd,cpu0,pcie-mmcfg-mmio,0,4,0x190000,ff ff ff ff
1791530182653,TX,MemRd,cpu0,pcie-mmcfg-mmio,0,4,0x191000,ff ff ff ff
1791530182653,TX,MemRd,cpu0,pcie-mmcfg-mmio,0,4,0x192000,ff ff ff ff
1791530182653,TX,MemRd,cpu0,pcie-mmcfg-mmio,0,4,0x193000,ff ff ff ff
1791530182653,TX,MemRd,cpu0,pcie-mmcfg-mmio,0,4,0x194000,ff ff ff ff
1791530182653,TX,MemRd,cpu0,pcie-mmcfg-mmio,0,4,0x195000,ff ff ff ff
1791530182653,TX,MemRd,cpu0,pcie-mmcfg-mmio,0,4,0x196000,ff ff ff ff
1791530182653,TX,MemRd,cpu0,pcie-mmcfg-mmio,0,4,0x197000,ff ff ff ff
1791530182653,TX,MemRd,cpu0,pcie-mmcfg-mmio,0,4,0x198000,ff ff ff ff
1791530182653,TX,MemRd,cpu0,pcie-mmcfg-mmio,0,4,0x199000,ff ff ff ff
1791530182653,TX,MemRd,cpu0,pcie-mmcfg-mmio,0,4,0x19a000,ff ff ff ff
1791530182653,TX,MemRd,cpu0,pcie-mmcfg-mmio,0,4,0x19b000,ff ff ff ff
1791530182653,TX,MemRd,cpu0,pcie-mmcfg-mmio,0,4,0x19c000,ff ff ff ff
1791530182653,TX,MemRd,cpu0,pcie-mmcfg-mmio,0,4,0x19d000,ff ff ff ff
1791530182653,TX,MemRd,cpu0,pcie-mmcfg-mmio,0,4,0x19e000,ff ff ff ff
1791530182653,TX,MemRd,cpu0,pcie-mmcfg-mmio,0,4,0x19f000,ff ff ff ff
1791530182653,TX,MemRd,cpu0,pcie-mmcfg-mmio,0,4,0x1a0000,ff ff ff ff
1791530182653,TX,MemRd,cpu0,pcie-mmcfg-mmio,0,4,0x1a1000,ff ff ff ff
1791530182653,TX,MemRd,cpu0,pcie-mmcfg-mmio,0,4,0x1a2000,ff ff ff ff
1791530182653,TX,MemRd,cpu0,pcie-mmcfg-mmio,0,4,0x1a3000,ff ff ff ff
1791530182653,TX,MemRd,cpu0,pcie-mmcfg-mmio,0,4,0x1a4000,ff ff ff ff
1791530182653,TX,MemRd,cpu0,pcie-mmcfg-mmio,0,4,0x1a5000,ff ff ff ff
1791530182653,TX,MemRd,cpu0,pcie-mmcfg-mmio,0,4,0x1a6000,ff ff ff ff
1791530182653,TX,MemRd,cpu0,pcie-mmcfg-mmio,0,4,0x1a7000,ff ff ff ff
1791530182653,TX,MemRd,cpu0,pcie-mmcfg-mmio,0,4,0x1a8000,ff ff ff ff
1791530182653,TX,MemRd,cpu0,pcie-mmcfg-mmio,0,4,0x1a9000,ff ff ff ff
1791530182653,TX,MemRd,cpu0,pcie-mmcfg-mmio,0,4,0x1aa000,ff ff ff ff
1791530182653,TX,MemRd,cpu0,pcie-mmcfg-mmio,0,4,0x1ab000,ff ff ff ff
1791530182653,TX,MemRd,cpu0,pcie-mmcfg-mmio,0,4,0x1ac000,ff ff ff ff
1791530182653,TX,MemRd,cpu0,pcie-mmcfg-mmio,0,4,0x1ad000,ff ff ff ff
1791530182653,TX,MemRd,cpu0,pcie-mmcfg-mmio,0,4,0x1ae000,ff ff ff ff
1791530182653,TX,MemRd,cpu0,pcie-mmcfg-mmio,0,4,0x1af000,ff ff ff ff
1791530182653,TX,MemRd,cpu0,pcie-mmcfg-mmio,0,4,0x1b0000,ff ff ff ff
1791530182653,TX,MemRd,cpu0,pcie-mmcfg-mmio,0,4,0x1b1000,ff ff ff ff
1791530182653,TX,MemRd,cpu0,pcie-mmcfg-mmio,0,4,0x1b2000,ff ff ff ff
1791530182653,TX,MemRd,cpu0,pcie-mmcfg-mmio,0,4,0x1b3000,ff ff ff ff
1791530182653,TX,MemRd,cpu0,pcie-mmcfg-mmio,0,4,0x1b4000,ff ff ff ff
1791530182653,TX,MemRd,cpu0,pcie-mmcfg-mmio,0,4,0x1b5000,ff ff ff ff
1791530182653,TX,MemRd,cpu0,pcie-mmcfg-mmio,0,4,0x1b6000,ff ff ff ff
1791530182653,TX,MemRd,cpu0,pcie-mmcfg-mmio,0,4,0x1b7000,ff ff ff ff
1791530182653,TX,MemRd,cpu0,pcie-mmcfg-mmio,0,4,0x1b8000,ff ff ff ff
1791530182653,TX,MemRd,cpu0,pcie-mmcfg-mmio,0,4,0x1b9000,ff ff ff ff
1791530182653,TX,MemRd,cpu0,pcie-mmcfg-mmio,0,4,0x1ba000,ff ff ff ff
1791530182653,TX,MemRd,cpu0,pcie-mmcfg-mmio,0,4,0x1bb000,ff ff ff ff
1791530182653,TX,MemRd,cpu0,pcie-mmcfg-mmio,0,4,0x1bc000,ff ff ff ff
1791530182653,TX,MemRd,cpu0,pcie-mmcfg-mmio,0,4,0x1bd000,ff ff ff ff
1791530182653,TX,MemRd,cpu0,pcie-mmcfg-mmio,0,4,0x1be000,ff ff ff ff
1791530182653,TX,MemRd,cpu0,pcie-mmcfg-mmio,0,4,0x1bf000,ff ff ff ff
1791530182653,TX,MemRd,cpu0,pcie-mmcfg-mmio,0,4,0x1c0000,ff ff ff ff
1791530182653,TX,MemRd,cpu0,pcie-mmcfg-mmio,0,4,0x1c1000,ff ff ff ff
1791530182653,TX,MemRd,cpu0,pcie-mmcfg-mmio,0,4,0x1c2000,ff ff ff ff
1791530182653,TX,MemRd,cpu0,pcie-mmcfg-mmio,0,4,0x1c3000,ff ff ff ff
1791530182653,TX,MemRd,cpu0,pcie-mmcfg-mmio,0,4,0x1c4000,ff ff ff ff
1791530182653,TX,MemRd,cpu0,pcie-mmcfg-mmio,0,4,0x1c5000,ff ff ff ff
1791530182653,TX,MemRd,cpu0,pcie-mmcfg-mmio,0,4,0x1c6000,ff ff ff ff
1791530182653,TX,MemRd,cpu0,pcie-mmcfg-mmio,0,4,0x1c7000,ff ff ff ff
1791530182653,TX,MemRd,cpu0,pcie-mmcfg-mmio,0,4,0x1c8000,ff ff ff ff
1791530182653,TX,MemRd,cpu0,pcie-mmcfg-mmio,0,4,0x1c9000,ff ff ff ff
1791530182653,TX,MemRd,cpu0,pcie-mmcfg-mmio,0,4,0x1ca000,ff ff ff ff
1791530182653,TX,MemRd,cpu0,pcie-mmcfg-mmio,0,4,0x1cb000,ff ff ff ff
1791530182653,TX,MemRd,cpu0,pcie-mmcfg-mmio,0,4,0x1cc000,ff ff ff ff
1791530182653,TX,MemRd,cpu0,pcie-mmcfg-mmio,0,4,0x1cd000,ff ff ff ff
1791530182653,TX,MemRd,cpu0,pcie-mmcfg-mmio,0,4,0x1ce000,ff ff ff ff
1791530182653,TX,MemRd,cpu0,pcie-mmcfg-mmio,0,4,0x1cf000,ff ff ff ff
1791530182653,TX,MemRd,cpu0,pcie-mmcfg-mmio,0,4,0x1d0000,ff ff ff ff
1791530182653,TX,MemRd,cpu0,pcie-mmcfg-mmio,0,4,0x1d1000,ff ff ff ff
1791530182653,TX,MemRd,cpu0,pcie-mmcfg-mmio,0,4,0x1d2000,ff ff ff ff
1791530182653,TX,MemRd,cpu0,pcie-mmcfg-mmio,0,4,0x1d3000,ff ff ff ff
1791530182653,TX,MemRd,cpu0,pcie-mmcfg-mmio,0,4,0x1d4000,ff ff ff ff
1791530182653,TX,MemRd,cpu0,pcie-mmcfg-mmio,0,4,0x1d5000,ff ff ff ff
1791530182653,TX,MemRd,cpu0,pcie-mmcfg-mmio,0,4,0x1d6000,ff ff ff ff
1791530182653,TX,MemRd,cpu0,pcie-mmcfg-mmio,0,4,0x1d7000,ff ff ff ff
1791530182653,TX,MemRd,cpu0,pcie-mmcfg-mmio,0,4,0x1d8000,ff ff ff ff
1791530182653,TX,MemRd,cpu0,pcie-mmcfg-mmio,0,4,0x1d9000,ff ff ff ff
1791530182653,TX,MemRd,cpu0,pcie-mmcfg-mmio,0,4,0x1da000,ff ff ff ff
1791530182653,TX,MemRd,cpu0,pcie-mmcfg-mmio,0,4,0x1db000,ff ff ff ff
1791530182653,TX,MemRd,cpu0,pcie-mmcfg-mmio,0,4,0x1dc000,ff ff ff ff
1791530182653,TX,MemRd,cpu0,pcie-mmcfg-mmio,0,4,0x1dd000,ff ff ff ff
1791530182653,TX,MemRd,cpu0,pcie-mmcfg-mmio,0,4,0x1de000,ff ff ff ff
1791530182653,TX,MemRd,cpu0,pcie-mmcfg-mmio,0,4,0x1df000,ff ff ff ff
1791530182653,TX,MemRd,cpu0,pcie-mmcfg-mmio,0,4,0x1e0000,ff ff ff ff
1791530182653,TX,MemRd,cpu0,pcie-mmcfg-mmio,0,4,0x1e1000,ff ff ff ff
1791530182653,TX,MemRd,cpu0,pcie-mmcfg-mmio,0,4,0x1e2000,ff ff ff ff
1791530182653,TX,MemRd,cpu0,pcie-mmcfg-mmio,0,4,0x1e3000,ff ff ff ff
1791530182653,TX,MemRd,cpu0,pcie-mmcfg-mmio,0,4,0x1e4000,ff ff ff ff
1791530182653,TX,MemRd,cpu0,pcie-mmcfg-mmio,0,4,0x1e5000,ff ff ff ff
1791530182653,TX,MemRd,cpu0,pcie-mmcfg-mmio,0,4,0x1e6000,ff ff ff ff
1791530182653,TX,MemRd,cpu0,pcie-mmcfg-mmio,0,4,0x1e7000,ff ff ff ff
1791530182653,TX,MemRd,cpu0,pcie-mmcfg-mmio,0,4,0x1e8000,ff ff ff ff
1791530182653,TX,MemRd,cpu0,pcie-mmcfg-mmio,0,4,0x1e9000,ff ff ff ff
1791530182653,TX,MemRd,cpu0,pcie-mmcfg-mmio,0,4,0x1ea000,ff ff ff ff
1791530182653,TX,MemRd,cpu0,pcie-mmcfg-mmio,0,4,0x1eb000,ff ff ff ff
1791530182653,TX,MemRd,cpu0,pcie-mmcfg-mmio,0,4,0x1ec000,ff ff ff ff
1791530182653,TX,MemRd,cpu0,pcie-mmcfg-mmio,0,4,0x1ed000,ff ff ff ff
1791530182653,TX,MemRd,cpu0,pcie-mmcfg-mmio,0,4,0x1ee000,ff ff ff ff
1791530182653,TX,MemRd,cpu0,pcie-mmcfg-mmio,0,4,0x1ef000,ff ff ff ff
1791530182653,TX,MemRd,cpu0,pcie-mmcfg-mmio,0,4,0x1f0000,ff ff ff ff
1791530182653,TX,MemRd,cpu0,pcie-mmcfg-mmio,0,4,0x1f1000,ff ff ff ff
1791530182653,TX,MemRd,cpu0,pcie-mmcfg-mmio,0,4,0x1f2000,ff ff ff ff
1791530182653,TX,MemRd,cpu0,pcie-mmcfg-mmio,0,4,0x1f3000,ff ff ff ff
1791530182653,TX,MemRd,cpu0,pcie-mmcfg-mmio,0,4,0x1f4000,ff ff ff ff
1791530182653,TX,MemRd,cpu0,pcie-mmcfg-mmio,0,4,0x1f5000,ff ff ff ff
1791530182653,TX,MemRd,cpu0,pcie-mmcfg-mmio,0,4,0x1f6000,ff ff ff ff
1791530182653,TX,MemRd,cpu0,pcie-mmcfg-mmio,0,4,0x1f7000,ff ff ff ff
1791530182653,TX,MemRd,cpu0,pcie-mmcfg-mmio,0,4,0x1f8000,ff ff ff ff
1791530182653,TX,MemRd,cpu0,pcie-mmcfg-mmio,0,4,0x1f9000,ff ff ff ff
1791530182653,TX,MemRd,cpu0,pcie-mmcfg-mmio,0,4,0x1fa000,ff ff ff ff
1791530182653,TX,MemRd,cpu0,pcie-mmcfg-mmio,0,4,0x1fb000,ff ff ff ff
1791530182653,TX,MemRd,cpu0,pcie-mmcfg-mmio,0,4,0x1fc000,ff ff ff ff
1791530182653,TX,MemRd,cpu0,pcie-mmcfg-mmio,0,4,0x1fd000,ff ff ff ff
1791530182653,TX,MemRd,cpu0,pcie-mmcfg-mmio,0,4,0x1fe000,ff ff ff ff
1791530182653,TX,MemRd,cpu0,pcie-mmcfg-mmio,0,4,0x1ff000,ff ff ff ff
1791530182653,TX,MemRd,cpu0,pcie-mmcfg-mmio,0,4,0x8018,00 01 ff 00
1791530182653,TX,MemWr,cpu0,pcie-mmcfg-mmio,0,4,0x8018,00 01 04 00
1791530182653,TX,MemRd,cpu0,pcie-mmcfg-mmio,0,4,0x801c,f0 00 00 00
1791530182653,TX,MemRd,cpu0,pcie-mmcfg-mmio,0,4,0x8030,00 00 00 00
1791530182653,TX,MemWr,cpu0,pcie-mmcfg-mmio,0,4,0x801c,f0 00 00 00
1791530182653,TX,MemWr,cpu0,pcie-mmcfg-mmio,0,4,0x8030,00 00 00 00
1791530182653,TX,MemRd,cpu0,pcie-mmcfg-mmio,0,4,0x8020,10 10 00 00
1791530182653,TX,MemWr,cpu0,pcie-mmcfg-mmio,0,4,0x8020,10 10 0f 10
1791530182653,TX,MemRd,cpu0,pcie-mmcfg-mmio,0,4,0x8024,01 00 01 00
1791530182653,TX,MemWr,cpu0,pcie-mmcfg-mmio,0,4,0x8024,01 00 1f 00
1791530182653,TX,MemWr,cpu0,pcie-mmcfg-mmio,0,4,0x802c,80 00 00 00
1791530182653,TX,MemRd,cpu0,pcie-mmcfg-mmio,0,4,0x9000,36 1b 0c 00
1791530182653,TX,MemRd,cpu0,pcie-mmcfg-mmio,0,4,0x9008,00 00 04 06
1791530182653,TX,MemRd,cpu0,pcie-mmcfg-mmio,0,4,0x900c,00 00 01 00
1791530182653,TX,MemRd,cpu0,pcie-mmcfg-mmio,0,4,0x9008,00 00 04 06
1791530182653,TX,MemRd,cpu0,pcie-mmcfg-mmio,0,4,0x9018,00 00 00 00
1791530182653,TX,MemRd,cpu0,pcie-mmcfg-mmio,0,4,0x9010,00 00 00 00
1791530182653,TX,MemWr,cpu0,pcie-mmcfg-mmio,0,4,0x9010,ff ff ff ff
1791530182653,TX,MemRd,cpu0,pcie-mmcfg-mmio,0,4,0x9010,00 f0 ff ff
1791530182653,TX,MemWr,cpu0,pcie-mmcfg-mmio,0,4,0x9010,00 00 00 00
1791530182653,TX,MemWr,cpu0,pcie-mmcfg-mmio,0,4,0x9010,00 00 10 10
1791530182653,TX,MemRd,cpu0,pcie-mmcfg-mmio,0,4,0x9014,00 00 00 00
1791530182653,TX,MemWr,cpu0,pcie-mmcfg-mmio,0,4,0x9014,ff ff ff ff
1791530182653,TX,MemRd,cpu0,pcie-mmcfg-mmio,0,4,0x9014,00 00 00 00
1791530182653,TX,MemWr,cpu0,pcie-mmcfg-mmio,0,4,0x9014,00 00 00 00
1791530182653,TX,MemWr,cpu0,pcie-mmcfg-mmio,0,4,0x9018,00 05 ff 00
1791530182653,TX,MemRd,cpu0,pcie-mmcfg-mmio,0,4,0x901c,f0 00 00 00
1791530182653,TX,MemRd,cpu0,pcie-mmcfg-mmio,0,4,0x9030,00 00 00 00
1791530182653,TX,MemWr,cpu0,pcie-mmcfg-mmio,0,4,0x901c,f0 00 00 00
1791530182653,TX,MemWr,cpu0,pcie-mmcfg-mmio,0,4,0x9030,00 00 00 00
1791530182653,TX,MemRd,cpu0,pcie-mmcfg-mmio,0,4,0x9004,00 00 10 00
1791530182654,TX,MemWr,cpu0,pcie-mmcfg-mmio,0,4,0x9004,01 00 10 00
1791530182654,TX,MemRd,cpu0,pcie-mmcfg-mmio,0,4,0x9020,f0 ff 00 00
1791530182654,TX,MemWr,cpu0,pcie-mmcfg-mmio,0,4,0x9020,20 10 00 00
1791530182654,TX,MemRd,cpu0,pcie-mmcfg-mmio,0,4,0x9004,01 00 10 00
1791530182654,TX,MemWr,cpu0,pcie-mmcfg-mmio,0,4,0x9004,03 00 10 00
1791530182654,TX,MemRd,cpu0,pcie-mmcfg-mmio,0,4,0x9024,f1 ff 01 00
1791530182654,TX,MemWr,cpu0,pcie-mmcfg-mmio,0,4,0x9024,20 00 01 00
1791530182654,TX,MemWr,cpu0,pcie-mmcfg-mmio,0,4,0x9028,80 00 00 00
1791530182654,TX,MemRd,cpu0,pcie-mmcfg-mmio,0,4,0x9004,03 00 10 00
1791530182654,TX,MemWr,cpu0,pcie-mmcfg-mmio,0,4,0x9004,03 00 10 00
1791530182654,TX,MemRd,cpu0,pcie-mmcfg-mmio,0,4,0x9004,03 00 10 00
1791530182654,TX,MemWr,cpu0,pcie-mmcfg-mmio,0,4,0x9004,07 00 10 00
1791530182654,TX,MemRd,cpu0,pcie-mmcfg-mmio,0,4,0x500000,4c 10 32 82
1791530182654,TX,MemRd,cpu0,pcie-mmcfg-mmio,0,4,0x500008,02 00 04 06
1791530182654,TX,MemRd,cpu0,pcie-mmcfg-mmio,0,4,0x50000c,00 00 01 00
1791530182654,TX,MemRd,cpu0,pcie-mmcfg-mmio,0,4,0x500008,02 00 04 06
1791530182654,TX,MemRd,cpu0,pcie-mmcfg-mmio,0,4,0x500018,00 00 00 00
1791530182654,TX,MemRd,cpu0,pcie-mmcfg-mmio,0,4,0x500010,00 00 00 00
1791530182654,TX,MemWr,cpu0,pcie-mmcfg-mmio,0,4,0x500010,ff ff ff ff
1791530182654,TX,MemRd,cpu0,pcie-mmcfg-mmio,0,4,0x500010,00 00 00 00
1791530182654,TX,MemWr,cpu0,pcie-mmcfg-mmio,0,4,0x500010,00 00 00 00
1791530182654,TX,MemRd,cpu0,pcie-mmcfg-mmio,0,4,0x500014,00 00 00 00
1791530182654,TX,MemWr,cpu0,pcie-mmcfg-mmio,0,4,0x500014,ff ff ff ff
1791530182654,TX,MemRd,cpu0,pcie-mmcfg-mmio,0,4,0x500014,00 00 00 00
1791530182654,TX,MemWr,cpu0,pcie-mmcfg-mmio,0,4,0x500014,00 00 00 00
1791530182654,TX,MemWr,cpu0,pcie-mmcfg-mmio,0,4,0x500018,05 06 ff 00
1791530182654,TX,MemRd,cpu0,pcie-mmcfg-mmio,0,4,0x50001c,00 00 00 00
1791530182654,TX,MemRd,cpu0,pcie-mmcfg-mmio,0,4,0x500030,00 00 00 00
1791530182654,TX,MemWr,cpu0,pcie-mmcfg-mmio,0,4,0x50001c,00 00 00 00
1791530182654,TX,MemWr,cpu0,pcie-mmcfg-mmio,0,4,0x500030,00 00 00 00
1791530182654,TX,MemRd,cpu0,pcie-mmcfg-mmio,0,4,0x500004,00 00 10 00
1791530182654,TX,MemWr,cpu0,pcie-mmcfg-mmio,0,4,0x500004,01 00 10 00
1791530182654,TX,MemRd,cpu0,pcie-mmcfg-mmio,0,4,0x500020,00 00 00 00
1791530182654,TX,MemWr,cpu0,pcie-mmcfg-mmio,0,4,0x500020,20 10 00 00
1791530182654,TX,MemRd,cpu0,pcie-mmcfg-mmio,0,4,0x500004,01 00 10 00
1791530182654,TX,MemWr,cpu0,pcie-mmcfg-mmio,0,4,0x500004,03 00 10 00
1791530182654,TX,MemRd,cpu0,pcie-mmcfg-mmio,0,4,0x500024,01 00 01 00
1791530182654,TX,MemWr,cpu0,pcie-mmcfg-mmio,0,4,0x500024,20 00 01 00
1791530182654,TX,MemWr,cpu0,pcie-mmcfg-mmio,0,4,0x500028,80 00 00 00
1791530182654,TX,MemRd,cpu0,pcie-mmcfg-mmio,0,4,0x500004,03 00 10 00
1791530182654,TX,MemWr,cpu0,pcie-mmcfg-mmio,0,4,0x500004,03 00 10 00
1791530182654,TX,MemRd,cpu0,pcie-mmcfg-mmio,0,4,0x500004,03 00 10 00
1791530182654,TX,MemWr,cpu0,pcie-mmcfg-mmio,0,4,0x500004,07 00 10 00
1791530182654,TX,MemRd,cpu0,pcie-mmcfg-mmio,0,4,0x600000,4c 10 33 82
1791530182654,TX,MemRd,cpu0,pcie-mmcfg-mmio,0,4,0x600008,01 00 04 06
1791530182654,TX,MemRd,cpu0,pcie-mmcfg-mmio,0,4,0x60000c,00 00 81 00
1791530182654,TX,MemRd,cpu0,pcie-mmcfg-mmio,0,4,0x600008,01 00 04 06
1791530182654,TX,MemRd,cpu0,pcie-mmcfg-mmio,0,4,0x600018,00 00 00 00
1791530182654,TX,MemRd,cpu0,pcie-mmcfg-mmio,0,4,0x600010,00 00 00 00
1791530182654,TX,MemWr,cpu0,pcie-mmcfg-mmio,0,4,0x600010,ff ff ff ff
1791530182654,TX,MemRd,cpu0,pcie-mmcfg-mmio,0,4,0x600010,00 00 00 00
1791530182654,TX,MemWr,cpu0,pcie-mmcfg-mmio,0,4,0x600010,00 00 00 00
1791530182654,TX,MemRd,cpu0,pcie-mmcfg-mmio,0,4,0x600014,00 00 00 00
1791530182654,TX,MemWr,cpu0,pcie-mmcfg-mmio,0,4,0x600014,ff ff ff ff
1791530182654,TX,MemRd,cpu0,pcie-mmcfg-mmio,0,4,0x600014,00 00 00 00
1791530182654,TX,MemWr,cpu0,pcie-mmcfg-mmio,0,4,0x600014,00 00 00 00
1791530182654,TX,MemWr,cpu0,pcie-mmcfg-mmio,0,4,0x600018,06 07 ff 00
1791530182654,TX,MemRd,cpu0,pcie-mmcfg-mmio,0,4,0x60001c,00 00 00 00
1791530182654,TX,MemRd,cpu0,pcie-mmcfg-mmio,0,4,0x600030,00 00 00 00
1791530182654,TX,MemWr,cpu0,pcie-mmcfg-mmio,0,4,0x60001c,00 00 00 00
1791530182654,TX,MemWr,cpu0,pcie-mmcfg-mmio,0,4,0x600030,00 00 00 00
1791530182654,TX,MemRd,cpu0,pcie-mmcfg-mmio,0,4,0x600004,00 00 10 00
1791530182654,TX,MemWr,cpu0,pcie-mmcfg-mmio,0,4,0x600004,01 00 10 00
1791530182654,TX,MemRd,cpu0,pcie-mmcfg-mmio,0,4,0x600020,00 00 00 00
1791530182654,TX,MemWr,cpu0,pcie-mmcfg-mmio,0,4,0x600020,20 10 00 00
1791530182654,TX,MemRd,cpu0,pcie-mmcfg-mmio,0,4,0x600004,01 00 10 00
1791530182654,TX,MemWr,cpu0,pcie-mmcfg-mmio,0,4,0x600004,03 00 10 00
1791530182654,TX,MemRd,cpu0,pcie-mmcfg-mmio,0,4,0x600024,01 00 01 00
1791530182654,TX,MemWr,cpu0,pcie-mmcfg-mmio,0,4,0x600024,20 00 01 00
1791530182654,TX,MemWr,cpu0,pcie-mmcfg-mmio,0,4,0x600028,80 00 00 00
1791530182654,TX,MemRd,cpu0,pcie-mmcfg-mmio,0,4,0x600004,03 00 10 00
1791530182654,TX,MemWr,cpu0,pcie-mmcfg-mmio,0,4,0x600004,03 00 10 00
1791530182654,TX,MemRd,cpu0,pcie-mmcfg-mmio,0,4,0x600004,03 00 10 00
1791530182654,TX,MemWr,cpu0,pcie-mmcfg-mmio,0,4,0x600004,07 00 10 00
1791530182654,TX,MemRd,cpu0,pcie-mmcfg-mmio,0,4,0x700000,36 1b 10 00
1791530182654,TX,MemRd,cpu0,pcie-mmcfg-mmio,0,4,0x700008,02 02 08 01
1791530182654,TX,MemRd,cpu0,pcie-mmcfg-mmio,0,4,0x70000c,00 00 00 00
1791530182654,TX,MemRd,cpu0,pcie-mmcfg-mmio,0,4,0x700010,04 00 00 00
1791530182654,TX,MemRd,cpu0,pcie-mmcfg-mmio,0,4,0x700014,00 00 00 00
1791530182654,TX,MemWr,cpu0,pcie-mmcfg-mmio,0,4,0x700010,ff ff ff ff
1791530182654,TX,MemRd,cpu0,pcie-mmcfg-mmio,0,4,0x700010,04 c0 ff ff
1791530182654,TX,MemWr,cpu0,pcie-mmcfg-mmio,0,4,0x700010,04 00 00 00
1791530182654,TX,MemWr,cpu0,pcie-mmcfg-mmio,0,4,0x700014,ff ff ff ff
1791530182654,TX,MemRd,cpu0,pcie-mmcfg-mmio,0,4,0x700014,ff ff ff ff
1791530182654,TX,MemWr,cpu0,pcie-mmcfg-mmio,0,4,0x700014,00 00 00 00
1791530182654,TX,MemWr,cpu0,pcie-mmcfg-mmio,0,4,0x700010,00 00 20 00
1791530182654,TX,MemWr,cpu0,pcie-mmcfg-mmio,0,4,0x700014,80 00 00 00
1791530182654,TX,MemRd,cpu0,pcie-mmcfg-mmio,0,4,0x700018,00 00 00 00
1791530182654,TX,MemWr,cpu0,pcie-mmcfg-mmio,0,4,0x700018,ff ff ff ff
1791530182654,TX,MemRd,cpu0,pcie-mmcfg-mmio,0,4,0x700018,00 00 00 00
1791530182654,TX,MemWr,cpu0,pcie-mmcfg-mmio,0,4,0x700018,00 00 00 00
1791530182654,TX,MemRd,cpu0,pcie-mmcfg-mmio,0,4,0x70001c,00 00 00 00
1791530182654,TX,MemWr,cpu0,pcie-mmcfg-mmio,0,4,0x70001c,ff ff ff ff
1791530182654,TX,MemRd,cpu0,pcie-mmcfg-mmio,0,4,0x70001c,00 00 00 00
1791530182654,TX,MemWr,cpu0,pcie-mmcfg-mmio,0,4,0x70001c,00 00 00 00
1791530182654,TX,MemRd,cpu0,pcie-mmcfg-mmio,0,4,0x700020,00 00 00 00
1791530182654,TX,MemWr,cpu0,pcie-mmcfg-mmio,0,4,0x700020,ff ff ff ff
1791530182654,TX,MemRd,cpu0,pcie-mmcfg-mmio,0,4,0x700020,00 00 00 00
1791530182654,TX,MemWr,cpu0,pcie-mmcfg-mmio,0,4,0x700020,00 00 00 00
1791530182654,TX,MemRd,cpu0,pcie-mmcfg-mmio,0,4,0x700024,00 00 00 00
1791530182654,TX,MemWr,cpu0,pcie-mmcfg-mmio,0,4,0x700024,ff ff ff ff
1791530182654,TX,MemRd,cpu0,pcie-mmcfg-mmio,0,4,0x700024,00 00 00 00
1791530182654,TX,MemWr,cpu0,pcie-mmcfg-mmio,0,4,0x700024,00 00 00 00
1791530182654,TX,MemRd,cpu0,pcie-mmcfg-mmio,0,4,0x708000,ff ff ff ff
1791530182654,TX,MemRd,cpu0,pcie-mmcfg-mmio,0,4,0x709000,ff ff ff ff
1791530182654,TX,MemRd,cpu0,pcie-mmcfg-mmio,0,4,0x70a000,ff ff ff ff
1791530182654,TX,MemRd,cpu0,pcie-mmcfg-mmio,0,4,0x70b000,ff ff ff ff
1791530182654,TX,MemRd,cpu0,pcie-mmcfg-mmio,0,4,0x70c000,ff ff ff ff
1791530182654,TX,MemRd,cpu0,pcie-mmcfg-mmio,0,4,0x70d000,ff ff ff ff
1791530182654,TX,MemRd,cpu0,pcie-mmcfg-mmio,0,4,0x70e000,ff ff ff ff
1791530182654,TX,MemRd,cpu0,pcie-mmcfg-mmio,0,4,0x70f000,ff ff ff ff
1791530182654,TX,MemRd,cpu0,pcie-mmcfg-mmio,0,4,0x710000,ff ff ff ff
1791530182654,TX,MemRd,cpu0,pcie-mmcfg-mmio,0,4,0x711000,ff ff ff ff
1791530182654,TX,MemRd,cpu0,pcie-mmcfg-mmio,0,4,0x712000,ff ff ff ff
1791530182654,TX,MemRd,cpu0,pcie-mmcfg-mmio,0,4,0x713000,ff ff ff ff
1791530182654,TX,MemRd,cpu0,pcie-mmcfg-mmio,0,4,0x714000,ff ff ff ff
1791530182654,TX,MemRd,cpu0,pcie-mmcfg-mmio,0,4,0x715000,ff ff ff ff
1791530182654,TX,MemRd,cpu0,pcie-mmcfg-mmio,0,4,0x716000,ff ff ff ff
1791530182654,TX,MemRd,cpu0,pcie-mmcfg-mmio,0,4,0x717000,ff ff ff ff
1791530182654,TX,MemRd,cpu0,pcie-mmcfg-mmio,0,4,0x718000,ff ff ff ff
1791530182654,TX,MemRd,cpu0,pcie-mmcfg-mmio,0,4,0x719000,ff ff ff ff
1791530182654,TX,MemRd,cpu0,pcie-mmcfg-mmio,0,4,0x71a000,ff ff ff ff
1791530182654,TX,MemRd,cpu0,pcie-mmcfg-mmio,0,4,0x71b000,ff ff ff ff
1791530182654,TX,MemRd,cpu0,pcie-mmcfg-mmio,0,4,0x71c000,ff ff ff ff
1791530182654,TX,MemRd,cpu0,pcie-mmcfg-mmio,0,4,0x71d000,ff ff ff ff
1791530182654,TX,MemRd,cpu0,pcie-mmcfg-mmio,0,4,0x71e000,ff ff ff ff
1791530182654,TX,MemRd,cpu0,pcie-mmcfg-mmio,0,4,0x71f000,ff ff ff ff
1791530182654,TX,MemRd,cpu0,pcie-mmcfg-mmio,0,4,0x720000,ff ff ff ff
1791530182654,TX,MemRd,cpu0,pcie-mmcfg-mmio,0,4,0x721000,ff ff ff ff
1791530182654,TX,MemRd,cpu0,pcie-mmcfg-mmio,0,4,0x722000,ff ff ff ff
1791530182654,TX,MemRd,cpu0,pcie-mmcfg-mmio,0,4,0x723000,ff ff ff ff
1791530182654,TX,MemRd,cpu0,pcie-mmcfg-mmio,0,4,0x724000,ff ff ff ff
1791530182654,TX,MemRd,cpu0,pcie-mmcfg-mmio,0,4,0x725000,ff ff ff ff
1791530182654,TX,MemRd,cpu0,pcie-mmcfg-mmio,0,4,0x726000,ff ff ff ff
1791530182654,TX,MemRd,cpu0,pcie-mmcfg-mmio,0,4,0x727000,ff ff ff ff
1791530182655,TX,MemRd,cpu0,pcie-mmcfg-mmio,0,4,0x728000,ff ff ff ff
1791530182655,TX,MemRd,cpu0,pcie-mmcfg-mmio,0,4,0x729000,ff ff ff ff
1791530182655,TX,MemRd,cpu0,pcie-mmcfg-mmio,0,4,0x72a000,ff ff ff ff
1791530182655,TX,MemRd,cpu0,pcie-mmcfg-mmio,0,4,0x72b000,ff ff ff ff
1791530182655,TX,MemRd,cpu0,pcie-mmcfg-mmio,0,4,0x72c000,ff ff ff ff
1791530182655,TX,MemRd,cpu0,pcie-mmcfg-mmio,0,4,0x72d000,ff ff ff ff
1791530182655,TX,MemRd,cpu0,pcie-mmcfg-mmio,0,4,0x72e000,ff ff ff ff
1791530182655,TX,MemRd,cpu0,pcie-mmcfg-mmio,0,4,0x72f000,ff ff ff ff
1791530182655,TX,MemRd,cpu0,pcie-mmcfg-mmio,0,4,0x730000,ff ff ff ff
1791530182655,TX,MemRd,cpu0,pcie-mmcfg-mmio,0,4,0x731000,ff ff ff ff
1791530182655,TX,MemRd,cpu0,pcie-mmcfg-mmio,0,4,0x732000,ff ff ff ff
1791530182655,TX,MemRd,cpu0,pcie-mmcfg-mmio,0,4,0x733000,ff ff ff ff
1791530182655,TX,MemRd,cpu0,pcie-mmcfg-mmio,0,4,0x734000,ff ff ff ff
1791530182655,TX,MemRd,cpu0,pcie-mmcfg-mmio,0,4,0x735000,ff ff ff ff
1791530182655,TX,MemRd,cpu0,pcie-mmcfg-mmio,0,4,0x736000,ff ff ff ff
1791530182655,TX,MemRd,cpu0,pcie-mmcfg-mmio,0,4,0x737000,ff ff ff ff
1791530182655,TX,MemRd,cpu0,pcie-mmcfg-mmio,0,4,0x738000,ff ff ff ff
1791530182655,TX,MemRd,cpu0,pcie-mmcfg-mmio,0,4,0x739000,ff ff ff ff
1791530182655,TX,MemRd,cpu0,pcie-mmcfg-mmio,0,4,0x73a000,ff ff ff ff
1791530182655,TX,MemRd,cpu0,pcie-mmcfg-mmio,0,4,0x73b000,ff ff ff ff
1791530182655,TX,MemRd,cpu0,pcie-mmcfg-mmio,0,4,0x73c000,ff ff ff ff
1791530182655,TX,MemRd,cpu0,pcie-mmcfg-mmio,0,4,0x73d000,ff ff ff ff
1791530182655,TX,MemRd,cpu0,pcie-mmcfg-mmio,0,4,0x73e000,ff ff ff ff
1791530182655,TX,MemRd,cpu0,pcie-mmcfg-mmio,0,4,0x73f000,ff ff ff ff
1791530182655,TX,MemRd,cpu0,pcie-mmcfg-mmio,0,4,0x740000,ff ff ff ff
1791530182655,TX,MemRd,cpu0,pcie-mmcfg-mmio,0,4,0x741000,ff ff ff ff
1791530182655,TX,MemRd,cpu0,pcie-mmcfg-mmio,0,4,0x742000,ff ff ff ff
1791530182655,TX,MemRd,cpu0,pcie-mmcfg-mmio,0,4,0x743000,ff ff ff ff
1791530182655,TX,MemRd,cpu0,pcie-mmcfg-mmio,0,4,0x744000,ff ff ff ff
1791530182655,TX,MemRd,cpu0,pcie-mmcfg-mmio,0,4,0x745000,ff ff ff ff
1791530182655,TX,MemRd,cpu0,pcie-mmcfg-mmio,0,4,0x746000,ff ff ff ff
1791530182655,TX,MemRd,cpu0,pcie-mmcfg-mmio,0,4,0x747000,ff ff ff ff
1791530182655,TX,MemRd,cpu0,pcie-mmcfg-mmio,0,4,0x748000,ff ff ff ff
1791530182655,TX,MemRd,cpu0,pcie-mmcfg-mmio,0,4,0x749000,ff ff ff ff
1791530182655,TX,MemRd,cpu0,pcie-mmcfg-mmio,0,4,0x74a000,ff ff ff ff
1791530182655,TX,MemRd,cpu0,pcie-mmcfg-mmio,0,4,0x74b000,ff ff ff ff
1791530182655,TX,MemRd,cpu0,pcie-mmcfg-mmio,0,4,0x74c000,ff ff ff ff
1791530182655,TX,MemRd,cpu0,pcie-mmcfg-mmio,0,4,0x74d000,ff ff ff ff
1791530182655,TX,MemRd,cpu0,pcie-mmcfg-mmio,0,4,0x74e000,ff ff ff ff
1791530182655,TX,MemRd,cpu0,pcie-mmcfg-mmio,0,4,0x74f000,ff ff ff ff
1791530182655,TX,MemRd,cpu0,pcie-mmcfg-mmio,0,4,0x750000,ff ff ff ff
1791530182655,TX,MemRd,cpu0,pcie-mmcfg-mmio,0,4,0x751000,ff ff ff ff
1791530182655,TX,MemRd,cpu0,pcie-mmcfg-mmio,0,4,0x752000,ff ff ff ff
1791530182655,TX,MemRd,cpu0,pcie-mmcfg-mmio,0,4,0x753000,ff ff ff ff
1791530182655,TX,MemRd,cpu0,pcie-mmcfg-mmio,0,4,0x754000,ff ff ff ff
1791530182655,TX,MemRd,cpu0,pcie-mmcfg-mmio,0,4,0x755000,ff ff ff ff
1791530182655,TX,MemRd,cpu0,pcie-mmcfg-mmio,0,4,0x756000,ff ff ff ff
1791530182655,TX,MemRd,cpu0,pcie-mmcfg-mmio,0,4,0x757000,ff ff ff ff
1791530182655,TX,MemRd,cpu0,pcie-mmcfg-mmio,0,4,0x758000,ff ff ff ff
1791530182655,TX,MemRd,cpu0,pcie-mmcfg-mmio,0,4,0x759000,ff ff ff ff
1791530182655,TX,MemRd,cpu0,pcie-mmcfg-mmio,0,4,0x75a000,ff ff ff ff
1791530182655,TX,MemRd,cpu0,pcie-mmcfg-mmio,0,4,0x75b000,ff ff ff ff
1791530182655,TX,MemRd,cpu0,pcie-mmcfg-mmio,0,4,0x75c000,ff ff ff ff
1791530182655,TX,MemRd,cpu0,pcie-mmcfg-mmio,0,4,0x75d000,ff ff ff ff
1791530182655,TX,MemRd,cpu0,pcie-mmcfg-mmio,0,4,0x75e000,ff ff ff ff
1791530182655,TX,MemRd,cpu0,pcie-mmcfg-mmio,0,4,0x75f000,ff ff ff ff
1791530182655,TX,MemRd,cpu0,pcie-mmcfg-mmio,0,4,0x760000,ff ff ff ff
1791530182655,TX,MemRd,cpu0,pcie-mmcfg-mmio,0,4,0x761000,ff ff ff ff
1791530182655,TX,MemRd,cpu0,pcie-mmcfg-mmio,0,4,0x762000,ff ff ff ff
1791530182655,TX,MemRd,cpu0,pcie-mmcfg-mmio,0,4,0x763000,ff ff ff ff
1791530182655,TX,MemRd,cpu0,pcie-mmcfg-mmio,0,4,0x764000,ff ff ff ff
1791530182655,TX,MemRd,cpu0,pcie-mmcfg-mmio,0,4,0x765000,ff ff ff ff
1791530182655,TX,MemRd,cpu0,pcie-mmcfg-mmio,0,4,0x766000,ff ff ff ff
1791530182655,TX,MemRd,cpu0,pcie-mmcfg-mmio,0,4,0x767000,ff ff ff ff
1791530182655,TX,MemRd,cpu0,pcie-mmcfg-mmio,0,4,0x768000,ff ff ff ff
1791530182655,TX,MemRd,cpu0,pcie-mmcfg-mmio,0,4,0x769000,ff ff ff ff
1791530182655,TX,MemRd,cpu0,pcie-mmcfg-mmio,0,4,0x76a000,ff ff ff ff
1791530182655,TX,MemRd,cpu0,pcie-mmcfg-mmio,0,4,0x76b000,ff ff ff ff
1791530182655,TX,MemRd,cpu0,pcie-mmcfg-mmio,0,4,0x76c000,ff ff ff ff
1791530182655,TX,MemRd,cpu0,pcie-mmcfg-mmio,0,4,0x76d000,ff ff ff ff
1791530182655,TX,MemRd,cpu0,pcie-mmcfg-mmio,0,4,0x76e000,ff ff ff ff
1791530182655,TX,MemRd,cpu0,pcie-mmcfg-mmio,0,4,0x76f000,ff ff ff ff
1791530182655,TX,MemRd,cpu0,pcie-mmcfg-mmio,0,4,0x770000,ff ff ff ff
1791530182655,TX,MemRd,cpu0,pcie-mmcfg-mmio,0,4,0x771000,ff ff ff ff
1791530182655,TX,MemRd,cpu0,pcie-mmcfg-mmio,0,4,0x772000,ff ff ff ff
1791530182655,TX,MemRd,cpu0,pcie-mmcfg-mmio,0,4,0x773000,ff ff ff ff
1791530182655,TX,MemRd,cpu0,pcie-mmcfg-mmio,0,4,0x774000,ff ff ff ff
1791530182655,TX,MemRd,cpu0,pcie-mmcfg-mmio,0,4,0x775000,ff ff ff ff
1791530182655,TX,MemRd,cpu0,pcie-mmcfg-mmio,0,4,0x776000,ff ff ff ff
1791530182655,TX,MemRd,cpu0,pcie-mmcfg-mmio,0,4,0x777000,ff ff ff ff
1791530182655,TX,MemRd,cpu0,pcie-mmcfg-mmio,0,4,0x778000,ff ff ff ff
1791530182655,TX,MemRd,cpu0,pcie-mmcfg-mmio,0,4,0x779000,ff ff ff ff
1791530182655,TX,MemRd,cpu0,pcie-mmcfg-mmio,0,4,0x77a000,ff ff ff ff
1791530182655,TX,MemRd,cpu0,pcie-mmcfg-mmio,0,4,0x77b000,ff ff ff ff
1791530182655,TX,MemRd,cpu0,pcie-mmcfg-mmio,0,4,0x77c000,ff ff ff ff
1791530182655,TX,MemRd,cpu0,pcie-mmcfg-mmio,0,4,0x77d000,ff ff ff ff
1791530182655,TX,MemRd,cpu0,pcie-mmcfg-mmio,0,4,0x77e000,ff ff ff ff
1791530182655,TX,MemRd,cpu0,pcie-mmcfg-mmio,0,4,0x77f000,ff ff ff ff
1791530182655,TX,MemRd,cpu0,pcie-mmcfg-mmio,0,4,0x780000,ff ff ff ff
1791530182655,TX,MemRd,cpu0,pcie-mmcfg-mmio,0,4,0x781000,ff ff ff ff
1791530182655,TX,MemRd,cpu0,pcie-mmcfg-mmio,0,4,0x782000,ff ff ff ff
1791530182655,TX,MemRd,cpu0,pcie-mmcfg-mmio,0,4,0x783000,ff ff ff ff
1791530182655,TX,MemRd,cpu0,pcie-mmcfg-mmio,0,4,0x784000,ff ff ff ff
1791530182655,TX,MemRd,cpu0,pcie-mmcfg-mmio,0,4,0x785000,ff ff ff ff
1791530182655,TX,MemRd,cpu0,pcie-mmcfg-mmio,0,4,0x786000,ff ff ff ff
1791530182655,TX,MemRd,cpu0,pcie-mmcfg-mmio,0,4,0x787000,ff ff ff ff
1791530182655,TX,MemRd,cpu0,pcie-mmcfg-mmio,0,4,0x788000,ff ff ff ff
1791530182655,TX,MemRd,cpu0,pcie-mmcfg-mmio,0,4,0x789000,ff ff ff ff
1791530182655,TX,MemRd,cpu0,pcie-mmcfg-mmio,0,4,0x78a000,ff ff ff ff
1791530182655,TX,MemRd,cpu0,pcie-mmcfg-mmio,0,4,0x78b000,ff ff ff ff
1791530182655,TX,MemRd,cpu0,pcie-mmcfg-mmio,0,4,0x78c000,ff ff ff ff
1791530182655,TX,MemRd,cpu0,pcie-mmcfg-mmio,0,4,0x78d000,ff ff ff ff
1791530182655,TX,MemRd,cpu0,pcie-mmcfg-mmio,0,4,0x78e000,ff ff ff ff
1791530182655,TX,MemRd,cpu0,pcie-mmcfg-mmio,0,4,0x78f000,ff ff ff ff
1791530182655,TX,MemRd,cpu0,pcie-mmcfg-mmio,0,4,0x790000,ff ff ff ff
1791530182655,TX,MemRd,cpu0,pcie-mmcfg-mmio,0,4,0x791000,ff ff ff ff
1791530182655,TX,MemRd,cpu0,pcie-mmcfg-mmio,0,4,0x792000,ff ff ff ff
1791530182655,TX,MemRd,cpu0,pcie-mmcfg-mmio,0,4,0x793000,ff ff ff ff
1791530182655,TX,MemRd,cpu0,pcie-mmcfg-mmio,0,4,0x794000,ff ff ff ff
1791530182655,TX,MemRd,cpu0,pcie-mmcfg-mmio,0,4,0x795000,ff ff ff ff
1791530182655,TX,MemRd,cpu0,pcie-mmcfg-mmio,0,4,0x796000,ff ff ff ff
1791530182655,TX,MemRd,cpu0,pcie-mmcfg-mmio,0,4,0x797000,ff ff ff ff
1791530182655,TX,MemRd,cpu0,pcie-mmcfg-mmio,0,4,0x798000,ff ff ff ff
1791530182655,TX,MemRd,cpu0,pcie-mmcfg-mmio,0,4,0x799000,ff ff ff ff
1791530182655,TX,MemRd,cpu0,pcie-mmcfg-mmio,0,4,0x79a000,ff ff ff ff
1791530182655,TX,MemRd,cpu0,pcie-mmcfg-mmio,0,4,0x79b000,ff ff ff ff
1791530182655,TX,MemRd,cpu0,pcie-mmcfg-mmio,0,4,0x79c000,ff ff ff ff
1791530182655,TX,MemRd,cpu0,pcie-mmcfg-mmio,0,4,0x79d000,ff ff ff ff
1791530182655,TX,MemRd,cpu0,pcie-mmcfg-mmio,0,4,0x79e000,ff ff ff ff
1791530182655,TX,MemRd,cpu0,pcie-mmcfg-mmio,0,4,0x79f000,ff ff ff ff
1791530182655,TX,MemRd,cpu0,pcie-mmcfg-mmio,0,4,0x7a0000,ff ff ff ff
1791530182655,TX,MemRd,cpu0,pcie-mmcfg-mmio,0,4,0x7a1000,ff ff ff ff
1791530182655,TX,MemRd,cpu0,pcie-mmcfg-mmio,0,4,0x7a2000,ff ff ff ff
1791530182655,TX,MemRd,cpu0,pcie-mmcfg-mmio,0,4,0x7a3000,ff ff ff ff
1791530182655,TX,MemRd,cpu0,pcie-mmcfg-mmio,0,4,0x7a4000,ff ff ff ff
1791530182655,TX,MemRd,cpu0,pcie-mmcfg-mmio,0,4,0x7a5000,ff ff ff ff
1791530182655,TX,MemRd,cpu0,pcie-mmcfg-mmio,0,4,0x7a6000,ff ff ff ff
1791530182655,TX,MemRd,cpu0,pcie-mmcfg-mmio,0,4,0x7a7000,ff ff ff ff
1791530182655,TX,MemRd,cpu0,pcie-mmcfg-mmio,0,4,0x7a8000,ff ff ff ff
1791530182655,TX,MemRd,cpu0,pcie-mmcfg-mmio,0,4,0x7a9000,ff ff ff ff
1791530182655,TX,MemRd,cpu0,pcie-mmcfg-mmio,0,4,0x7aa000,ff ff ff ff
1791530182655,TX,MemRd,cpu0,pcie-mmcfg-mmio,0,4,0x7ab000,ff ff ff ff
1791530182655,TX,MemRd,cpu0,pcie-mmcfg-mmio,0,4,0x7ac000,ff ff ff ff
1791530182655,TX,MemRd,cpu0,pcie-mmcfg-mmio,0,4,0x7ad000,ff ff ff ff
1791530182655,TX,MemRd,cpu0,pcie-mmcfg-mmio,0,4,0x7ae000,ff ff ff ff
1791530182655,TX,MemRd,cpu0,pcie-mmcfg-mmio,0,4,0x7af000,ff ff ff ff
1791530182655,TX,MemRd,cpu0,pcie-mmcfg-mmio,0,4,0x7b0000,ff ff ff ff
1791530182655,TX,MemRd,cpu0,pcie-mmcfg-mmio,0,4,0x7b1000,ff ff ff ff
1791530182655,TX,MemRd,cpu0,pcie-mmcfg-mmio,0,4,0x7b2000,ff ff ff ff
1791530182655,TX,MemRd,cpu0,pcie-mmcfg-mmio,0,4,0x7b3000,ff ff ff ff
1791530182655,TX,MemRd,cpu0,pcie-mmcfg-mmio,0,4,0x7b4000,ff ff ff ff
1791530182655,TX,MemRd,cpu0,pcie-mmcfg-mmio,0,4,0x7b5000,ff ff ff ff
1791530182655,TX,MemRd,cpu0,pcie-mmcfg-mmio,0,4,0x7b6000,ff ff ff ff
1791530182655,TX,MemRd,cpu0,pcie-mmcfg-mmio,0,4,0x7b7000,ff ff ff ff
1791530182655,TX,MemRd,cpu0,pcie-mmcfg-mmio,0,4,0x7b8000,ff ff ff ff
1791530182655,TX,MemRd,cpu0,pcie-mmcfg-mmio,0,4,0x7b9000,ff ff ff ff
1791530182655,TX,MemRd,cpu0,pcie-mmcfg-mmio,0,4,0x7ba000,ff ff ff ff
1791530182655,TX,MemRd,cpu0,pcie-mmcfg-mmio,0,4,0x7bb000,ff ff ff ff
1791530182655,TX,MemRd,cpu0,pcie-mmcfg-mmio,0,4,0x7bc000,ff ff ff ff
1791530182655,TX,MemRd,cpu0,pcie-mmcfg-mmio,0,4,0x7bd000,ff ff ff ff
1791530182655,TX,MemRd,cpu0,pcie-mmcfg-mmio,0,4,0x7be000,ff ff ff ff
1791530182655,TX,MemRd,cpu0,pcie-mmcfg-mmio,0,4,0x7bf000,ff ff ff ff
1791530182655,TX,MemRd,cpu0,pcie-mmcfg-mmio,0,4,0x7c0000,ff ff ff ff
1791530182655,TX,MemRd,cpu0,pcie-mmcfg-mmio,0,4,0x7c1000,ff ff ff ff
1791530182655,TX,MemRd,cpu0,pcie-mmcfg-mmio,0,4,0x7c2000,ff ff ff ff
1791530182655,TX,MemRd,cpu0,pcie-mmcfg-mmio,0,4,0x7c3000,ff ff ff ff
1791530182655,TX,MemRd,cpu0,pcie-mmcfg-mmio,0,4,0x7c4000,ff ff ff ff
1791530182655,TX,MemRd,cpu0,pcie-mmcfg-mmio,0,4,0x7c5000,ff ff ff ff
1791530182655,TX,MemRd,cpu0,pcie-mmcfg-mmio,0,4,0x7c6000,ff ff ff ff
1791530182655,TX,MemRd,cpu0,pcie-mmcfg-mmio,0,4,0x7c7000,ff ff ff ff
1791530182655,TX,MemRd,cpu0,pcie-mmcfg-mmio,0,4,0x7c8000,ff ff ff ff
1791530182655,TX,MemRd,cpu0,pcie-mmcfg-mmio,0,4,0x7c9000,ff ff ff ff
1791530182655,TX,MemRd,cpu0,pcie-mmcfg-mmio,0,4,0x7ca000,ff ff ff ff
1791530182655,TX,MemRd,cpu0,pcie-mmcfg-mmio,0,4,0x7cb000,ff ff ff ff
1791530182655,TX,MemRd,cpu0,pcie-mmcfg-mmio,0,4,0x7cc000,ff ff ff ff
1791530182655,TX,MemRd,cpu0,pcie-mmcfg-mmio,0,4,0x7cd000,ff ff ff ff
1791530182655,TX,MemRd,cpu0,pcie-mmcfg-mmio,0,4,0x7ce000,ff ff ff ff
1791530182655,TX,MemRd,cpu0,pcie-mmcfg-mmio,0,4,0x7cf000,ff ff ff ff
1791530182655,TX,MemRd,cpu0,pcie-mmcfg-mmio,0,4,0x7d0000,ff ff ff ff
1791530182655,TX,MemRd,cpu0,pcie-mmcfg-mmio,0,4,0x7d1000,ff ff ff ff
1791530182655,TX,MemRd,cpu0,pcie-mmcfg-mmio,0,4,0x7d2000,ff ff ff ff
1791530182655,TX,MemRd,cpu0,pcie-mmcfg-mmio,0,4,0x7d3000,ff ff ff ff
1791530182655,TX,MemRd,cpu0,pcie-mmcfg-mmio,0,4,0x7d4000,ff ff ff ff
1791530182655,TX,MemRd,cpu0,pcie-mmcfg-mmio,0,4,0x7d5000,ff ff ff ff
1791530182655,TX,MemRd,cpu0,pcie-mmcfg-mmio,0,4,0x7d6000,ff ff ff ff
1791530182655,TX,MemRd,cpu0,pcie-mmcfg-mmio,0,4,0x7d7000,ff ff ff ff
1791530182655,TX,MemRd,cpu0,pcie-mmcfg-mmio,0,4,0x7d8000,ff ff ff ff
1791530182655,TX,MemRd,cpu0,pcie-mmcfg-mmio,0,4,0x7d9000,ff ff ff ff
1791530182655,TX,MemRd,cpu0,pcie-mmcfg-mmio,0,4,0x7da000,ff ff ff ff
1791530182655,TX,MemRd,cpu0,pcie-mmcfg-mmio,0,4,0x7db000,ff ff ff ff
1791530182655,TX,MemRd,cpu0,pcie-mmcfg-mmio,0,4,0x7dc000,ff ff ff ff
1791530182655,TX,MemRd,cpu0,pcie-mmcfg-mmio,0,4,0x7dd000,ff ff ff ff
1791530182655,TX,MemRd,cpu0,pcie-mmcfg-mmio,0,4,0x7de000,ff ff ff ff
1791530182655,TX,MemRd,cpu0,pcie-mmcfg-mmio,0,4,0x7df000,ff ff ff ff
1791530182655,TX,MemRd,cpu0,pcie-mmcfg-mmio,0,4,0x7e0000,ff ff ff ff
1791530182655,TX,MemRd,cpu0,pcie-mmcfg-mmio,0,4,0x7e1000,ff ff ff ff
1791530182655,TX,MemRd,cpu0,pcie-mmcfg-mmio,0,4,0x7e2000,ff ff ff ff
1791530182655,TX,MemRd,cpu0,pcie-mmcfg-mmio,0,4,0x7e3000,ff ff ff ff
1791530182655,TX,MemRd,cpu0,pcie-mmcfg-mmio,0,4,0x7e4000,ff ff ff ff
1791530182655,TX,MemRd,cpu0,pcie-mmcfg-mmio,0,4,0x7e5000,ff ff ff ff
1791530182655,TX,MemRd,cpu0,pcie-mmcfg-mmio,0,4,0x7e6000,ff ff ff ff
1791530182655,TX,MemRd,cpu0,pcie-mmcfg-mmio,0,4,0x7e7000,ff ff ff ff
1791530182655,TX,MemRd,cpu0,pcie-mmcfg-mmio,0,4,0x7e8000,ff ff ff ff
1791530182655,TX,MemRd,cpu0,pcie-mmcfg-mmio,0,4,0x7e9000,ff ff ff ff
1791530182655,TX,MemRd,cpu0,pcie-mmcfg-mmio,0,4,0x7ea000,ff ff ff ff
1791530182655,TX,MemRd,cpu0,pcie-mmcfg-mmio,0,4,0x7eb000,ff ff ff ff
1791530182655,TX,MemRd,cpu0,pcie-mmcfg-mmio,0,4,0x7ec000,ff ff ff ff
1791530182655,TX,MemRd,cpu0,pcie-mmcfg-mmio,0,4,0x7ed000,ff ff ff ff
1791530182655,TX,MemRd,cpu0,pcie-mmcfg-mmio,0,4,0x7ee000,ff ff ff ff
1791530182655,TX,MemRd,cpu0,pcie-mmcfg-mmio,0,4,0x7ef000,ff ff ff ff
1791530182655,TX,MemRd,cpu0,pcie-mmcfg-mmio,0,4,0x7f0000,ff ff ff ff
1791530182655,TX,MemRd,cpu0,pcie-mmcfg-mmio,0,4,0x7f1000,ff ff ff ff
1791530182655,TX,MemRd,cpu0,pcie-mmcfg-mmio,0,4,0x7f2000,ff ff ff ff
1791530182655,TX,MemRd,cpu0,pcie-mmcfg-mmio,0,4,0x7f3000,ff ff ff ff
1791530182655,TX,MemRd,cpu0,pcie-mmcfg-mmio,0,4,0x7f4000,ff ff ff ff
1791530182655,TX,MemRd,cpu0,pcie-mmcfg-mmio,0,4,0x7f5000,ff ff ff ff
1791530182655,TX,MemRd,cpu0,pcie-mmcfg-mmio,0,4,0x7f6000,ff ff ff ff
1791530182655,TX,MemRd,cpu0,pcie-mmcfg-mmio,0,4,0x7f7000,ff ff ff ff
1791530182655,TX,MemRd,cpu0,pcie-mmcfg-mmio,0,4,0x7f8000,ff ff ff ff
1791530182655,TX,MemRd,cpu0,pcie-mmcfg-mmio,0,4,0x7f9000,ff ff ff ff
1791530182655,TX,MemRd,cpu0,pcie-mmcfg-mmio,0,4,0x7fa000,ff ff ff ff
1791530182655,TX,MemRd,cpu0,pcie-mmcfg-mmio,0,4,0x7fb000,ff ff ff ff
1791530182655,TX,MemRd,cpu0,pcie-mmcfg-mmio,0,4,0x7fc000,ff ff ff ff
1791530182655,TX,MemRd,cpu0,pcie-mmcfg-mmio,0,4,0x7fd000,ff ff ff ff
1791530182655,TX,MemRd,cpu0,pcie-mmcfg-mmio,0,4,0x7fe000,ff ff ff ff
1791530182655,TX,MemRd,cpu0,pcie-mmcfg-mmio,0,4,0x7ff000,ff ff ff ff
1791530182656,TX,MemRd,cpu0,pcie-mmcfg-mmio,0,4,0x600018,06 07 ff 00
1791530182656,TX,MemWr,cpu0,pcie-mmcfg-mmio,0,4,0x600018,06 07 07 00
1791530182656,TX,MemRd,cpu0,pcie-mmcfg-mmio,0,4,0x60001c,00 00 00 00
1791530182656,TX,MemRd,cpu0,pcie-mmcfg-mmio,0,4,0x600030,00 00 00 00
1791530182656,TX,MemWr,cpu0,pcie-mmcfg-mmio,0,4,0x60001c,00 00 00 00
1791530182656,TX,MemWr,cpu0,pcie-mmcfg-mmio,0,4,0x600030,00 00 00 00
1791530182656,TX,MemRd,cpu0,pcie-mmcfg-mmio,0,4,0x600020,20 10 00 00
1791530182656,TX,MemWr,cpu0,pcie-mmcfg-mmio,0,4,0x600020,20 10 1f 10
1791530182656,TX,MemRd,cpu0,pcie-mmcfg-mmio,0,4,0x600024,21 00 01 00
1791530182656,TX,MemWr,cpu0,pcie-mmcfg-mmio,0,4,0x600024,21 00 2f 00
1791530182656,TX,MemWr,cpu0,pcie-mmcfg-mmio,0,4,0x60002c,80 00 00 00
1791530182656,TX,MemRd,cpu0,pcie-mmcfg-mmio,0,4,0x601000,4c 10 33 82
1791530182656,TX,MemRd,cpu0,pcie-mmcfg-mmio,0,4,0x601008,01 00 04 06
1791530182656,TX,MemRd,cpu0,pcie-mmcfg-mmio,0,4,0x60100c,00 00 01 00
1791530182656,TX,MemRd,cpu0,pcie-mmcfg-mmio,0,4,0x601008,01 00 04 06
1791530182656,TX,MemRd,cpu0,pcie-mmcfg-mmio,0,4,0x601018,00 00 00 00
1791530182656,TX,MemRd,cpu0,pcie-mmcfg-mmio,0,4,0x601010,00 00 00 00
1791530182656,TX,MemWr,cpu0,pcie-mmcfg-mmio,0,4,0x601010,ff ff ff ff
1791530182656,TX,MemRd,cpu0,pcie-mmcfg-mmio,0,4,0x601010,00 00 00 00
1791530182656,TX,MemWr,cpu0,pcie-mmcfg-mmio,0,4,0x601010,00 00 00 00
1791530182656,TX,MemRd,cpu0,pcie-mmcfg-mmio,0,4,0x601014,00 00 00 00
1791530182656,TX,MemWr,cpu0,pcie-mmcfg-mmio,0,4,0x601014,ff ff ff ff
1791530182656,TX,MemRd,cpu0,pcie-mmcfg-mmio,0,4,0x601014,00 00 00 00
1791530182656,TX,MemWr,cpu0,pcie-mmcfg-mmio,0,4,0x601014,00 00 00 00
1791530182656,TX,MemWr,cpu0,pcie-mmcfg-mmio,0,4,0x601018,06 08 ff 00
1791530182656,TX,MemRd,cpu0,pcie-mmcfg-mmio,0,4,0x60101c,00 00 00 00
1791530182656,TX,MemRd,cpu0,pcie-mmcfg-mmio,0,4,0x601030,00 00 00 00
1791530182656,TX,MemWr,cpu0,pcie-mmcfg-mmio,0,4,0x60101c,00 00 00 00
1791530182656,TX,MemWr,cpu0,pcie-mmcfg-mmio,0,4,0x601030,00 00 00 00
1791530182656,TX,MemRd,cpu0,pcie-mmcfg-mmio,0,4,0x601004,00 00 10 00
1791530182656,TX,MemWr,cpu0,pcie-mmcfg-mmio,0,4,0x601004,01 00 10 00
1791530182656,TX,MemRd,cpu0,pcie-mmcfg-mmio,0,4,0x601020,00 00 00 00
1791530182656,TX,MemWr,cpu0,pcie-mmcfg-mmio,0,4,0x601020,20 10 00 00
1791530182656,TX,MemRd,cpu0,pcie-mmcfg-mmio,0,4,0x601004,01 00 10 00
1791530182656,TX,MemWr,cpu0,pcie-mmcfg-mmio,0,4,0x601004,03 00 10 00
1791530182656,TX,MemRd,cpu0,pcie-mmcfg-mmio,0,4,0x601024,01 00 01 00
1791530182656,TX,MemWr,cpu0,pcie-mmcfg-mmio,0,4,0x601024,30 00 01 00
1791530182656,TX,MemWr,cpu0,pcie-mmcfg-mmio,0,4,0x601028,80 00 00 00
1791530182656,TX,MemRd,cpu0,pcie-mmcfg-mmio,0,4,0x601004,03 00 10 00
1791530182656,TX,MemWr,cpu0,pcie-mmcfg-mmio,0,4,0x601004,03 00 10 00
1791530182656,TX,MemRd,cpu0,pcie-mmcfg-mmio,0,4,0x601004,03 00 10 00
1791530182656,TX,MemWr,cpu0,pcie-mmcfg-mmio,0,4,0x601004,07 00 10 00
1791530182656,TX,MemRd,cpu0,pcie-mmcfg-mmio,0,4,0x800000,36 1b 10 00
1791530182656,TX,MemRd,cpu0,pcie-mmcfg-mmio,0,4,0x800008,02 02 08 01
1791530182656,TX,MemRd,cpu0,pcie-mmcfg-mmio,0,4,0x80000c,00 00 00 00
1791530182656,TX,MemRd,cpu0,pcie-mmcfg-mmio,0,4,0x800010,04 00 00 00
1791530182656,TX,MemRd,cpu0,pcie-mmcfg-mmio,0,4,0x800014,00 00 00 00
1791530182656,TX,MemWr,cpu0,pcie-mmcfg-mmio,0,4,0x800010,ff ff ff ff
1791530182656,TX,MemRd,cpu0,pcie-mmcfg-mmio,0,4,0x800010,04 c0 ff ff
1791530182656,TX,MemWr,cpu0,pcie-mmcfg-mmio,0,4,0x800010,04 00 00 00
1791530182656,TX,MemWr,cpu0,pcie-mmcfg-mmio,0,4,0x800014,ff ff ff ff
1791530182656,TX,MemRd,cpu0,pcie-mmcfg-mmio,0,4,0x800014,ff ff ff ff
1791530182656,TX,MemWr,cpu0,pcie-mmcfg-mmio,0,4,0x800014,00 00 00 00
1791530182656,TX,MemWr,cpu0,pcie-mmcfg-mmio,0,4,0x800010,00 00 30 00
1791530182656,TX,MemWr,cpu0,pcie-mmcfg-mmio,0,4,0x800014,80 00 00 00
1791530182656,TX,MemRd,cpu0,pcie-mmcfg-mmio,0,4,0x800018,00 00 00 00
1791530182656,TX,MemWr,cpu0,pcie-mmcfg-mmio,0,4,0x800018,ff ff ff ff
1791530182656,TX,MemRd,cpu0,pcie-mmcfg-mmio,0,4,0x800018,00 00 00 00
1791530182656,TX,MemWr,cpu0,pcie-mmcfg-mmio,0,4,0x800018,00 00 00 00
1791530182656,TX,MemRd,cpu0,pcie-mmcfg-mmio,0,4,0x80001c,00 00 00 00
1791530182656,TX,MemWr,cpu0,pcie-mmcfg-mmio,0,4,0x80001c,ff ff ff ff
1791530182656,TX,MemRd,cpu0,pcie-mmcfg-mmio,0,4,0x80001c,00 00 00 00
1791530182656,TX,MemWr,cpu0,pcie-mmcfg-mmio,0,4,0x80001c,00 00 00 00
1791530182656,TX,MemRd,cpu0,pcie-mmcfg-mmio,0,4,0x800020,00 00 00 00
1791530182656,TX,MemWr,cpu0,pcie-mmcfg-mmio,0,4,0x800020,ff ff ff ff
1791530182656,TX,MemRd,cpu0,pcie-mmcfg-mmio,0,4,0x800020,00 00 00 00
1791530182656,TX,MemWr,cpu0,pcie-mmcfg-mmio,0,4,0x800020,00 00 00 00
1791530182656,TX,MemRd,cpu0,pcie-mmcfg-mmio,0,4,0x800024,00 00 00 00
1791530182656,TX,MemWr,cpu0,pcie-mmcfg-mmio,0,4,0x800024,ff ff ff ff
1791530182656,TX,MemRd,cpu0,pcie-mmcfg-mmio,0,4,0x800024,00 00 00 00
1791530182656,TX,MemWr,cpu0,pcie-mmcfg-mmio,0,4,0x800024,00 00 00 00
1791530182656,TX,MemRd,cpu0,pcie-mmcfg-mmio,0,4,0x808000,ff ff ff ff
1791530182656,TX,MemRd,cpu0,pcie-mmcfg-mmio,0,4,0x809000,ff ff ff ff
1791530182656,TX,MemRd,cpu0,pcie-mmcfg-mmio,0,4,0x80a000,ff ff ff ff
1791530182656,TX,MemRd,cpu0,pcie-mmcfg-mmio,0,4,0x80b000,ff ff ff ff
1791530182656,TX,MemRd,cpu0,pcie-mmcfg-mmio,0,4,0x80c000,ff ff ff ff
1791530182656,TX,MemRd,cpu0,pcie-mmcfg-mmio,0,4,0x80d000,ff ff ff ff
1791530182656,TX,MemRd,cpu0,pcie-mmcfg-mmio,0,4,0x80e000,ff ff ff ff
1791530182656,TX,MemRd,cpu0,pcie-mmcfg-mmio,0,4,0x80f000,ff ff ff ff
1791530182656,TX,MemRd,cpu0,pcie-mmcfg-mmio,0,4,0x810000,ff ff ff ff
1791530182656,TX,MemRd,cpu0,pcie-mmcfg-mmio,0,4,0x811000,ff ff ff ff
1791530182656,TX,MemRd,cpu0,pcie-mmcfg-mmio,0,4,0x812000,ff ff ff ff
1791530182656,TX,MemRd,cpu0,pcie-mmcfg-mmio,0,4,0x813000,ff ff ff ff
1791530182656,TX,MemRd,cpu0,pcie-mmcfg-mmio,0,4,0x814000,ff ff ff ff
1791530182656,TX,MemRd,cpu0,pcie-mmcfg-mmio,0,4,0x815000,ff ff ff ff
1791530182656,TX,MemRd,cpu0,pcie-mmcfg-mmio,0,4,0x816000,ff ff ff ff
1791530182656,TX,MemRd,cpu0,pcie-mmcfg-mmio,0,4,0x817000,ff ff ff ff
1791530182656,TX,MemRd,cpu0,pcie-mmcfg-mmio,0,4,0x818000,ff ff ff ff
1791530182656,TX,MemRd,cpu0,pcie-mmcfg-mmio,0,4,0x819000,ff ff ff ff
1791530182656,TX,MemRd,cpu0,pcie-mmcfg-mmio,0,4,0x81a000,ff ff ff ff
1791530182656,TX,MemRd,cpu0,pcie-mmcfg-mmio,0,4,0x81b000,ff ff ff ff
1791530182656,TX,MemRd,cpu0,pcie-mmcfg-mmio,0,4,0x81c000,ff ff ff ff
1791530182656,TX,MemRd,cpu0,pcie-mmcfg-mmio,0,4,0x81d000,ff ff ff ff
1791530182656,TX,MemRd,cpu0,pcie-mmcfg-mmio,0,4,0x81e000,ff ff ff ff
1791530182656,TX,MemRd,cpu0,pcie-mmcfg-mmio,0,4,0x81f000,ff ff ff ff
1791530182656,TX,MemRd,cpu0,pcie-mmcfg-mmio,0,4,0x820000,ff ff ff ff
1791530182656,TX,MemRd,cpu0,pcie-mmcfg-mmio,0,4,0x821000,ff ff ff ff
1791530182656,TX,MemRd,cpu0,pcie-mmcfg-mmio,0,4,0x822000,ff ff ff ff
1791530182656,TX,MemRd,cpu0,pcie-mmcfg-mmio,0,4,0x823000,ff ff ff ff
1791530182656,TX,MemRd,cpu0,pcie-mmcfg-mmio,0,4,0x824000,ff ff ff ff
1791530182656,TX,MemRd,cpu0,pcie-mmcfg-mmio,0,4,0x825000,ff ff ff ff
1791530182656,TX,MemRd,cpu0,pcie-mmcfg-mmio,0,4,0x826000,ff ff ff ff
1791530182656,TX,MemRd,cpu0,pcie-mmcfg-mmio,0,4,0x827000,ff ff ff ff
1791530182656,TX,MemRd,cpu0,pcie-mmcfg-mmio,0,4,0x828000,ff ff ff ff
1791530182656,TX,MemRd,cpu0,pcie-mmcfg-mmio,0,4,0x829000,ff ff ff ff
1791530182656,TX,MemRd,cpu0,pcie-mmcfg-mmio,0,4,0x82a000,ff ff ff ff
1791530182656,TX,MemRd,cpu0,pcie-mmcfg-mmio,0,4,0x82b000,ff ff ff ff
1791530182656,TX,MemRd,cpu0,pcie-mmcfg-mmio,0,4,0x82c000,ff ff ff ff
1791530182656,TX,MemRd,cpu0,pcie-mmcfg-mmio,0,4,0x82d000,ff ff ff ff
1791530182656,TX,MemRd,cpu0,pcie-mmcfg-mmio,0,4,0x82e000,ff ff ff ff
1791530182656,TX,MemRd,cpu0,pcie-mmcfg-mmio,0,4,0x82f000,ff ff ff ff
1791530182656,TX,MemRd,cpu0,pcie-mmcfg-mmio,0,4,0x830000,ff ff ff ff
1791530182656,TX,MemRd,cpu0,pcie-mmcfg-mmio,0,4,0x831000,ff ff ff ff
1791530182656,TX,MemRd,cpu0,pcie-mmcfg-mmio,0,4,0x832000,ff ff ff ff
1791530182656,TX,MemRd,cpu0,pcie-mmcfg-mmio,0,4,0x833000,ff ff ff ff
1791530182656,TX,MemRd,cpu0,pcie-mmcfg-mmio,0,4,0x834000,ff ff ff ff
1791530182656,TX,MemRd,cpu0,pcie-mmcfg-mmio,0,4,0x835000,ff ff ff ff
1791530182656,TX,MemRd,cpu0,pcie-mmcfg-mmio,0,4,0x836000,ff ff ff ff
1791530182656,TX,MemRd,cpu0,pcie-mmcfg-mmio,0,4,0x837000,ff ff ff ff
1791530182656,TX,MemRd,cpu0,pcie-mmcfg-mmio,0,4,0x838000,ff ff ff ff
1791530182656,TX,MemRd,cpu0,pcie-mmcfg-mmio,0,4,0x839000,ff ff ff ff
1791530182656,TX,MemRd,cpu0,pcie-mmcfg-mmio,0,4,0x83a000,ff ff ff ff
1791530182656,TX,MemRd,cpu0,pcie-mmcfg-mmio,0,4,0x83b000,ff ff ff ff
1791530182656,TX,MemRd,cpu0,pcie-mmcfg-mmio,0,4,0x83c000,ff ff ff ff
1791530182656,TX,MemRd,cpu0,pcie-mmcfg-mmio,0,4,0x83d000,ff ff ff ff
1791530182656,TX,MemRd,cpu0,pcie-mmcfg-mmio,0,4,0x83e000,ff ff ff ff
1791530182656,TX,MemRd,cpu0,pcie-mmcfg-mmio,0,4,0x83f000,ff ff ff ff
1791530182656,TX,MemRd,cpu0,pcie-mmcfg-mmio,0,4,0x840000,ff ff ff ff
1791530182656,TX,MemRd,cpu0,pcie-mmcfg-mmio,0,4,0x841000,ff ff ff ff
1791530182656,TX,MemRd,cpu0,pcie-mmcfg-mmio,0,4,0x842000,ff ff ff ff
1791530182656,TX,MemRd,cpu0,pcie-mmcfg-mmio,0,4,0x843000,ff ff ff ff
1791530182656,TX,MemRd,cpu0,pcie-mmcfg-mmio,0,4,0x844000,ff ff ff ff
1791530182656,TX,MemRd,cpu0,pcie-mmcfg-mmio,0,4,0x845000,ff ff ff ff
1791530182656,TX,MemRd,cpu0,pcie-mmcfg-mmio,0,4,0x846000,ff ff ff ff
1791530182656,TX,MemRd,cpu0,pcie-mmcfg-mmio,0,4,0x847000,ff ff ff ff
1791530182656,TX,MemRd,cpu0,pcie-mmcfg-mmio,0,4,0x848000,ff ff ff ff
1791530182656,TX,MemRd,cpu0,pcie-mmcfg-mmio,0,4,0x849000,ff ff ff ff
1791530182656,TX,MemRd,cpu0,pcie-mmcfg-mmio,0,4,0x84a000,ff ff ff ff
1791530182656,TX,MemRd,cpu0,pcie-mmcfg-mmio,0,4,0x84b000,ff ff ff ff
1791530182656,TX,MemRd,cpu0,pcie-mmcfg-mmio,0,4,0x84c000,ff ff ff ff
1791530182656,TX,MemRd,cpu0,pcie-mmcfg-mmio,0,4,0x84d000,ff ff ff ff
1791530182656,TX,MemRd,cpu0,pcie-mmcfg-mmio,0,4,0x84e000,ff ff ff ff
1791530182656,TX,MemRd,cpu0,pcie-mmcfg-mmio,0,4,0x84f000,ff ff ff ff
1791530182656,TX,MemRd,cpu0,pcie-mmcfg-mmio,0,4,0x850000,ff ff ff ff
1791530182656,TX,MemRd,cpu0,pcie-mmcfg-mmio,0,4,0x851000,ff ff ff ff
1791530182656,TX,MemRd,cpu0,pcie-mmcfg-mmio,0,4,0x852000,ff ff ff ff
1791530182656,TX,MemRd,cpu0,pcie-mmcfg-mmio,0,4,0x853000,ff ff ff ff
1791530182656,TX,MemRd,cpu0,pcie-mmcfg-mmio,0,4,0x854000,ff ff ff ff
1791530182656,TX,MemRd,cpu0,pcie-mmcfg-mmio,0,4,0x855000,ff ff ff ff
1791530182656,TX,MemRd,cpu0,pcie-mmcfg-mmio,0,4,0x856000,ff ff ff ff
1791530182656,TX,MemRd,cpu0,pcie-mmcfg-mmio,0,4,0x857000,ff ff ff ff
1791530182656,TX,MemRd,cpu0,pcie-mmcfg-mmio,0,4,0x858000,ff ff ff ff
1791530182656,TX,MemRd,cpu0,pcie-mmcfg-mmio,0,4,0x859000,ff ff ff ff
1791530182656,TX,MemRd,cpu0,pcie-mmcfg-mmio,0,4,0x85a000,ff ff ff ff
1791530182656,TX,MemRd,cpu0,pcie-mmcfg-mmio,0,4,0x85b000,ff ff ff ff
1791530182656,TX,MemRd,cpu0,pcie-mmcfg-mmio,0,4,0x85c000,ff ff ff ff
1791530182656,TX,MemRd,cpu0,pcie-mmcfg-mmio,0,4,0x85d000,ff ff ff ff
1791530182656,TX,MemRd,cpu0,pcie-mmcfg-mmio,0,4,0x85e000,ff ff ff ff
1791530182657,TX,MemRd,cpu0,pcie-mmcfg-mmio,0,4,0x85f000,ff ff ff ff
1791530182657,TX,MemRd,cpu0,pcie-mmcfg-mmio,0,4,0x860000,ff ff ff ff
1791530182657,TX,MemRd,cpu0,pcie-mmcfg-mmio,0,4,0x861000,ff ff ff ff
1791530182657,TX,MemRd,cpu0,pcie-mmcfg-mmio,0,4,0x862000,ff ff ff ff
1791530182657,TX,MemRd,cpu0,pcie-mmcfg-mmio,0,4,0x863000,ff ff ff ff
1791530182657,TX,MemRd,cpu0,pcie-mmcfg-mmio,0,4,0x864000,ff ff ff ff
1791530182657,TX,MemRd,cpu0,pcie-mmcfg-mmio,0,4,0x865000,ff ff ff ff
1791530182657,TX,MemRd,cpu0,pcie-mmcfg-mmio,0,4,0x866000,ff ff ff ff
1791530182657,TX,MemRd,cpu0,pcie-mmcfg-mmio,0,4,0x867000,ff ff ff ff
1791530182657,TX,MemRd,cpu0,pcie-mmcfg-mmio,0,4,0x868000,ff ff ff ff
1791530182657,TX,MemRd,cpu0,pcie-mmcfg-mmio,0,4,0x869000,ff ff ff ff
1791530182657,TX,MemRd,cpu0,pcie-mmcfg-mmio,0,4,0x86a000,ff ff ff ff
1791530182657,TX,MemRd,cpu0,pcie-mmcfg-mmio,0,4,0x86b000,ff ff ff ff
1791530182657,TX,MemRd,cpu0,pcie-mmcfg-mmio,0,4,0x86c000,ff ff ff ff
1791530182657,TX,MemRd,cpu0,pcie-mmcfg-mmio,0,4,0x86d000,ff ff ff ff
1791530182657,TX,MemRd,cpu0,pcie-mmcfg-mmio,0,4,0x86e000,ff ff ff ff
1791530182657,TX,MemRd,cpu0,pcie-mmcfg-mmio,0,4,0x86f000,ff ff ff ff
1791530182657,TX,MemRd,cpu0,pcie-mmcfg-mmio,0,4,0x870000,ff ff ff ff
1791530182657,TX,MemRd,cpu0,pcie-mmcfg-mmio,0,4,0x871000,ff ff ff ff
1791530182657,TX,MemRd,cpu0,pcie-mmcfg-mmio,0,4,0x872000,ff ff ff ff
1791530182657,TX,MemRd,cpu0,pcie-mmcfg-mmio,0,4,0x873000,ff ff ff ff
1791530182657,TX,MemRd,cpu0,pcie-mmcfg-mmio,0,4,0x874000,ff ff ff ff
1791530182657,TX,MemRd,cpu0,pcie-mmcfg-mmio,0,4,0x875000,ff ff ff ff
1791530182657,TX,MemRd,cpu0,pcie-mmcfg-mmio,0,4,0x876000,ff ff ff ff
1791530182657,TX,MemRd,cpu0,pcie-mmcfg-mmio,0,4,0x877000,ff ff ff ff
1791530182657,TX,MemRd,cpu0,pcie-mmcfg-mmio,0,4,0x878000,ff ff ff ff
1791530182657,TX,MemRd,cpu0,pcie-mmcfg-mmio,0,4,0x879000,ff ff ff ff
1791530182657,TX,MemRd,cpu0,pcie-mmcfg-mmio,0,4,0x87a000,ff ff ff ff
1791530182657,TX,MemRd,cpu0,pcie-mmcfg-mmio,0,4,0x87b000,ff ff ff ff
1791530182657,TX,MemRd,cpu0,pcie-mmcfg-mmio,0,4,0x87c000,ff ff ff ff
1791530182657,TX,MemRd,cpu0,pcie-mmcfg-mmio,0,4,0x87d000,ff ff ff ff
1791530182657,TX,MemRd,cpu0,pcie-mmcfg-mmio,0,4,0x87e000,ff ff ff ff
1791530182657,TX,MemRd,cpu0,pcie-mmcfg-mmio,0,4,0x87f000,ff ff ff ff
1791530182657,TX,MemRd,cpu0,pcie-mmcfg-mmio,0,4,0x880000,ff ff ff ff
1791530182657,TX,MemRd,cpu0,pcie-mmcfg-mmio,0,4,0x881000,ff ff ff ff
1791530182657,TX,MemRd,cpu0,pcie-mmcfg-mmio,0,4,0x882000,ff ff ff ff
1791530182657,TX,MemRd,cpu0,pcie-mmcfg-mmio,0,4,0x883000,ff ff ff ff
1791530182657,TX,MemRd,cpu0,pcie-mmcfg-mmio,0,4,0x884000,ff ff ff ff
1791530182657,TX,MemRd,cpu0,pcie-mmcfg-mmio,0,4,0x885000,ff ff ff ff
1791530182657,TX,MemRd,cpu0,pcie-mmcfg-mmio,0,4,0x886000,ff ff ff ff
1791530182657,TX,MemRd,cpu0,pcie-mmcfg-mmio,0,4,0x887000,ff ff ff ff
1791530182657,TX,MemRd,cpu0,pcie-mmcfg-mmio,0,4,0x888000,ff ff ff ff
1791530182657,TX,MemRd,cpu0,pcie-mmcfg-mmio,0,4,0x889000,ff ff ff ff
1791530182657,TX,MemRd,cpu0,pcie-mmcfg-mmio,0,4,0x88a000,ff ff ff ff
1791530182657,TX,MemRd,cpu0,pcie-mmcfg-mmio,0,4,0x88b000,ff ff ff ff
1791530182657,TX,MemRd,cpu0,pcie-mmcfg-mmio,0,4,0x88c000,ff ff ff ff
1791530182657,TX,MemRd,cpu0,pcie-mmcfg-mmio,0,4,0x88d000,ff ff ff ff
1791530182657,TX,MemRd,cpu0,pcie-mmcfg-mmio,0,4,0x88e000,ff ff ff ff
1791530182657,TX,MemRd,cpu0,pcie-mmcfg-mmio,0,4,0x88f000,ff ff ff ff
1791530182657,TX,MemRd,cpu0,pcie-mmcfg-mmio,0,4,0x890000,ff ff ff ff
1791530182657,TX,MemRd,cpu0,pcie-mmcfg-mmio,0,4,0x891000,ff ff ff ff
1791530182657,TX,MemRd,cpu0,pcie-mmcfg-mmio,0,4,0x892000,ff ff ff ff
1791530182657,TX,MemRd,cpu0,pcie-mmcfg-mmio,0,4,0x893000,ff ff ff ff
1791530182657,TX,MemRd,cpu0,pcie-mmcfg-mmio,0,4,0x894000,ff ff ff ff
1791530182657,TX,MemRd,cpu0,pcie-mmcfg-mmio,0,4,0x895000,ff ff ff ff
1791530182657,TX,MemRd,cpu0,pcie-mmcfg-mmio,0,4,0x896000,ff ff ff ff
1791530182657,TX,MemRd,cpu0,pcie-mmcfg-mmio,0,4,0x897000,ff ff ff ff
1791530182657,TX,MemRd,cpu0,pcie-mmcfg-mmio,0,4,0x898000,ff ff ff ff
1791530182657,TX,MemRd,cpu0,pcie-mmcfg-mmio,0,4,0x899000,ff ff ff ff
1791530182657,TX,MemRd,cpu0,pcie-mmcfg-mmio,0,4,0x89a000,ff ff ff ff
1791530182657,TX,MemRd,cpu0,pcie-mmcfg-mmio,0,4,0x89b000,ff ff ff ff
1791530182657,TX,MemRd,cpu0,pcie-mmcfg-mmio,0,4,0x89c000,ff ff ff ff
1791530182657,TX,MemRd,cpu0,pcie-mmcfg-mmio,0,4,0x89d000,ff ff ff ff
1791530182657,TX,MemRd,cpu0,pcie-mmcfg-mmio,0,4,0x89e000,ff ff ff ff
1791530182657,TX,MemRd,cpu0,pcie-mmcfg-mmio,0,4,0x89f000,ff ff ff ff
1791530182657,TX,MemRd,cpu0,pcie-mmcfg-mmio,0,4,0x8a0000,ff ff ff ff
1791530182657,TX,MemRd,cpu0,pcie-mmcfg-mmio,0,4,0x8a1000,ff ff ff ff
1791530182657,TX,MemRd,cpu0,pcie-mmcfg-mmio,0,4,0x8a2000,ff ff ff ff
1791530182657,TX,MemRd,cpu0,pcie-mmcfg-mmio,0,4,0x8a3000,ff ff ff ff
1791530182657,TX,MemRd,cpu0,pcie-mmcfg-mmio,0,4,0x8a4000,ff ff ff ff
1791530182657,TX,MemRd,cpu0,pcie-mmcfg-mmio,0,4,0x8a5000,ff ff ff ff
1791530182657,TX,MemRd,cpu0,pcie-mmcfg-mmio,0,4,0x8a6000,ff ff ff ff
1791530182657,TX,MemRd,cpu0,pcie-mmcfg-mmio,0,4,0x8a7000,ff ff ff ff
1791530182657,TX,MemRd,cpu0,pcie-mmcfg-mmio,0,4,0x8a8000,ff ff ff ff
1791530182657,TX,MemRd,cpu0,pcie-mmcfg-mmio,0,4,0x8a9000,ff ff ff ff
1791530182657,TX,MemRd,cpu0,pcie-mmcfg-mmio,0,4,0x8aa000,ff ff ff ff
1791530182657,TX,MemRd,cpu0,pcie-mmcfg-mmio,0,4,0x8ab000,ff ff ff ff
1791530182657,TX,MemRd,cpu0,pcie-mmcfg-mmio,0,4,0x8ac000,ff ff ff ff
1791530182657,TX,MemRd,cpu0,pcie-mmcfg-mmio,0,4,0x8ad000,ff ff ff ff
1791530182657,TX,MemRd,cpu0,pcie-mmcfg-mmio,0,4,0x8ae000,ff ff ff ff
1791530182657,TX,MemRd,cpu0,pcie-mmcfg-mmio,0,4,0x8af000,ff ff ff ff
1791530182657,TX,MemRd,cpu0,pcie-mmcfg-mmio,0,4,0x8b0000,ff ff ff ff
1791530182657,TX,MemRd,cpu0,pcie-mmcfg-mmio,0,4,0x8b1000,ff ff ff ff
1791530182657,TX,MemRd,cpu0,pcie-mmcfg-mmio,0,4,0x8b2000,ff ff ff ff
1791530182657,TX,MemRd,cpu0,pcie-mmcfg-mmio,0,4,0x8b3000,ff ff ff ff
1791530182657,TX,MemRd,cpu0,pcie-mmcfg-mmio,0,4,0x8b4000,ff ff ff ff
1791530182657,TX,MemRd,cpu0,pcie-mmcfg-mmio,0,4,0x8b5000,ff ff ff ff
1791530182657,TX,MemRd,cpu0,pcie-mmcfg-mmio,0,4,0x8b6000,ff ff ff ff
1791530182657,TX,MemRd,cpu0,pcie-mmcfg-mmio,0,4,0x8b7000,ff ff ff ff
1791530182657,TX,MemRd,cpu0,pcie-mmcfg-mmio,0,4,0x8b8000,ff ff ff ff
1791530182657,TX,MemRd,cpu0,pcie-mmcfg-mmio,0,4,0x8b9000,ff ff ff ff
1791530182657,TX,MemRd,cpu0,pcie-mmcfg-mmio,0,4,0x8ba000,ff ff ff ff
1791530182657,TX,MemRd,cpu0,pcie-mmcfg-mmio,0,4,0x8bb000,ff ff ff ff
1791530182657,TX,MemRd,cpu0,pcie-mmcfg-mmio,0,4,0x8bc000,ff ff ff ff
1791530182657,TX,MemRd,cpu0,pcie-mmcfg-mmio,0,4,0x8bd000,ff ff ff ff
1791530182657,TX,MemRd,cpu0,pcie-mmcfg-mmio,0,4,0x8be000,ff ff ff ff
1791530182657,TX,MemRd,cpu0,pcie-mmcfg-mmio,0,4,0x8bf000,ff ff ff ff
1791530182657,TX,MemRd,cpu0,pcie-mmcfg-mmio,0,4,0x8c0000,ff ff ff ff
1791530182657,TX,MemRd,cpu0,pcie-mmcfg-mmio,0,4,0x8c1000,ff ff ff ff
1791530182657,TX,MemRd,cpu0,pcie-mmcfg-mmio,0,4,0x8c2000,ff ff ff ff
1791530182657,TX,MemRd,cpu0,pcie-mmcfg-mmio,0,4,0x8c3000,ff ff ff ff
1791530182657,TX,MemRd,cpu0,pcie-mmcfg-mmio,0,4,0x8c4000,ff ff ff ff
1791530182657,TX,MemRd,cpu0,pcie-mmcfg-mmio,0,4,0x8c5000,ff ff ff ff
1791530182657,TX,MemRd,cpu0,pcie-mmcfg-mmio,0,4,0x8c6000,ff ff ff ff
1791530182657,TX,MemRd,cpu0,pcie-mmcfg-mmio,0,4,0x8c7000,ff ff ff ff
1791530182657,TX,MemRd,cpu0,pcie-mmcfg-mmio,0,4,0x8c8000,ff ff ff ff
1791530182657,TX,MemRd,cpu0,pcie-mmcfg-mmio,0,4,0x8c9000,ff ff ff ff
1791530182657,TX,MemRd,cpu0,pcie-mmcfg-mmio,0,4,0x8ca000,ff ff ff ff
1791530182657,TX,MemRd,cpu0,pcie-mmcfg-mmio,0,4,0x8cb000,ff ff ff ff
1791530182657,TX,MemRd,cpu0,pcie-mmcfg-mmio,0,4,0x8cc000,ff ff ff ff
1791530182657,TX,MemRd,cpu0,pcie-mmcfg-mmio,0,4,0x8cd000,ff ff ff ff
1791530182657,TX,MemRd,cpu0,pcie-mmcfg-mmio,0,4,0x8ce000,ff ff ff ff
1791530182657,TX,MemRd,cpu0,pcie-mmcfg-mmio,0,4,0x8cf000,ff ff ff ff
1791530182657,TX,MemRd,cpu0,pcie-mmcfg-mmio,0,4,0x8d0000,ff ff ff ff
1791530182657,TX,MemRd,cpu0,pcie-mmcfg-mmio,0,4,0x8d1000,ff ff ff ff
1791530182657,TX,MemRd,cpu0,pcie-mmcfg-mmio,0,4,0x8d2000,ff ff ff ff
1791530182657,TX,MemRd,cpu0,pcie-mmcfg-mmio,0,4,0x8d3000,ff ff ff ff
1791530182657,TX,MemRd,cpu0,pcie-mmcfg-mmio,0,4,0x8d4000,ff ff ff ff
1791530182657,TX,MemRd,cpu0,pcie-mmcfg-mmio,0,4,0x8d5000,ff ff ff ff
1791530182657,TX,MemRd,cpu0,pcie-mmcfg-mmio,0,4,0x8d6000,ff ff ff ff
1791530182657,TX,MemRd,cpu0,pcie-mmcfg-mmio,0,4,0x8d7000,ff ff ff ff
1791530182657,TX,MemRd,cpu0,pcie-mmcfg-mmio,0,4,0x8d8000,ff ff ff ff
1791530182657,TX,MemRd,cpu0,pcie-mmcfg-mmio,0,4,0x8d9000,ff ff ff ff
1791530182657,TX,MemRd,cpu0,pcie-mmcfg-mmio,0,4,0x8da000,ff ff ff ff
1791530182657,TX,MemRd,cpu0,pcie-mmcfg-mmio,0,4,0x8db000,ff ff ff ff
1791530182657,TX,MemRd,cpu0,pcie-mmcfg-mmio,0,4,0x8dc000,ff ff ff ff
1791530182657,TX,MemRd,cpu0,pcie-mmcfg-mmio,0,4,0x8dd000,ff ff ff ff
1791530182657,TX,MemRd,cpu0,pcie-mmcfg-mmio,0,4,0x8de000,ff ff ff ff
1791530182657,TX,MemRd,cpu0,pcie-mmcfg-mmio,0,4,0x8df000,ff ff ff ff
1791530182657,TX,MemRd,cpu0,pcie-mmcfg-mmio,0,4,0x8e0000,ff ff ff ff
1791530182657,TX,MemRd,cpu0,pcie-mmcfg-mmio,0,4,0x8e1000,ff ff ff ff
1791530182657,TX,MemRd,cpu0,pcie-mmcfg-mmio,0,4,0x8e2000,ff ff ff ff
1791530182657,TX,MemRd,cpu0,pcie-mmcfg-mmio,0,4,0x8e3000,ff ff ff ff
1791530182657,TX,MemRd,cpu0,pcie-mmcfg-mmio,0,4,0x8e4000,ff ff ff ff
1791530182657,TX,MemRd,cpu0,pcie-mmcfg-mmio,0,4,0x8e5000,ff ff ff ff
1791530182657,TX,MemRd,cpu0,pcie-mmcfg-mmio,0,4,0x8e6000,ff ff ff ff
1791530182657,TX,MemRd,cpu0,pcie-mmcfg-mmio,0,4,0x8e7000,ff ff ff ff
1791530182657,TX,MemRd,cpu0,pcie-mmcfg-mmio,0,4,0x8e8000,ff ff ff ff
1791530182657,TX,MemRd,cpu0,pcie-mmcfg-mmio,0,4,0x8e9000,ff ff ff ff
1791530182657,TX,MemRd,cpu0,pcie-mmcfg-mmio,0,4,0x8ea000,ff ff ff ff
1791530182657,TX,MemRd,cpu0,pcie-mmcfg-mmio,0,4,0x8eb000,ff ff ff ff
1791530182657,TX,MemRd,cpu0,pcie-mmcfg-mmio,0,4,0x8ec000,ff ff ff ff
1791530182657,TX,MemRd,cpu0,pcie-mmcfg-mmio,0,4,0x8ed000,ff ff ff ff
1791530182657,TX,MemRd,cpu0,pcie-mmcfg-mmio,0,4,0x8ee000,ff ff ff ff
1791530182657,TX,MemRd,cpu0,pcie-mmcfg-mmio,0,4,0x8ef000,ff ff ff ff
1791530182657,TX,MemRd,cpu0,pcie-mmcfg-mmio,0,4,0x8f0000,ff ff ff ff
1791530182657,TX,MemRd,cpu0,pcie-mmcfg-mmio,0,4,0x8f1000,ff ff ff ff
1791530182657,TX,MemRd,cpu0,pcie-mmcfg-mmio,0,4,0x8f2000,ff ff ff ff
1791530182657,TX,MemRd,cpu0,pcie-mmcfg-mmio,0,4,0x8f3000,ff ff ff ff
1791530182657,TX,MemRd,cpu0,pcie-mmcfg-mmio,0,4,0x8f4000,ff ff ff ff
1791530182657,TX,MemRd,cpu0,pcie-mmcfg-mmio,0,4,0x8f5000,ff ff ff ff
1791530182657,TX,MemRd,cpu0,pcie-mmcfg-mmio,0,4,0x8f6000,ff ff ff ff
1791530182657,TX,MemRd,cpu0,pcie-mmcfg-mmio,0,4,0x8f7000,ff ff ff ff
1791530182657,TX,MemRd,cpu0,pcie-mmcfg-mmio,0,4,0x8f8000,ff ff ff ff
1791530182657,TX,MemRd,cpu0,pcie-mmcfg-mmio,0,4,0x8f9000,ff ff ff ff
1791530182657,TX,MemRd,cpu0,pcie-mmcfg-mmio,0,4,0x8fa000,ff ff ff ff
1791530182657,TX,MemRd,cpu0,pcie-mmcfg-mmio,0,4,0x8fb000,ff ff ff ff
1791530182657,TX,MemRd,cpu0,pcie-mmcfg-mmio,0,4,0x8fc000,ff ff ff ff
1791530182657,TX,MemRd,cpu0,pcie-mmcfg-mmio,0,4,0x8fd000,ff ff ff ff
1791530182657,TX,MemRd,cpu0,pcie-mmcfg-mmio,0,4,0x8fe000,ff ff ff ff
1791530182657,TX,MemRd,cpu0,pcie-mmcfg-mmio,0,4,0x8ff000,ff ff ff ff
1791530182657,TX,MemRd,cpu0,pcie-mmcfg-mmio,0,4,0x601018,06 08 ff 00
1791530182657,TX,MemWr,cpu0,pcie-mmcfg-mmio,0,4,0x601018,06 08 08 00
1791530182657,TX,MemRd,cpu0,pcie-mmcfg-mmio,0,4,0x60101c,00 00 00 00
1791530182657,TX,MemRd,cpu0,pcie-mmcfg-mmio,0,4,0x601030,00 00 00 00
1791530182657,TX,MemWr,cpu0,pcie-mmcfg-mmio,0,4,0x60101c,00 00 00 00
1791530182657,TX,MemWr,cpu0,pcie-mmcfg-mmio,0,4,0x601030,00 00 00 00
1791530182657,TX,MemRd,cpu0,pcie-mmcfg-mmio,0,4,0x601020,20 10 00 00
1791530182657,TX,MemWr,cpu0,pcie-mmcfg-mmio,0,4,0x601020,20 10 1f 10
1791530182657,TX,MemRd,cpu0,pcie-mmcfg-mmio,0,4,0x601024,31 00 01 00
1791530182657,TX,MemWr,cpu0,pcie-mmcfg-mmio,0,4,0x601024,31 00 3f 00
1791530182657,TX,MemWr,cpu0,pcie-mmcfg-mmio,0,4,0x60102c,80 00 00 00
1791530182657,TX,MemRd,cpu0,pcie-mmcfg-mmio,0,4,0x602000,ff ff ff ff
1791530182657,TX,MemRd,cpu0,pcie-mmcfg-mmio,0,4,0x603000,ff ff ff ff
1791530182657,TX,MemRd,cpu0,pcie-mmcfg-mmio,0,4,0x604000,ff ff ff ff
1791530182657,TX,MemRd,cpu0,pcie-mmcfg-mmio,0,4,0x605000,ff ff ff ff
1791530182657,TX,MemRd,cpu0,pcie-mmcfg-mmio,0,4,0x606000,ff ff ff ff
1791530182657,TX,MemRd,cpu0,pcie-mmcfg-mmio,0,4,0x607000,ff ff ff ff
1791530182657,TX,MemRd,cpu0,pcie-mmcfg-mmio,0,4,0x608000,ff ff ff ff
1791530182657,TX,MemRd,cpu0,pcie-mmcfg-mmio,0,4,0x609000,ff ff ff ff
1791530182657,TX,MemRd,cpu0,pcie-mmcfg-mmio,0,4,0x60a000,ff ff ff ff
1791530182657,TX,MemRd,cpu0,pcie-mmcfg-mmio,0,4,0x60b000,ff ff ff ff
1791530182657,TX,MemRd,cpu0,pcie-mmcfg-mmio,0,4,0x60c000,ff ff ff ff
1791530182657,TX,MemRd,cpu0,pcie-mmcfg-mmio,0,4,0x60d000,ff ff ff ff
1791530182657,TX,MemRd,cpu0,pcie-mmcfg-mmio,0,4,0x60e000,ff ff ff ff
1791530182657,TX,MemRd,cpu0,pcie-mmcfg-mmio,0,4,0x60f000,ff ff ff ff
1791530182657,TX,MemRd,cpu0,pcie-mmcfg-mmio,0,4,0x610000,ff ff ff ff
1791530182657,TX,MemRd,cpu0,pcie-mmcfg-mmio,0,4,0x611000,ff ff ff ff
1791530182657,TX,MemRd,cpu0,pcie-mmcfg-mmio,0,4,0x612000,ff ff ff ff
1791530182657,TX,MemRd,cpu0,pcie-mmcfg-mmio,0,4,0x613000,ff ff ff ff
1791530182657,TX,MemRd,cpu0,pcie-mmcfg-mmio,0,4,0x614000,ff ff ff ff
1791530182657,TX,MemRd,cpu0,pcie-mmcfg-mmio,0,4,0x615000,ff ff ff ff
1791530182657,TX,MemRd,cpu0,pcie-mmcfg-mmio,0,4,0x616000,ff ff ff ff
1791530182657,TX,MemRd,cpu0,pcie-mmcfg-mmio,0,4,0x617000,ff ff ff ff
1791530182657,TX,MemRd,cpu0,pcie-mmcfg-mmio,0,4,0x618000,ff ff ff ff
1791530182657,TX,MemRd,cpu0,pcie-mmcfg-mmio,0,4,0x619000,ff ff ff ff
1791530182657,TX,MemRd,cpu0,pcie-mmcfg-mmio,0,4,0x61a000,ff ff ff ff
1791530182657,TX,MemRd,cpu0,pcie-mmcfg-mmio,0,4,0x61b000,ff ff ff ff
1791530182657,TX,MemRd,cpu0,pcie-mmcfg-mmio,0,4,0x61c000,ff ff ff ff
1791530182657,TX,MemRd,cpu0,pcie-mmcfg-mmio,0,4,0x61d000,ff ff ff ff
1791530182657,TX,MemRd,cpu0,pcie-mmcfg-mmio,0,4,0x61e000,ff ff ff ff
1791530182657,TX,MemRd,cpu0,pcie-mmcfg-mmio,0,4,0x61f000,ff ff ff ff
1791530182657,TX,MemRd,cpu0,pcie-mmcfg-mmio,0,4,0x620000,ff ff ff ff
1791530182657,TX,MemRd,cpu0,pcie-mmcfg-mmio,0,4,0x621000,ff ff ff ff
1791530182657,TX,MemRd,cpu0,pcie-mmcfg-mmio,0,4,0x622000,ff ff ff ff
1791530182657,TX,MemRd,cpu0,pcie-mmcfg-mmio,0,4,0x623000,ff ff ff ff
1791530182657,TX,MemRd,cpu0,pcie-mmcfg-mmio,0,4,0x624000,ff ff ff ff
1791530182658,TX,MemRd,cpu0,pcie-mmcfg-mmio,0,4,0x625000,ff ff ff ff
1791530182658,TX,MemRd,cpu0,pcie-mmcfg-mmio,0,4,0x626000,ff ff ff ff
1791530182658,TX,MemRd,cpu0,pcie-mmcfg-mmio,0,4,0x627000,ff ff ff ff
1791530182658,TX,MemRd,cpu0,pcie-mmcfg-mmio,0,4,0x628000,ff ff ff ff
1791530182658,TX,MemRd,cpu0,pcie-mmcfg-mmio,0,4,0x629000,ff ff ff ff
1791530182658,TX,MemRd,cpu0,pcie-mmcfg-mmio,0,4,0x62a000,ff ff ff ff
1791530182658,TX,MemRd,cpu0,pcie-mmcfg-mmio,0,4,0x62b000,ff ff ff ff
1791530182658,TX,MemRd,cpu0,pcie-mmcfg-mmio,0,4,0x62c000,ff ff ff ff
1791530182658,TX,MemRd,cpu0,pcie-mmcfg-mmio,0,4,0x62d000,ff ff ff ff
1791530182658,TX,MemRd,cpu0,pcie-mmcfg-mmio,0,4,0x62e000,ff ff ff ff
1791530182658,TX,MemRd,cpu0,pcie-mmcfg-mmio,0,4,0x62f000,ff ff ff ff
1791530182658,TX,MemRd,cpu0,pcie-mmcfg-mmio,0,4,0x630000,ff ff ff ff
